titulo,link,ementa,materia_originaria,link_materia,autoria,situacao,titulo_normalizado
"Decreto Legislativo nº 1205, de 07/07/2025",https://publico.recife.pe.leg.br/consultas/norma_juridica/norma_juridica_mostrar_proc?cod_norma=2006,Concede o Título de Cidadão do Recife ao Sr. Aloysio Corrêa da Veiga.,PDL 30/2025,https://publico.recife.pe.leg.br/consultas/materia/materia_mostrar_proc?cod_materia=164451,Romerinho Jatobá,Em vigor,Decreto Legislativo 1205/2025
"Decreto Legislativo nº 1204, de 01/07/2025",https://publico.recife.pe.leg.br/consultas/norma_juridica/norma_juridica_mostrar_proc?cod_norma=2005,"Concede o Título de Cidadã do Recife à Dra. Lídia Barci, em reconhecimento à sua relevante trajetória na Polícia Civil de Pernambuco e à sua contribuição à formação jurídica e à segurança pública no município do Recife.",PDL 24/2025,https://publico.recife.pe.leg.br/consultas/materia/materia_mostrar_proc?cod_materia=163774,Eduardo Moura,Em vigor,Decreto Legislativo 1204/2025
"Decreto Legislativo nº 1203, de 01/07/2025",https://publico.recife.pe.leg.br/consultas/norma_juridica/norma_juridica_mostrar_proc?cod_norma=2004,Concede o Título de Cidadão do Recife ao Dr. Aurélio Molina da Costa.,PDL 17/2025,https://publico.recife.pe.leg.br/consultas/materia/materia_mostrar_proc?cod_materia=161706,Tadeu Calheiros,Em vigor,Decreto Legislativo 1203/2025
"Decreto Legislativo nº 1202, de 03/06/2025",https://publico.recife.pe.leg.br/consultas/norma_juridica/norma_juridica_mostrar_proc?cod_norma=1991,Concede o Título de Cidadão do Recife ao Capitão de Fragata Daniel de Andrade Ferreira.,PDL 18/2025,https://publico.recife.pe.leg.br/consultas/materia/materia_mostrar_proc?cod_materia=161894,Chico Kiko,Em vigor,Decreto Legislativo 1202/2025
"Decreto Legislativo nº 1201, de 03/06/2025",https://publico.recife.pe.leg.br/consultas/norma_juridica/norma_juridica_mostrar_proc?cod_norma=1990,"Concede a Medalha de Mérito José Mariano ao Ministro de Portos e Aeroportos, Sr. Silvio Costa Filho.",PDL 13/2025,https://publico.recife.pe.leg.br/consultas/materia/materia_mostrar_proc?cod_materia=161170,Hélio Guabiraba,Em vigor,Decreto Legislativo 1201/2025
"Decreto Legislativo nº 1200, de 03/06/2025",https://publico.recife.pe.leg.br/consultas/norma_juridica/norma_juridica_mostrar_proc?cod_norma=1989,"Concede o Título de Cidadã Recifense à Amanda Richter, atriz, apresentadora e produtora, pela força na projeção do Recife para o Brasil.",PDL 8/2025,https://publico.recife.pe.leg.br/consultas/materia/materia_mostrar_proc?cod_materia=159950,Natália de Menudo,Em vigor,Decreto Legislativo 1200/2025
"Decreto Legislativo nº 1199, de 03/06/2025",https://publico.recife.pe.leg.br/consultas/norma_juridica/norma_juridica_mostrar_proc?cod_norma=1988,Concede o Título de Cidadão do Recife ao Fábio José de Melo Silva – Padre Fábio de Melo.,PDL 7/2025,https://publico.recife.pe.leg.br/consultas/materia/materia_mostrar_proc?cod_materia=159948,Felipe Alecrim,Em vigor,Decreto Legislativo 1199/2025
"Decreto Legislativo nº 1198, de 19/05/2025",https://publico.recife.pe.leg.br/consultas/norma_juridica/norma_juridica_mostrar_proc?cod_norma=1987,Concede a Medalha de Mérito José Mariano ao Engenheiro Civil Victor Marques.,PDL 2/2025,https://publico.recife.pe.leg.br/consultas/materia/materia_mostrar_proc?cod_materia=158571,Felipe Francismar,Em vigor,Decreto Legislativo 1198/2025
"Decreto Legislativo nº 1197, de 12/05/2025",https://publico.recife.pe.leg.br/consultas/norma_juridica/norma_juridica_mostrar_proc?cod_norma=1986,CONCEDE O TÍTULO CIDADÃO DO RECIFE AO PR. OZEIAS SANTOS LEAL,PDL 16/2025,https://publico.recife.pe.leg.br/consultas/materia/materia_mostrar_proc?cod_materia=161278,Fred Ferreira,Em vigor,Decreto Legislativo 1197/2025
"Decreto Legislativo nº 1196, de 12/05/2025",https://publico.recife.pe.leg.br/consultas/norma_juridica/norma_juridica_mostrar_proc?cod_norma=1985,Concede o Título de Cidadão do Recife ao Sr. Luis Fernando Pereira da Silva.,PDL 15/2025,https://publico.recife.pe.leg.br/consultas/materia/materia_mostrar_proc?cod_materia=161178,Chico Kiko,Em vigor,Decreto Legislativo 1196/2025
"Decreto Legislativo nº 1195, de 12/05/2025",https://publico.recife.pe.leg.br/consultas/norma_juridica/norma_juridica_mostrar_proc?cod_norma=1984,Concede o Título de Cidadã do Recife à Sra. Milena Vaciloto Rodrigues Pereira da Silva.,PDL 14/2025,https://publico.recife.pe.leg.br/consultas/materia/materia_mostrar_proc?cod_materia=161177,Chico Kiko,Em vigor,Decreto Legislativo 1195/2025
"Decreto Legislativo nº 1194, de 12/05/2025",https://publico.recife.pe.leg.br/consultas/norma_juridica/norma_juridica_mostrar_proc?cod_norma=1983,Concede Título de Cidadão do Recife ao Desembargador Federal Francisco Roberto Machado.,PDL 11/2025,https://publico.recife.pe.leg.br/consultas/materia/materia_mostrar_proc?cod_materia=160335,Alef Collins,Em vigor,Decreto Legislativo 1194/2025
"Decreto Legislativo nº 1193, de 06/05/2025",https://publico.recife.pe.leg.br/consultas/norma_juridica/norma_juridica_mostrar_proc?cod_norma=1982,Concede o Título de Cidadã do Recife a Nilzete Teixeira Santiago.,PDL 12/2025,https://publico.recife.pe.leg.br/consultas/materia/materia_mostrar_proc?cod_materia=160880,Rinaldo Júnior,Em vigor,Decreto Legislativo 1193/2025
"Decreto Legislativo nº 1192, de 06/05/2025",https://publico.recife.pe.leg.br/consultas/norma_juridica/norma_juridica_mostrar_proc?cod_norma=1981,Concede a Medalha de Mérito José Mariano ao Deputado Federal Luiz Eduardo de Queiroz Campos da Fonte Albuquerque (“Lula da Fonte”).,PDL 4/2025,https://publico.recife.pe.leg.br/consultas/materia/materia_mostrar_proc?cod_materia=159341,Alef Collins,Em vigor,Decreto Legislativo 1192/2025
"Decreto Legislativo nº 1191, de 14/04/2025",https://publico.recife.pe.leg.br/consultas/norma_juridica/norma_juridica_mostrar_proc?cod_norma=1897,Concede a Medalha de Mérito José Mariano ao Coronel Ivanildo Cesar Torres de Medeiros.,PDL 10/2025,https://publico.recife.pe.leg.br/consultas/materia/materia_mostrar_proc?cod_materia=160333,Davi Muniz,Em vigor,Decreto Legislativo 1191/2025
"Decreto Legislativo nº 1190, de 14/04/2025",https://publico.recife.pe.leg.br/consultas/norma_juridica/norma_juridica_mostrar_proc?cod_norma=1900,Concede o Título de Cidadã do Recife a Altemar Dutra Oliveira Júnior.,PDL 3/2025,https://publico.recife.pe.leg.br/consultas/materia/materia_mostrar_proc?cod_materia=159168,Rinaldo Júnior,Em vigor,Decreto Legislativo 1190/2025
"Decreto Legislativo nº 1189, de 14/04/2025",https://publico.recife.pe.leg.br/consultas/norma_juridica/norma_juridica_mostrar_proc?cod_norma=1901,Concede o Título de Cidadã do Recife a Senhora Fernanda Dantas Pessoa (Fernanda Pessoa).,PDL 1/2025,https://publico.recife.pe.leg.br/consultas/materia/materia_mostrar_proc?cod_materia=158445,Kari Santos,Em vigor,Decreto Legislativo 1189/2025
"Decreto Legislativo nº 1188, de 14/04/2025",https://publico.recife.pe.leg.br/consultas/norma_juridica/norma_juridica_mostrar_proc?cod_norma=1961,"Concede o Título de Cidadão do Recife ao General de Exército Maurílio Miranda Neto Ribeiro, atual Comandante Militar do
Nordeste.",PDL 50/2024,https://publico.recife.pe.leg.br/consultas/materia/materia_mostrar_proc?cod_materia=157551,Tadeu Calheiros,Em vigor,Decreto Legislativo 1188/2025
"Decreto Legislativo nº 1186, de 01/04/2025",https://publico.recife.pe.leg.br/consultas/norma_juridica/norma_juridica_mostrar_proc?cod_norma=1896,Concede a Medalha de Mérito José Mariano ao Senador Fernando Antônio Caminha Dueire.,PDL 9/2025,https://publico.recife.pe.leg.br/consultas/materia/materia_mostrar_proc?cod_materia=159969,Hélio Guabiraba,Em vigor,Decreto Legislativo 1186/2025
"Decreto Legislativo nº 1185, de 01/04/2025",https://publico.recife.pe.leg.br/consultas/norma_juridica/norma_juridica_mostrar_proc?cod_norma=1899,"Concede a Medalha de Mérito José Mariano ao Ministro do Tribunal Superior do Trabalho (TST), Sr. Alberto Bastos Balazeiro",PDL 5/2025,https://publico.recife.pe.leg.br/consultas/materia/materia_mostrar_proc?cod_materia=159543,Luiz Eustáquio,Em vigor,Decreto Legislativo 1185/2025
"Decreto Legislativo nº 1184, de 01/04/2025",https://publico.recife.pe.leg.br/consultas/norma_juridica/norma_juridica_mostrar_proc?cod_norma=1960,Concede o Título de Cidadão do Recife ao Publicitário Alexandre Keese Guarnelli.,PDL 49/2024,https://publico.recife.pe.leg.br/consultas/materia/materia_mostrar_proc?cod_materia=157079,Carlos Muniz,Em vigor,Decreto Legislativo 1184/2025
"Decreto Legislativo nº 1183, de 31/03/2025",https://publico.recife.pe.leg.br/consultas/norma_juridica/norma_juridica_mostrar_proc?cod_norma=1898,"Concede a Medalha José Mariano  ao Ilmº Sr. Julio César Gomes da Silva - o Babalorixá ""Júnior de Ajagunã""",PDL 6/2025,https://publico.recife.pe.leg.br/consultas/materia/materia_mostrar_proc?cod_materia=159946,Osmar Ricardo,Em vigor,Decreto Legislativo 1183/2025
"Decreto Legislativo nº 1182, de 16/12/2024",https://publico.recife.pe.leg.br/consultas/norma_juridica/norma_juridica_mostrar_proc?cod_norma=1959,Concede a Medalha de Mérito José Mariano ao Dr. Pedro Cerqueira Russo,PDL 48/2024,https://publico.recife.pe.leg.br/consultas/materia/materia_mostrar_proc?cod_materia=156733,Rodrigo Coutinho,Em vigor,Decreto Legislativo 1182/2024
"Decreto Legislativo nº 1181, de 16/12/2024",https://publico.recife.pe.leg.br/consultas/norma_juridica/norma_juridica_mostrar_proc?cod_norma=1958,Concede o Título de Cidadã do Recife à Sr.ª Regina Maria Barreto Casé.,PDL 47/2024,https://publico.recife.pe.leg.br/consultas/materia/materia_mostrar_proc?cod_materia=156684,Eriberto Rafael,Em vigor,Decreto Legislativo 1181/2024
"Decreto Legislativo nº 1180, de 16/12/2024",https://publico.recife.pe.leg.br/consultas/norma_juridica/norma_juridica_mostrar_proc?cod_norma=1957,Título de Cidadão da Cidade do Recife ao Advogado Fernando Santos Júnior,PDL 46/2024,https://publico.recife.pe.leg.br/consultas/materia/materia_mostrar_proc?cod_materia=156649,Aderaldo Pinto,Em vigor,Decreto Legislativo 1180/2024
"Decreto Legislativo nº 1179, de 16/12/2024",https://publico.recife.pe.leg.br/consultas/norma_juridica/norma_juridica_mostrar_proc?cod_norma=1956,Título de Cidadão da Cidade do Recife ao Sr. José Luís Simões,PDL 45/2024,https://publico.recife.pe.leg.br/consultas/materia/materia_mostrar_proc?cod_materia=156648,Aderaldo Pinto,Em vigor,Decreto Legislativo 1179/2024
"Decreto Legislativo nº 1178, de 16/12/2024",https://publico.recife.pe.leg.br/consultas/norma_juridica/norma_juridica_mostrar_proc?cod_norma=1955,CONCEDE O TÍTULO DE CIDADÃO DO RECIFE AO DESEMBARGADOR ANDRÉ VICENTE PIRES ROSA.,PDL 43/2024,https://publico.recife.pe.leg.br/consultas/materia/materia_mostrar_proc?cod_materia=156602,Wilton Brito,Em vigor,Decreto Legislativo 1178/2024
"Decreto Legislativo nº 1177, de 04/11/2024",https://publico.recife.pe.leg.br/consultas/norma_juridica/norma_juridica_mostrar_proc?cod_norma=1954,Concede o Título de Cidadão do Recife ao Sr. Tecio Teles.,PDL 16/2024,https://publico.recife.pe.leg.br/consultas/materia/materia_mostrar_proc?cod_materia=150069,Felipe Alecrim,Em vigor,Decreto Legislativo 1177/2024
"Decreto Legislativo nº 1176, de 21/10/2024",https://publico.recife.pe.leg.br/consultas/norma_juridica/norma_juridica_mostrar_proc?cod_norma=1878,Concede a Medalha de Mérito José Mariano ao Sr. Luiz Augusto Correia de Araújo.,PDL 39/2024,https://publico.recife.pe.leg.br/consultas/materia/materia_mostrar_proc?cod_materia=154112,Gilberto Alves,Em vigor,Decreto Legislativo 1176/2024
"Decreto Legislativo nº 1175, de 16/09/2024",https://publico.recife.pe.leg.br/consultas/norma_juridica/norma_juridica_mostrar_proc?cod_norma=1865,Concede o Título de Cidadão do Recife ao cantor Thiago André Barbosa (Thiaguinho).,PDL 35/2024,https://publico.recife.pe.leg.br/consultas/materia/materia_mostrar_proc?cod_materia=153321,Natália de Menudo,Em vigor,Decreto Legislativo 1175/2024
"Decreto Legislativo nº 1174, de 09/09/2024",https://publico.recife.pe.leg.br/consultas/norma_juridica/norma_juridica_mostrar_proc?cod_norma=1864,Concede a Medalha de Mérito José Mariano ao Professor Doutor Evanildo Bechara.,PDL 42/2024,https://publico.recife.pe.leg.br/consultas/materia/materia_mostrar_proc?cod_materia=155543,Carlos Muniz,Em vigor,Decreto Legislativo 1174/2024
"Decreto Legislativo nº 1173, de 09/09/2024",https://publico.recife.pe.leg.br/consultas/norma_juridica/norma_juridica_mostrar_proc?cod_norma=1863,Concede o Título de Cidadã do Recife a Procuradora Municipal Flávia Castanheira do Nascimento.,PDL 41/2024,https://publico.recife.pe.leg.br/consultas/materia/materia_mostrar_proc?cod_materia=155153,Carlos Muniz,Em vigor,Decreto Legislativo 1173/2024
"Decreto Legislativo nº 1172, de 09/09/2024",https://publico.recife.pe.leg.br/consultas/norma_juridica/norma_juridica_mostrar_proc?cod_norma=1850,Concede o Título de Cidadão do Recife ao empresário Edmilson de Sá.,PDL 40/2024,https://publico.recife.pe.leg.br/consultas/materia/materia_mostrar_proc?cod_materia=154515,Carlos Muniz,Em vigor,Decreto Legislativo 1172/2024
"Decreto Legislativo nº 1171, de 01/07/2024",https://publico.recife.pe.leg.br/consultas/norma_juridica/norma_juridica_mostrar_proc?cod_norma=1848,Concede a Medalha de Mérito José Mariano ao Sr. Romero Maranhão Filho.,PDL 38/2024,https://publico.recife.pe.leg.br/consultas/materia/materia_mostrar_proc?cod_materia=153949,Alcides Cardoso,Em vigor,Decreto Legislativo 1171/2024
"Decreto Legislativo nº 1170, de 02/07/2024",https://publico.recife.pe.leg.br/consultas/norma_juridica/norma_juridica_mostrar_proc?cod_norma=1847,Concede o Título de Cidadã do Recife à Médica Dra. Maria de Fátima de Medeiros Brito.,PDL 37/2024,https://publico.recife.pe.leg.br/consultas/materia/materia_mostrar_proc?cod_materia=153862,Carlos Muniz,Em vigor,Decreto Legislativo 1170/2024
"Decreto Legislativo nº 1169, de 02/07/2024",https://publico.recife.pe.leg.br/consultas/norma_juridica/norma_juridica_mostrar_proc?cod_norma=1846,"Concede a Medalha de Mérito José Mariano ao Engenheiro Civil, Dr. Alexandre Duarte Gusmão.",PDL 36/2024,https://publico.recife.pe.leg.br/consultas/materia/materia_mostrar_proc?cod_materia=153861,Carlos Muniz,Em vigor,Decreto Legislativo 1169/2024
"Decreto Legislativo nº 1168, de 02/07/2024",https://publico.recife.pe.leg.br/consultas/norma_juridica/norma_juridica_mostrar_proc?cod_norma=1708,Concede a Medalha de Mérito José Mariano ao Dr. José Maria Sultanum.,PDL 34/2024,https://publico.recife.pe.leg.br/consultas/materia/materia_mostrar_proc?cod_materia=153218,Rodrigo Coutinho,Em vigor,Decreto Legislativo 1168/2024
"Decreto Legislativo nº 1167, de 01/07/2024",https://publico.recife.pe.leg.br/consultas/norma_juridica/norma_juridica_mostrar_proc?cod_norma=1700,Concede o Título de Cidadão do Recife a Maciel Salú.,PDL 28/2024,https://publico.recife.pe.leg.br/consultas/materia/materia_mostrar_proc?cod_materia=151695,Liana Cirne,Em vigor,Decreto Legislativo 1167/2024
"Decreto Legislativo nº 1166, de 02/07/2024",https://publico.recife.pe.leg.br/consultas/norma_juridica/norma_juridica_mostrar_proc?cod_norma=1684,Concede a Medalha de Mérito José Mariano ao Centro Universitário Integrado de Saúde Amaury de Medeiros - CISAM.,PDL 2/2024,https://publico.recife.pe.leg.br/consultas/materia/materia_mostrar_proc?cod_materia=148308,Liana Cirne,Em vigor,Decreto Legislativo 1166/2024
"Decreto Legislativo nº 1165, de 11/06/2024",https://publico.recife.pe.leg.br/consultas/norma_juridica/norma_juridica_mostrar_proc?cod_norma=1707,Concede a Medalha de Mérito Olegária Mariano à Pastora Siméa Meldrum.,PDL 33/2024,https://publico.recife.pe.leg.br/consultas/materia/materia_mostrar_proc?cod_materia=152604,Michele Collins,Em vigor,Decreto Legislativo 1165/2024
"Decreto Legislativo nº 1164, de 11/06/2024",https://publico.recife.pe.leg.br/consultas/norma_juridica/norma_juridica_mostrar_proc?cod_norma=1698,Concede o Título de Cidadão do Recife a Ailton Coelho de Ataíde Filho.,PDL 26/2024,https://publico.recife.pe.leg.br/consultas/materia/materia_mostrar_proc?cod_materia=151376,Tadeu Calheiros,Em vigor,Decreto Legislativo 1164/2024
"Decreto Legislativo nº 1163, de 11/06/2024",https://publico.recife.pe.leg.br/consultas/norma_juridica/norma_juridica_mostrar_proc?cod_norma=1706,Concede a Medalha de Mérito José Mariano ao Sr. Eduardo Henrique da Fonte de Albuquerque Silva.,PDL 32/2024,https://publico.recife.pe.leg.br/consultas/materia/materia_mostrar_proc?cod_materia=152574,Ronaldo Lopes,Em vigor,Decreto Legislativo 1163/2024
"Decreto Legislativo nº 1162, de 04/06/2024",https://publico.recife.pe.leg.br/consultas/norma_juridica/norma_juridica_mostrar_proc?cod_norma=1703,CONCEDE MEDALHA DE MÉRITO A SANDRA PERNAMBUCO.,PDL 30/2024,https://publico.recife.pe.leg.br/consultas/materia/materia_mostrar_proc?cod_materia=151911,Fred Ferreira,Em vigor,Decreto Legislativo 1162/2024
"Decreto Legislativo nº 1161, de 04/06/2024",https://publico.recife.pe.leg.br/consultas/norma_juridica/norma_juridica_mostrar_proc?cod_norma=1702,Concede o Título de Cidadão do Recife ao Dr. Washington Luís Macêdo de Amorim.,PDL 29/2024,https://publico.recife.pe.leg.br/consultas/materia/materia_mostrar_proc?cod_materia=151907,Victor André Gomes,Em vigor,Decreto Legislativo 1161/2024
"Decreto Legislativo nº 1160, de 27/05/2024",https://publico.recife.pe.leg.br/consultas/norma_juridica/norma_juridica_mostrar_proc?cod_norma=1704,Concede o Título de Cidadão do Recife ao Sr. Luiz Gonzaga Patriota.,PDL 31/2024,https://publico.recife.pe.leg.br/consultas/materia/materia_mostrar_proc?cod_materia=152560,Comissão Executiva,Em vigor,Decreto Legislativo 1160/2024
"Decreto Legislativo nº 1159, de 20/05/2024",https://publico.recife.pe.leg.br/consultas/norma_juridica/norma_juridica_mostrar_proc?cod_norma=1120,Concede a Medalha de Mérito Olegária Mariano a  Luiza Batista Pereira.,PDL 27/2024,https://publico.recife.pe.leg.br/consultas/materia/materia_mostrar_proc?cod_materia=151406,Elaine Cristina,Em vigor,Decreto Legislativo 1159/2024
"Decreto Legislativo nº 1158, de 20/05/2024",https://publico.recife.pe.leg.br/consultas/norma_juridica/norma_juridica_mostrar_proc?cod_norma=1119,"Concede o Título de Cidadão do Recife ao Promotor de Justiça do Estado de Pernambuco, Maviael de Souza Silva.",PDL 24/2024,https://publico.recife.pe.leg.br/consultas/materia/materia_mostrar_proc?cod_materia=151045,Doduel Varela,Em vigor,Decreto Legislativo 1158/2024
"Decreto Legislativo nº 1157, de 20/05/2024",https://publico.recife.pe.leg.br/consultas/norma_juridica/norma_juridica_mostrar_proc?cod_norma=1118,Concede o Título de Cidadão do Recife a Walber Steffano Costa Fernandes.,PDL 23/2024,https://publico.recife.pe.leg.br/consultas/materia/materia_mostrar_proc?cod_materia=151040,Tadeu Calheiros,Em vigor,Decreto Legislativo 1157/2024
"Decreto Legislativo nº 1156, de 20/05/2024",https://publico.recife.pe.leg.br/consultas/norma_juridica/norma_juridica_mostrar_proc?cod_norma=1117,Concede a Medalha de Mérito José Mariano ao Movimento Nacional da População em Situação de Rua,PDL 17/2024,https://publico.recife.pe.leg.br/consultas/materia/materia_mostrar_proc?cod_materia=150122,Ivan Moraes,Em vigor,Decreto Legislativo 1156/2024
"Decreto Legislativo nº 1155, de 20/05/2024",https://publico.recife.pe.leg.br/consultas/norma_juridica/norma_juridica_mostrar_proc?cod_norma=1116,Concede a Medalha de Mérito José Mariano ao Sr. Antonio Carlos da Silva Mendes.,PDL 15/2024,https://publico.recife.pe.leg.br/consultas/materia/materia_mostrar_proc?cod_materia=149737,Ebinho Florêncio,Em vigor,Decreto Legislativo 1155/2024
"Decreto Legislativo nº 1154, de 20/05/2024",https://publico.recife.pe.leg.br/consultas/norma_juridica/norma_juridica_mostrar_proc?cod_norma=1695,Concede o Título de Cidadão do Recife ao Sr. Manoel Deodoro Liberalquino Ferreira.,PDL 8/2024,https://publico.recife.pe.leg.br/consultas/materia/materia_mostrar_proc?cod_materia=149466,Ebinho Florêncio,Em vigor,Decreto Legislativo 1154/2024
"Decreto Legislativo nº 1153, de 20/05/2024",https://publico.recife.pe.leg.br/consultas/norma_juridica/norma_juridica_mostrar_proc?cod_norma=1693,Concede a Medalha de Mérito José Mariano ao Sr. Fábio Schwambach,PDL 5/2024,https://publico.recife.pe.leg.br/consultas/materia/materia_mostrar_proc?cod_materia=149409,Ronaldo Lopes,Em vigor,Decreto Legislativo 1153/2024
"Decreto Legislativo nº 1152, de 20/05/2024",https://publico.recife.pe.leg.br/consultas/norma_juridica/norma_juridica_mostrar_proc?cod_norma=1696,Concede o Título de Cidadã Recifense a Gleisi Helena Hoffmann.,PDL 11/2024,https://publico.recife.pe.leg.br/consultas/materia/materia_mostrar_proc?cod_materia=149705,Liana Cirne,Em vigor,Decreto Legislativo 1152/2024
"Decreto Legislativo nº 1151, de 13/05/2024",https://publico.recife.pe.leg.br/consultas/norma_juridica/norma_juridica_mostrar_proc?cod_norma=1121,"Concede o Título de Cidadão do Recife ao Sr. José Severino de Arruda, “Padre Biu de Arruda”.",PDL 25/2024,https://publico.recife.pe.leg.br/consultas/materia/materia_mostrar_proc?cod_materia=151130,Felipe Alecrim,Em vigor,Decreto Legislativo 1151/2024
"Decreto Legislativo nº 1150, de 06/05/2024",https://publico.recife.pe.leg.br/consultas/norma_juridica/norma_juridica_mostrar_proc?cod_norma=834,Concede o Título de Cidadã do Recife a Irmã Jucilene de Souza.,PDL 13/2024,https://publico.recife.pe.leg.br/consultas/materia/materia_mostrar_proc?cod_materia=149711,Felipe Alecrim,Em vigor,Decreto Legislativo 1150/2024
"Decreto Legislativo nº 1149, de 06/05/2024",https://publico.recife.pe.leg.br/consultas/norma_juridica/norma_juridica_mostrar_proc?cod_norma=835,Concede o Título de Cidadão do Recife a Lindenberg Silva de Lira Borba por relevantes serviços prestados à sociedade recifense.,PDL 12/2024,https://publico.recife.pe.leg.br/consultas/materia/materia_mostrar_proc?cod_materia=149710,Felipe Alecrim,Em vigor,Decreto Legislativo 1149/2024
"Decreto Legislativo nº 1148, de 06/05/2024",https://publico.recife.pe.leg.br/consultas/norma_juridica/norma_juridica_mostrar_proc?cod_norma=837,Concede o Título de Cidadão do Recife ao Sr. Severino Marcos de Oliveira Carneiro.,PDL 7/2024,https://publico.recife.pe.leg.br/consultas/materia/materia_mostrar_proc?cod_materia=149464,Ebinho Florêncio,Em vigor,Decreto Legislativo 1148/2024
"Decreto Legislativo nº 1147, de 29/04/2024",https://publico.recife.pe.leg.br/consultas/norma_juridica/norma_juridica_mostrar_proc?cod_norma=319,Concede o título de cidadã do Recife à Srª Elizabete de Sousa Godinho.,PDL 20/2024,https://publico.recife.pe.leg.br/consultas/materia/materia_mostrar_proc?cod_materia=150866,Elaine Cristina,Em vigor,Decreto Legislativo 1147/2024
"Decreto Legislativo nº 1146, de 29/04/2024",https://publico.recife.pe.leg.br/consultas/norma_juridica/norma_juridica_mostrar_proc?cod_norma=318,Concede a Medalha de Mérito Olegária Mariano a  Danielle Gondim Portela.,PDL 19/2024,https://publico.recife.pe.leg.br/consultas/materia/materia_mostrar_proc?cod_materia=150865,Elaine Cristina,Em vigor,Decreto Legislativo 1146/2024
"Decreto Legislativo nº 1145, de 29/04/2024",https://publico.recife.pe.leg.br/consultas/norma_juridica/norma_juridica_mostrar_proc?cod_norma=300,Concede o Título de Cidadã do Recife à Dayanna Louise Santos.,PDL 3/2024,https://publico.recife.pe.leg.br/consultas/materia/materia_mostrar_proc?cod_materia=148503,Ivan Moraes,Em vigor,Decreto Legislativo 1145/2024
"Decreto Legislativo nº 1144, de 22/04/2024",https://publico.recife.pe.leg.br/consultas/norma_juridica/norma_juridica_mostrar_proc?cod_norma=832,Concede o Título de Cidadão do Recife ao Sr. Ryu Uchihara.,PDL 21/2024,https://publico.recife.pe.leg.br/consultas/materia/materia_mostrar_proc?cod_materia=150894,Comissão Executiva,Em vigor,Decreto Legislativo 1144/2024
"Decreto Legislativo nº 1143, de 22/04/2024",https://publico.recife.pe.leg.br/consultas/norma_juridica/norma_juridica_mostrar_proc?cod_norma=311,Concede a Medalha de Mérito José Mariano ao Advogado Almir Reis.,PDL 9/2024,https://publico.recife.pe.leg.br/consultas/materia/materia_mostrar_proc?cod_materia=149499,Felipe Francismar,Em vigor,Decreto Legislativo 1143/2024
"Decreto Legislativo nº 1142, de 22/04/2024",https://publico.recife.pe.leg.br/consultas/norma_juridica/norma_juridica_mostrar_proc?cod_norma=310,Concede o Título de Cidadão do Recife ao Sr. Ygor Gomes Valença,PDL 6/2024,https://publico.recife.pe.leg.br/consultas/materia/materia_mostrar_proc?cod_materia=149414,Davi Muniz,Em vigor,Decreto Legislativo 1142/2024
"Decreto Legislativo nº 1141, de 15/04/2024",https://publico.recife.pe.leg.br/consultas/norma_juridica/norma_juridica_mostrar_proc?cod_norma=315,Concede o Título de Cidadão do Recife ao empresário Victor Bretas Alecrim.,PDL 14/2024,https://publico.recife.pe.leg.br/consultas/materia/materia_mostrar_proc?cod_materia=149712,Osmar Ricardo,Em vigor,Decreto Legislativo 1141/2024
"Decreto Legislativo nº 1140, de 15/04/2024",https://publico.recife.pe.leg.br/consultas/norma_juridica/norma_juridica_mostrar_proc?cod_norma=314,Concede o Título de Cidadão do Recife ao empresário mineiro DANIEL LUIZ GUERRA COSTA,PDL 10/2024,https://publico.recife.pe.leg.br/consultas/materia/materia_mostrar_proc?cod_materia=149690,Osmar Ricardo,Em vigor,Decreto Legislativo 1140/2024
"Decreto Legislativo nº 1139, de 18/03/2024",https://publico.recife.pe.leg.br/consultas/norma_juridica/norma_juridica_mostrar_proc?cod_norma=306,Concede o Título de Cidadã do Recife à Sra. Jullimária Dutra.,PDL 4/2024,https://publico.recife.pe.leg.br/consultas/materia/materia_mostrar_proc?cod_materia=148837,Zé Neto,Em vigor,Decreto Legislativo 1139/2024
"Decreto Legislativo nº 1138, de 18/03/2024",https://publico.recife.pe.leg.br/consultas/norma_juridica/norma_juridica_mostrar_proc?cod_norma=521,Concede o Título de Cidadão do Recife ao Arcebispo Dom Paulo Jackson Nóbrega de Souza por relevantes serviços prestados à sociedade recifense.,PDL 65/2023,https://publico.recife.pe.leg.br/consultas/materia/materia_mostrar_proc?cod_materia=147502,Felipe Alecrim,Em vigor,Decreto Legislativo 1138/2024
"Decreto Legislativo nº 1137, de 18/03/2024",https://publico.recife.pe.leg.br/consultas/norma_juridica/norma_juridica_mostrar_proc?cod_norma=519,Concede a Medalha de Mérito José Mariano ao Sr. Manoel Nascimento Costa.,PDL 63/2023,https://publico.recife.pe.leg.br/consultas/materia/materia_mostrar_proc?cod_materia=147375,Elaine Cristina,Em vigor,Decreto Legislativo 1137/2024
"Decreto Legislativo nº 1136, de 18/03/2024",https://publico.recife.pe.leg.br/consultas/norma_juridica/norma_juridica_mostrar_proc?cod_norma=500,Concede o Título de Cidadão do Recife ao Sr. Álvaro Porto de Barros.,PDL 62/2023,https://publico.recife.pe.leg.br/consultas/materia/materia_mostrar_proc?cod_materia=147134,Victor André Gomes,Em vigor,Decreto Legislativo 1136/2024
"Decreto Legislativo nº 1135, de 18/03/2024",https://publico.recife.pe.leg.br/consultas/norma_juridica/norma_juridica_mostrar_proc?cod_norma=496,Concede o Título de Cidadão do Recife ao Dr. Álvaro Dantas de Almeida Júnior.,PDL 58/2023,https://publico.recife.pe.leg.br/consultas/materia/materia_mostrar_proc?cod_materia=146849,Ronaldo Lopes,Em vigor,Decreto Legislativo 1135/2024
"Decreto Legislativo nº 1134, de 18/03/2024",https://publico.recife.pe.leg.br/consultas/norma_juridica/norma_juridica_mostrar_proc?cod_norma=495,Concede a Medalha de Mérito José Mariano ao Artista Plástico Leopoldo Nóbrega.,PDL 57/2023,https://publico.recife.pe.leg.br/consultas/materia/materia_mostrar_proc?cod_materia=146814,Aline Mariano,Em vigor,Decreto Legislativo 1134/2024
"Decreto Legislativo nº 1133, de 18/03/2024",https://publico.recife.pe.leg.br/consultas/norma_juridica/norma_juridica_mostrar_proc?cod_norma=492,Concede o Título de Cidadão do Recife ao Sr. Wanderson Sobral Florêncio.,PDL 54/2023,https://publico.recife.pe.leg.br/consultas/materia/materia_mostrar_proc?cod_materia=146095,Aderaldo Pinto,Em vigor,Decreto Legislativo 1133/2024
"Decreto Legislativo nº 1132, de 11/03/2024",https://publico.recife.pe.leg.br/consultas/norma_juridica/norma_juridica_mostrar_proc?cod_norma=520,Concede a Medalha de Mérito Olegária Mariano a Srª Maria Guadalupe Freitas de Oliveira Silva.,PDL 64/2023,https://publico.recife.pe.leg.br/consultas/materia/materia_mostrar_proc?cod_materia=147501,Elaine Cristina,Em vigor,Decreto Legislativo 1132/2024
"Decreto Legislativo nº 1131, de 11/03/2024",https://publico.recife.pe.leg.br/consultas/norma_juridica/norma_juridica_mostrar_proc?cod_norma=498,Concede o Título de Cidadã do Recife à Sra. Mônica Felts de La Roca Soares.,PDL 60/2023,https://publico.recife.pe.leg.br/consultas/materia/materia_mostrar_proc?cod_materia=146874,Cida Pedrosa,Em vigor,Decreto Legislativo 1131/2024
"Decreto Legislativo nº 1130, de 11/03/2024",https://publico.recife.pe.leg.br/consultas/norma_juridica/norma_juridica_mostrar_proc?cod_norma=497,Concede o Título de Cidadão do Recife ao Sr. Ranilson Brandão Ramos.,PDL 59/2023,https://publico.recife.pe.leg.br/consultas/materia/materia_mostrar_proc?cod_materia=146861,Romerinho Jatobá,Em vigor,Decreto Legislativo 1130/2024
"Decreto Legislativo nº 1129, de 11/03/2024",https://publico.recife.pe.leg.br/consultas/norma_juridica/norma_juridica_mostrar_proc?cod_norma=494,Concede o Título de Cidadã do Recife a Karla Maria de Oliveira Almeida.,PDL 56/2023,https://publico.recife.pe.leg.br/consultas/materia/materia_mostrar_proc?cod_materia=146644,Rinaldo Júnior,Em vigor,Decreto Legislativo 1129/2024
"Decreto Legislativo nº 1128, de 26/02/2024",https://publico.recife.pe.leg.br/consultas/norma_juridica/norma_juridica_mostrar_proc?cod_norma=296,Concede o Título de Cidadã do Recife a Senhora Maria José Vilaça.,PDL 1/2024,https://publico.recife.pe.leg.br/consultas/materia/materia_mostrar_proc?cod_materia=148110,Alcides Cardoso,Em vigor,Decreto Legislativo 1128/2024
"Decreto Legislativo nº 1127, de 26/02/2024",https://publico.recife.pe.leg.br/consultas/norma_juridica/norma_juridica_mostrar_proc?cod_norma=524,Concede o Título de Cidadão do Recife a José Carlos Veras dos Santos (Carlos Veras).,PDL 67/2023,https://publico.recife.pe.leg.br/consultas/materia/materia_mostrar_proc?cod_materia=147624,Liana Cirne,Em vigor,Decreto Legislativo 1127/2024
"Decreto Legislativo nº 1126, de 26/02/2024",https://publico.recife.pe.leg.br/consultas/norma_juridica/norma_juridica_mostrar_proc?cod_norma=522,Concede a Medalha de Mérito José Mariano ao Empresário e Artista Carlos Belo Afonso de Melo “Cuscuz dos Patins”.,PDL 66/2023,https://publico.recife.pe.leg.br/consultas/materia/materia_mostrar_proc?cod_materia=147613,Felipe Francismar,Em vigor,Decreto Legislativo 1126/2024
"Decreto Legislativo nº 1125, de 26/02/2024",https://publico.recife.pe.leg.br/consultas/norma_juridica/norma_juridica_mostrar_proc?cod_norma=491,Concede o Título de Cidadão do Recife ao Sr. Aderaldo de Oliveira Florêncio.,PDL 53/2023,https://publico.recife.pe.leg.br/consultas/materia/materia_mostrar_proc?cod_materia=146094,Ebinho Florêncio,Em vigor,Decreto Legislativo 1125/2024
"Decreto Legislativo nº 1124, de 11/12/2023",https://publico.recife.pe.leg.br/consultas/norma_juridica/norma_juridica_mostrar_proc?cod_norma=490,Concede o Título de Cidadão do Recife ao Advogado Antonio Braz da Silva.,PDL 52/2023,https://publico.recife.pe.leg.br/consultas/materia/materia_mostrar_proc?cod_materia=145946,Aderaldo Pinto,Em vigor,Decreto Legislativo 1124/2023
"Decreto Legislativo nº 1123, de 11/12/2023",https://publico.recife.pe.leg.br/consultas/norma_juridica/norma_juridica_mostrar_proc?cod_norma=489,Concede o Título de Cidadão do Recife ao Médico Sergio Luis Azevedo Martins.,PDL 51/2023,https://publico.recife.pe.leg.br/consultas/materia/materia_mostrar_proc?cod_materia=145945,Aderaldo Pinto,Em vigor,Decreto Legislativo 1123/2023
"Decreto Legislativo nº 1122, de 11/12/2023",https://publico.recife.pe.leg.br/consultas/norma_juridica/norma_juridica_mostrar_proc?cod_norma=487,Concede o Título de Cidadão do Recife ao Dr. Pedro Gonzaga Neto.,PDL 49/2023,https://publico.recife.pe.leg.br/consultas/materia/materia_mostrar_proc?cod_materia=145756,Alcides Teixeira Neto,Em vigor,Decreto Legislativo 1122/2023
"Decreto Legislativo nº 1121, de 11/12/2023",https://publico.recife.pe.leg.br/consultas/norma_juridica/norma_juridica_mostrar_proc?cod_norma=486,Concede o Título de Cidadã do Recife à Sra. Maria de Lourdes Tenório.,PDL 48/2023,https://publico.recife.pe.leg.br/consultas/materia/materia_mostrar_proc?cod_materia=145587,Prof Mirinho,Em vigor,Decreto Legislativo 1121/2023
"Decreto Legislativo nº 1120, de 11/12/2023",https://publico.recife.pe.leg.br/consultas/norma_juridica/norma_juridica_mostrar_proc?cod_norma=499,Concede a Medalha de Mérito José Mariano ao Cel. PM  Fred Jorge Parente Saraiva.,PDL 61/2023,https://publico.recife.pe.leg.br/consultas/materia/materia_mostrar_proc?cod_materia=147035,Comissão Executiva,Em vigor,Decreto Legislativo 1120/2023
"Decreto Legislativo nº 1119, de 05/12/2023",https://publico.recife.pe.leg.br/consultas/norma_juridica/norma_juridica_mostrar_proc?cod_norma=493,"Concede o Título de Cidadã do Recife à Professora fundadora do Curso de Letras da Universidade Federal Rural de Pernambuco (UFRPE) Dorilma
Neves Galdino Alves.",PDL 55/2023,https://publico.recife.pe.leg.br/consultas/materia/materia_mostrar_proc?cod_materia=146318,Chico Kiko,Em vigor,Decreto Legislativo 1119/2023
"Decreto Legislativo nº 1118, de 27/11/2023",https://publico.recife.pe.leg.br/consultas/norma_juridica/norma_juridica_mostrar_proc?cod_norma=485,Concede o Título de Cidadã do Recife à Juíza de Direito Wilka Pinto Vilela.,PDL 45/2023,https://publico.recife.pe.leg.br/consultas/materia/materia_mostrar_proc?cod_materia=145123,Aline Mariano,Em vigor,Decreto Legislativo 1118/2023
"Decreto Legislativo nº 1117, de 13/11/2023",https://publico.recife.pe.leg.br/consultas/norma_juridica/norma_juridica_mostrar_proc?cod_norma=488,Concede o Título de Cidadão do Recife ao Sr. Ilson Mateus Rodrigues,PDL 50/2023,https://publico.recife.pe.leg.br/consultas/materia/materia_mostrar_proc?cod_materia=145895,Luiz Eustáquio,Em vigor,Decreto Legislativo 1117/2023
"Decreto Legislativo nº 1116, de 13/11/2023",https://publico.recife.pe.leg.br/consultas/norma_juridica/norma_juridica_mostrar_proc?cod_norma=484,Concede a Medalha de Mérito José Mariano ao Sr. Aldemar Santos.,PDL 44/2023,https://publico.recife.pe.leg.br/consultas/materia/materia_mostrar_proc?cod_materia=145077,Rinaldo Júnior,Em vigor,Decreto Legislativo 1116/2023
"Decreto Legislativo nº 1115, de 13/11/2023",https://publico.recife.pe.leg.br/consultas/norma_juridica/norma_juridica_mostrar_proc?cod_norma=483,Concede o Título de Cidadão do Recife ao Cantor Sérgio Lopes.,PDL 43/2023,https://publico.recife.pe.leg.br/consultas/materia/materia_mostrar_proc?cod_materia=144706,Ronaldo Lopes,Em vigor,Decreto Legislativo 1115/2023
"Decreto Legislativo nº 1114, de 13/11/2023",https://publico.recife.pe.leg.br/consultas/norma_juridica/norma_juridica_mostrar_proc?cod_norma=482,"Concede o Título de Cidadão do Recife ao Sr. Gerson Lima Moura, conhecido como Beto Café.",PDL 40/2023,https://publico.recife.pe.leg.br/consultas/materia/materia_mostrar_proc?cod_materia=144454,Joselito Ferreira,Em vigor,Decreto Legislativo 1114/2023
"Decreto Legislativo nº 1113, de 13/11/2023",https://publico.recife.pe.leg.br/consultas/norma_juridica/norma_juridica_mostrar_proc?cod_norma=426,CONCEDE O TÍTULO DE CIDADÃ DO RECIFE À SRA. MARGARETH MENEZES DA PURIFICAÇÃO COSTA.,PDL 37/2023,https://publico.recife.pe.leg.br/consultas/materia/materia_mostrar_proc?cod_materia=144027,Joselito Ferreira,Em vigor,Decreto Legislativo 1113/2023
"Decreto Legislativo nº 1112, de 23/10/2023",https://publico.recife.pe.leg.br/consultas/norma_juridica/norma_juridica_mostrar_proc?cod_norma=416,Concede a Medalha de Mérito José Mariano ao Tenente Coronel Alexandre Arruda Pereira e Silva.,PDL 35/2023,https://publico.recife.pe.leg.br/consultas/materia/materia_mostrar_proc?cod_materia=143678,Luiz Eustáquio,Em vigor,Decreto Legislativo 1112/2023
"Decreto Legislativo nº 1111, de 23/10/2023",https://publico.recife.pe.leg.br/consultas/norma_juridica/norma_juridica_mostrar_proc?cod_norma=415,Concede a Medalha de Mérito José Mariano ao Empresário Ilson Mateus Rodrigues.,PDL 34/2023,https://publico.recife.pe.leg.br/consultas/materia/materia_mostrar_proc?cod_materia=143627,Luiz Eustáquio,Em vigor,Decreto Legislativo 1111/2023
"Decreto Legislativo nº 1110, de 23/10/2023",https://publico.recife.pe.leg.br/consultas/norma_juridica/norma_juridica_mostrar_proc?cod_norma=412,Concede a Medalha de Mérito José Mariano ao Tenente-Coronel Alex Francisco da Silva.,PDL 33/2023,https://publico.recife.pe.leg.br/consultas/materia/materia_mostrar_proc?cod_materia=143626,Luiz Eustáquio,Em vigor,Decreto Legislativo 1110/2023
"Decreto Legislativo nº 1109, de 10/10/2023",https://publico.recife.pe.leg.br/consultas/norma_juridica/norma_juridica_mostrar_proc?cod_norma=480,Concede o Título de Cidadão do Recife ao Jornalista e Apresentador EVENILSON SANTOS SANTANA (Mike Tyson).,PDL 38/2023,https://publico.recife.pe.leg.br/consultas/materia/materia_mostrar_proc?cod_materia=144407,Doduel Varela,Em vigor,Decreto Legislativo 1109/2023
"Decreto Legislativo nº 1108, de 10/10/2023",https://publico.recife.pe.leg.br/consultas/norma_juridica/norma_juridica_mostrar_proc?cod_norma=378,Concede o Título de Cidadão do Recife ao Sr. Vágner Silva de Souza (Vágner Love).,PDL 22/2023,https://publico.recife.pe.leg.br/consultas/materia/materia_mostrar_proc?cod_materia=138914,Ronaldo Lopes,Em vigor,Decreto Legislativo 1108/2023
"Decreto Legislativo nº 1107, de 02/10/2023",https://publico.recife.pe.leg.br/consultas/norma_juridica/norma_juridica_mostrar_proc?cod_norma=481,Concede o Título de Cidadão do Recife ao Sr. Paulo Augusto Rodrigues Moura – Paulo Moura.,PDL 39/2023,https://publico.recife.pe.leg.br/consultas/materia/materia_mostrar_proc?cod_materia=144453,Professora Ana Lúcia,Em vigor,Decreto Legislativo 1107/2023
"Decreto Legislativo nº 1106, de 25/09/2023",https://publico.recife.pe.leg.br/consultas/norma_juridica/norma_juridica_mostrar_proc?cod_norma=410,Concede o Título de Cidadão do Recife ao jogador de futebol Diego de Souza Andrade.,PDL 32/2023,https://publico.recife.pe.leg.br/consultas/materia/materia_mostrar_proc?cod_materia=143060,Osmar Ricardo,Em vigor,Decreto Legislativo 1106/2023
"Decreto Legislativo nº 1105, de 18/09/2023",https://publico.recife.pe.leg.br/consultas/norma_juridica/norma_juridica_mostrar_proc?cod_norma=425,Concede o Título de Cidadão do Recife ao Médico Perito “Dr. Luiz Pereira de Mello”.,PDL 36/2023,https://publico.recife.pe.leg.br/consultas/materia/materia_mostrar_proc?cod_materia=143839,Almir Fernando,Em vigor,Decreto Legislativo 1105/2023
"Decreto Legislativo nº 1104, de 11/09/2023",https://publico.recife.pe.leg.br/consultas/norma_juridica/norma_juridica_mostrar_proc?cod_norma=405,Concede o Título de Cidadã do Recife à Cantora e Compositora Gerlane Lops.,PDL 29/2023,https://publico.recife.pe.leg.br/consultas/materia/materia_mostrar_proc?cod_materia=141555,Aline Mariano,Em vigor,Decreto Legislativo 1104/2023
"Decreto Legislativo nº 1103, de 11/09/2023",https://publico.recife.pe.leg.br/consultas/norma_juridica/norma_juridica_mostrar_proc?cod_norma=401,Concede a Medalha de Mérito Olegária Mariano à Maria Eduarda Fernandes.,PDL 27/2023,https://publico.recife.pe.leg.br/consultas/materia/materia_mostrar_proc?cod_materia=141413,Paulo Muniz,Em vigor,Decreto Legislativo 1103/2023
"Decreto Legislativo nº 1102, de 11/09/2023",https://publico.recife.pe.leg.br/consultas/norma_juridica/norma_juridica_mostrar_proc?cod_norma=399,Concede o Título de Cidadão do Recife ao Empresário Jailson Marcos.,PDL 26/2023,https://publico.recife.pe.leg.br/consultas/materia/materia_mostrar_proc?cod_materia=141144,Aline Mariano,Em vigor,Decreto Legislativo 1102/2023
"Decreto Legislativo nº 1101, de 11/09/2023",https://publico.recife.pe.leg.br/consultas/norma_juridica/norma_juridica_mostrar_proc?cod_norma=396,Concede o Título de Cidadão do Recife ao Sr. Hemerson da Silva Ferreira (Mc Tocha).,PDL 24/2023,https://publico.recife.pe.leg.br/consultas/materia/materia_mostrar_proc?cod_materia=138999,Victor André Gomes,Em vigor,Decreto Legislativo 1101/2023
"Decreto Legislativo nº 1100, de 11/09/2023",https://publico.recife.pe.leg.br/consultas/norma_juridica/norma_juridica_mostrar_proc?cod_norma=375,Concede o Título de Cidadã do Recife à Sra. Antônia Cristina Amaral Silva – Cristina Amaral.,PDL 19/2023,https://publico.recife.pe.leg.br/consultas/materia/materia_mostrar_proc?cod_materia=138556,Professora Ana Lúcia,Em vigor,Decreto Legislativo 1100/2023
"Decreto Legislativo nº 1099, de 11/09/2023",https://publico.recife.pe.leg.br/consultas/norma_juridica/norma_juridica_mostrar_proc?cod_norma=374,Concede o Título de Cidadão do Recife ao musicista Juliano Holanda.,PDL 18/2023,https://publico.recife.pe.leg.br/consultas/materia/materia_mostrar_proc?cod_materia=138424,Ivan Moraes,Em vigor,Decreto Legislativo 1099/2023
"Decreto Legislativo nº 1098, de 11/09/2023",https://publico.recife.pe.leg.br/consultas/norma_juridica/norma_juridica_mostrar_proc?cod_norma=409,Concede a Medalha de Mérito José Mariano ao Sr. Manoel Leôncio Correia Filho.,PDL 31/2023,https://publico.recife.pe.leg.br/consultas/materia/materia_mostrar_proc?cod_materia=143057,Davi Muniz,Em vigor,Decreto Legislativo 1098/2023
"Decreto Legislativo nº 1097, de 11/09/2023",https://publico.recife.pe.leg.br/consultas/norma_juridica/norma_juridica_mostrar_proc?cod_norma=407,Concede a Medalha de Mérito José Mariano a Eduardo Emílio Andrade Faye das Chagas Holanda,PDL 30/2023,https://publico.recife.pe.leg.br/consultas/materia/materia_mostrar_proc?cod_materia=143056,Davi Muniz,Em vigor,Decreto Legislativo 1097/2023
"Decreto Legislativo nº 1096, de 11/09/2023",https://publico.recife.pe.leg.br/consultas/norma_juridica/norma_juridica_mostrar_proc?cod_norma=377,"Revoga o Decreto Legislativo nº 1.013, de 15 de fevereiro de 2022, que Concede o Título de Cidadão do Recife ao Sr. Alexandre Vitor Passos Assumpção.",PDL 21/2023,https://publico.recife.pe.leg.br/consultas/materia/materia_mostrar_proc?cod_materia=138724,Professora Ana Lúcia,Em vigor,Decreto Legislativo 1096/2023
"Decreto Legislativo nº 1095, de 06/09/2023",https://publico.recife.pe.leg.br/consultas/norma_juridica/norma_juridica_mostrar_proc?cod_norma=376,"Dispõe sobre a revogação do Decreto Legislativo nº 1.012, de 15 de fevereiro de 2022, que Concede o Título de Cidadã do Recife à Sra. Ana Luiza Francia Assumpção Passos.",PDL 20/2023,https://publico.recife.pe.leg.br/consultas/materia/materia_mostrar_proc?cod_materia=138723,Professora Ana Lúcia,Em vigor,Decreto Legislativo 1095/2023
"Decreto Legislativo nº 1094, de 29/08/2023",https://publico.recife.pe.leg.br/consultas/norma_juridica/norma_juridica_mostrar_proc?cod_norma=403,Concede o Título de Cidadão do Recife ao Padre Fabio Farias por relevantes serviços prestados à sociedade recifense.,PDL 28/2023,https://publico.recife.pe.leg.br/consultas/materia/materia_mostrar_proc?cod_materia=141454,Felipe Alecrim,Em vigor,Decreto Legislativo 1094/2023
"Decreto Legislativo nº 1093, de 22/08/2023",https://publico.recife.pe.leg.br/consultas/norma_juridica/norma_juridica_mostrar_proc?cod_norma=398,Concede o Título de Cidadã do Recife à Sra. Iva das Neves Lima de Souza.,PDL 25/2023,https://publico.recife.pe.leg.br/consultas/materia/materia_mostrar_proc?cod_materia=139022,Davi Muniz,Em vigor,Decreto Legislativo 1093/2023
"Decreto Legislativo nº 1092, de 22/08/2023",https://publico.recife.pe.leg.br/consultas/norma_juridica/norma_juridica_mostrar_proc?cod_norma=379,Concede o Título de Cidadão do Recife ao Sr. Antônio Gonçalves de Souza Sobrinho.,PDL 23/2023,https://publico.recife.pe.leg.br/consultas/materia/materia_mostrar_proc?cod_materia=138920,Paulo Muniz,Em vigor,Decreto Legislativo 1092/2023
"Decreto Legislativo nº 1091, de 22/08/2023",https://publico.recife.pe.leg.br/consultas/norma_juridica/norma_juridica_mostrar_proc?cod_norma=370,"Concede a Medalha de Mérito José Mariano ao Secretário Executivo de Articulação Política do Recife, Tarcísio Montenegro Amaral Ribeiro.",PDL 13/2023,https://publico.recife.pe.leg.br/consultas/materia/materia_mostrar_proc?cod_materia=136832,Natália de Menudo,Em vigor,Decreto Legislativo 1091/2023
"Decreto Legislativo nº 1090, de 03/07/2023",https://publico.recife.pe.leg.br/consultas/norma_juridica/norma_juridica_mostrar_proc?cod_norma=328,"Concede a Medalha de Mérito José Mariano ao Excelentíssimo Sr. Ricardo de Oliveira Paes Barreto, Desembargador do Tribunal de Justiça de Pernambuco.",PDL 7/2023,https://publico.recife.pe.leg.br/consultas/materia/materia_mostrar_proc?cod_materia=135918,Eriberto Rafael,Em vigor,Decreto Legislativo 1090/2023
"Decreto Legislativo nº 1089, de 03/07/2023",https://publico.recife.pe.leg.br/consultas/norma_juridica/norma_juridica_mostrar_proc?cod_norma=326,"Concede a Medalha de Mérito José Mariano ao Excelentíssimo Sr. Itamar Pereira da Silva Júnior, Desembargador do Tribunal de Justiça de Pernambuco.",PDL 5/2023,https://publico.recife.pe.leg.br/consultas/materia/materia_mostrar_proc?cod_materia=135916,Eriberto Rafael,Em vigor,Decreto Legislativo 1089/2023
"Decreto Legislativo nº 1087, de 05/06/2023",https://publico.recife.pe.leg.br/consultas/norma_juridica/norma_juridica_mostrar_proc?cod_norma=372,Concede o Título de Cidadã do Recife a Roberta Claro Romão Corrêa.,PDL 16/2023,https://publico.recife.pe.leg.br/consultas/materia/materia_mostrar_proc?cod_materia=137450,Rinaldo Júnior,Em vigor,Decreto Legislativo 1087/2023
"Decreto Legislativo nº 1086, de 05/06/2023",https://publico.recife.pe.leg.br/consultas/norma_juridica/norma_juridica_mostrar_proc?cod_norma=371,Concede o Título de Cidadão do Recife ao Sr. Paulo Dutra de Morais Barboza.,PDL 15/2023,https://publico.recife.pe.leg.br/consultas/materia/materia_mostrar_proc?cod_materia=137319,Victor André Gomes,Em vigor,Decreto Legislativo 1086/2023
"Decreto Legislativo nº 1085, de 05/06/2023",https://publico.recife.pe.leg.br/consultas/norma_juridica/norma_juridica_mostrar_proc?cod_norma=368,Concede a Medalha de Mérito Olegária Mariano à Renata Berenguer de Queiroz Moreira.,PDL 12/2023,https://publico.recife.pe.leg.br/consultas/materia/materia_mostrar_proc?cod_materia=136514,Paulo Muniz,Em vigor,Decreto Legislativo 1085/2023
"Decreto Legislativo nº 1084, de 05/06/2023",https://publico.recife.pe.leg.br/consultas/norma_juridica/norma_juridica_mostrar_proc?cod_norma=357,Concede o Título de Cidadã do Recife a Sra. Everdelina Roberta Araújo de Meneses.,PDL 10/2023,https://publico.recife.pe.leg.br/consultas/materia/materia_mostrar_proc?cod_materia=136471,Paulo Muniz,Em vigor,Decreto Legislativo 1084/2023
"Decreto Legislativo nº 1083, de 05/06/2023",https://publico.recife.pe.leg.br/consultas/norma_juridica/norma_juridica_mostrar_proc?cod_norma=327,"Concede a Medalha de Mérito José Mariano ao Excelentíssimo Sr. Humberto Costa Vasconcelos Júnior, Desembargador do Tribunal de Justiça de Pernambuco.",PDL 6/2023,https://publico.recife.pe.leg.br/consultas/materia/materia_mostrar_proc?cod_materia=135917,Eriberto Rafael,Em vigor,Decreto Legislativo 1083/2023
"Decreto Legislativo nº 1082, de 05/06/2023",https://publico.recife.pe.leg.br/consultas/norma_juridica/norma_juridica_mostrar_proc?cod_norma=475,"Concede a Medalha de Mérito José Mariano ao Agente da Polícia Federal, o Sr. Roberto Francisco dos Santos, pelos relevantes serviços prestados na segurança pública.",PDL 57/2022,https://publico.recife.pe.leg.br/consultas/materia/materia_mostrar_proc?cod_materia=131678,Natália de Menudo,Em vigor,Decreto Legislativo 1082/2023
"Decreto Legislativo nº 1081, de 30/05/2023",https://publico.recife.pe.leg.br/consultas/norma_juridica/norma_juridica_mostrar_proc?cod_norma=841,Concede o Título de Cidadão para o Sr. Flávio José de Amorim.,PDL 14/2023,https://publico.recife.pe.leg.br/consultas/materia/materia_mostrar_proc?cod_materia=137162,Samuel Salazar,Em vigor,Decreto Legislativo 1081/2023
"Decreto Legislativo nº 1080, de 30/05/2023",https://publico.recife.pe.leg.br/consultas/norma_juridica/norma_juridica_mostrar_proc?cod_norma=352,Concede o Título de Cidadão do Recife ao Sr. Ronaldo Dalcin.,PDL 9/2023,https://publico.recife.pe.leg.br/consultas/materia/materia_mostrar_proc?cod_materia=135994,Zé Neto,Em vigor,Decreto Legislativo 1080/2023
"Decreto Legislativo nº 1079, de 30/05/2023",https://publico.recife.pe.leg.br/consultas/norma_juridica/norma_juridica_mostrar_proc?cod_norma=350,"Concede a Medalha de Mérito José Mariano ao Excelentíssimo Sr. Agenor Ferreira de Lima Filho, Desembargador do Tribunal de Justiça de Pernambuco.",PDL 8/2023,https://publico.recife.pe.leg.br/consultas/materia/materia_mostrar_proc?cod_materia=135919,Eriberto Rafael,Em vigor,Decreto Legislativo 1079/2023
"Decreto Legislativo nº 1077, de 17/04/2023",https://publico.recife.pe.leg.br/consultas/norma_juridica/norma_juridica_mostrar_proc?cod_norma=324,Concede o Título de Cidadão Recifense ao Irmão Marcelo Barros.,PDL 3/2023,https://publico.recife.pe.leg.br/consultas/materia/materia_mostrar_proc?cod_materia=134695,Liana Cirne,Em vigor,Decreto Legislativo 1077/2023
"Decreto Legislativo nº 1075, de 03/04/2023",https://publico.recife.pe.leg.br/consultas/norma_juridica/norma_juridica_mostrar_proc?cod_norma=843,Altera o Decreto Legislativo nº 935 de 18 de dezembro de 2019.,PDL 11/2023,https://publico.recife.pe.leg.br/consultas/materia/materia_mostrar_proc?cod_materia=136513,Comissão Executiva,Em vigor,Decreto Legislativo 1075/2023
"Decreto Legislativo nº 1074, de 03/04/2023",https://publico.recife.pe.leg.br/consultas/norma_juridica/norma_juridica_mostrar_proc?cod_norma=322,Concede o Título de Cidadã do Recife à Sra. Raphaela Santos Souza da Silva.,PDL 1/2023,https://publico.recife.pe.leg.br/consultas/materia/materia_mostrar_proc?cod_materia=133276,Marco Aurélio Filho,Em vigor,Decreto Legislativo 1074/2023
"Decreto Legislativo nº 1073, de 03/04/2023",https://publico.recife.pe.leg.br/consultas/norma_juridica/norma_juridica_mostrar_proc?cod_norma=478,"Concede a Medalha de Mérito Olegária Mariano à Raquel Teixeira Lyra Lucena, eleita a primeira mulher para governar o Estado de Pernambuco.",PDL 60/2022,https://publico.recife.pe.leg.br/consultas/materia/materia_mostrar_proc?cod_materia=132405,Doduel Varela,Em vigor,Decreto Legislativo 1073/2023
"Decreto Legislativo nº 1072, de 21/03/2023",https://publico.recife.pe.leg.br/consultas/norma_juridica/norma_juridica_mostrar_proc?cod_norma=817,"Concede a Medalha de Mérito
Olegária Mariano a Sra. Carli Lima
Amorim.",PDL 32/2021,https://publico.recife.pe.leg.br/consultas/materia/materia_mostrar_proc?cod_materia=116274,Dilson Batista,Em vigor,Decreto Legislativo 1072/2023
"Decreto Legislativo nº 1071, de 05/12/2022",https://publico.recife.pe.leg.br/consultas/norma_juridica/norma_juridica_mostrar_proc?cod_norma=477,Concede o Título de Cidadão do Recife ao Sr. Manoel Carneiro da Silva.,PDL 59/2022,https://publico.recife.pe.leg.br/consultas/materia/materia_mostrar_proc?cod_materia=131951,Renato Antunes,Em vigor,Decreto Legislativo 1071/2022
"Decreto Legislativo nº 1070, de 05/12/2022",https://publico.recife.pe.leg.br/consultas/norma_juridica/norma_juridica_mostrar_proc?cod_norma=479,Concede a Medalha de Mérito José Mariano ao Procurador-Geral de Justiça Paulo Augusto de Freitas Oliveira.,PDL 61/2022,https://publico.recife.pe.leg.br/consultas/materia/materia_mostrar_proc?cod_materia=132470,Comissão Executiva,Em vigor,Decreto Legislativo 1070/2022
"Decreto Legislativo nº 1069, de 29/11/2022",https://publico.recife.pe.leg.br/consultas/norma_juridica/norma_juridica_mostrar_proc?cod_norma=476,Concede o Título de Cidadão do Recife a Antônio Lopes Miranda.,PDL 58/2022,https://publico.recife.pe.leg.br/consultas/materia/materia_mostrar_proc?cod_materia=131950,Tadeu Calheiros,Em vigor,Decreto Legislativo 1069/2022
"Decreto Legislativo nº 1068, de 01/11/2022",https://publico.recife.pe.leg.br/consultas/norma_juridica/norma_juridica_mostrar_proc?cod_norma=466,Concede a Medalha de Mérito José Mariano ao Instituto de Identificação Tavares Buril (IITB).,PDL 48/2022,https://publico.recife.pe.leg.br/consultas/materia/materia_mostrar_proc?cod_materia=130435,Doduel Varela,Em vigor,Decreto Legislativo 1068/2022
"Decreto Legislativo nº 1067, de 01/11/2022",https://publico.recife.pe.leg.br/consultas/norma_juridica/norma_juridica_mostrar_proc?cod_norma=470,Concede a Medalha de Mérito José Mariano ao Sr. Sérgio Murilo Junior.,PDL 52/2022,https://publico.recife.pe.leg.br/consultas/materia/materia_mostrar_proc?cod_materia=130520,Paulo Muniz,Em vigor,Decreto Legislativo 1067/2022
"Decreto Legislativo nº 1066, de 01/11/2022",https://publico.recife.pe.leg.br/consultas/norma_juridica/norma_juridica_mostrar_proc?cod_norma=468,"Concede o Título de Cidadão do Recife ao Sr. Manoel Humberto Gonzaga Lima, Presidente Nacional da União Nacional dos Conselhos Municipais de Educação (UNCME).",PDL 50/2022,https://publico.recife.pe.leg.br/consultas/materia/materia_mostrar_proc?cod_materia=130437,Professora Ana Lúcia,Em vigor,Decreto Legislativo 1066/2022
"Decreto Legislativo nº 1065, de 24/10/2022",https://publico.recife.pe.leg.br/consultas/norma_juridica/norma_juridica_mostrar_proc?cod_norma=474,Concede o Título de Cidadão do Recife ao Sr. John Peter Rodgerson.,PDL 56/2022,https://publico.recife.pe.leg.br/consultas/materia/materia_mostrar_proc?cod_materia=131042,Romerinho Jatobá,Em vigor,Decreto Legislativo 1065/2022
"Decreto Legislativo nº 1064, de 24/10/2022",https://publico.recife.pe.leg.br/consultas/norma_juridica/norma_juridica_mostrar_proc?cod_norma=473,Concede o Título de Cidadão do Recife ao Sr. Fabio Barros Franco de Campos,PDL 55/2022,https://publico.recife.pe.leg.br/consultas/materia/materia_mostrar_proc?cod_materia=131037,Comissão Executiva,Em vigor,Decreto Legislativo 1064/2022
"Decreto Legislativo nº 1063, de 24/10/2022",https://publico.recife.pe.leg.br/consultas/norma_juridica/norma_juridica_mostrar_proc?cod_norma=472,Concede o Título de Cidadão do Recife ao Advogado e Doutor Ricardo Sérvulo Fonsêca da Costa,PDL 54/2022,https://publico.recife.pe.leg.br/consultas/materia/materia_mostrar_proc?cod_materia=130920,Fabiano Ferraz,Em vigor,Decreto Legislativo 1063/2022
"Decreto Legislativo nº 1062, de 24/10/2022",https://publico.recife.pe.leg.br/consultas/norma_juridica/norma_juridica_mostrar_proc?cod_norma=471,"Concede o Título de Cidadão do Recife ao Senhor Arlindo Laurindo de Matos Júnior, Padre Arlindo.",PDL 53/2022,https://publico.recife.pe.leg.br/consultas/materia/materia_mostrar_proc?cod_materia=130529,Alcides Cardoso,Em vigor,Decreto Legislativo 1062/2022
"Decreto Legislativo nº 1061, de 24/10/2022",https://publico.recife.pe.leg.br/consultas/norma_juridica/norma_juridica_mostrar_proc?cod_norma=467,Concede o Título de Cidadão do Recife ao Sr. Rogério Alves Ribeiro.,PDL 49/2022,https://publico.recife.pe.leg.br/consultas/materia/materia_mostrar_proc?cod_materia=130436,Paulo Muniz,Em vigor,Decreto Legislativo 1061/2022
"Decreto Legislativo nº 1060, de 24/10/2022",https://publico.recife.pe.leg.br/consultas/norma_juridica/norma_juridica_mostrar_proc?cod_norma=458,Concede a Medalha de Mérito José Mariano ao Professor Ivys Urquiza.,PDL 38/2022,https://publico.recife.pe.leg.br/consultas/materia/materia_mostrar_proc?cod_materia=128295,Romerinho Jatobá,Em vigor,Decreto Legislativo 1060/2022
"Decreto Legislativo nº 1059, de 24/10/2022",https://publico.recife.pe.leg.br/consultas/norma_juridica/norma_juridica_mostrar_proc?cod_norma=457,Concede o Título de Cidadão do Recife ao Sr. José Renato Accioly.,PDL 37/2022,https://publico.recife.pe.leg.br/consultas/materia/materia_mostrar_proc?cod_materia=127850,Dani Portela,Em vigor,Decreto Legislativo 1059/2022
"Decreto Legislativo nº 1058, de 17/10/2022",https://publico.recife.pe.leg.br/consultas/norma_juridica/norma_juridica_mostrar_proc?cod_norma=469,Concede o Título de Cidadão do Recife ao Sr. Elielson Leandro de Lira Lima.,PDL 51/2022,https://publico.recife.pe.leg.br/consultas/materia/materia_mostrar_proc?cod_materia=130438,Eriberto Rafael,Em vigor,Decreto Legislativo 1058/2022
"Decreto Legislativo nº 1057, de 10/10/2022",https://publico.recife.pe.leg.br/consultas/norma_juridica/norma_juridica_mostrar_proc?cod_norma=465,Concede a Medalha de Mérito José Mariano ao Sr. Luiz Fernando Bandeira de Mello,PDL 47/2022,https://publico.recife.pe.leg.br/consultas/materia/materia_mostrar_proc?cod_materia=129982,Ronaldo Lopes,Em vigor,Decreto Legislativo 1057/2022
"Decreto Legislativo nº 1056, de 10/10/2022",https://publico.recife.pe.leg.br/consultas/norma_juridica/norma_juridica_mostrar_proc?cod_norma=462,Concede o Título de Cidadã do Recife à Senhora Lia de Itamaracá.,PDL 42/2022,https://publico.recife.pe.leg.br/consultas/materia/materia_mostrar_proc?cod_materia=129308,Ivan Moraes,Em vigor,Decreto Legislativo 1056/2022
"Decreto Legislativo nº 1055, de 19/09/2022",https://publico.recife.pe.leg.br/consultas/norma_juridica/norma_juridica_mostrar_proc?cod_norma=460,Concede o Título de Cidadão do Recife ao Sr. Maurílio José Rodrigues da Silva.,PDL 40/2022,https://publico.recife.pe.leg.br/consultas/materia/materia_mostrar_proc?cod_materia=129150,Osmar Ricardo,Em vigor,Decreto Legislativo 1055/2022
"Decreto Legislativo nº 1054, de 12/09/2022",https://publico.recife.pe.leg.br/consultas/norma_juridica/norma_juridica_mostrar_proc?cod_norma=456,Concede a Medalha de Mérito Olegário Mariano à Sra. Mirtes Renata Santana de Souza,PDL 36/2022,https://publico.recife.pe.leg.br/consultas/materia/materia_mostrar_proc?cod_materia=126991,Dani Portela,Em vigor,Decreto Legislativo 1054/2022
"Decreto Legislativo nº 1053, de 12/09/2022",https://publico.recife.pe.leg.br/consultas/norma_juridica/norma_juridica_mostrar_proc?cod_norma=449,"Concede a Medalha de Mérito José Mariano ao Instituto Aliança de Linguística, Teologia e Humanidades (IALTH).",PDL 27/2022,https://publico.recife.pe.leg.br/consultas/materia/materia_mostrar_proc?cod_materia=126116,Renato Antunes,Em vigor,Decreto Legislativo 1053/2022
"Decreto Legislativo nº 1052, de 12/09/2022",https://publico.recife.pe.leg.br/consultas/norma_juridica/norma_juridica_mostrar_proc?cod_norma=431,Concede o Título de Cidadão do Recife a Tomé Ferreira de Lima.,PDL 6/2022,https://publico.recife.pe.leg.br/consultas/materia/materia_mostrar_proc?cod_materia=122650,Fred Ferreira,Em vigor,Decreto Legislativo 1052/2022
"Decreto Legislativo nº 1051, de 30/08/2022",https://publico.recife.pe.leg.br/consultas/norma_juridica/norma_juridica_mostrar_proc?cod_norma=464,Concede a Medalha de Mérito José Mariano ao Deputado Estadual Isaltino Nascimento.,PDL 44/2022,https://publico.recife.pe.leg.br/consultas/materia/materia_mostrar_proc?cod_materia=129749,Luiz Eustáquio,Em vigor,Decreto Legislativo 1051/2022
"Decreto Legislativo nº 1050, de 30/08/2022",https://publico.recife.pe.leg.br/consultas/norma_juridica/norma_juridica_mostrar_proc?cod_norma=461,"Concede a Medalha de Mérito José Mariano ao
Centro de Cultura Luiz Freire.",PDL 41/2022,https://publico.recife.pe.leg.br/consultas/materia/materia_mostrar_proc?cod_materia=129307,Ivan Moraes,Em vigor,Decreto Legislativo 1050/2022
"Decreto Legislativo nº 1049, de 22/08/2022",https://publico.recife.pe.leg.br/consultas/norma_juridica/norma_juridica_mostrar_proc?cod_norma=463,Concede o Título de Cidadão do Recife ao Sr. Gilmar Ferreira Mendes.,PDL 43/2022,https://publico.recife.pe.leg.br/consultas/materia/materia_mostrar_proc?cod_materia=129650,Comissão Executiva,Em vigor,Decreto Legislativo 1049/2022
"Decreto Legislativo nº 1048, de 16/08/2022",https://publico.recife.pe.leg.br/consultas/norma_juridica/norma_juridica_mostrar_proc?cod_norma=445,Concede o Título de Cidadã do Recife à Sra. Denise Maria Botelho.,PDL 23/2022,https://publico.recife.pe.leg.br/consultas/materia/materia_mostrar_proc?cod_materia=125641,Dani Portela,Em vigor,Decreto Legislativo 1048/2022
"Decreto Legislativo nº 1047, de 16/08/2022",https://publico.recife.pe.leg.br/consultas/norma_juridica/norma_juridica_mostrar_proc?cod_norma=447,Concede a Medalha de Mérito José Mariano ao Senhor Manoel Ferreira da Silva.,PDL 25/2022,https://publico.recife.pe.leg.br/consultas/materia/materia_mostrar_proc?cod_materia=125643,Renato Antunes,Em vigor,Decreto Legislativo 1047/2022
"Decreto Legislativo nº 1046, de 16/08/2022",https://publico.recife.pe.leg.br/consultas/norma_juridica/norma_juridica_mostrar_proc?cod_norma=455,Concede a Medalha de Mérito Olegária Mariano à Sra. Mônica Oliveira.,PDL 35/2022,https://publico.recife.pe.leg.br/consultas/materia/materia_mostrar_proc?cod_materia=126990,Dani Portela,Em vigor,Decreto Legislativo 1046/2022
"Decreto Legislativo nº 1045, de 16/08/2022",https://publico.recife.pe.leg.br/consultas/norma_juridica/norma_juridica_mostrar_proc?cod_norma=444,Concede o Título de Cidadã do Recife à Pastora e Escritora Ezenete Rodrigues,PDL 22/2022,https://publico.recife.pe.leg.br/consultas/materia/materia_mostrar_proc?cod_materia=125640,Michele Collins,Em vigor,Decreto Legislativo 1045/2022
"Decreto Legislativo nº 1044, de 09/08/2022",https://publico.recife.pe.leg.br/consultas/norma_juridica/norma_juridica_mostrar_proc?cod_norma=448,"Concede a Medalha de Mérito Olegária Mariano à Secretária de Desenvolvimento Social, Juventude, Políticas sobre Drogas e Direitos Humanos, Ana Rita Suassuna.",PDL 26/2022,https://publico.recife.pe.leg.br/consultas/materia/materia_mostrar_proc?cod_materia=126071,Michele Collins,Em vigor,Decreto Legislativo 1044/2022
"Decreto Legislativo nº 1043, de 09/08/2022",https://publico.recife.pe.leg.br/consultas/norma_juridica/norma_juridica_mostrar_proc?cod_norma=440,Concede o Título de Cidadão do Recife ao Sr. Geraldo Maximiano de Lima (“Rei do Omelete”).,PDL 18/2022,https://publico.recife.pe.leg.br/consultas/materia/materia_mostrar_proc?cod_materia=125205,Hélio Guabiraba,Em vigor,Decreto Legislativo 1043/2022
"Decreto Legislativo nº 1042, de 09/08/2022",https://publico.recife.pe.leg.br/consultas/norma_juridica/norma_juridica_mostrar_proc?cod_norma=454,"Concede a Medalha de Mérito José Mariano ao Presidente Nacional do Partido Progressistas (PP), Senador Ciro Nogueira Lima Filho.",PDL 33/2022,https://publico.recife.pe.leg.br/consultas/materia/materia_mostrar_proc?cod_materia=126988,Michele Collins,Em vigor,Decreto Legislativo 1042/2022
"Decreto Legislativo nº 1041, de 08/08/2022",https://publico.recife.pe.leg.br/consultas/norma_juridica/norma_juridica_mostrar_proc?cod_norma=451,Concede o Título de Cidadão do Recife ao Sr. Leonardo Framil.,PDL 29/2022,https://publico.recife.pe.leg.br/consultas/materia/materia_mostrar_proc?cod_materia=126449,Romerinho Jatobá,Em vigor,Decreto Legislativo 1041/2022
"Decreto Legislativo nº 1040, de 08/08/2022",https://publico.recife.pe.leg.br/consultas/norma_juridica/norma_juridica_mostrar_proc?cod_norma=439,Concede o Título de Cidadã do Recife à Sra. Maria do Socorro de Lima Oliveira.,PDL 16/2022,https://publico.recife.pe.leg.br/consultas/materia/materia_mostrar_proc?cod_materia=124851,Dani Portela,Em vigor,Decreto Legislativo 1040/2022
"Decreto Legislativo nº 1039, de 08/08/2022",https://publico.recife.pe.leg.br/consultas/norma_juridica/norma_juridica_mostrar_proc?cod_norma=459,Concede o Título de Cidadão do Recife ao Sr. João Fernando Gomes Valério.,PDL 39/2022,https://publico.recife.pe.leg.br/consultas/materia/materia_mostrar_proc?cod_materia=128981,Comissão Executiva,Em vigor,Decreto Legislativo 1039/2022
"Decreto Legislativo nº 1038, de 04/07/2022",https://publico.recife.pe.leg.br/consultas/norma_juridica/norma_juridica_mostrar_proc?cod_norma=446,Concede a Medalha de Mérito José Mariano ao Senhor André Régis de Carvalho.,PDL 24/2022,https://publico.recife.pe.leg.br/consultas/materia/materia_mostrar_proc?cod_materia=125642,Renato Antunes,Em vigor,Decreto Legislativo 1038/2022
"Decreto Legislativo nº 1037, de 04/07/2022",https://publico.recife.pe.leg.br/consultas/norma_juridica/norma_juridica_mostrar_proc?cod_norma=436,Concede o Título de Cidadão do Recife ao Sr. Josberto Raimundo da Silva.,PDL 13/2022,https://publico.recife.pe.leg.br/consultas/materia/materia_mostrar_proc?cod_materia=124258,Samuel Salazar,Em vigor,Decreto Legislativo 1037/2022
"Decreto Legislativo nº 1036, de 04/07/2022",https://publico.recife.pe.leg.br/consultas/norma_juridica/norma_juridica_mostrar_proc?cod_norma=432,Concede o Título de Cidadão do Recife ao Senhor Clodoaldo Magalhães Oliveira Lyra.,PDL 8/2022,https://publico.recife.pe.leg.br/consultas/materia/materia_mostrar_proc?cod_materia=123278,Marco Aurélio Filho,Em vigor,Decreto Legislativo 1036/2022
"Decreto Legislativo nº 1035, de 27/06/2022",https://publico.recife.pe.leg.br/consultas/norma_juridica/norma_juridica_mostrar_proc?cod_norma=453,Concede o Título de Cidadã do Recife à Cantora Silvana Raquel Salazar de Araújo.,PDL 32/2022,https://publico.recife.pe.leg.br/consultas/materia/materia_mostrar_proc?cod_materia=126982,Chico Kiko,Em vigor,Decreto Legislativo 1035/2022
"Decreto Legislativo nº 1034, de 13/06/2022",https://publico.recife.pe.leg.br/consultas/norma_juridica/norma_juridica_mostrar_proc?cod_norma=452,Concede a Medalha de Mérito José Mariano ao Sr. Rodrigo Cavalcanti Novaes.,PDL 30/2022,https://publico.recife.pe.leg.br/consultas/materia/materia_mostrar_proc?cod_materia=126714,Zé Neto,Em vigor,Decreto Legislativo 1034/2022
"Decreto Legislativo nº 1033, de 13/06/2022",https://publico.recife.pe.leg.br/consultas/norma_juridica/norma_juridica_mostrar_proc?cod_norma=450,Concede o Título de Cidadão do Recife ao Policial Rodoviário Federal Washington Pereira Barros.,PDL 28/2022,https://publico.recife.pe.leg.br/consultas/materia/materia_mostrar_proc?cod_materia=126406,Chico Kiko,Em vigor,Decreto Legislativo 1033/2022
"Decreto Legislativo nº 1032, de 13/06/2022",https://publico.recife.pe.leg.br/consultas/norma_juridica/norma_juridica_mostrar_proc?cod_norma=443,Concede o Título de Cidadão do Recife ao 1° Tenente Rony da Silva Ferreira.,PDL 21/2022,https://publico.recife.pe.leg.br/consultas/materia/materia_mostrar_proc?cod_materia=125541,Chico Kiko,Em vigor,Decreto Legislativo 1032/2022
"Decreto Legislativo nº 1031, de 13/06/2022",https://publico.recife.pe.leg.br/consultas/norma_juridica/norma_juridica_mostrar_proc?cod_norma=442,Concede o Título de Cidadã do Recife à Jornalista e Apresentadora Meiry Lanunce.,PDL 20/2022,https://publico.recife.pe.leg.br/consultas/materia/materia_mostrar_proc?cod_materia=125538,Doduel Varela,Em vigor,Decreto Legislativo 1031/2022
"Decreto Legislativo nº 1030, de 13/06/2022",https://publico.recife.pe.leg.br/consultas/norma_juridica/norma_juridica_mostrar_proc?cod_norma=441,Concede o Título de Cidadão do Recife ao Sr. Carlos Roberto Siqueira de Barros.,PDL 19/2022,https://publico.recife.pe.leg.br/consultas/materia/materia_mostrar_proc?cod_materia=125348,Romerinho Jatobá,Em vigor,Decreto Legislativo 1030/2022
"Decreto Legislativo nº 1029, de 13/06/2022",https://publico.recife.pe.leg.br/consultas/norma_juridica/norma_juridica_mostrar_proc?cod_norma=438,Concede o título de “Cidadão do Recife” ao Sr. José Walter Pedrosa Cavalcanti (Tito).,PDL 15/2022,https://publico.recife.pe.leg.br/consultas/materia/materia_mostrar_proc?cod_materia=124766,Hélio Guabiraba,Em vigor,Decreto Legislativo 1029/2022
"Decreto Legislativo nº 1028, de 23/05/2022",https://publico.recife.pe.leg.br/consultas/norma_juridica/norma_juridica_mostrar_proc?cod_norma=435,Concede o Título de Cidadão do Recife a Nizan Massur de Carvalho Guanaes Gomes.,PDL 12/2022,https://publico.recife.pe.leg.br/consultas/materia/materia_mostrar_proc?cod_materia=123933,Tadeu Calheiros,Em vigor,Decreto Legislativo 1028/2022
"Decreto Legislativo nº 1027, de 23/05/2022",https://publico.recife.pe.leg.br/consultas/norma_juridica/norma_juridica_mostrar_proc?cod_norma=430,Concede o Título de Cidadão do Recife ao Coronel do Exército Brasileiro Emerson Bezerra de Lima.,PDL 5/2022,https://publico.recife.pe.leg.br/consultas/materia/materia_mostrar_proc?cod_materia=122225,Aderaldo Pinto,Em vigor,Decreto Legislativo 1027/2022
"Decreto Legislativo nº 1026, de 23/05/2022",https://publico.recife.pe.leg.br/consultas/norma_juridica/norma_juridica_mostrar_proc?cod_norma=429,Concede a Medalha de Mérito Olegária Mariano à Arquiteta Urbanista Amélia Maria de Oliveira Reynaldo.,PDL 4/2022,https://publico.recife.pe.leg.br/consultas/materia/materia_mostrar_proc?cod_materia=121394,Cida Pedrosa,Em vigor,Decreto Legislativo 1026/2022
"Decreto Legislativo nº 1025, de 23/05/2022",https://publico.recife.pe.leg.br/consultas/norma_juridica/norma_juridica_mostrar_proc?cod_norma=434,Concede o Título de Cidadão do Recife ao Sr. Evangelista Severino de Lima.,PDL 9/2022,https://publico.recife.pe.leg.br/consultas/materia/materia_mostrar_proc?cod_materia=123552,Renato Antunes,Em vigor,Decreto Legislativo 1025/2022
"Decreto Legislativo nº 1024, de 16/05/2022",https://publico.recife.pe.leg.br/consultas/norma_juridica/norma_juridica_mostrar_proc?cod_norma=428,Concede a Medalha de Mérito Olegária Mariano a Senhora Marta Eugênia Cavalcanti Lima.,PDL 3/2022,https://publico.recife.pe.leg.br/consultas/materia/materia_mostrar_proc?cod_materia=120410,Marco Aurélio Filho,Em vigor,Decreto Legislativo 1024/2022
"Decreto Legislativo nº 1023, de 16/05/2022",https://publico.recife.pe.leg.br/consultas/norma_juridica/norma_juridica_mostrar_proc?cod_norma=345,Concede o Título de Cidadão do Recife ao Sr. Leonardo Coutinho de Arruda.,PDL 1/2022,https://publico.recife.pe.leg.br/consultas/materia/materia_mostrar_proc?cod_materia=119624,Samuel Salazar,Em vigor,Decreto Legislativo 1023/2022
"Decreto Legislativo nº 1022, de 16/05/2022",https://publico.recife.pe.leg.br/consultas/norma_juridica/norma_juridica_mostrar_proc?cod_norma=811,Concede o Título de Cidadão do Recife ao Senhor ALARICO ANTÔNIO FROTA MONT’ALVERNE.,PDL 38/2021,https://publico.recife.pe.leg.br/consultas/materia/materia_mostrar_proc?cod_materia=117663,Alcides Cardoso,Em vigor,Decreto Legislativo 1022/2022
"Decreto Legislativo nº 1021, de 16/05/2022",https://publico.recife.pe.leg.br/consultas/norma_juridica/norma_juridica_mostrar_proc?cod_norma=437,Concede o Título de Cidadão do Recife ao ex-Jogador Danny Bittencourt Morais.,PDL 14/2022,https://publico.recife.pe.leg.br/consultas/materia/materia_mostrar_proc?cod_materia=124299,Hélio Guabiraba,Em vigor,Decreto Legislativo 1021/2022
"Decreto Legislativo nº 1020, de 11/04/2022",https://publico.recife.pe.leg.br/consultas/norma_juridica/norma_juridica_mostrar_proc?cod_norma=917,Autoriza o Prefeito do Recife a se ausentar do País no período de 11 de abril de 2022 a 19 de abril de 2022.,PDL 11/2022,https://publico.recife.pe.leg.br/consultas/materia/materia_mostrar_proc?cod_materia=123799,Comissão Executiva,Em vigor,Decreto Legislativo 1020/2022
"Decreto Legislativo nº 1019, de 11/04/2022",https://publico.recife.pe.leg.br/consultas/norma_juridica/norma_juridica_mostrar_proc?cod_norma=916,Autoriza a Vice-Prefeita do Recife a se ausentar do País no período de 11 de abril de 2022 a 25 de abril de 2022.,PDL 10/2022,https://publico.recife.pe.leg.br/consultas/materia/materia_mostrar_proc?cod_materia=123798,Comissão Executiva,Em vigor,Decreto Legislativo 1019/2022
"Decreto Legislativo nº 1018, de 05/04/2022",https://publico.recife.pe.leg.br/consultas/norma_juridica/norma_juridica_mostrar_proc?cod_norma=848,Concede o Título de Cidadão do Recife ao Sr. Washington Bell Marques da Silva - Bell Marques,PDL 40/2021,https://publico.recife.pe.leg.br/consultas/materia/materia_mostrar_proc?cod_materia=118670,Chico Kiko,Em vigor,Decreto Legislativo 1018/2022
"Decreto Legislativo nº 1017, de 21/03/2022",https://publico.recife.pe.leg.br/consultas/norma_juridica/norma_juridica_mostrar_proc?cod_norma=815,"Concede a Medalha de Mérito José
Mariano ao Sr. Henrique Seixas.",PDL 36/2021,https://publico.recife.pe.leg.br/consultas/materia/materia_mostrar_proc?cod_materia=116495,Zé Neto,Em vigor,Decreto Legislativo 1017/2022
"Decreto Legislativo nº 1016, de 21/03/2022",https://publico.recife.pe.leg.br/consultas/norma_juridica/norma_juridica_mostrar_proc?cod_norma=816,"Concede a Medalha de Mérito José
Mariano ao Sr. José Fernando Alves
Zacarias",PDL 35/2021,https://publico.recife.pe.leg.br/consultas/materia/materia_mostrar_proc?cod_materia=116488,Zé Neto,Em vigor,Decreto Legislativo 1016/2022
"Decreto Legislativo nº 1013, de 15/02/2022",https://publico.recife.pe.leg.br/consultas/norma_juridica/norma_juridica_mostrar_proc?cod_norma=612,"Concede o Título de Cidadão do Recife ao Sr. Alexandre Vitor Passos Assumpção, Bispo da Igreja Sara Nossa Terra.",PDL 29/2021,https://publico.recife.pe.leg.br/consultas/materia/materia_mostrar_proc?cod_materia=114914,Professora Ana Lúcia,Em vigor,Decreto Legislativo 1013/2022
"Decreto Legislativo nº 1012, de 15/02/2022",https://publico.recife.pe.leg.br/consultas/norma_juridica/norma_juridica_mostrar_proc?cod_norma=611,"Concede o Título de Cidadã do Recife à Sra. Ana Luiza Francia Assumpção Passos, Bispa da Igreja Sara Nossa Terra.",PDL 28/2021,https://publico.recife.pe.leg.br/consultas/materia/materia_mostrar_proc?cod_materia=114912,Professora Ana Lúcia,Em vigor,Decreto Legislativo 1012/2022
"Decreto Legislativo nº 1011, de 15/02/2022",https://publico.recife.pe.leg.br/consultas/norma_juridica/norma_juridica_mostrar_proc?cod_norma=361,"Regulamenta a aplicação, no âmbito da Câmara Municipal do Recife, da Lei Federal nº 12.527/11 e dá outras providências.",PDL 2/2022,https://publico.recife.pe.leg.br/consultas/materia/materia_mostrar_proc?cod_materia=120271,Comissão Executiva,Em vigor,Decreto Legislativo 1011/2022
"Decreto Legislativo nº 1008, de 14/02/2022",https://publico.recife.pe.leg.br/consultas/norma_juridica/norma_juridica_mostrar_proc?cod_norma=598,CONCEDE A MEDALHA DE MÉRITO OLEGÁRIA MARIANO À SRA. LEDA ALVES.,PDL 15/2021,https://publico.recife.pe.leg.br/consultas/materia/materia_mostrar_proc?cod_materia=110005,Cida Pedrosa,Em vigor,Decreto Legislativo 1008/2022
"Decreto Legislativo nº 1007, de 15/02/2022",https://publico.recife.pe.leg.br/consultas/norma_juridica/norma_juridica_mostrar_proc?cod_norma=661,CONCEDE A MEDALHA DE MÉRITO JOSÉ MARIANO À SRA. MARIA LUCIA BRITO FERREIRA.,PDL 41/2020,https://publico.recife.pe.leg.br/consultas/materia/materia_mostrar_proc?cod_materia=102578,Rinaldo Júnior,Em vigor,Decreto Legislativo 1007/2022
"Decreto Legislativo nº 1015, de 22/02/2021",https://publico.recife.pe.leg.br/consultas/norma_juridica/norma_juridica_mostrar_proc?cod_norma=810,Concede a Medalha de Mérito Olegária Mariano a Senhora Ana Paula de Oliveira Vilaça Leal.,PDL 37/2021,https://publico.recife.pe.leg.br/consultas/materia/materia_mostrar_proc?cod_materia=116500,Marco Aurélio Filho,Em vigor,Decreto Legislativo 1015/2021
"Decreto Legislativo nº 1014, de 15/02/2021",https://publico.recife.pe.leg.br/consultas/norma_juridica/norma_juridica_mostrar_proc?cod_norma=801,CONCEDE A MEDALHA DE MÉRITO JOSÉ MARIANO AO PREFEITO JOÃO HENRIQUE DE ANDRADE LIMA CAMPOS,PDL 30/2021,https://publico.recife.pe.leg.br/consultas/materia/materia_mostrar_proc?cod_materia=114978,Dilson Batista,Em vigor,Decreto Legislativo 1014/2021
"Decreto Legislativo nº 1010, de 15/02/2021",https://publico.recife.pe.leg.br/consultas/norma_juridica/norma_juridica_mostrar_proc?cod_norma=806,"Concede o ""Titulo de Cidadão do Recife"" ao empresário Lu Gongrong.",PDL 33/2021,https://publico.recife.pe.leg.br/consultas/materia/materia_mostrar_proc?cod_materia=116433,Eduardo Marques,Em vigor,Decreto Legislativo 1010/2021
"Decreto Legislativo nº 1009, de 15/02/2021",https://publico.recife.pe.leg.br/consultas/norma_juridica/norma_juridica_mostrar_proc?cod_norma=803,Concede o Título de Cidadão de Recife a Alanir Cardoso,PDL 31/2021,https://publico.recife.pe.leg.br/consultas/materia/materia_mostrar_proc?cod_materia=116113,Cida Pedrosa,Em vigor,Decreto Legislativo 1009/2021
"Decreto Legislativo nº 1005, de 20/12/2021",https://publico.recife.pe.leg.br/consultas/norma_juridica/norma_juridica_mostrar_proc?cod_norma=609,CONCEDE O TÍTULO DE CIDADÃO DO RECIFE AO SR. MURILO RODRIGUES CAVALCANTI.,PDL 26/2021,https://publico.recife.pe.leg.br/consultas/materia/materia_mostrar_proc?cod_materia=114154,Samuel Salazar,Em vigor,Decreto Legislativo 1005/2021
"Decreto Legislativo nº 1004, de 14/12/2021",https://publico.recife.pe.leg.br/consultas/norma_juridica/norma_juridica_mostrar_proc?cod_norma=812,"Concede o Título de Cidadão
Recifense ao Jornalista Senhor
FRANCISCO JOSÉ DE BRITO.",PDL 39/2021,https://publico.recife.pe.leg.br/consultas/materia/materia_mostrar_proc?cod_materia=117873,Comissão Executiva,Em vigor,Decreto Legislativo 1004/2021
"Decreto Legislativo nº 1003, de 22/11/2021",https://publico.recife.pe.leg.br/consultas/norma_juridica/norma_juridica_mostrar_proc?cod_norma=608,CONCEDE A MEDALHA DE MÉRITO JOSÉ MARIANO AO ESTUDANTE FRED RAMON DOS SANTOS.,PDL 25/2021,https://publico.recife.pe.leg.br/consultas/materia/materia_mostrar_proc?cod_materia=113847,Natália de Menudo,Em vigor,Decreto Legislativo 1003/2021
"Decreto Legislativo nº 1002, de 22/11/2021",https://publico.recife.pe.leg.br/consultas/norma_juridica/norma_juridica_mostrar_proc?cod_norma=607,"CONCEDE A MEDALHA DE MÉRITO OLEGÁRIA MARIANO À SRA. REGINA CÉLIA ALMEIDA, COFUNDADORA E VICE-PRESIDENTE DO INSTITUTO MARIA DA PENHA.",PDL 24/2021,https://publico.recife.pe.leg.br/consultas/materia/materia_mostrar_proc?cod_materia=113789,Professora Ana Lúcia,Em vigor,Decreto Legislativo 1002/2021
"Decreto Legislativo nº 1001, de 22/11/2021",https://publico.recife.pe.leg.br/consultas/norma_juridica/norma_juridica_mostrar_proc?cod_norma=606,"CONCEDE O TÍTULO DE CIDADÃO DO RECIFE AO SENHOR PAULO DO REGO BARROS JÚNIOR, O “PAULO COCO”.",PDL 23/2021,https://publico.recife.pe.leg.br/consultas/materia/materia_mostrar_proc?cod_materia=113694,Romerinho Jatobá,Em vigor,Decreto Legislativo 1001/2021
"Decreto Legislativo nº 1000, de 22/11/2021",https://publico.recife.pe.leg.br/consultas/norma_juridica/norma_juridica_mostrar_proc?cod_norma=605,"CONCEDE O TÍTULO DE CIDADÃ DO RECIFE À EXCELENTÍSSIMA DESEMBARGADORA DO TRIBUNAL DE JUSTIÇA DE PERNAMBUCO, DRA. DAISY MARIA DE ANDRADE COSTA PEREIRA.",PDL 22/2021,https://publico.recife.pe.leg.br/consultas/materia/materia_mostrar_proc?cod_materia=113557,Professora Ana Lúcia,Em vigor,Decreto Legislativo 1000/2021
"Decreto Legislativo nº 999, de 22/11/2021",https://publico.recife.pe.leg.br/consultas/norma_juridica/norma_juridica_mostrar_proc?cod_norma=604,CONCEDE A MEDALHA DE MÉRITO OLEGÁRIA MARIANO À SRA. EDICLEA SANTOS.,PDL 21/2021,https://publico.recife.pe.leg.br/consultas/materia/materia_mostrar_proc?cod_materia=113502,Dani Portela,Em vigor,Decreto Legislativo 999/2021
"Decreto Legislativo nº 998, de 22/11/2021",https://publico.recife.pe.leg.br/consultas/norma_juridica/norma_juridica_mostrar_proc?cod_norma=603,CONCEDE O TÍTULO DE CIDADÃ DO RECIFE A CHOPELLY GLAUDYSTTON PEREIRA DOS SANTOS.,PDL 20/2021,https://publico.recife.pe.leg.br/consultas/materia/materia_mostrar_proc?cod_materia=113499,"Cida Pedrosa,                            Hélio Guabiraba",Em vigor,Decreto Legislativo 998/2021
"Decreto Legislativo nº 997, de 22/11/2021",https://publico.recife.pe.leg.br/consultas/norma_juridica/norma_juridica_mostrar_proc?cod_norma=602,CONCEDE O TÍTULO DE CIDADÃO DO RECIFE AO SENHOR ANTÔNIO MUNIZ DA SILVA.,PDL 19/2021,https://publico.recife.pe.leg.br/consultas/materia/materia_mostrar_proc?cod_materia=113215,Ivan Moraes,Em vigor,Decreto Legislativo 997/2021
"Decreto Legislativo nº 996, de 22/11/2021",https://publico.recife.pe.leg.br/consultas/norma_juridica/norma_juridica_mostrar_proc?cod_norma=597,CONCEDE A MEDALHA DE MÉRITO JOSÉ MARIANO AO SENHOR DESEMBARGADOR ADALBERTO DE OLIVEIRA MELO.,PDL 14/2021,https://publico.recife.pe.leg.br/consultas/materia/materia_mostrar_proc?cod_materia=109976,Andreza Romero,Em vigor,Decreto Legislativo 996/2021
"Decreto Legislativo nº 995, de 09/11/2021",https://publico.recife.pe.leg.br/consultas/norma_juridica/norma_juridica_mostrar_proc?cod_norma=574,CONCEDE A MEDALHA DE MÉRITO JOSÉ MARIANO AO DEPUTADO FEDERAL FELIPE AUGUSTO LYRA CARRERAS.,PDL 6/2021,https://publico.recife.pe.leg.br/consultas/materia/materia_mostrar_proc?cod_materia=104446,Hélio Guabiraba,Em vigor,Decreto Legislativo 995/2021
"Decreto Legislativo nº 994, de 09/11/2021",https://publico.recife.pe.leg.br/consultas/norma_juridica/norma_juridica_mostrar_proc?cod_norma=610,Concede a Medalha de Mérito José Mariano ao Senhor José Roberto Tadros.,PDL 27/2021,https://publico.recife.pe.leg.br/consultas/materia/materia_mostrar_proc?cod_materia=114882,Marco Aurélio Filho,Em vigor,Decreto Legislativo 994/2021
"Decreto Legislativo nº 993, de 16/09/2021",https://publico.recife.pe.leg.br/consultas/norma_juridica/norma_juridica_mostrar_proc?cod_norma=600,CONCEDE A MEDALHA DE MÉRITO JOSÉ MARIANO AO DR. CRISTIANO HECKSHER.,PDL 17/2021,https://publico.recife.pe.leg.br/consultas/materia/materia_mostrar_proc?cod_materia=110523,Tadeu Calheiros,Em vigor,Decreto Legislativo 993/2021
"Decreto Legislativo nº 992, de 16/09/2021",https://publico.recife.pe.leg.br/consultas/norma_juridica/norma_juridica_mostrar_proc?cod_norma=599,"CONCEDE O TÍTULO DE CIDADÃO DO RECIFE AO SENHOR LEONARDO AUGUSTO NUNES COUTINHO, QUE COORDENA OS JUIZADOS ESPECIAIS FEDERAIS NO MUNICÍPIO DO RECIFE.",PDL 16/2021,https://publico.recife.pe.leg.br/consultas/materia/materia_mostrar_proc?cod_materia=110017,Zé Neto,Em vigor,Decreto Legislativo 992/2021
"Decreto Legislativo nº 990, de 30/08/2021",https://publico.recife.pe.leg.br/consultas/norma_juridica/norma_juridica_mostrar_proc?cod_norma=601,CONCEDE A MEDALHA DE MÉRITO JOSÉ MARIANO AO JORNALISTA SENHOR TIAGO MEDEIROS.,PDL 18/2021,https://publico.recife.pe.leg.br/consultas/materia/materia_mostrar_proc?cod_materia=111103,Romerinho Jatobá,Em vigor,Decreto Legislativo 990/2021
"Decreto Legislativo nº 989, de 23/08/2021",https://publico.recife.pe.leg.br/consultas/norma_juridica/norma_juridica_mostrar_proc?cod_norma=665,Concede o Título de Cidadão do Recife ao Bispo Paulo Ortencio Filho.,PDL 43/2020,https://publico.recife.pe.leg.br/consultas/materia/materia_mostrar_proc?cod_materia=102619,Luiz Eustáquio,Em vigor,Decreto Legislativo 989/2021
"Decreto Legislativo nº 988, de 02/08/2021",https://publico.recife.pe.leg.br/consultas/norma_juridica/norma_juridica_mostrar_proc?cod_norma=594,"CONCEDE O TÍTULO DE CIDADÃO DO RECIFE AO EXMO. SR. JUIZ DE DIREITO, DOUTOR HERIBERTO CARVALHO GALVÃO.",PDL 11/2021,https://publico.recife.pe.leg.br/consultas/materia/materia_mostrar_proc?cod_materia=107328,Fabiano Ferraz,Em vigor,Decreto Legislativo 988/2021
"Decreto Legislativo nº 987, de 05/07/2021",https://publico.recife.pe.leg.br/consultas/norma_juridica/norma_juridica_mostrar_proc?cod_norma=596,"DISPÕE SOBRE A CONCESSÃO DE TÍTULO DE CIDADÃO DO RECIFE A DIRCEU RODOLFO DE MELO JÚNIOR, PRESIDENTE DO TRIBUNAL DE CONTAS DO ESTADO DE PERNAMBUCO (TCE).",PDL 13/2021,https://publico.recife.pe.leg.br/consultas/materia/materia_mostrar_proc?cod_materia=109638,Comissão Executiva,Em vigor,Decreto Legislativo 987/2021
"Decreto Legislativo nº 986, de 05/07/2021",https://publico.recife.pe.leg.br/consultas/norma_juridica/norma_juridica_mostrar_proc?cod_norma=595,CONCEDE A MEDALHA DE MÉRITO JOSÉ MARIANO AO SENHOR BERNARDO PEIXOTO DOS SANTOS OLIVEIRA SOBRINHO,PDL 12/2021,https://publico.recife.pe.leg.br/consultas/materia/materia_mostrar_proc?cod_materia=108557,Marco Aurélio Filho,Em vigor,Decreto Legislativo 986/2021
"Decreto Legislativo nº 985, de 29/06/2021",https://publico.recife.pe.leg.br/consultas/norma_juridica/norma_juridica_mostrar_proc?cod_norma=578,CONCEDE O TÍTULO DE CIDADÃ DO RECIFE A ALESSANDRA PIRES.,PDL 10/2021,https://publico.recife.pe.leg.br/consultas/materia/materia_mostrar_proc?cod_materia=105997,Fred Ferreira,Em vigor,Decreto Legislativo 985/2021
"Decreto Legislativo nº 984, de 29/06/2021",https://publico.recife.pe.leg.br/consultas/norma_juridica/norma_juridica_mostrar_proc?cod_norma=577,CONCEDE O TÍTULO DE CIDADÃO DO RECIFE AO SENHOR PADRE SÉRGIO LÚCIO ALHO DA COSTA.,PDL 9/2021,https://publico.recife.pe.leg.br/consultas/materia/materia_mostrar_proc?cod_materia=105564,Romerinho Jatobá,Em vigor,Decreto Legislativo 984/2021
"Decreto Legislativo nº 983, de 29/06/2021",https://publico.recife.pe.leg.br/consultas/norma_juridica/norma_juridica_mostrar_proc?cod_norma=576,CONCEDE O TÍTULO DE CIDADÃO DO RECIFE AO CANTOR E COMPOSITOR JOÃO LACERDA NETO.,PDL 8/2021,https://publico.recife.pe.leg.br/consultas/materia/materia_mostrar_proc?cod_materia=105321,Fabiano Ferraz,Em vigor,Decreto Legislativo 983/2021
"Decreto Legislativo nº 982, de 29/06/2021",https://publico.recife.pe.leg.br/consultas/norma_juridica/norma_juridica_mostrar_proc?cod_norma=571,CONCEDE O TÍTULO DE CIDADÃO DO RECIFE AO DELEGADO DE POLÍCIA DIOGO GONÇALVES BEM.,PDL 4/2021,https://publico.recife.pe.leg.br/consultas/materia/materia_mostrar_proc?cod_materia=103712,Samuel Salazar,Em vigor,Decreto Legislativo 982/2021
"Decreto Legislativo nº 981, de 05/07/2021",https://publico.recife.pe.leg.br/consultas/norma_juridica/norma_juridica_mostrar_proc?cod_norma=575,CONCEDE A MEDALHA DE MÉRITO JOSÉ MARIANO À SENHORA INALDETE PINHEIRO DE ANDRADE.,PDL 7/2021,https://publico.recife.pe.leg.br/consultas/materia/materia_mostrar_proc?cod_materia=105151,Cida Pedrosa,Em vigor,Decreto Legislativo 981/2021
"Decreto Legislativo nº 980, de 31/05/2021",https://publico.recife.pe.leg.br/consultas/norma_juridica/norma_juridica_mostrar_proc?cod_norma=659,CONCEDE O TÍTULO DE CIDADÃO DO RECIFE A KIM WAGNER GONÇALVES DE LIMA SILVA.,PDL 40/2020,https://publico.recife.pe.leg.br/consultas/materia/materia_mostrar_proc?cod_materia=102536,Fred Ferreira,Em vigor,Decreto Legislativo 980/2021
"Decreto Legislativo nº 979, de 17/05/2021",https://publico.recife.pe.leg.br/consultas/norma_juridica/norma_juridica_mostrar_proc?cod_norma=572,CONCEDE A MEDALHA DE MÉRITO OLEGÁRIO MARIANO À SRA. VERA REGINA PAULA BARONI.,PDL 5/2021,https://publico.recife.pe.leg.br/consultas/materia/materia_mostrar_proc?cod_materia=103770,Liana Cirne,Em vigor,Decreto Legislativo 979/2021
"Decreto Legislativo nº 978, de 11/05/2021",https://publico.recife.pe.leg.br/consultas/norma_juridica/norma_juridica_mostrar_proc?cod_norma=570,CONCEDE O TÍTULO DE CIDADÃO DO RECIFE AO DELEGADO DE POLÍCIA DIOGO GONÇALVES BEM.,PDL 3/2021,https://publico.recife.pe.leg.br/consultas/materia/materia_mostrar_proc?cod_materia=102946,Hélio Guabiraba,Em vigor,Decreto Legislativo 978/2021
"Decreto Legislativo nº 977, de 11/05/2021",https://publico.recife.pe.leg.br/consultas/norma_juridica/norma_juridica_mostrar_proc?cod_norma=569,CONCEDE A MEDALHA DE MÉRITO JOSÉ MARIANO AO SENHOR ALBERTO FERREIRA DA COSTA.,PDL 2/2021,https://publico.recife.pe.leg.br/consultas/materia/materia_mostrar_proc?cod_materia=102914,Alcides Cardoso,Em vigor,Decreto Legislativo 977/2021
"Decreto Legislativo nº 976, de 11/05/2021",https://publico.recife.pe.leg.br/consultas/norma_juridica/norma_juridica_mostrar_proc?cod_norma=358,CONCEDE O TÍTULO DE CIDADÃO DO RECIFE AO EX-VEREADOR ANTÔNIO DE OLIVEIRA.,PDL 1/2021,https://publico.recife.pe.leg.br/consultas/materia/materia_mostrar_proc?cod_materia=102841,Doduel Varela,Em vigor,Decreto Legislativo 976/2021
"Decreto Legislativo nº 975, de 10/05/2021",https://publico.recife.pe.leg.br/consultas/norma_juridica/norma_juridica_mostrar_proc?cod_norma=656,CONCEDE A MEDALHA DE MÉRITO JOSÉ MARIANO AO GRUPO MULHER MARAVILHA.,PDL 35/2020,https://publico.recife.pe.leg.br/consultas/materia/materia_mostrar_proc?cod_materia=102334,Ivan Moraes,Em vigor,Decreto Legislativo 975/2021
"Decreto Legislativo nº 972, de 12/04/2021",https://publico.recife.pe.leg.br/consultas/norma_juridica/norma_juridica_mostrar_proc?cod_norma=663,CONCEDE A MEDALHA DE MÉRITO JOSÉ MARIANO A CLÁUDIO JOSÉ SÁ LEITÃO.,PDL 42/2020,https://publico.recife.pe.leg.br/consultas/materia/materia_mostrar_proc?cod_materia=102591,Fred Ferreira,Em vigor,Decreto Legislativo 972/2021
"Decreto Legislativo nº 970, de 16/12/2020",https://publico.recife.pe.leg.br/consultas/norma_juridica/norma_juridica_mostrar_proc?cod_norma=657,CONCEDE O TÍTULO DE CIDADÃO RECIFENSE AO SENHOR JOSÉ ALEXANDRE GUIMARÃES MIRINDA MOREIRA.,PDL 36/2020,https://publico.recife.pe.leg.br/consultas/materia/materia_mostrar_proc?cod_materia=102455,Romerinho Jatobá,Em vigor,Decreto Legislativo 970/2020
"Decreto Legislativo nº 969, de 16/12/2020",https://publico.recife.pe.leg.br/consultas/norma_juridica/norma_juridica_mostrar_proc?cod_norma=655,TÍTULO DE CIDADÃ DO RECIFE À PSICÓLOGA MARIA NILZA MELO,PDL 33/2020,https://publico.recife.pe.leg.br/consultas/materia/materia_mostrar_proc?cod_materia=101988,Gilberto Alves,Em vigor,Decreto Legislativo 969/2020
"Decreto Legislativo nº 968, de 16/12/2020",https://publico.recife.pe.leg.br/consultas/norma_juridica/norma_juridica_mostrar_proc?cod_norma=654,CONCEDE O TITULO DE CIDADÃ RECIFENSE PARA ANNA PRISCYLLA LIMA PRADO,PDL 32/2020,https://publico.recife.pe.leg.br/consultas/materia/materia_mostrar_proc?cod_materia=101805,Alcides Teixeira Neto,Em vigor,Decreto Legislativo 968/2020
"Decreto Legislativo nº 967, de 16/12/2020",https://publico.recife.pe.leg.br/consultas/norma_juridica/norma_juridica_mostrar_proc?cod_norma=650,"CONCEDE A MEDALHA DE MÉRITO JOSÉ MARIANO AO CANTOR E SANFONEIRO JOSÉ LUIZ DE LIMA, “LUIZINHO DE SERRA”.",PDL 27/2020,https://publico.recife.pe.leg.br/consultas/materia/materia_mostrar_proc?cod_materia=99966,Aderaldo Pinto,Em vigor,Decreto Legislativo 967/2020
"Decreto Legislativo nº 964, de 28/09/2020",https://publico.recife.pe.leg.br/consultas/norma_juridica/norma_juridica_mostrar_proc?cod_norma=652,CONCEDE A MEDALHA DE MÉRITO JOSÉ MARIANO À SRA. SOLANGE BELTRÃO DE AQUINO.,PDL 30/2020,https://publico.recife.pe.leg.br/consultas/materia/materia_mostrar_proc?cod_materia=100727,Marcos di Bria,Em vigor,Decreto Legislativo 964/2020
"Decreto Legislativo nº 961, de 28/09/2020",https://publico.recife.pe.leg.br/consultas/norma_juridica/norma_juridica_mostrar_proc?cod_norma=646,CONCEDE O TÍTULO DE CIDADÃ DO RECIFE À JORNALISTA SABRINA ROCHA.,PDL 23/2020,https://publico.recife.pe.leg.br/consultas/materia/materia_mostrar_proc?cod_materia=98027,Chico Kiko,Em vigor,Decreto Legislativo 961/2020
"Decreto Legislativo nº 960, de 28/09/2020",https://publico.recife.pe.leg.br/consultas/norma_juridica/norma_juridica_mostrar_proc?cod_norma=592,CONCEDE O TÍTULO DE CIDADÃO DO RECIFE A AVANILDO DUQUE DA SILVA.,PDL 17/2020,https://publico.recife.pe.leg.br/consultas/materia/materia_mostrar_proc?cod_materia=96941,Ivan Moraes,Em vigor,Decreto Legislativo 960/2020
"Decreto Legislativo nº 958, de 08/09/2020",https://publico.recife.pe.leg.br/consultas/norma_juridica/norma_juridica_mostrar_proc?cod_norma=645,"CONCEDE O TÍTULO DE CIDADÃO DO RECIFE AO CEL. WANDERLI BAPTISTA DA SILVA JÚNIOR, COMANDANTE DO 4º BATALHÃO DE POLÍCIA DO EXÉRCITO - BATALHÃO JOÃO FERNANDES VIEIRA.",PDL 22/2020,https://publico.recife.pe.leg.br/consultas/materia/materia_mostrar_proc?cod_materia=97860,Samuel Salazar,Em vigor,Decreto Legislativo 958/2020
"Decreto Legislativo nº 954, de 15/06/2020",https://publico.recife.pe.leg.br/consultas/norma_juridica/norma_juridica_mostrar_proc?cod_norma=568,CONCEDE O TÍTULO DE CIDADÃO DO RECIFE AO SR. TIAGO CARDOSO DOS SANTOS.,PDL 3/2020,https://publico.recife.pe.leg.br/consultas/materia/materia_mostrar_proc?cod_materia=93976,Renato Antunes,Em vigor,Decreto Legislativo 954/2020
"Decreto Legislativo nº 953, de 15/06/2020",https://publico.recife.pe.leg.br/consultas/norma_juridica/norma_juridica_mostrar_proc?cod_norma=525,"CONCEDE O TÍTULO DE CIDADÃO DO RECIFE AO ARTISTA, CORDELISTA E POETA JOSÉ FRANCISCO BORGES.",PDL 2/2020,https://publico.recife.pe.leg.br/consultas/materia/materia_mostrar_proc?cod_materia=93951,Gilberto Alves,Em vigor,Decreto Legislativo 953/2020
"Decreto Legislativo nº 952, de 15/06/2020",https://publico.recife.pe.leg.br/consultas/norma_juridica/norma_juridica_mostrar_proc?cod_norma=1147,CONCEDE O TÍTULO DE CIDADÃO DO RECIFE AO SR. ANDERSON DIAS.,PDL 59/2019,https://publico.recife.pe.leg.br/consultas/materia/materia_mostrar_proc?cod_materia=93603,Rodrigo Coutinho,Em vigor,Decreto Legislativo 952/2020
"Decreto Legislativo nº 951, de 22/06/2020",https://publico.recife.pe.leg.br/consultas/norma_juridica/norma_juridica_mostrar_proc?cod_norma=589,CONCEDE O TÍTULO DE CIDADÃO DO RECIFE AO PADRE EDICARLOS ALVES DA CONCEIÇÃO.,PDL 14/2020,https://publico.recife.pe.leg.br/consultas/materia/materia_mostrar_proc?cod_materia=95074,Wilton Brito,Em vigor,Decreto Legislativo 951/2020
"Decreto Legislativo nº 950, de 15/06/2020",https://publico.recife.pe.leg.br/consultas/norma_juridica/norma_juridica_mostrar_proc?cod_norma=587,CONCEDE A MEDALHA DE MÉRITO JOSÉ MARIANO AO CANTOR E COMPOSITOR JOSÉ TOBIAS DE SANTANA.,PDL 12/2020,https://publico.recife.pe.leg.br/consultas/materia/materia_mostrar_proc?cod_materia=94789,Ivan Moraes,Em vigor,Decreto Legislativo 950/2020
"Decreto Legislativo nº 947, de 02/06/2020",https://publico.recife.pe.leg.br/consultas/norma_juridica/norma_juridica_mostrar_proc?cod_norma=586,CONCEDE O TÍTULO DE CIDADÃO DO RECIFE AO ATOR IRANDHIR SANTOS.,PDL 11/2020,https://publico.recife.pe.leg.br/consultas/materia/materia_mostrar_proc?cod_materia=94788,Ivan Moraes,Em vigor,Decreto Legislativo 947/2020
"Decreto Legislativo nº 946, de 16/03/2020",https://publico.recife.pe.leg.br/consultas/norma_juridica/norma_juridica_mostrar_proc?cod_norma=584,CONCEDE O TÍTULO DE CIDADÃO DO RECIFE AO SR. RONAN TARDIN.,PDL 9/2020,https://publico.recife.pe.leg.br/consultas/materia/materia_mostrar_proc?cod_materia=94436,Goretti Queiroz,Em vigor,Decreto Legislativo 946/2020
"Decreto Legislativo nº 945, de 16/03/2020",https://publico.recife.pe.leg.br/consultas/norma_juridica/norma_juridica_mostrar_proc?cod_norma=583,CONCEDE O TÍTULO DE CIDADÃO RECIFENSE AO JORNALISTA WAGNER ANTONY GOMES E SILVA.,PDL 8/2020,https://publico.recife.pe.leg.br/consultas/materia/materia_mostrar_proc?cod_materia=94435,Wilton Brito,Em vigor,Decreto Legislativo 945/2020
"Decreto Legislativo nº 944, de 10/03/2020",https://publico.recife.pe.leg.br/consultas/norma_juridica/norma_juridica_mostrar_proc?cod_norma=582,DISPÕE SOBRE CONCESSÃO DE MEDALHA DE MÉRITO JOSÉ MARIANO AO SR. ISLAN HONORATO DOS SANTOS.,PDL 7/2020,https://publico.recife.pe.leg.br/consultas/materia/materia_mostrar_proc?cod_materia=94329,Natália de Menudo,Em vigor,Decreto Legislativo 944/2020
"Decreto Legislativo nº 940, de 10/03/2020",https://publico.recife.pe.leg.br/consultas/norma_juridica/norma_juridica_mostrar_proc?cod_norma=1142,CONCEDE A MEDALHA DE MÉRITO JOSÉ MARIANO AO SENHOR JOSÉ FERREIRA DE CARVALHO.,PDL 56/2019,https://publico.recife.pe.leg.br/consultas/materia/materia_mostrar_proc?cod_materia=93091,Romerinho Jatobá,Em vigor,Decreto Legislativo 940/2020
"Decreto Legislativo nº 939, de 10/03/2020",https://publico.recife.pe.leg.br/consultas/norma_juridica/norma_juridica_mostrar_proc?cod_norma=1139,CONCEDE A MEDALHA DE MÉRITO JOSÉ MARIANO AO DESEMBARGADOR EVANDRO SÉRGIO NETTO DE MAGALHÃES MELO.,PDL 53/2019,https://publico.recife.pe.leg.br/consultas/materia/materia_mostrar_proc?cod_materia=92689,Antonio Luiz Neto,Em vigor,Decreto Legislativo 939/2020
"Decreto Legislativo nº 938, de 11/02/2020",https://publico.recife.pe.leg.br/consultas/norma_juridica/norma_juridica_mostrar_proc?cod_norma=1140,CONCEDE A MEDALHA DE MÉRITO JOSÉ MARIANO AO CANTOR E COMPOSITOR ED CARLOS.,PDL 55/2019,https://publico.recife.pe.leg.br/consultas/materia/materia_mostrar_proc?cod_materia=92888,Chico Kiko,Em vigor,Decreto Legislativo 938/2020
"Decreto Legislativo nº 937, de 11/02/2020",https://publico.recife.pe.leg.br/consultas/norma_juridica/norma_juridica_mostrar_proc?cod_norma=1138,CONCEDE A MEDALHA DE MÉRITO JOSÉ MARIANO À SENHORA BIANKA CARVALHO.,PDL 52/2019,https://publico.recife.pe.leg.br/consultas/materia/materia_mostrar_proc?cod_materia=92654,Alcides Teixeira Neto,Em vigor,Decreto Legislativo 937/2020
"Decreto Legislativo nº 936, de 11/02/2020",https://publico.recife.pe.leg.br/consultas/norma_juridica/norma_juridica_mostrar_proc?cod_norma=523,CONCEDE O TÍTULO DE CIDADÃO DO RECIFE AO SR. LEANDRO SILVA DE SANTANA - LÉO SANTANA.,PDL 1/2020,https://publico.recife.pe.leg.br/consultas/materia/materia_mostrar_proc?cod_materia=93884,Hélio Guabiraba,Em vigor,Decreto Legislativo 936/2020
"Decreto Legislativo nº 18581, de 03/06/2019",https://publico.recife.pe.leg.br/consultas/norma_juridica/norma_juridica_mostrar_proc?cod_norma=1235,INSTITUI O “DIA MUNICIPAL DO COMBATE À VIOLÊNCIA CONTRA A MULHER” NO ÂMBITO DO RECIFE.,PLO 59/2019,https://publico.recife.pe.leg.br/consultas/materia/materia_mostrar_proc?cod_materia=85727,Marcos di Bria,Em vigor,Decreto Legislativo 18581/2019
"Decreto Legislativo nº 935, de 18/12/2019",https://publico.recife.pe.leg.br/consultas/norma_juridica/norma_juridica_mostrar_proc?cod_norma=1149,REVOGA OS TERMOS DO DECRETO LEGISLATIVO Nº 540/2011 E DÁ OUTRAS PROVIDENCIAS.,PDL 61/2019,https://publico.recife.pe.leg.br/consultas/materia/materia_mostrar_proc?cod_materia=93754,Comissão Executiva,Em vigor,Decreto Legislativo 935/2019
"Decreto Legislativo nº 934, de 09/12/2019",https://publico.recife.pe.leg.br/consultas/norma_juridica/norma_juridica_mostrar_proc?cod_norma=1145,CONCEDE O TÍTULO DE CIDADÃO DO RECIFE AO CÔNSUL GERAL DO REINO UNIDO NO RECIFE GRAHAM TIDEY.,PDL 58/2019,https://publico.recife.pe.leg.br/consultas/materia/materia_mostrar_proc?cod_materia=93181,Comissão Executiva,Em vigor,Decreto Legislativo 934/2019
"Decreto Legislativo nº 933, de 09/12/2019",https://publico.recife.pe.leg.br/consultas/norma_juridica/norma_juridica_mostrar_proc?cod_norma=1143,CONCEDE O TÍTULO DE CIDADÃO DO RECIFE AO SENHOR GUILHERME AUGUSTO MACHADO.,PDL 57/2019,https://publico.recife.pe.leg.br/consultas/materia/materia_mostrar_proc?cod_materia=93144,Comissão Executiva,Em vigor,Decreto Legislativo 933/2019
"Decreto Legislativo nº 932, de 26/11/2019",https://publico.recife.pe.leg.br/consultas/norma_juridica/norma_juridica_mostrar_proc?cod_norma=1135,CONCEDE A MEDALHA DE MÉRITO JOSÉ MARIANO AO SR. LUCILO DE MEDEIROS DOURADO VAREJÃO.,PDL 48/2019,https://publico.recife.pe.leg.br/consultas/materia/materia_mostrar_proc?cod_materia=91839,Felipe Francismar,Em vigor,Decreto Legislativo 932/2019
"Decreto Legislativo nº 931, de 26/11/2019",https://publico.recife.pe.leg.br/consultas/norma_juridica/norma_juridica_mostrar_proc?cod_norma=1137,CONCEDE O TÍTULO DE CIDADÃO DO RECIFE AO PE. ROSIVALDO TORRES DE LIMA.,PDL 51/2019,https://publico.recife.pe.leg.br/consultas/materia/materia_mostrar_proc?cod_materia=92145,Júnior Bocão,Em vigor,Decreto Legislativo 931/2019
"Decreto Legislativo nº 930, de 26/11/2019",https://publico.recife.pe.leg.br/consultas/norma_juridica/norma_juridica_mostrar_proc?cod_norma=1134,CONCEDE O TÍTULO DE CIDADÃO DO RECIFE AO PROFESSOR UNIVERSITÁRIO LUCIANO MEIRA.,PDL 47/2019,https://publico.recife.pe.leg.br/consultas/materia/materia_mostrar_proc?cod_materia=91753,Gilberto Alves,Em vigor,Decreto Legislativo 930/2019
"Decreto Legislativo nº 929, de 26/11/2019",https://publico.recife.pe.leg.br/consultas/norma_juridica/norma_juridica_mostrar_proc?cod_norma=1130,CONCEDE O TÍTULO DE CIDADÃO DO RECIFE A AMAURY ROCHA VITORINO GOMES.,PDL 43/2019,https://publico.recife.pe.leg.br/consultas/materia/materia_mostrar_proc?cod_materia=91006,Davi Muniz,Em vigor,Decreto Legislativo 929/2019
"Decreto Legislativo nº 928, de 26/11/2019",https://publico.recife.pe.leg.br/consultas/norma_juridica/norma_juridica_mostrar_proc?cod_norma=1133,CONCEDE O TÍTULO DE CIDADÃO DO RECIFE AO DESEMBARGADOR JORGE AMÉRICO PEREIRA DE LIRA.,PDL 46/2019,https://publico.recife.pe.leg.br/consultas/materia/materia_mostrar_proc?cod_materia=91752,Gilberto Alves,Em vigor,Decreto Legislativo 928/2019
"Decreto Legislativo nº 927, de 26/11/2019",https://publico.recife.pe.leg.br/consultas/norma_juridica/norma_juridica_mostrar_proc?cod_norma=1132,CONCEDE O TÍTULO DE CIDADÃO DO RECIFE AO APOSTOLO RENÊ DE ARAÚJO TERRA NOVA.,PDL 45/2019,https://publico.recife.pe.leg.br/consultas/materia/materia_mostrar_proc?cod_materia=91708,Renato Antunes,Em vigor,Decreto Legislativo 927/2019
"Decreto Legislativo nº 926, de 26/11/2019",https://publico.recife.pe.leg.br/consultas/norma_juridica/norma_juridica_mostrar_proc?cod_norma=1131,CONCEDE A MEDALHA DE MÉRITO JOSÉ MARIANO À SRA. MARLENE BEZERRA DA SILVA.,PDL 44/2019,https://publico.recife.pe.leg.br/consultas/materia/materia_mostrar_proc?cod_materia=91700,Wilton Brito,Em vigor,Decreto Legislativo 926/2019
"Decreto Legislativo nº 925, de 16/10/2019",https://publico.recife.pe.leg.br/consultas/norma_juridica/norma_juridica_mostrar_proc?cod_norma=1136,"AUTORIZA O SENHOR GERALDO JÚLIO DE MELLO FILHO, PREFEITO DA CIDADE DO RECIFE, A SE AUSENTAR DO PAÍS.",PDL 50/2019,https://publico.recife.pe.leg.br/consultas/materia/materia_mostrar_proc?cod_materia=92143,Comissão Executiva,Em vigor,Decreto Legislativo 925/2019
"Decreto Legislativo nº 923, de 15/10/2019",https://publico.recife.pe.leg.br/consultas/norma_juridica/norma_juridica_mostrar_proc?cod_norma=1128,CONCEDE O TÍTULO DE CIDADÃO DO RECIFE A ANTONIO PEDRO DA SILVA NETO.,PDL 40/2019,https://publico.recife.pe.leg.br/consultas/materia/materia_mostrar_proc?cod_materia=90797,Davi Muniz,Em vigor,Decreto Legislativo 923/2019
"Decreto Legislativo nº 922, de 15/10/2019",https://publico.recife.pe.leg.br/consultas/norma_juridica/norma_juridica_mostrar_proc?cod_norma=1127,CONCEDE A MEDALHA DE MÉRITO JOSÉ MARIANO AO SENHOR ROBERTO MAGALHÃES MELO.,PDL 39/2019,https://publico.recife.pe.leg.br/consultas/materia/materia_mostrar_proc?cod_materia=90794,Rodrigo Coutinho,Em vigor,Decreto Legislativo 922/2019
"Decreto Legislativo nº 921, de 15/10/2019",https://publico.recife.pe.leg.br/consultas/norma_juridica/norma_juridica_mostrar_proc?cod_norma=1126,CONCEDE O TÍTULO DE CIDADÃO DO RECIFE AO JORNALISTA E RADIALISTA MÁRCIO BONFIM.,PDL 38/2019,https://publico.recife.pe.leg.br/consultas/materia/materia_mostrar_proc?cod_materia=90757,Samuel Salazar,Em vigor,Decreto Legislativo 921/2019
"Decreto Legislativo nº 920, de 15/10/2019",https://publico.recife.pe.leg.br/consultas/norma_juridica/norma_juridica_mostrar_proc?cod_norma=1125,CONCEDE O TÍTULO DE CIDADÃO DO RECIFE AO DR. NEY RODRIGUES ARAÚJO.,PDL 37/2019,https://publico.recife.pe.leg.br/consultas/materia/materia_mostrar_proc?cod_materia=90718,Almir Fernando,Em vigor,Decreto Legislativo 920/2019
"Decreto Legislativo nº 919, de 15/10/2019",https://publico.recife.pe.leg.br/consultas/norma_juridica/norma_juridica_mostrar_proc?cod_norma=1124,CONCEDE O TÍTULO DE CIDADÃ DO RECIFE A MARIA JOSÉ DE SENA.,PDL 36/2019,https://publico.recife.pe.leg.br/consultas/materia/materia_mostrar_proc?cod_materia=90271,Goretti Queiroz,Em vigor,Decreto Legislativo 919/2019
"Decreto Legislativo nº 918, de 10/09/2019",https://publico.recife.pe.leg.br/consultas/norma_juridica/norma_juridica_mostrar_proc?cod_norma=1122,CONCEDE O TÍTULO DE CIDADÃO DO RECIFE A GIVANILDO JOSÉ DE OLIVEIRA.,PDL 34/2019,https://publico.recife.pe.leg.br/consultas/materia/materia_mostrar_proc?cod_materia=89304,Davi Muniz,Em vigor,Decreto Legislativo 918/2019
"Decreto Legislativo nº 917, de 10/09/2019",https://publico.recife.pe.leg.br/consultas/norma_juridica/norma_juridica_mostrar_proc?cod_norma=996,CONCEDE A MEDALHA DE MÉRITO JOSÉ MARIANO AO SENHOR AUGUSTO RODRIGUES COUTINHO DE MELO.,PDL 33/2019,https://publico.recife.pe.leg.br/consultas/materia/materia_mostrar_proc?cod_materia=89275,Alcides Teixeira Neto,Em vigor,Decreto Legislativo 917/2019
"Decreto Legislativo nº 916, de 10/09/2019",https://publico.recife.pe.leg.br/consultas/norma_juridica/norma_juridica_mostrar_proc?cod_norma=995,"CONCEDE O TÍTULO DE CIDADÃO DO RECIFE AO DR. RICARDO SOUZA CHIORATTO, MÉDICO VETERINÁRIO.",PDL 32/2019,https://publico.recife.pe.leg.br/consultas/materia/materia_mostrar_proc?cod_materia=89270,Ricardo Cruz,Em vigor,Decreto Legislativo 916/2019
"Decreto Legislativo nº 915, de 10/09/2019",https://publico.recife.pe.leg.br/consultas/norma_juridica/norma_juridica_mostrar_proc?cod_norma=994,CONCEDE O TÍTULO DE CIDADÃ DO RECIFE A LUIZA HELENA TRAJANO INÁCIO RODRIGUES.,PDL 31/2019,https://publico.recife.pe.leg.br/consultas/materia/materia_mostrar_proc?cod_materia=88896,Goretti Queiroz,Em vigor,Decreto Legislativo 915/2019
"Decreto Legislativo nº 914, de 10/09/2019",https://publico.recife.pe.leg.br/consultas/norma_juridica/norma_juridica_mostrar_proc?cod_norma=992,"CONCEDE A MEDALHA DE MÉRITO JOSÉ MARIANO À JUÍZA FEDERAL, DRA. CAROLINA MALTA.",PDL 29/2019,https://publico.recife.pe.leg.br/consultas/materia/materia_mostrar_proc?cod_materia=88581,Goretti Queiroz,Em vigor,Decreto Legislativo 914/2019
"Decreto Legislativo nº 913, de 27/08/2019",https://publico.recife.pe.leg.br/consultas/norma_juridica/norma_juridica_mostrar_proc?cod_norma=686,"CONCEDE O “TÍTULO DE CIDADÃO DO RECIFE” AO PRESIDENTE DO TRIBUNAL REGIONAL DO TRABALHO DA SEXTA REGIÃO, O DESEMBARGADOR VALDIR JOSÉ SILVA DE CARVALHO.",PDL 10/2019,https://publico.recife.pe.leg.br/consultas/materia/materia_mostrar_proc?cod_materia=84637,Aimee Carvalho,Em vigor,Decreto Legislativo 913/2019
"Decreto Legislativo nº 912, de 20/08/2019",https://publico.recife.pe.leg.br/consultas/norma_juridica/norma_juridica_mostrar_proc?cod_norma=993,"CONCEDE O TÍTULO DE CIDADÃO DO RECIFE AO PROCURADOR-GERAL DE JUSTIÇA DO MINISTÉRIO PÚBLICO DE PERNAMBUCO (MPPE), FRANCISCO DIRCEU BARROS.",PDL 30/2019,https://publico.recife.pe.leg.br/consultas/materia/materia_mostrar_proc?cod_materia=88782,Michele Collins,Em vigor,Decreto Legislativo 912/2019
"Decreto Legislativo nº 911, de 13/08/2019",https://publico.recife.pe.leg.br/consultas/norma_juridica/norma_juridica_mostrar_proc?cod_norma=1123,"DISPÕE SOBRE A CONCESSÃO DA MEDALHA DE MÉRITO JOSÉ MARIANO AO DEPUTADO ERIBERTO MEDEIROS, PRESIDENTE DA ASSEMBLEIA LEGISLATIVA DE PERNAMBUCO.",PDL 35/2019,https://publico.recife.pe.leg.br/consultas/materia/materia_mostrar_proc?cod_materia=89373,Comissão Executiva,Em vigor,Decreto Legislativo 911/2019
"Decreto Legislativo nº 910, de 13/08/2019",https://publico.recife.pe.leg.br/consultas/norma_juridica/norma_juridica_mostrar_proc?cod_norma=991,"CONCEDE A MEDALHA DE MÉRITO JOSÉ MARIANO À MÉDICA, DRA. MARIA DE LOURDES C DE ARAÚJO.",PDL 28/2019,https://publico.recife.pe.leg.br/consultas/materia/materia_mostrar_proc?cod_materia=88579,Eduardo Marques,Em vigor,Decreto Legislativo 910/2019
"Decreto Legislativo nº 908, de 02/07/2019",https://publico.recife.pe.leg.br/consultas/norma_juridica/norma_juridica_mostrar_proc?cod_norma=989,CONCEDE O TÍTULO DE CIDADÃO DO RECIFE AO SR. JOSÉ UBALDO DO NASCIMENTO,PDL 26/2019,https://publico.recife.pe.leg.br/consultas/materia/materia_mostrar_proc?cod_materia=87911,Carlos Gueiros,Em vigor,Decreto Legislativo 908/2019
"Decreto Legislativo nº 907, de 25/06/2019",https://publico.recife.pe.leg.br/consultas/norma_juridica/norma_juridica_mostrar_proc?cod_norma=990,"CONCEDE A MEDALHA DE MÉRITO JOSÉ MARIANO À JUÍZA DE DIREITO, DRA. MARYLÚSIA PEREIRA FEITOSA DIAS DE ARAÚJO.",PDL 27/2019,https://publico.recife.pe.leg.br/consultas/materia/materia_mostrar_proc?cod_materia=88104,Professora Ana Lúcia,Em vigor,Decreto Legislativo 907/2019
"Decreto Legislativo nº 906, de 25/06/2019",https://publico.recife.pe.leg.br/consultas/norma_juridica/norma_juridica_mostrar_proc?cod_norma=953,CONCEDE A MEDALHA DE MÉRITO JOSÉ MARIANO AO SENHOR LEONARDO ACCIOLY DA SILVA.,PDL 23/2019,https://publico.recife.pe.leg.br/consultas/materia/materia_mostrar_proc?cod_materia=87609,Antonio Luiz Neto,Em vigor,Decreto Legislativo 906/2019
"Decreto Legislativo nº 905, de 25/06/2019",https://publico.recife.pe.leg.br/consultas/norma_juridica/norma_juridica_mostrar_proc?cod_norma=954,CONCEDE O “TÍTULO DE CIDADÃO DO RECIFE” AO PADRE CAETANO.,PDL 24/2019,https://publico.recife.pe.leg.br/consultas/materia/materia_mostrar_proc?cod_materia=87667,Samuel Salazar,Em vigor,Decreto Legislativo 905/2019
"Decreto Legislativo nº 904, de 25/06/2019",https://publico.recife.pe.leg.br/consultas/norma_juridica/norma_juridica_mostrar_proc?cod_norma=952,CONCEDE O “TÍTULO DE CIDADÃ DO RECIFE” A LUCIANE PEREIRA DO NASCIMENTO.,PDL 22/2019,https://publico.recife.pe.leg.br/consultas/materia/materia_mostrar_proc?cod_materia=87487,Goretti Queiroz,Em vigor,Decreto Legislativo 904/2019
"Decreto Legislativo nº 902, de 25/06/2019",https://publico.recife.pe.leg.br/consultas/norma_juridica/norma_juridica_mostrar_proc?cod_norma=923,CONCEDE A MEDALHA DE MÉRITO JOSÉ MARIANO AO SAMBISTA ANTÔNIO JOSÉ DE SANTANA (BELO XIS).,PDL 19/2019,https://publico.recife.pe.leg.br/consultas/materia/materia_mostrar_proc?cod_materia=86488,Hélio Guabiraba,Em vigor,Decreto Legislativo 902/2019
"Decreto Legislativo nº 901, de 25/06/2019",https://publico.recife.pe.leg.br/consultas/norma_juridica/norma_juridica_mostrar_proc?cod_norma=921,CONCEDE O TÍTULO DE CIDADÃO DO RECIFE AO SENHOR RAIMUNDO EDSON PEREIRA CAMPOS E SILVA.,PDL 17/2019,https://publico.recife.pe.leg.br/consultas/materia/materia_mostrar_proc?cod_materia=86007,Aerto Luna,Em vigor,Decreto Legislativo 901/2019
"Decreto Legislativo nº 899, de 11/06/2019",https://publico.recife.pe.leg.br/consultas/norma_juridica/norma_juridica_mostrar_proc?cod_norma=924,CONCEDE O “TÍTULO DE CIDADÃ DO RECIFE” A MARIA LOPES TEIXEIRA (IRMÃ VALERIA).,PDL 20/2019,https://publico.recife.pe.leg.br/consultas/materia/materia_mostrar_proc?cod_materia=86908,Hélio Guabiraba,Em vigor,Decreto Legislativo 899/2019
"Decreto Legislativo nº 897, de 20/05/2019",https://publico.recife.pe.leg.br/consultas/norma_juridica/norma_juridica_mostrar_proc?cod_norma=920,CONCEDE O TÍTULO DE CIDADÃO RECIFENSE A ENRIQUE MARTIN-AMBRÓSIO MERINO.,PDL 16/2019,https://publico.recife.pe.leg.br/consultas/materia/materia_mostrar_proc?cod_materia=85754,Augusto Carreras,Em vigor,Decreto Legislativo 897/2019
"Decreto Legislativo nº 896, de 13/05/2019",https://publico.recife.pe.leg.br/consultas/norma_juridica/norma_juridica_mostrar_proc?cod_norma=919,"CONCEDE O “TÍTULO DE CIDADÃO DO RECIFE” AO PRESIDENTE DO GRUPO TUPAN, SR. CARLOS AURÉLIO DE CARVALHO NUNES (CARLINHOS DA TUPAN).",PDL 15/2019,https://publico.recife.pe.leg.br/consultas/materia/materia_mostrar_proc?cod_materia=85752,Samuel Salazar,Em vigor,Decreto Legislativo 896/2019
"Decreto Legislativo nº 895, de 13/05/2019",https://publico.recife.pe.leg.br/consultas/norma_juridica/norma_juridica_mostrar_proc?cod_norma=918,CONCEDE A MEDALHA DE MÉRITO “JOSÉ MARIANO” AO SENHOR CARLOS EDUARDO CINTRA DA COSTA PEREIRA.,PDL 14/2019,https://publico.recife.pe.leg.br/consultas/materia/materia_mostrar_proc?cod_materia=85751,Samuel Salazar,Em vigor,Decreto Legislativo 895/2019
"Decreto Legislativo nº 893, de 23/04/2019",https://publico.recife.pe.leg.br/consultas/norma_juridica/norma_juridica_mostrar_proc?cod_norma=911,CONCEDE O TÍTULO DE CIDADÃ DO RECIFE À PROFESSORA E ADVOGADA LIANA CIRNE LINS.,PDL 37/2018,https://publico.recife.pe.leg.br/consultas/materia/materia_mostrar_proc?cod_materia=83586,Marília Arraes,Em vigor,Decreto Legislativo 893/2019
"Decreto Legislativo nº 892, de 23/04/2019",https://publico.recife.pe.leg.br/consultas/norma_juridica/norma_juridica_mostrar_proc?cod_norma=689,CONCEDE O TÍTULO DE CIDADÃO DO RECIFE A PAULO BRAZ.,PDL 12/2019,https://publico.recife.pe.leg.br/consultas/materia/materia_mostrar_proc?cod_materia=84990,Alcides Teixeira Neto,Em vigor,Decreto Legislativo 892/2019
"Decreto Legislativo nº 891, de 23/04/2019",https://publico.recife.pe.leg.br/consultas/norma_juridica/norma_juridica_mostrar_proc?cod_norma=688,CONCEDE O TÍTULO DE CIDADÃO DO RECIFE AO COMANDANTE GERAL DO CORPO DE BOMBEIROS MILITAR DE PERNAMBUCO MANOEL FRANCISCO DE OLIVEIRA CUNHA FILHO.,PDL 11/2019,https://publico.recife.pe.leg.br/consultas/materia/materia_mostrar_proc?cod_materia=84808,Antonio Luiz Neto,Em vigor,Decreto Legislativo 891/2019
"Decreto Legislativo nº 890, de 23/04/2019",https://publico.recife.pe.leg.br/consultas/norma_juridica/norma_juridica_mostrar_proc?cod_norma=685,CONCEDE O TÍTULO DE CIDADÃO DO RECIFE À DRA. MARTA EUGÊNIA CAVALCANTI LIMA.,PDL 9/2019,https://publico.recife.pe.leg.br/consultas/materia/materia_mostrar_proc?cod_materia=84627,Benjamim da Saúde,Em vigor,Decreto Legislativo 890/2019
"Decreto Legislativo nº 889, de 15/04/2019",https://publico.recife.pe.leg.br/consultas/norma_juridica/norma_juridica_mostrar_proc?cod_norma=681,"CONCEDE A MEDALHA DE MÉRITO “JOSÉ MARIANO” AO PRESIDENTE DO TRIBUNAL REGIONAL DO TRABALHO DA SEXTA REGIÃO, O DESEMBARGADOR VALDIR JOSÉ SILVA DE CARVALHO.",PDL 6/2019,https://publico.recife.pe.leg.br/consultas/materia/materia_mostrar_proc?cod_materia=84450,Aimee Carvalho,Em vigor,Decreto Legislativo 889/2019
"Decreto Legislativo nº 888, de 15/04/2019",https://publico.recife.pe.leg.br/consultas/norma_juridica/norma_juridica_mostrar_proc?cod_norma=682,"CONCEDE A MEDALHA DE MÉRITO “JOSÉ MARIANO” AO TENENTE-CORONEL DA POLÍCIA MILITAR DO ESTADO DE PERNAMBUCO, PAULO FERNANDES ANDRADE MATOS.",PDL 7/2019,https://publico.recife.pe.leg.br/consultas/materia/materia_mostrar_proc?cod_materia=84622,Michele Collins,Em vigor,Decreto Legislativo 888/2019
"Decreto Legislativo nº 886, de 15/04/2019",https://publico.recife.pe.leg.br/consultas/norma_juridica/norma_juridica_mostrar_proc?cod_norma=906,DISPÕE SOBRE A CONCESSÃO DO TÍTULO DE CIDADÃO DO RECIFE PARA O ILUSTRÍSSIMO SR. JÂNYO DINIZ.,PDL 36/2018,https://publico.recife.pe.leg.br/consultas/materia/materia_mostrar_proc?cod_materia=83584,Felipe Francismar,Em vigor,Decreto Legislativo 886/2019
"Decreto Legislativo nº 885, de 15/04/2019",https://publico.recife.pe.leg.br/consultas/norma_juridica/norma_juridica_mostrar_proc?cod_norma=678,CONCEDE O TÍTULO DE CIDADÃO DO RECIFE AO CANTOR E COMPOSITOR FRANCISCO FLÁVIO LEANDRO FURTADO.,PDL 4/2019,https://publico.recife.pe.leg.br/consultas/materia/materia_mostrar_proc?cod_materia=84222,Marília Arraes,Em vigor,Decreto Legislativo 885/2019
"Decreto Legislativo nº 884, de 01/04/2019",https://publico.recife.pe.leg.br/consultas/norma_juridica/norma_juridica_mostrar_proc?cod_norma=684,CONCEDE O “TÍTULO DE CIDADÃ DO RECIFE” À JORNALISTA FÁTIMA GOMES BERNARDES.,PDL 8/2019,https://publico.recife.pe.leg.br/consultas/materia/materia_mostrar_proc?cod_materia=84623,Chico Kiko,Em vigor,Decreto Legislativo 884/2019
"Decreto Legislativo nº 883, de 01/04/2019",https://publico.recife.pe.leg.br/consultas/norma_juridica/norma_juridica_mostrar_proc?cod_norma=680,CONCEDE O TÍTULO DE CIDADÃO DO RECIFE AO EX-DEPUTADO ESTADUAL JOSÉ MAURÍCIO VALLADÃO.,PDL 5/2019,https://publico.recife.pe.leg.br/consultas/materia/materia_mostrar_proc?cod_materia=84449,Chico Kiko,Em vigor,Decreto Legislativo 883/2019
"Decreto Legislativo nº 882, de 01/04/2019",https://publico.recife.pe.leg.br/consultas/norma_juridica/norma_juridica_mostrar_proc?cod_norma=675,CONCEDE O TITULO DE CIDADÃO DO RECIFE AO DR. FREDERICO DA COSTA AMÂNCIO.,PDL 3/2019,https://publico.recife.pe.leg.br/consultas/materia/materia_mostrar_proc?cod_materia=84217,Augusto Carreras,Em vigor,Decreto Legislativo 882/2019
"Decreto Legislativo nº 881, de 01/04/2019",https://publico.recife.pe.leg.br/consultas/norma_juridica/norma_juridica_mostrar_proc?cod_norma=915,CONCEDE O TÍTULO DE CIDADÃ DO RECIFE A MARIA MAGDALENA FIÚZA ARRAES DE ALENCAR.,PDL 41/2018,https://publico.recife.pe.leg.br/consultas/materia/materia_mostrar_proc?cod_materia=84084,Marília Arraes,Em vigor,Decreto Legislativo 881/2019
"Decreto Legislativo nº 879, de 01/04/2019",https://publico.recife.pe.leg.br/consultas/norma_juridica/norma_juridica_mostrar_proc?cod_norma=912,DISPÕE SOBRE A CONCESSÃO DO TÍTULO DE “CIDADÃ DO RECIFE” À SRA. VEREADORA PROFESSORA ANA LÚCIA.,PDL 38/2018,https://publico.recife.pe.leg.br/consultas/materia/materia_mostrar_proc?cod_materia=83681,Marco Aurélio Medeiros,Em vigor,Decreto Legislativo 879/2019
"Decreto Legislativo nº 878, de 05/02/2019",https://publico.recife.pe.leg.br/consultas/norma_juridica/norma_juridica_mostrar_proc?cod_norma=914,DISPÕE SOBRE A CONCESSÃO DA MEDALHA DE MÉRITO JOSÉ MARIANO AO MINISTRO RAUL JUNGMANN.,PDL 40/2018,https://publico.recife.pe.leg.br/consultas/materia/materia_mostrar_proc?cod_materia=84024,Comissão Executiva,Em vigor,Decreto Legislativo 878/2019
"Decreto Legislativo nº 877, de 05/12/2018",https://publico.recife.pe.leg.br/consultas/norma_juridica/norma_juridica_mostrar_proc?cod_norma=905,TÍTULO DE “CIDADÃO DO RECIFE” AO SR. ANTÔNIO HAMILTON MARTINS MOURÃO.,PDL 34/2018,https://publico.recife.pe.leg.br/consultas/materia/materia_mostrar_proc?cod_materia=83152,Marco Aurélio Medeiros,Em vigor,Decreto Legislativo 877/2018
"Decreto Legislativo nº 876, de 05/12/2018",https://publico.recife.pe.leg.br/consultas/norma_juridica/norma_juridica_mostrar_proc?cod_norma=902,"CONCEDE A MEDALHA DE MÉRITO “JOSÉ MARIANO” AOJUIZ FEDERAL E DIRETOR DA FACULDADE DE DIREITO DO RECIFE, PROF. DR. FRANCISCO DE QUEIROZ BEZERRA CAVALCANTI.",PDL 31/2018,https://publico.recife.pe.leg.br/consultas/materia/materia_mostrar_proc?cod_materia=83012,Michele Collins,Em vigor,Decreto Legislativo 876/2018
"Decreto Legislativo nº 875, de 21/11/2018",https://publico.recife.pe.leg.br/consultas/norma_juridica/norma_juridica_mostrar_proc?cod_norma=899,CONCEDE O TÍTULO DE CIDADÃO DO RECIFE A FRANCISCO SABOYA.,PDL 29/2018,https://publico.recife.pe.leg.br/consultas/materia/materia_mostrar_proc?cod_materia=82519,Jayme Asfora,Em vigor,Decreto Legislativo 875/2018
"Decreto Legislativo nº 874, de 21/11/2018",https://publico.recife.pe.leg.br/consultas/norma_juridica/norma_juridica_mostrar_proc?cod_norma=904,DISPÕE SOBRE A CONCESSÃO DA MEDALHA DE MÉRITO “JOSÉ MARIANO” AO SR. ALCEU PAIVA VALENÇA.,PDL 33/2018,https://publico.recife.pe.leg.br/consultas/materia/materia_mostrar_proc?cod_materia=83071,Wanderson Florêncio,Em vigor,Decreto Legislativo 874/2018
"Decreto Legislativo nº 873, de 21/11/2018",https://publico.recife.pe.leg.br/consultas/norma_juridica/norma_juridica_mostrar_proc?cod_norma=903,CONCEDE A MEDALHA DO MÉRITO JOSÉ MARIANO AO SR. DR. RONNIE PREUSS DUARTE.,PDL 32/2018,https://publico.recife.pe.leg.br/consultas/materia/materia_mostrar_proc?cod_materia=83070,André Régis,Em vigor,Decreto Legislativo 873/2018
"Decreto Legislativo nº 872, de 21/11/2018",https://publico.recife.pe.leg.br/consultas/norma_juridica/norma_juridica_mostrar_proc?cod_norma=900,CONCEDE O TÍTULO DE CIDADÃO DO RECIFE A EDVAN BARBOSA GOMES.,PDL 30/2018,https://publico.recife.pe.leg.br/consultas/materia/materia_mostrar_proc?cod_materia=82970,Alcides Teixeira Neto,Em vigor,Decreto Legislativo 872/2018
"Decreto Legislativo nº 870, de 29/10/2018",https://publico.recife.pe.leg.br/consultas/norma_juridica/norma_juridica_mostrar_proc?cod_norma=828,DISPÕE SOBRE A CONCESSÃO DO TÍTULO DE “CIDADÃO DO RECIFE” AO SR. DILION BALDUINO DA SILVA.,PDL 22/2018,https://publico.recife.pe.leg.br/consultas/materia/materia_mostrar_proc?cod_materia=81147,Wanderson Florêncio,Em vigor,Decreto Legislativo 870/2018
"Decreto Legislativo nº 869, de 29/10/2018",https://publico.recife.pe.leg.br/consultas/norma_juridica/norma_juridica_mostrar_proc?cod_norma=827,CONCEDE O TITULO DE CIDADÃO DO RECIFE AO SENHOR  NELSON BEZERRA DA SILVA.,PDL 21/2018,https://publico.recife.pe.leg.br/consultas/materia/materia_mostrar_proc?cod_materia=80901,Antonio Luiz Neto,Em vigor,Decreto Legislativo 869/2018
"Decreto Legislativo nº 868, de 15/10/2018",https://publico.recife.pe.leg.br/consultas/norma_juridica/norma_juridica_mostrar_proc?cod_norma=897,CONCEDE O TÍTULO DE CIDADÃO DO RECIFE AO GENERAL DE EXÉRCITO ARTUR COSTA MOURA.,PDL 27/2018,https://publico.recife.pe.leg.br/consultas/materia/materia_mostrar_proc?cod_materia=82385,Comissão Executiva,Em vigor,Decreto Legislativo 868/2018
"Decreto Legislativo nº 867, de 15/10/2018",https://publico.recife.pe.leg.br/consultas/norma_juridica/norma_juridica_mostrar_proc?cod_norma=891,CONCEDE TÍTULO DE CIDADÃO DO RECIFE A JOSÉ MARIA SILVA.,PDL 23/2018,https://publico.recife.pe.leg.br/consultas/materia/materia_mostrar_proc?cod_materia=81571,Rinaldo Júnior,Em vigor,Decreto Legislativo 867/2018
"Decreto Legislativo nº 866, de 27/08/2018",https://publico.recife.pe.leg.br/consultas/norma_juridica/norma_juridica_mostrar_proc?cod_norma=896,"CONCEDE A MEDALHA DE MÉRITO “JOSÉ MARIANO” AO EMBAIXADOR DE ISRAEL, SUA EXCELÊNCIA YOSSI SHELLEY.",PDL 26/2018,https://publico.recife.pe.leg.br/consultas/materia/materia_mostrar_proc?cod_materia=81809,Renato Antunes,Em vigor,Decreto Legislativo 866/2018
"Decreto Legislativo nº 865, de 27/08/2018",https://publico.recife.pe.leg.br/consultas/norma_juridica/norma_juridica_mostrar_proc?cod_norma=895,"CONCEDE A MEDALHA DE MÉRITO JOSÉ MARIANO A UM DOS GRANDES INFLUENCIADORES DO TRIATHLON DE PERNAMBUCO, ROLNAN GUEIROS ROSAS.",PDL 25/2018,https://publico.recife.pe.leg.br/consultas/materia/materia_mostrar_proc?cod_materia=81729,Almir Fernando,Em vigor,Decreto Legislativo 865/2018
"Decreto Legislativo nº 864, de 27/08/2018",https://publico.recife.pe.leg.br/consultas/norma_juridica/norma_juridica_mostrar_proc?cod_norma=894,"CONCEDE O TÍTULO DE CIDADÃO DO RECIFE AO MAIS ANTIGO MILITANTE DO PCDOB EM PERNAMBUCO, JOSÉ INÁCIO BARBOSA CONHECIDO COM ZEZINHO.",PDL 24/2018,https://publico.recife.pe.leg.br/consultas/materia/materia_mostrar_proc?cod_materia=81677,Almir Fernando,Em vigor,Decreto Legislativo 864/2018
"Decreto Legislativo nº 863, de 27/08/2018",https://publico.recife.pe.leg.br/consultas/norma_juridica/norma_juridica_mostrar_proc?cod_norma=824,CONCEDE O TITULO DE CIDADÃO DO RECIFE AO DR. CRISTIANO DA PAIXÃO PIMENTEL.,PDL 20/2018,https://publico.recife.pe.leg.br/consultas/materia/materia_mostrar_proc?cod_materia=80898,Antonio Luiz Neto,Em vigor,Decreto Legislativo 863/2018
"Decreto Legislativo nº 862, de 27/08/2018",https://publico.recife.pe.leg.br/consultas/norma_juridica/norma_juridica_mostrar_proc?cod_norma=822,CONCEDE A MEDALHA DE MÉRITO “JOSÉ MARIANO” À SRA. CÂNDIDA VALÉRIA SANTOS BOMFIM.,PDL 18/2018,https://publico.recife.pe.leg.br/consultas/materia/materia_mostrar_proc?cod_materia=80320,Aderaldo Pinto,Em vigor,Decreto Legislativo 862/2018
"Decreto Legislativo nº 860, de 18/06/2018",https://publico.recife.pe.leg.br/consultas/norma_juridica/norma_juridica_mostrar_proc?cod_norma=821,CONCEDE O TÍTULO DE CIDADÃO DO RECIFE AO SR. JOÃO REINALDO RAMOS.,PDL 17/2018,https://publico.recife.pe.leg.br/consultas/materia/materia_mostrar_proc?cod_materia=79837,Amaro Cipriano Maguari,Em vigor,Decreto Legislativo 860/2018
"Decreto Legislativo nº 859, de 18/06/2018",https://publico.recife.pe.leg.br/consultas/norma_juridica/norma_juridica_mostrar_proc?cod_norma=820,CONCEDE O TÍTULO DE “CIDADÃO DO RECIFE” A MARIANO RODRIGO HAJNY.,PDL 16/2018,https://publico.recife.pe.leg.br/consultas/materia/materia_mostrar_proc?cod_materia=79836,Carlos Gueiros,Em vigor,Decreto Legislativo 859/2018
"Decreto Legislativo nº 857, de 18/06/2018",https://publico.recife.pe.leg.br/consultas/norma_juridica/norma_juridica_mostrar_proc?cod_norma=763,DISPÕE SOBRE A CONCESSÃO DA MEDALHA DE MÉRITO “JOSÉ MARIANO” A DRA. ÂNGELA MARIA DOS SANTOS.,PDL 10/2018,https://publico.recife.pe.leg.br/consultas/materia/materia_mostrar_proc?cod_materia=78673,Marcos di Bria,Em vigor,Decreto Legislativo 857/2018
"Decreto Legislativo nº 856, de 18/06/2018",https://publico.recife.pe.leg.br/consultas/norma_juridica/norma_juridica_mostrar_proc?cod_norma=758,CONCEDE O TÍTULO DE CIDADÃO DO RECIFE AO PASTOR ANTONIO GENARO DE OLIVEIRA.,PDL 8/2018,https://publico.recife.pe.leg.br/consultas/materia/materia_mostrar_proc?cod_materia=78523,Marcos di Bria,Em vigor,Decreto Legislativo 856/2018
"Decreto Legislativo nº 855, de 18/06/2018",https://publico.recife.pe.leg.br/consultas/norma_juridica/norma_juridica_mostrar_proc?cod_norma=757,CONCEDE O TÍTULO DE CIDADÃO DO RECIFE AO PASTOR SÉRGIO DOS SANTOS.,PDL 7/2018,https://publico.recife.pe.leg.br/consultas/materia/materia_mostrar_proc?cod_materia=78518,Marcos di Bria,Em vigor,Decreto Legislativo 855/2018
"Decreto Legislativo nº 854, de 29/05/2018",https://publico.recife.pe.leg.br/consultas/norma_juridica/norma_juridica_mostrar_proc?cod_norma=818,CONCEDE O TÍTULO DE CIDADÃO DO RECIFE AO PASTOR FRANCISCO EURICO DA SILVA.,PDL 14/2018,https://publico.recife.pe.leg.br/consultas/materia/materia_mostrar_proc?cod_materia=79457,Benjamim da Saúde,Em vigor,Decreto Legislativo 854/2018
"Decreto Legislativo nº 852, de 14/05/2018",https://publico.recife.pe.leg.br/consultas/norma_juridica/norma_juridica_mostrar_proc?cod_norma=771,CONCEDE O TÍTULO DE CIDADÃ DO RECIFE À PESCADORA E MARISQUEIRA EDILEUZA SILVA DO NASCIMENTO -  LEU.,PDL 13/2018,https://publico.recife.pe.leg.br/consultas/materia/materia_mostrar_proc?cod_materia=79295,Ricardo Cruz,Em vigor,Decreto Legislativo 852/2018
"Decreto Legislativo nº 851, de 15/05/2018",https://publico.recife.pe.leg.br/consultas/norma_juridica/norma_juridica_mostrar_proc?cod_norma=819,"TÍTULO DE CIDADÃO DO RECIFE AO EMPRESÁRIO, JORNALISTA E PUBLICITÁRIO LEVY FIDELIX.",PDL 15/2018,https://publico.recife.pe.leg.br/consultas/materia/materia_mostrar_proc?cod_materia=79477,Hélio Guabiraba,Em vigor,Decreto Legislativo 851/2018
"Decreto Legislativo nº 849, de 14/05/2018",https://publico.recife.pe.leg.br/consultas/norma_juridica/norma_juridica_mostrar_proc?cod_norma=755,TÍTULO DE CIDADÃO DO RECIFE AO DELEGADO E EX-VEREADOR DO RECIFE DR.JOSÉ ANTÔNIO.,PDL 6/2018,https://publico.recife.pe.leg.br/consultas/materia/materia_mostrar_proc?cod_materia=77846,Davi Muniz,Em vigor,Decreto Legislativo 849/2018
"Decreto Legislativo nº 848, de 14/05/2018",https://publico.recife.pe.leg.br/consultas/norma_juridica/norma_juridica_mostrar_proc?cod_norma=1324,"DISPÕE SOBRE A CONCESSÃO DO TÍTULO DE CIDADÃO RECIFENSE AO JOGADOR, DO SPORT CLUB DO RECIFE, SEVERINO DOS RAMOS DURVAL DA SILVA PELOS 400 JOGOS.",PDL 64/2017,https://publico.recife.pe.leg.br/consultas/materia/materia_mostrar_proc?cod_materia=76065,Wanderson Florêncio,Em vigor,Decreto Legislativo 848/2018
"Decreto Legislativo nº 847, de 02/05/2018",https://publico.recife.pe.leg.br/consultas/norma_juridica/norma_juridica_mostrar_proc?cod_norma=754,CONCEDE O TÍTULO DE CIDADÃO DO RECIFE AO RADIALISTA CIRO BEZERRA.,PDL 5/2018,https://publico.recife.pe.leg.br/consultas/materia/materia_mostrar_proc?cod_materia=77257,Almir Fernando,Em vigor,Decreto Legislativo 847/2018
"Decreto Legislativo nº 846, de 10/04/2018",https://publico.recife.pe.leg.br/consultas/norma_juridica/norma_juridica_mostrar_proc?cod_norma=751,CONCEDE A MEDALHA DE MÉRITO JOSÉ MARIANO AO PREFEITO DE PETROLINA MIGUEL DE SOUZA LEÃO COELHO.,PDL 1/2018,https://publico.recife.pe.leg.br/consultas/materia/materia_mostrar_proc?cod_materia=76717,Marco Aurélio Medeiros,Em vigor,Decreto Legislativo 846/2018
"Decreto Legislativo nº 845, de 10/04/2018",https://publico.recife.pe.leg.br/consultas/norma_juridica/norma_juridica_mostrar_proc?cod_norma=1328,DISPÕE SOBRE A CONCESSÃO DA MEDALHA  DE MÉRITO JOSÉ MARIANO AO MINISTRO FERNANDO COELHO FILHO.,PDL 66/2017,https://publico.recife.pe.leg.br/consultas/materia/materia_mostrar_proc?cod_materia=76714,Comissão Executiva,Em vigor,Decreto Legislativo 845/2018
"Decreto Legislativo nº 843, de 03/04/2018",https://publico.recife.pe.leg.br/consultas/norma_juridica/norma_juridica_mostrar_proc?cod_norma=1315,CONCEDE O TÍTULO DE CIDADÃ DO RECIFE A DRA. ERIVÂNIA CAMELO DE ALMEIDA,PDL 61/2017,https://publico.recife.pe.leg.br/consultas/materia/materia_mostrar_proc?cod_materia=75645,Aderaldo Pinto,Em vigor,Decreto Legislativo 843/2018
"Decreto Legislativo nº 842, de 03/04/2018",https://publico.recife.pe.leg.br/consultas/norma_juridica/norma_juridica_mostrar_proc?cod_norma=1325,CONCEDE O TÍTULO DE CIDADÃO DO RECIFE AO SR. HELSON DAVI BARROS.,PDL 65/2017,https://publico.recife.pe.leg.br/consultas/materia/materia_mostrar_proc?cod_materia=76562,André Régis,Em vigor,Decreto Legislativo 842/2018
"Decreto Legislativo nº 841, de 13/03/2018",https://publico.recife.pe.leg.br/consultas/norma_juridica/norma_juridica_mostrar_proc?cod_norma=1307,CONCEDE A MEDALHA DO MÉRITO JOSÉ MARIANO AO SR. CARLOS DA COSTA PINTO NEVES FILHO.,PDL 56/2017,https://publico.recife.pe.leg.br/consultas/materia/materia_mostrar_proc?cod_materia=74994,André Régis,Em vigor,Decreto Legislativo 841/2018
"Decreto Legislativo nº 840, de 26/02/2018",https://publico.recife.pe.leg.br/consultas/norma_juridica/norma_juridica_mostrar_proc?cod_norma=753,CONCEDE O TÍTULO DE CIDADÃO RECIFENSE AO DR. JOSÉ MARIO CAPRIOLI DOS SANTOS.,PDL 4/2018,https://publico.recife.pe.leg.br/consultas/materia/materia_mostrar_proc?cod_materia=76972,Augusto Carreras,Em vigor,Decreto Legislativo 840/2018
"Decreto Legislativo nº 839, de 26/02/2018",https://publico.recife.pe.leg.br/consultas/norma_juridica/norma_juridica_mostrar_proc?cod_norma=1310,CONCEDE O TÍTULO DE “CIDADÃO DO RECIFE” AO EMPRESÁRIO RINALDO FERRAZ.,PDL 57/2017,https://publico.recife.pe.leg.br/consultas/materia/materia_mostrar_proc?cod_materia=74995,Aline Mariano,Em vigor,Decreto Legislativo 839/2018
"Decreto Legislativo nº 18338, de 07/07/2017",https://publico.recife.pe.leg.br/consultas/norma_juridica/norma_juridica_mostrar_proc?cod_norma=422,DISPÕE SOBRE AS CONDIÇÕES DE USO E OCUPAÇÃO DO SOLO NA ZONA ESPECIAL DO AEROPORTO - ZEA E REVOGA A LEI MUNICIPAL Nº 16.414/98.,PLE 32/2017,https://publico.recife.pe.leg.br/consultas/materia/materia_mostrar_proc?cod_materia=70299,Prefeito do Recife,Em vigor,Decreto Legislativo 18338/2017
"Decreto Legislativo nº 838, de 14/12/2017",https://publico.recife.pe.leg.br/consultas/norma_juridica/norma_juridica_mostrar_proc?cod_norma=1308,CONCEDE O TÍTULO DE CIDADÃO DO RECIFE AO TREINADOR DE FUTEBOL PROFISSIONAL DO SPORT CLUBE DO RECIFE DANIEL PALLO BARIONI.,PDL 63/2017,https://publico.recife.pe.leg.br/consultas/materia/materia_mostrar_proc?cod_materia=76066,Comissão Executiva,Em vigor,Decreto Legislativo 838/2017
"Decreto Legislativo nº 837, de 14/12/2017",https://publico.recife.pe.leg.br/consultas/norma_juridica/norma_juridica_mostrar_proc?cod_norma=1255,CONCEDE O TÍTULO DE CIDADÃO DO RECIFE AO SR. JOSÉ DURVAL DE LEMOS LINS FILHO.,PDL 39/2017,https://publico.recife.pe.leg.br/consultas/materia/materia_mostrar_proc?cod_materia=71946,Romero Albuquerque,Em vigor,Decreto Legislativo 837/2017
"Decreto Legislativo nº 836, de 14/12/2017",https://publico.recife.pe.leg.br/consultas/norma_juridica/norma_juridica_mostrar_proc?cod_norma=1243,CONCEDE A MEDALHA DE MÉRITO JOSÉ MARIANO AO DR. ANTÔNIO MÁRIO DE ABREU PINTO.,PDL 35/2017,https://publico.recife.pe.leg.br/consultas/materia/materia_mostrar_proc?cod_materia=71158,Michele Collins,Em vigor,Decreto Legislativo 836/2017
"Decreto Legislativo nº 835, de 14/12/2017",https://publico.recife.pe.leg.br/consultas/norma_juridica/norma_juridica_mostrar_proc?cod_norma=1312,DISPÕE SOBRE A CONCESSÃO DA MEDALHA DE MÉRITO “JOSÉ MARIANO” AO TENENTE-CORONEL ROBSON ROBERTO COUTO DE ARAÚJO.,PDL 59/2017,https://publico.recife.pe.leg.br/consultas/materia/materia_mostrar_proc?cod_materia=75229,Aline Mariano,Em vigor,Decreto Legislativo 835/2017
"Decreto Legislativo nº 834, de 04/12/2017",https://publico.recife.pe.leg.br/consultas/norma_juridica/norma_juridica_mostrar_proc?cod_norma=1306,CONCEDE O TÍTULO DE CIDADÃO DO RECIFE AO FREI CLAUDIO SIMÕES GALINDO.,PDL 55/2017,https://publico.recife.pe.leg.br/consultas/materia/materia_mostrar_proc?cod_materia=74451,Aerto Luna,Em vigor,Decreto Legislativo 834/2017
"Decreto Legislativo nº 833, de 04/12/2017",https://publico.recife.pe.leg.br/consultas/norma_juridica/norma_juridica_mostrar_proc?cod_norma=1300,CONCEDE A MEDALHA DO MÉRITO JOSÉ MARIANO AO CEL PM ALBERTO CASSIANO BARBOSA.,PDL 50/2017,https://publico.recife.pe.leg.br/consultas/materia/materia_mostrar_proc?cod_materia=73971,Augusto Carreras,Em vigor,Decreto Legislativo 833/2017
"Decreto Legislativo nº 832, de 04/12/2017",https://publico.recife.pe.leg.br/consultas/norma_juridica/norma_juridica_mostrar_proc?cod_norma=1261,CONCEDE A MEDALHA DE MÉRITO JOSÉ MARIANO AO TRABALHO SOCIAL UNIVERSAL NOS PRESÍDIOS- UNP.,PDL 44/2017,https://publico.recife.pe.leg.br/consultas/materia/materia_mostrar_proc?cod_materia=72791,Professora Ana Lúcia,Em vigor,Decreto Legislativo 832/2017
"Decreto Legislativo nº 831, de 04/12/2017",https://publico.recife.pe.leg.br/consultas/norma_juridica/norma_juridica_mostrar_proc?cod_norma=1316,"AUTORIZA O SENHOR GERALDO JÚLIO DE MELLO FILHO, PREFEITO DA CIDADE DO RECIFE, A SE AUSENTAR DO PAÍS, NO PERÍODO DE 10 A 22 DE JANEIRO DE 2018.",PDL 62/2017,https://publico.recife.pe.leg.br/consultas/materia/materia_mostrar_proc?cod_materia=75771,Comissão Executiva,Em vigor,Decreto Legislativo 831/2017
"Decreto Legislativo nº 830, de 27/11/2017",https://publico.recife.pe.leg.br/consultas/norma_juridica/norma_juridica_mostrar_proc?cod_norma=1314,CONCEDE O TÍTULO DE CIDADÃ DO RECIFE À MÉDICA DO TRABALHO JANDIRA DANTAS MACHADO.,PDL 60/2017,https://publico.recife.pe.leg.br/consultas/materia/materia_mostrar_proc?cod_materia=75265,Jairo Britto,Em vigor,Decreto Legislativo 830/2017
"Decreto Legislativo nº 829, de 27/11/2017",https://publico.recife.pe.leg.br/consultas/norma_juridica/norma_juridica_mostrar_proc?cod_norma=1311,CONCEDE MEDALHA JOSÉ MARIANO AO SENHOR JOSÉ NIVALDO JÚNIOR.,PDL 58/2017,https://publico.recife.pe.leg.br/consultas/materia/materia_mostrar_proc?cod_materia=75161,Wanderson Florêncio,Em vigor,Decreto Legislativo 829/2017
"Decreto Legislativo nº 828, de 30/11/2017",https://publico.recife.pe.leg.br/consultas/norma_juridica/norma_juridica_mostrar_proc?cod_norma=1304,CONCEDE O TÍTULO DE CIDADÃO DO RECIFE AO  DESEMBARGADOR MANOEL DE OLIVEIRA ERHARDT.,PDL 53/2017,https://publico.recife.pe.leg.br/consultas/materia/materia_mostrar_proc?cod_materia=74342,Antonio Luiz Neto,Em vigor,Decreto Legislativo 828/2017
"Decreto Legislativo nº 827, de 27/11/2017",https://publico.recife.pe.leg.br/consultas/norma_juridica/norma_juridica_mostrar_proc?cod_norma=1303,"CONCEDE O TÍTULO DE CIDADÃO DO RECIFE AO SUPERINTENDENTE DA CDL – CÂMARA DE DIRIGENTES LOJISTAS DO RECIFE, HUGO ALFREDO PHILIPPSEN.",PDL 52/2017,https://publico.recife.pe.leg.br/consultas/materia/materia_mostrar_proc?cod_materia=74300,Gilberto Alves,Em vigor,Decreto Legislativo 827/2017
"Decreto Legislativo nº 826, de 27/11/2017",https://publico.recife.pe.leg.br/consultas/norma_juridica/norma_juridica_mostrar_proc?cod_norma=1298,CONCEDE O TÍTULO DE CIDADÃ DO RECIFE A HELENA CAÚLA REIS.,PDL 49/2017,https://publico.recife.pe.leg.br/consultas/materia/materia_mostrar_proc?cod_materia=73970,Jayme Asfora,Em vigor,Decreto Legislativo 826/2017
"Decreto Legislativo nº 825, de 27/11/2017",https://publico.recife.pe.leg.br/consultas/norma_juridica/norma_juridica_mostrar_proc?cod_norma=1293,CONCEDE A MEDALHA DE MÉRITO JOSÉ MARIANO PARA A ATLETA ETIENE PIRES DE MEDEIROS.,PDL 47/2017,https://publico.recife.pe.leg.br/consultas/materia/materia_mostrar_proc?cod_materia=72980,Almir Fernando,Em vigor,Decreto Legislativo 825/2017
"Decreto Legislativo nº 824, de 27/11/2017",https://publico.recife.pe.leg.br/consultas/norma_juridica/norma_juridica_mostrar_proc?cod_norma=1257,CONCEDE O TÍTULO DE “CIDADÃO DO RECIFE” AO SR. ADALBERTO DE OLIVEIRA MELO.,PDL 41/2017,https://publico.recife.pe.leg.br/consultas/materia/materia_mostrar_proc?cod_materia=72242,Romero Albuquerque,Em vigor,Decreto Legislativo 824/2017
"Decreto Legislativo nº 823, de 21/11/2017",https://publico.recife.pe.leg.br/consultas/norma_juridica/norma_juridica_mostrar_proc?cod_norma=1305,DISPÕE SOBRE A CONCESSÃO DA MEDALHA DE MÉRITO JOSÉ MARIANO AO MÉDICO ELIÉZER RUSHANSKY.,PDL 54/2017,https://publico.recife.pe.leg.br/consultas/materia/materia_mostrar_proc?cod_materia=74450,Eriberto Rafael,Em vigor,Decreto Legislativo 823/2017
"Decreto Legislativo nº 822, de 21/11/2017",https://publico.recife.pe.leg.br/consultas/norma_juridica/norma_juridica_mostrar_proc?cod_norma=1296,DISPÕE SOBRE A CONCESSÃO DA MEDALHA DE MÉRITO “JOSÉ MARIANO” AO JUIZ JOÃO JOSÉ ROCHA TARGINO.,PDL 48/2017,https://publico.recife.pe.leg.br/consultas/materia/materia_mostrar_proc?cod_materia=73146,Aline Mariano,Em vigor,Decreto Legislativo 822/2017
"Decreto Legislativo nº 821, de 13/11/2017",https://publico.recife.pe.leg.br/consultas/norma_juridica/norma_juridica_mostrar_proc?cod_norma=1301,CONCEDE O TÍTULO DE CIDADÃO DO RECIFE AO SR. RICARDO COIMBRA DE ALMEIDA BRENNAND.,PDL 51/2017,https://publico.recife.pe.leg.br/consultas/materia/materia_mostrar_proc?cod_materia=74260,André Régis,Em vigor,Decreto Legislativo 821/2017
"Decreto Legislativo nº 820, de 13/11/2017",https://publico.recife.pe.leg.br/consultas/norma_juridica/norma_juridica_mostrar_proc?cod_norma=1259,"CONCEDE O TÍTULO DE CIDADÃO DO RECIFE AO JOGADOR DE FUTEBOL DO SANTA CRUZ FUTEBOL CLUBE, DR. EDINALDO BATISTA LIBÂNIO, MAIS CONHECIDO COMO GRAFITE.",PDL 42/2017,https://publico.recife.pe.leg.br/consultas/materia/materia_mostrar_proc?cod_materia=72657,Rodrigo Coutinho,Em vigor,Decreto Legislativo 820/2017
"Decreto Legislativo nº 819, de 31/10/2017",https://publico.recife.pe.leg.br/consultas/norma_juridica/norma_juridica_mostrar_proc?cod_norma=1256,"CONCEDE O TÍTULO DE CIDADÃO DE RECIFE AO ESCRITOR, JORNALISTA, CRÍTICO LITERÁRIO E DOCUMENTARISTA MAURÍCIO MELO JÚNIOR.",PDL 40/2017,https://publico.recife.pe.leg.br/consultas/materia/materia_mostrar_proc?cod_materia=72200,Gilberto Alves,Em vigor,Decreto Legislativo 819/2017
"Decreto Legislativo nº 818, de 31/10/2017",https://publico.recife.pe.leg.br/consultas/norma_juridica/norma_juridica_mostrar_proc?cod_norma=1240,CONCEDE O TÍTULO DE CIDADÃO DO RECIFE AO SR. MARINALDO JOSÉ PEIXOTO.,PDL 34/2017,https://publico.recife.pe.leg.br/consultas/materia/materia_mostrar_proc?cod_materia=70816,Romero Albuquerque,Em vigor,Decreto Legislativo 818/2017
"Decreto Legislativo nº 817, de 02/10/2017",https://publico.recife.pe.leg.br/consultas/norma_juridica/norma_juridica_mostrar_proc?cod_norma=1262,CONCEDE A MEDALHA DE MÉRITO JOSÉ MARIANO À RÁDIO MARANATA FM.,PDL 46/2017,https://publico.recife.pe.leg.br/consultas/materia/materia_mostrar_proc?cod_materia=72897,Michele Collins,Em vigor,Decreto Legislativo 817/2017
"Decreto Legislativo nº 816, de 02/10/2017",https://publico.recife.pe.leg.br/consultas/norma_juridica/norma_juridica_mostrar_proc?cod_norma=1260,DISPÕE SOBRE A CONCESSÃO DO TÍTULO DE “CIDADÃO DO RECIFE” AO SR. PAULO DE MÉLO E LIMA.,PDL 43/2017,https://publico.recife.pe.leg.br/consultas/materia/materia_mostrar_proc?cod_materia=72740,Wanderson Florêncio,Em vigor,Decreto Legislativo 816/2017
"Decreto Legislativo nº 815, de 02/10/2017",https://publico.recife.pe.leg.br/consultas/norma_juridica/norma_juridica_mostrar_proc?cod_norma=1254,CONCEDE O TÍTULO DE CIDADÃO DO RECIFE AO PASTOR EBENÉZER NUNES DA SILVA.,PDL 38/2017,https://publico.recife.pe.leg.br/consultas/materia/materia_mostrar_proc?cod_materia=71936,Renato Antunes,Em vigor,Decreto Legislativo 815/2017
"Decreto Legislativo nº 814, de 02/10/2017",https://publico.recife.pe.leg.br/consultas/norma_juridica/norma_juridica_mostrar_proc?cod_norma=1253,CONCEDE O TÍTULO DE CIDADÃO DO RECIFE AO SR. ADÊNIO CARNEIRO VILELA JUNIOR,PDL 37/2017,https://publico.recife.pe.leg.br/consultas/materia/materia_mostrar_proc?cod_materia=71346,Rogério de Lucca,Em vigor,Decreto Legislativo 814/2017
"Decreto Legislativo nº 813, de 02/10/2017",https://publico.recife.pe.leg.br/consultas/norma_juridica/norma_juridica_mostrar_proc?cod_norma=1233,CONCEDE O TÍTULO DE CIDADÃO DO RECIFE AO JORNALISTA E RADIALISTA ALDO VILELA.,PDL 32/2017,https://publico.recife.pe.leg.br/consultas/materia/materia_mostrar_proc?cod_materia=71482,Aline Mariano,Em vigor,Decreto Legislativo 813/2017
"Decreto Legislativo nº 812, de 02/10/2017",https://publico.recife.pe.leg.br/consultas/norma_juridica/norma_juridica_mostrar_proc?cod_norma=1065,CONCEDE O TÍTULO DE CIDADÃO DO RECIFE AO PASTOR SILAS LIMA MALAFAIA.,PDL 25/2017,https://publico.recife.pe.leg.br/consultas/materia/materia_mostrar_proc?cod_materia=68651,Fred Ferreira,Em vigor,Decreto Legislativo 812/2017
"Decreto Legislativo nº 810, de 11/09/2017",https://publico.recife.pe.leg.br/consultas/norma_juridica/norma_juridica_mostrar_proc?cod_norma=1238,CONCEDE O TITULO DE CIDADÃO DO RECIFE AO SR. CARLOS ROBERTO WIZARD MARTINS.,PDL 33/2017,https://publico.recife.pe.leg.br/consultas/materia/materia_mostrar_proc?cod_materia=70428,Amaro Cipriano Maguari,Em vigor,Decreto Legislativo 810/2017
"Decreto Legislativo nº 809, de 11/09/2017",https://publico.recife.pe.leg.br/consultas/norma_juridica/norma_juridica_mostrar_proc?cod_norma=1090,CONCEDE O TÍTULO DE CIDADÃO DO RECIFE AO EMPRESÁRIO YVES NOGUEIRA.,PDL 30/2017,https://publico.recife.pe.leg.br/consultas/materia/materia_mostrar_proc?cod_materia=71154,Jayme Asfora,Em vigor,Decreto Legislativo 809/2017
"Decreto Legislativo nº 808, de 11/09/2017",https://publico.recife.pe.leg.br/consultas/norma_juridica/norma_juridica_mostrar_proc?cod_norma=1084,CONCEDE O TÍTULO DE CIDADÃO DO RECIFE AO BISPO WILLIAM BRÍGIDO.,PDL 28/2017,https://publico.recife.pe.leg.br/consultas/materia/materia_mostrar_proc?cod_materia=69334,Professora Ana Lúcia,Em vigor,Decreto Legislativo 808/2017
"Decreto Legislativo nº 807, de 28/08/2017",https://publico.recife.pe.leg.br/consultas/norma_juridica/norma_juridica_mostrar_proc?cod_norma=1087,CONCEDE A MEDALHA DE MÉRITO JOSÉ MARIANO À QUADRILHA JUNINA EVOLUÇÃO.,PDL 29/2017,https://publico.recife.pe.leg.br/consultas/materia/materia_mostrar_proc?cod_materia=69867,Alcides Teixeira Neto,Em vigor,Decreto Legislativo 807/2017
"Decreto Legislativo nº 806, de 28/08/2017",https://publico.recife.pe.leg.br/consultas/norma_juridica/norma_juridica_mostrar_proc?cod_norma=1080,CONCEDE O TÍTULO DE “CIDADÃO DO RECIFE” À CANTORA E COMPOSITORA TEREZINHA BEZERRA CHAVES (TEREZINHA DO ACORDEON).,PDL 27/2017,https://publico.recife.pe.leg.br/consultas/materia/materia_mostrar_proc?cod_materia=69333,Alcides Teixeira Neto,Em vigor,Decreto Legislativo 806/2017
"Decreto Legislativo nº 805, de 28/08/2017",https://publico.recife.pe.leg.br/consultas/norma_juridica/norma_juridica_mostrar_proc?cod_norma=1046,CONCEDE A MEDALHA DE MÉRITO JOSÉ MARIANO AO PROFESSOR PÓS-DOUTOR WILLAMES DE ALBUQUERQUE SOARES.,PDL 20/2017,https://publico.recife.pe.leg.br/consultas/materia/materia_mostrar_proc?cod_materia=66530,Almir Fernando,Em vigor,Decreto Legislativo 805/2017
"Decreto Legislativo nº 804, de 21/08/2017",https://publico.recife.pe.leg.br/consultas/norma_juridica/norma_juridica_mostrar_proc?cod_norma=1047,CONCEDE O TÍTULO DE CIDADÃO DO RECIFE AO CANTOR WESLEY OLIVEIRA DA SILVA.,PDL 21/2017,https://publico.recife.pe.leg.br/consultas/materia/materia_mostrar_proc?cod_materia=66546,Felipe Francismar,Em vigor,Decreto Legislativo 804/2017
"Decreto Legislativo nº 803, de 21/08/2017",https://publico.recife.pe.leg.br/consultas/norma_juridica/norma_juridica_mostrar_proc?cod_norma=1245,CONCEDE A MEDALHA DE MÉRITO JOSÉ MARIANO AO HOSPITAL DE AERONÁUTICA DE RECIFE-HARF.,PDL 36/2017,https://publico.recife.pe.leg.br/consultas/materia/materia_mostrar_proc?cod_materia=71175,Comissão Executiva,Em vigor,Decreto Legislativo 803/2017
"Decreto Legislativo nº 802, de 08/08/2017",https://publico.recife.pe.leg.br/consultas/norma_juridica/norma_juridica_mostrar_proc?cod_norma=1061,CONCEDE O TÍTULO DE CIDADÃO DO RECIFE AO PROFESSOR HAYASHI KAWAMURA.,PDL 24/2017,https://publico.recife.pe.leg.br/consultas/materia/materia_mostrar_proc?cod_materia=68214,Hélio Guabiraba,Em vigor,Decreto Legislativo 802/2017
"Decreto Legislativo nº 801, de 08/08/2017",https://publico.recife.pe.leg.br/consultas/norma_juridica/norma_juridica_mostrar_proc?cod_norma=1058,CONCEDE O TÍTULO DE CIDADÃO DO RECIFE À DIRETORA DA ACCENTURE BRASIL FLAVIA PICOLO.,PDL 23/2017,https://publico.recife.pe.leg.br/consultas/materia/materia_mostrar_proc?cod_materia=66663,Jayme Asfora,Em vigor,Decreto Legislativo 801/2017
"Decreto Legislativo nº 800, de 08/08/2017",https://publico.recife.pe.leg.br/consultas/norma_juridica/norma_juridica_mostrar_proc?cod_norma=1054,CONCEDE O TÍTULO DE CIDADÃO RECIFENSE AO DR. ANTONOALDO GRANGEON TRANCOSO NEVES.,PDL 22/2017,https://publico.recife.pe.leg.br/consultas/materia/materia_mostrar_proc?cod_materia=66574,Augusto Carreras,Em vigor,Decreto Legislativo 800/2017
"Decreto Legislativo nº 799, de 20/06/2017",https://publico.recife.pe.leg.br/consultas/norma_juridica/norma_juridica_mostrar_proc?cod_norma=893,CONCEDE MEDALHA DE MÉRITO JOSÉ MARIANO À IGREJA EVANGÉLICA ASSEMBLEIA DE DEUS EM PERNAMBUCO (IEADPE).,PDL 19/2017,https://publico.recife.pe.leg.br/consultas/materia/materia_mostrar_proc?cod_materia=66421,Aimee Carvalho,Em vigor,Decreto Legislativo 799/2017
"Decreto Legislativo nº 798, de 20/06/2017",https://publico.recife.pe.leg.br/consultas/norma_juridica/norma_juridica_mostrar_proc?cod_norma=785,CONCEDE O TÍTULO DE CIDADÃO DO RECIFE AO SR. ADILSON GOMES SILVA,PDL 52/2016,https://publico.recife.pe.leg.br/consultas/materia/materia_mostrar_proc?cod_materia=62784,Luiz Eustáquio,Em vigor,Decreto Legislativo 798/2017
"Decreto Legislativo nº 797, de 29/05/2017",https://publico.recife.pe.leg.br/consultas/norma_juridica/norma_juridica_mostrar_proc?cod_norma=892,DISPÕE SOBRE A CONCESSÃO DA MEDALHA DE MÉRITO JOSÉ MARIANO AO DESEMBARGADOR NILDO NERY.,PDL 18/2017,https://publico.recife.pe.leg.br/consultas/materia/materia_mostrar_proc?cod_materia=65886,Aline Mariano,Em vigor,Decreto Legislativo 797/2017
"Decreto Legislativo nº 796, de 29/05/2017",https://publico.recife.pe.leg.br/consultas/norma_juridica/norma_juridica_mostrar_proc?cod_norma=847,CONCEDE A MEDALHA DE MÉRITO JOSÉ MARIANO AO SR. FRANCISCO AMÂNCIO DA SILVA – MAESTRO FORRÓ.,PDL 13/2017,https://publico.recife.pe.leg.br/consultas/materia/materia_mostrar_proc?cod_materia=64642,Almir Fernando,Em vigor,Decreto Legislativo 796/2017
"Decreto Legislativo nº 795, de 29/05/2017",https://publico.recife.pe.leg.br/consultas/norma_juridica/norma_juridica_mostrar_proc?cod_norma=846,CONCEDE TÍTULO DE CIDADÃO DO RECIFE AO REVERENDO ABNER FERREIRA DE ASSIS.,PDL 12/2017,https://publico.recife.pe.leg.br/consultas/materia/materia_mostrar_proc?cod_materia=64369,Michele Collins,Em vigor,Decreto Legislativo 795/2017
"Decreto Legislativo nº 794, de 23/05/2017",https://publico.recife.pe.leg.br/consultas/norma_juridica/norma_juridica_mostrar_proc?cod_norma=889,CONDECE O TITULO DE CIDADÃ DO RECIFE A SRA. FABIANA ROBERTA RIBEIRO DE VASCONCELOS LUCENA.,PDL 15/2017,https://publico.recife.pe.leg.br/consultas/materia/materia_mostrar_proc?cod_materia=65367,Benjamim da Saúde,Em vigor,Decreto Legislativo 794/2017
"Decreto Legislativo nº 793, de 26/05/2017",https://publico.recife.pe.leg.br/consultas/norma_juridica/norma_juridica_mostrar_proc?cod_norma=888,CONCEDE O TÍTULO DE CIDADÃO DO RECIFE AO JORNALISTA E ESCRITOR CÍCERO BELMAR.,PDL 14/2017,https://publico.recife.pe.leg.br/consultas/materia/materia_mostrar_proc?cod_materia=64975,Aimee Carvalho,Em vigor,Decreto Legislativo 793/2017
"Decreto Legislativo nº 792, de 02/05/2017",https://publico.recife.pe.leg.br/consultas/norma_juridica/norma_juridica_mostrar_proc?cod_norma=845,CONCEDE O TÍTULO DE CIDADÃ DO RECIFE A SR.ª PATRÍCIA GONÇALVES DOS SANTOS.,PDL 11/2017,https://publico.recife.pe.leg.br/consultas/materia/materia_mostrar_proc?cod_materia=64312,Romero Albuquerque,Em vigor,Decreto Legislativo 792/2017
"Decreto Legislativo nº 791, de 02/05/2017",https://publico.recife.pe.leg.br/consultas/norma_juridica/norma_juridica_mostrar_proc?cod_norma=844,CONCEDE O TÍTULO DE CIDADÃO DO RECIFE AO SR. DELMIRO DANTAS CAMPOS NETO.,PDL 10/2017,https://publico.recife.pe.leg.br/consultas/materia/materia_mostrar_proc?cod_materia=63828,Romero Albuquerque,Em vigor,Decreto Legislativo 791/2017
"Decreto Legislativo nº 790, de 25/04/2017",https://publico.recife.pe.leg.br/consultas/norma_juridica/norma_juridica_mostrar_proc?cod_norma=890,CONCEDE O TÍTULO DE CIDADÃO DO RECIFE AO PRESIDENTE INTERNACIONAL DA SOCIEDADE SÃO VICENTE DE PAULO (SSVP) RENATO LIMA DE OLIVEIRA.,PDL 17/2017,https://publico.recife.pe.leg.br/consultas/materia/materia_mostrar_proc?cod_materia=65724,Aerto Luna,Em vigor,Decreto Legislativo 790/2017
"Decreto Legislativo nº 789, de 15/04/2017",https://publico.recife.pe.leg.br/consultas/norma_juridica/norma_juridica_mostrar_proc?cod_norma=838,CONCEDE O TÍTULO DE CIDADÃO DO RECIFE AO SR. DR. PIERRE LUCENA RABONI.,PDL 6/2017,https://publico.recife.pe.leg.br/consultas/materia/materia_mostrar_proc?cod_materia=63411,André Régis,Em vigor,Decreto Legislativo 789/2017
"Decreto Legislativo nº 788, de 25/04/2017",https://publico.recife.pe.leg.br/consultas/norma_juridica/norma_juridica_mostrar_proc?cod_norma=831,EMENTA: CONCEDE TÍTULO DE CIDADÃO DO RECIFE A PAULO RUBEM SANTIAGO FERREIRA.,PDL 3/2017,https://publico.recife.pe.leg.br/consultas/materia/materia_mostrar_proc?cod_materia=63405,Rinaldo Júnior,Em vigor,Decreto Legislativo 788/2017
"Decreto Legislativo nº 787, de 25/04/2017",https://publico.recife.pe.leg.br/consultas/norma_juridica/norma_juridica_mostrar_proc?cod_norma=825,CONCEDE MEDALHA DO MÉRITO JOSÉ MARIANO AO FREI ALOÍSIO FRAGOSO DE MORAIS.,PDL 58/2016,https://publico.recife.pe.leg.br/consultas/materia/materia_mostrar_proc?cod_materia=62962,Marília Arraes,Em vigor,Decreto Legislativo 787/2017
"Decreto Legislativo nº 786, de 10/04/2017",https://publico.recife.pe.leg.br/consultas/norma_juridica/norma_juridica_mostrar_proc?cod_norma=826,CONCEDE A MEDALHA JOSÉ MARIANO AO CANTOR PETRÚCIO AMORIM.,PDL 59/2016,https://publico.recife.pe.leg.br/consultas/materia/materia_mostrar_proc?cod_materia=63027,Henrique Leite,Em vigor,Decreto Legislativo 786/2017
"Decreto Legislativo nº 785, de 05/04/2017",https://publico.recife.pe.leg.br/consultas/norma_juridica/norma_juridica_mostrar_proc?cod_norma=790,CONCEDE O TÍTULO DE CIDADÃO DO RECIFE AO MINISTRO DEMÓCRITO RAMOS REINALDO.,PDL 56/2016,https://publico.recife.pe.leg.br/consultas/materia/materia_mostrar_proc?cod_materia=62941,Carlos Gueiros,Em vigor,Decreto Legislativo 785/2017
"Decreto Legislativo nº 784, de 05/04/2017",https://publico.recife.pe.leg.br/consultas/norma_juridica/norma_juridica_mostrar_proc?cod_norma=783,CONCEDE O TÍTULO DE CIDADÃO DO RECIFE AO DELEGADO DE POLÍCIA CIVIL ESPECIAL ADEMAR CÂNDIDO DE OLIVEIRA.,PDL 50/2016,https://publico.recife.pe.leg.br/consultas/materia/materia_mostrar_proc?cod_materia=62518,Marcos Menezes,Em vigor,Decreto Legislativo 784/2017
"Decreto Legislativo nº 783, de 05/04/2017",https://publico.recife.pe.leg.br/consultas/norma_juridica/norma_juridica_mostrar_proc?cod_norma=829,CONCEDE O TÍTULO DE CIDADÃO DO RECIFE AO SR.JAIME AMORIM.,PDL 1/2017,https://publico.recife.pe.leg.br/consultas/materia/materia_mostrar_proc?cod_materia=63202,Marília Arraes,Em vigor,Decreto Legislativo 783/2017
"Decreto Legislativo nº 782, de 20/03/2017",https://publico.recife.pe.leg.br/consultas/norma_juridica/norma_juridica_mostrar_proc?cod_norma=840,CONCEDE O TÍTULO DE CIDADÃO DO RECIFE AO DR. ENIO DANIEL RIBEIRO KOCH.,PDL 8/2017,https://publico.recife.pe.leg.br/consultas/materia/materia_mostrar_proc?cod_materia=63677,Benjamim da Saúde,Em vigor,Decreto Legislativo 782/2017
"Decreto Legislativo nº 781, de 20/03/2017",https://publico.recife.pe.leg.br/consultas/norma_juridica/norma_juridica_mostrar_proc?cod_norma=839,CONCEDE A MEDALHA DE MÉRITO JOSÉ MARIANO AO HOSPITAL MILITAR DE ÁREA DE RECIFE - HMAR.,PDL 7/2017,https://publico.recife.pe.leg.br/consultas/materia/materia_mostrar_proc?cod_materia=63670,Eduardo Marques,Em vigor,Decreto Legislativo 781/2017
"Decreto Legislativo nº 780, de 20/03/2017",https://publico.recife.pe.leg.br/consultas/norma_juridica/norma_juridica_mostrar_proc?cod_norma=787,"CONCEDE TÍTULO DE CIDADÃO DO RECIFE, AO PASTOR CLEITON COLLINS.",PDL 54/2016,https://publico.recife.pe.leg.br/consultas/materia/materia_mostrar_proc?cod_materia=62854,Comissão Executiva,Em vigor,Decreto Legislativo 780/2017
"Decreto Legislativo nº 779, de 20/03/2017",https://publico.recife.pe.leg.br/consultas/norma_juridica/norma_juridica_mostrar_proc?cod_norma=786,CONCEDE A MEDALHA DO MÉRITO JOSÉ MARIANO AO ADVOGADO E PROFESSOR HELENO TAVEIRA TÔRRES.,PDL 53/2016,https://publico.recife.pe.leg.br/consultas/materia/materia_mostrar_proc?cod_materia=62840,Jayme Asfora,Em vigor,Decreto Legislativo 779/2017
"Decreto Legislativo nº 778, de 20/03/2017",https://publico.recife.pe.leg.br/consultas/norma_juridica/norma_juridica_mostrar_proc?cod_norma=774,CONCEDE TÍTULO DE CIDADÃO DO RECIFE AO PASTOR AURIVAN MARINHO DA COSTA.,PDL 41/2016,https://publico.recife.pe.leg.br/consultas/materia/materia_mostrar_proc?cod_materia=61968,Michele Collins,Em vigor,Decreto Legislativo 778/2017
"Decreto Legislativo nº 776, de 13/03/2017",https://publico.recife.pe.leg.br/consultas/norma_juridica/norma_juridica_mostrar_proc?cod_norma=791,CONCEDE O TÍTULO DE CIDADÃO DO RECIFE AO SR. SEVERINO PEREIRA LEITE JÚNIOR.,PDL 57/2016,https://publico.recife.pe.leg.br/consultas/materia/materia_mostrar_proc?cod_materia=62961,Comissão Executiva,Em vigor,Decreto Legislativo 776/2017
"Decreto Legislativo nº 775, de 13/03/2017",https://publico.recife.pe.leg.br/consultas/norma_juridica/norma_juridica_mostrar_proc?cod_norma=789,CONCEDE A MEDALHA DO MÉRITO JOSÉ MARIANO À MÉDICA PEDIATRA DOUTORA VERA LOPES.,PDL 55/2016,https://publico.recife.pe.leg.br/consultas/materia/materia_mostrar_proc?cod_materia=62856,Comissão Executiva,Em vigor,Decreto Legislativo 775/2017
"Decreto Legislativo nº 774, de 08/03/2017",https://publico.recife.pe.leg.br/consultas/norma_juridica/norma_juridica_mostrar_proc?cod_norma=830,CONCEDE O TÍTULO DE CIDADÃ RECIFENSE À ADRIANA FALANGOLA BENJAMIN - DONA DIDI - ARTISTA DO CINEMA MUDO NO BRASIL.,PDL 2/2017,https://publico.recife.pe.leg.br/consultas/materia/materia_mostrar_proc?cod_materia=63265,Ricardo Cruz,Em vigor,Decreto Legislativo 774/2017
"Decreto Legislativo nº 773, de 22/02/2017",https://publico.recife.pe.leg.br/consultas/norma_juridica/norma_juridica_mostrar_proc?cod_norma=842,"AUTORIZA O SENHOR GERALDO JÚLIO DE MELLO FILHO, PREFEITO DA CIDADE DO RECIFE, A SE AUSENTAR DO PAÍS NO PERÍODO DE 18 À 21 DE MARÇO DO CORRENTE EXERCÍCIO.",PDL 9/2017,https://publico.recife.pe.leg.br/consultas/materia/materia_mostrar_proc?cod_materia=63680,Comissão Executiva,Em vigor,Decreto Legislativo 773/2017
"Decreto Legislativo nº 772, de 20/02/2017",https://publico.recife.pe.leg.br/consultas/norma_juridica/norma_juridica_mostrar_proc?cod_norma=836,"CONCEDE O TÍTULO DE CIDADÃO DO RECIFE AO SR. MARCELLO DINIZ CORDEIRO, SUPERINTENDENTE REGIONAL DA POLÍCIA FEDERAL NO ESTADO DE PERNAMBUCO.",PDL 5/2017,https://publico.recife.pe.leg.br/consultas/materia/materia_mostrar_proc?cod_materia=63410,André Régis,Em vigor,Decreto Legislativo 772/2017
"Decreto Legislativo nº 771, de 20/02/2017",https://publico.recife.pe.leg.br/consultas/norma_juridica/norma_juridica_mostrar_proc?cod_norma=833,CONCEDE MEDALHA DO MÉRITO JOSÉ MARIANO AO SR. ROBERTO GUSMÃO.,PDL 4/2017,https://publico.recife.pe.leg.br/consultas/materia/materia_mostrar_proc?cod_materia=63406,Marco Aurélio Medeiros,Em vigor,Decreto Legislativo 771/2017
"Decreto Legislativo nº 770, de 20/12/2016",https://publico.recife.pe.leg.br/consultas/norma_juridica/norma_juridica_mostrar_proc?cod_norma=784,CONCEDE A MEDALHA JOSÉ MARIANO AO DR. ANGELO RAFAEL FERREIRA DOS SANTOS.,PDL 51/2016,https://publico.recife.pe.leg.br/consultas/materia/materia_mostrar_proc?cod_materia=62662,Comissão Executiva,Em vigor,Decreto Legislativo 770/2016
"Decreto Legislativo nº 769, de 13/12/2016",https://publico.recife.pe.leg.br/consultas/norma_juridica/norma_juridica_mostrar_proc?cod_norma=779,"CONCEDE A MEDALHA DE MÉRITO JOSÉ MARIANO À ORQUESTRA CRIANÇA CIDADÃ, REPRESENTADA PELO JUIZ DE DIREITO JOÃO JOSÉ ROCHA TARGINO - IDEALIZADOR E COORDENADOR GERAL.",PDL 46/2016,https://publico.recife.pe.leg.br/consultas/materia/materia_mostrar_proc?cod_materia=62453,Jadeval de Lima,Em vigor,Decreto Legislativo 769/2016
"Decreto Legislativo nº 768, de 13/12/2016",https://publico.recife.pe.leg.br/consultas/norma_juridica/norma_juridica_mostrar_proc?cod_norma=778,DISPÕE SOBRE A CONCESSÃO DA MEDALHA DE MÉRITO “JOSÉ MARIANO” À COMENDADORA CHEF ERILENE MONTEIRO.,PDL 45/2016,https://publico.recife.pe.leg.br/consultas/materia/materia_mostrar_proc?cod_materia=62450,Aline Mariano,Em vigor,Decreto Legislativo 768/2016
"Decreto Legislativo nº 767, de 13/12/2016",https://publico.recife.pe.leg.br/consultas/norma_juridica/norma_juridica_mostrar_proc?cod_norma=777,CONCEDE O TÍTULO DE CIDADÃO DO RECIFE AO PRESIDENTE NACIONAL DO PARTIDO REPUBLICANO PROGRESSISTA (PRP) OVASCO ROMA ALTIMARI RESENDE,PDL 44/2016,https://publico.recife.pe.leg.br/consultas/materia/materia_mostrar_proc?cod_materia=62332,Aerto Luna,Em vigor,Decreto Legislativo 767/2016
"Decreto Legislativo nº 766, de 13/12/2016",https://publico.recife.pe.leg.br/consultas/norma_juridica/norma_juridica_mostrar_proc?cod_norma=764,CONCEDE A MEDALHA DO MÉRITO JOSÉ MARIANO AO PASTOR ROBERTO JOSÉ DOS SANTOS.,PDL 37/2016,https://publico.recife.pe.leg.br/consultas/materia/materia_mostrar_proc?cod_materia=61881,Michele Collins,Em vigor,Decreto Legislativo 766/2016
"Decreto Legislativo nº 765, de 28/11/2016",https://publico.recife.pe.leg.br/consultas/norma_juridica/norma_juridica_mostrar_proc?cod_norma=773,CONCEDE O TÍTULO DE CIDADÃO DO RECIFE AO DR. JAILSON DE BARROS CORREIA.,PDL 40/2016,https://publico.recife.pe.leg.br/consultas/materia/materia_mostrar_proc?cod_materia=61967,Aderaldo Pinto,Em vigor,Decreto Legislativo 765/2016
"Decreto Legislativo nº 764, de 23/11/2016",https://publico.recife.pe.leg.br/consultas/norma_juridica/norma_juridica_mostrar_proc?cod_norma=782,CONCEDE A MEDALHA DE MÉRITO JOSÉ MARIANO AO DR. VICENTE ANDRÉ GOMES,PDL 49/2016,https://publico.recife.pe.leg.br/consultas/materia/materia_mostrar_proc?cod_materia=62502,Comissão Executiva,Em vigor,Decreto Legislativo 764/2016
"Decreto Legislativo nº 763, de 23/11/2016",https://publico.recife.pe.leg.br/consultas/norma_juridica/norma_juridica_mostrar_proc?cod_norma=781,CONCEDE O TÍTULO DE CIDADÃ DO RECIFE A SRA. MARIA APARECIDA PEDROSA BEZERRA.,PDL 48/2016,https://publico.recife.pe.leg.br/consultas/materia/materia_mostrar_proc?cod_materia=62501,Comissão Executiva,Em vigor,Decreto Legislativo 763/2016
"Decreto Legislativo nº 762, de 22/11/2016",https://publico.recife.pe.leg.br/consultas/norma_juridica/norma_juridica_mostrar_proc?cod_norma=780,CONCEDE O TÍTULO DE CIDADÃO DO RECIFE AO SR. ALFREDO JOSÉ DE SANTANA FILHO.,PDL 47/2016,https://publico.recife.pe.leg.br/consultas/materia/materia_mostrar_proc?cod_materia=62494,Comissão Executiva,Em vigor,Decreto Legislativo 762/2016
"Decreto Legislativo nº 761, de 22/11/2016",https://publico.recife.pe.leg.br/consultas/norma_juridica/norma_juridica_mostrar_proc?cod_norma=776,CONCEDE A MEDALHA DE MÉRITO JOSÉ MARIANO AO PROCURADOR DO MINISTÉRIO PÚBLICO DO TRABALHO EM PERNAMBUCO (MPT/PE) DR. LEONARDO OSÓRIO MENDONÇA.,PDL 43/2016,https://publico.recife.pe.leg.br/consultas/materia/materia_mostrar_proc?cod_materia=62285,Aimee Carvalho,Em vigor,Decreto Legislativo 761/2016
"Decreto Legislativo nº 760, de 21/11/2016",https://publico.recife.pe.leg.br/consultas/norma_juridica/norma_juridica_mostrar_proc?cod_norma=775,CONCEDE A MEDALHA DO MÉRITO JOSÉ MARIANO AO LÍDER HUMANITÁRIO SRI SRI RAVI SHANKAR.,PDL 42/2016,https://publico.recife.pe.leg.br/consultas/materia/materia_mostrar_proc?cod_materia=62121,Isabella de Roldão,Em vigor,Decreto Legislativo 760/2016
"Decreto Legislativo nº 759, de 21/11/2016",https://publico.recife.pe.leg.br/consultas/norma_juridica/norma_juridica_mostrar_proc?cod_norma=766,"CONCEDE A MEDALHA DE MÉRITO JOSÉ MARIANO À ASSOCIAÇÃO DOS SERVIDORES DA PREFEITURA DA CIDADE RECIFE – ASPCRE, REPRESENTADA PELO SR. CARLOS LUIZ DA SILVA – PRESIDENTE.",PDL 38/2016,https://publico.recife.pe.leg.br/consultas/materia/materia_mostrar_proc?cod_materia=61882,Jadeval de Lima,Em vigor,Decreto Legislativo 759/2016
"Decreto Legislativo nº 758, de 21/11/2016",https://publico.recife.pe.leg.br/consultas/norma_juridica/norma_juridica_mostrar_proc?cod_norma=762,CONCEDE O TÍTULO DE CIDADÃ DO RECIFE À JORNALISTA CARMEM DOLORES PEIXOTO SANTANA.,PDL 35/2016,https://publico.recife.pe.leg.br/consultas/materia/materia_mostrar_proc?cod_materia=61675,Carlos Gueiros,Em vigor,Decreto Legislativo 758/2016
"Decreto Legislativo nº 757, de 10/10/2016",https://publico.recife.pe.leg.br/consultas/norma_juridica/norma_juridica_mostrar_proc?cod_norma=767,CONCEDE O TÍTULO DE CIDADÃO RECIFE AO MÉDICO RILDO VALENÇA SARAIVA DE MELLO.,PDL 39/2016,https://publico.recife.pe.leg.br/consultas/materia/materia_mostrar_proc?cod_materia=61883,Dra Vera Lopes,Em vigor,Decreto Legislativo 757/2016
"Decreto Legislativo nº 756, de 10/10/2016",https://publico.recife.pe.leg.br/consultas/norma_juridica/norma_juridica_mostrar_proc?cod_norma=760,CONCEDE A MEDALHA DO MÉRITO JOSÉ MARIANO À ALIANÇA DE MÃES E FAMÍLIAS RARAS (AMAR) DO RECIFE.,PDL 34/2016,https://publico.recife.pe.leg.br/consultas/materia/materia_mostrar_proc?cod_materia=61674,Isabella de Roldão,Em vigor,Decreto Legislativo 756/2016
"Decreto Legislativo nº 755, de 10/10/2016",https://publico.recife.pe.leg.br/consultas/norma_juridica/norma_juridica_mostrar_proc?cod_norma=759,CONCEDE TÍTULO DE CIDADÃO DO RECIFE AO FREI DENNYS PIMENTEL.,PDL 33/2016,https://publico.recife.pe.leg.br/consultas/materia/materia_mostrar_proc?cod_materia=61608,Eurico Freire,Em vigor,Decreto Legislativo 755/2016
"Decreto Legislativo nº 754, de 10/10/2016",https://publico.recife.pe.leg.br/consultas/norma_juridica/norma_juridica_mostrar_proc?cod_norma=756,"CONCEDE A MEDALHA DO MÉRITO JOSÉ MARIANO A SEBASTIÃO DE ARAÚJO BARRETO CAMPELLO, PRESIDENTE DO MOVIMENTO PRÓ-CRIANÇA.",PDL 32/2016,https://publico.recife.pe.leg.br/consultas/materia/materia_mostrar_proc?cod_materia=61351,Eurico Freire,Em vigor,Decreto Legislativo 754/2016
"Decreto Legislativo nº 753, de 10/10/2016",https://publico.recife.pe.leg.br/consultas/norma_juridica/norma_juridica_mostrar_proc?cod_norma=716,CONCEDE A MEDALHA DE MÉRITO JOSÉ MARIANO AO GRANDE ORIENTE DE PERNAMBUCO EM HOMENAGEM AOS SEUS 90 ANOS.,PDL 31/2016,https://publico.recife.pe.leg.br/consultas/materia/materia_mostrar_proc?cod_materia=61350,Rogério de Lucca,Em vigor,Decreto Legislativo 753/2016
"Decreto Legislativo nº 752, de 10/10/2016",https://publico.recife.pe.leg.br/consultas/norma_juridica/norma_juridica_mostrar_proc?cod_norma=707,CONCEDE O TÍTULO DE PATRIMÔNIO CIENTÍFICO TECNOLÓGICO DO RECIFE À EMPRESA EPITRACK.,PDL 22/2016,https://publico.recife.pe.leg.br/consultas/materia/materia_mostrar_proc?cod_materia=60094,Marcos Menezes,Em vigor,Decreto Legislativo 752/2016
"Decreto Legislativo nº 751, de 29/08/2016",https://publico.recife.pe.leg.br/consultas/norma_juridica/norma_juridica_mostrar_proc?cod_norma=708,CONCEDE A MEDALHA DO MÉRITO JOSÉ MARIANO À BAILARINA AMANDA PEREIRA DE LIMA.,PDL 23/2016,https://publico.recife.pe.leg.br/consultas/materia/materia_mostrar_proc?cod_materia=60102,Eurico Freire,Em vigor,Decreto Legislativo 751/2016
"Decreto Legislativo nº 750, de 29/08/2016",https://publico.recife.pe.leg.br/consultas/norma_juridica/norma_juridica_mostrar_proc?cod_norma=713,CONCEDE A MEDALHA DO MÉRITO JOSÉ MARIANO AO EMPRESÁRIO E ARTISTA ARLINDO PEREIRA DA SILVA ARLINDO CROSS.,PDL 28/2016,https://publico.recife.pe.leg.br/consultas/materia/materia_mostrar_proc?cod_materia=61174,Marcos di Bria,Em vigor,Decreto Legislativo 750/2016
"Decreto Legislativo nº 749, de 29/08/2016",https://publico.recife.pe.leg.br/consultas/norma_juridica/norma_juridica_mostrar_proc?cod_norma=714,CONCEDE A MEDALHA JOSÉ MARIANO À APAE/RECIFE‒ASSOCIAÇÃO DE PAIS E AMIGOS DOS EXCEPCIONAIS.,PDL 29/2016,https://publico.recife.pe.leg.br/consultas/materia/materia_mostrar_proc?cod_materia=61272,Gilberto Alves,Em vigor,Decreto Legislativo 749/2016
"Decreto Legislativo nº 748, de 29/08/2016",https://publico.recife.pe.leg.br/consultas/norma_juridica/norma_juridica_mostrar_proc?cod_norma=705,CONCEDE A MEDALHA DO MÉRITO JOSÉ MARIANO AO DESEMBARGADOR ANTÔNIO CARLOS ALVES DA SILVA.,PDL 19/2016,https://publico.recife.pe.leg.br/consultas/materia/materia_mostrar_proc?cod_materia=59702,Antonio Luiz Neto,Em vigor,Decreto Legislativo 748/2016
"Decreto Legislativo nº 747, de 29/08/2016",https://publico.recife.pe.leg.br/consultas/norma_juridica/norma_juridica_mostrar_proc?cod_norma=710,CONCEDE O TÍTULO DE CIDADÃO DO RECIFE AO DR. DJALMA JOSÉ GONÇALVES RAPOSO.,PDL 25/2016,https://publico.recife.pe.leg.br/consultas/materia/materia_mostrar_proc?cod_materia=60725,Rogério de Lucca,Em vigor,Decreto Legislativo 747/2016
"Decreto Legislativo nº 746, de 29/08/2016",https://publico.recife.pe.leg.br/consultas/norma_juridica/norma_juridica_mostrar_proc?cod_norma=715,CONCEDE O TÍTULO DE CIDADÃO RECIFENSE AO JORNALISTA JOSÉ EVALDO COSTA.,PDL 30/2016,https://publico.recife.pe.leg.br/consultas/materia/materia_mostrar_proc?cod_materia=61349,Dra Vera Lopes,Em vigor,Decreto Legislativo 746/2016
"Decreto Legislativo nº 745, de 29/08/2016",https://publico.recife.pe.leg.br/consultas/norma_juridica/norma_juridica_mostrar_proc?cod_norma=711,CONCEDE A MEDALHA JOSÉ MARIANO AO SR.NICOLA PEDULLA JÚNIOR.,PDL 26/2016,https://publico.recife.pe.leg.br/consultas/materia/materia_mostrar_proc?cod_materia=60739,Wilton Brito,Em vigor,Decreto Legislativo 745/2016
"Decreto Legislativo nº 744, de 29/08/2016",https://publico.recife.pe.leg.br/consultas/norma_juridica/norma_juridica_mostrar_proc?cod_norma=712,CONCEDE A MEDALHA JOSÉ MARIANO AO SR. PETRUS LEONARDO DE SOUZA .,PDL 27/2016,https://publico.recife.pe.leg.br/consultas/materia/materia_mostrar_proc?cod_materia=61173,Wilton Brito,Em vigor,Decreto Legislativo 744/2016
"Decreto Legislativo nº 743, de 04/07/2016",https://publico.recife.pe.leg.br/consultas/norma_juridica/norma_juridica_mostrar_proc?cod_norma=709,CONCEDE A MEDALHA JOSÉ MARIANO À IGREJA UNIVERSAL DO REINO DE DEUS.,PDL 24/2016,https://publico.recife.pe.leg.br/consultas/materia/materia_mostrar_proc?cod_materia=60517,Alfredo Santana,Em vigor,Decreto Legislativo 743/2016
"Decreto Legislativo nº 742, de 04/07/2016",https://publico.recife.pe.leg.br/consultas/norma_juridica/norma_juridica_mostrar_proc?cod_norma=706,CONCEDE A MEDALHA DO MÉRITO JOSÉ MARIANO AO GRUPO JCPM.,PDL 20/2016,https://publico.recife.pe.leg.br/consultas/materia/materia_mostrar_proc?cod_materia=60054,Michele Collins,Em vigor,Decreto Legislativo 742/2016
"Decreto Legislativo nº 741, de 04/07/2016",https://publico.recife.pe.leg.br/consultas/norma_juridica/norma_juridica_mostrar_proc?cod_norma=700,CONCEDE A MEDALHA DO MÉRITO JOSÉ MARIANO AO EMPREENDEDOR SOCIAL FABIO SILVA.,PDL 14/2016,https://publico.recife.pe.leg.br/consultas/materia/materia_mostrar_proc?cod_materia=59214,Jayme Asfora,Em vigor,Decreto Legislativo 741/2016
"Decreto Legislativo nº 740, de 27/06/2016",https://publico.recife.pe.leg.br/consultas/norma_juridica/norma_juridica_mostrar_proc?cod_norma=696,CONCEDE MEDALHA DO MÉRITO JOSÉ MARIANO AO DR. MAURÍCIO RANDS COELHO BARROS.,PDL 13/2016,https://publico.recife.pe.leg.br/consultas/materia/materia_mostrar_proc?cod_materia=59131,Luiz Eustáquio,Em vigor,Decreto Legislativo 740/2016
"Decreto Legislativo nº 739, de 27/06/2016",https://publico.recife.pe.leg.br/consultas/norma_juridica/norma_juridica_mostrar_proc?cod_norma=664,"CONCEDE TÍTULO CIDADÃO DO RECIFE AO JORNALISTA, CANTOR E COMPOSITOR FRED RODRIGUES MONTENEGRO FRED ZEROQUATRO, PELA SUA RELEVANTE CONTRIBUIÇÃO À CULTURA PERNAMBUCANA.",PDL 12/2016,https://publico.recife.pe.leg.br/consultas/materia/materia_mostrar_proc?cod_materia=59126,Jurandir Liberal,Em vigor,Decreto Legislativo 739/2016
"Decreto Legislativo nº 738, de 27/06/2016",https://publico.recife.pe.leg.br/consultas/norma_juridica/norma_juridica_mostrar_proc?cod_norma=637,CONCEDE O TÍTULO DE CIDADÃO DO RECIFE AO DR. LEONARDO GOMES MENEZES.,PDL 4/2016,https://publico.recife.pe.leg.br/consultas/materia/materia_mostrar_proc?cod_materia=57847,Aderaldo Pinto,Em vigor,Decreto Legislativo 738/2016
"Decreto Legislativo nº 737, de 31/05/2016",https://publico.recife.pe.leg.br/consultas/norma_juridica/norma_juridica_mostrar_proc?cod_norma=662,DISPÕE SOBRE A CONCESSÃO DO TÍTULO DE CIDADÃO RECIFENSE AO SR. FRANCISCO FERREIRA ROCHA.,PDL 11/2016,https://publico.recife.pe.leg.br/consultas/materia/materia_mostrar_proc?cod_materia=59009,Marco Aurélio Medeiros,Em vigor,Decreto Legislativo 737/2016
"Decreto Legislativo nº 736, de 31/05/2016",https://publico.recife.pe.leg.br/consultas/norma_juridica/norma_juridica_mostrar_proc?cod_norma=639,CONCEDE O TÍTULO DE CIDADÃ DO RECIFE A SR.ª MARIA OSMARINA MARINA DA SILVA VAZ DE LIMA.,PDL 6/2016,https://publico.recife.pe.leg.br/consultas/materia/materia_mostrar_proc?cod_materia=58002,Luiz Eustáquio,Em vigor,Decreto Legislativo 736/2016
"Decreto Legislativo nº 735, de 31/05/2016",https://publico.recife.pe.leg.br/consultas/norma_juridica/norma_juridica_mostrar_proc?cod_norma=701,CONCEDE O TÍTULO DE CIDADÃO RECIFENSE AO CANTOR E COMPOSITOR GENIVAL LACERDA.,PDL 16/2016,https://publico.recife.pe.leg.br/consultas/materia/materia_mostrar_proc?cod_materia=59559,Aline Mariano,Em vigor,Decreto Legislativo 735/2016
"Decreto Legislativo nº 734, de 31/05/2016",https://publico.recife.pe.leg.br/consultas/norma_juridica/norma_juridica_mostrar_proc?cod_norma=704,CONCEDE O TÍTULO DE CIDADÃO DO RECIFE AO GENERAL MANOEL LUIZ NARVAZ PAFIADACHE.,PDL 18/2016,https://publico.recife.pe.leg.br/consultas/materia/materia_mostrar_proc?cod_materia=59665,Comissão Executiva,Em vigor,Decreto Legislativo 734/2016
"Decreto Legislativo nº 733, de 31/05/2016",https://publico.recife.pe.leg.br/consultas/norma_juridica/norma_juridica_mostrar_proc?cod_norma=703,CONCEDE O TÍTULO DE CIDADÃO DO RECIFE AO FREI DAMIÃO SILVA.,PDL 17/2016,https://publico.recife.pe.leg.br/consultas/materia/materia_mostrar_proc?cod_materia=59589,Comissão Executiva,Em vigor,Decreto Legislativo 733/2016
"Decreto Legislativo nº 732, de 16/06/2016",https://publico.recife.pe.leg.br/consultas/norma_juridica/norma_juridica_mostrar_proc?cod_norma=702,CONCEDE O TÍTULO DE CIDADÃO DO RECIFE AO DR. PAULO DE BARROS CARVALHO,PDL 15/2016,https://publico.recife.pe.leg.br/consultas/materia/materia_mostrar_proc?cod_materia=59372,Comissão Executiva,Em vigor,Decreto Legislativo 732/2016
"Decreto Legislativo nº 731, de 16/05/2016",https://publico.recife.pe.leg.br/consultas/norma_juridica/norma_juridica_mostrar_proc?cod_norma=636,CONCEDE MEDALHA DO MÉRITO JOSÉ MARIANO AO CINEASTA KLEBER MENDONÇA FILHO.,PDL 3/2016,https://publico.recife.pe.leg.br/consultas/materia/materia_mostrar_proc?cod_materia=57794,Marília Arraes,Em vigor,Decreto Legislativo 731/2016
"Decreto Legislativo nº 730, de 03/05/2016",https://publico.recife.pe.leg.br/consultas/norma_juridica/norma_juridica_mostrar_proc?cod_norma=640,CONCEDE O TÍTULO DE CIDADÃO DO RECIFE AO JORNALISTA SÉRGIO DIONÍZIO LEITE,PDL 8/2016,https://publico.recife.pe.leg.br/consultas/materia/materia_mostrar_proc?cod_materia=58544,Marília Arraes,Em vigor,Decreto Legislativo 730/2016
"Decreto Legislativo nº 729, de 03/05/2016",https://publico.recife.pe.leg.br/consultas/norma_juridica/norma_juridica_mostrar_proc?cod_norma=628,CONCEDE O TÍTULO DE CIDADÃO DO RECIFE À PRODUTORA CULTURAL EMILIE LESCLAUX.,PDL 2/2016,https://publico.recife.pe.leg.br/consultas/materia/materia_mostrar_proc?cod_materia=57793,Marília Arraes,Em vigor,Decreto Legislativo 729/2016
"Decreto Legislativo nº 728, de 03/05/2016",https://publico.recife.pe.leg.br/consultas/norma_juridica/norma_juridica_mostrar_proc?cod_norma=624,"CONCEDE O TITULO DE CIDADÃO DO RECIFE AO SR. ARISIO COUTINHO FILHO, DIRETOR DE PROGRAMAÇÃO DA REDE GLOBO NORDESTE.",PDL 1/2016,https://publico.recife.pe.leg.br/consultas/materia/materia_mostrar_proc?cod_materia=57792,Dra Vera Lopes,Em vigor,Decreto Legislativo 728/2016
"Decreto Legislativo nº 727, de 29/03/2016",https://publico.recife.pe.leg.br/consultas/norma_juridica/norma_juridica_mostrar_proc?cod_norma=660,"ALTERA ARTIGOS DO DECRETO LEGISLATIVO Nº 545/2011, DE 19/12/2011, PARA FIXAR OS SUBSÍDIOS DOS VEREADORES",PDL 9/2016,https://publico.recife.pe.leg.br/consultas/materia/materia_mostrar_proc?cod_materia=58545,Comissão Executiva,Em vigor,Decreto Legislativo 727/2016
"Decreto Legislativo nº 726, de 07/03/2016",https://publico.recife.pe.leg.br/consultas/norma_juridica/norma_juridica_mostrar_proc?cod_norma=638,CONCEDE O TÍTULO DE CIDADÃ DO RECIFE A SENHORA PROCURADORA DE JUSTIÇA LÚCIA DE ASSIS.,PDL 5/2016,https://publico.recife.pe.leg.br/consultas/materia/materia_mostrar_proc?cod_materia=57849,Marcos Menezes,Em vigor,Decreto Legislativo 726/2016
"Decreto Legislativo nº 637, de 07/10/2013",https://publico.recife.pe.leg.br/consultas/norma_juridica/norma_juridica_mostrar_proc?cod_norma=1410,"REGULAMENTA A APLICAÇÃO, NO ÂMBITO DA CÂMARA MUNICIPAL DO RECIFE, DA LEI FEDERAL Nº 12.527/11 E DÁ OUTRAS PROVIDÊNCIAS.",PDL 36/2013,https://publico.recife.pe.leg.br/consultas/materia/materia_mostrar_proc?cod_materia=37112,Comissão Executiva,Em vigor,Decreto Legislativo 637/2013
"Decreto Legislativo nº 545, de 19/12/2011",https://publico.recife.pe.leg.br/consultas/norma_juridica/norma_juridica_mostrar_proc?cod_norma=1883,"ALTERA ARTIGOS DO DECRETO LEGISLATIVO Nº 443/2008, DE 10/11/2008, PARA FIXAR OS SUBSÍDIOS DOS VEREADORES.",PDL 37/2011,https://publico.recife.pe.leg.br/consultas/materia/materia_mostrar_proc?cod_materia=26897,Comissão Executiva,Em vigor,Decreto Legislativo 545/2011
"Decreto Legislativo nº 443, de 10/11/2008",https://publico.recife.pe.leg.br/consultas/norma_juridica/norma_juridica_mostrar_proc?cod_norma=1882,FIXA SUBSÍDIO DOS VEREADORES PARA PRÓXIMA LEGISLATURA 2009/2012.,PDL 33/2008,https://publico.recife.pe.leg.br/consultas/materia/materia_mostrar_proc?cod_materia=14174,Comissão Executiva,Em vigor,Decreto Legislativo 443/2008
"Decreto Legislativo nº 266, de 13/12/2004",https://publico.recife.pe.leg.br/consultas/norma_juridica/norma_juridica_mostrar_proc?cod_norma=1881,Fixa o subsídio dos Vereadores da Câmara Municipal do Recife.,PDL 27/2004,https://publico.recife.pe.leg.br/consultas/materia/materia_mostrar_proc?cod_materia=43,Luciana Azevedo,Em vigor,Decreto Legislativo 266/2004
"Lei Complementar nº 18592, de 20/06/2019",https://publico.recife.pe.leg.br/consultas/norma_juridica/norma_juridica_mostrar_proc?cod_norma=1585,"DISPÕE SOBRE A REMUNERAÇÃO DOS SERVIDORES E EMPREGADOS PÚBLICOS DA ADMINISTRAÇÃO DIRETA E INDIRETA MUNICIPAL E SOBRE OUTROS ASPECTOS DE SEU REGIME JURÍDICO, ALÉM DE CRIAR E EXTINGUIR CARGOS PÚBLICOS EFETIVOS  NO ÂMBITO DA SECRETARIA DE SAÚDE.
""REGIME DE URGÊNCIA""",PLE 12/2019,https://publico.recife.pe.leg.br/consultas/materia/materia_mostrar_proc?cod_materia=88268,Prefeito do Recife,Em vigor,Lei Complementar 18592/2019
"Lei Complementar nº 18583, de 06/06/2019",https://publico.recife.pe.leg.br/consultas/norma_juridica/norma_juridica_mostrar_proc?cod_norma=950,DENOMINAR-SE-Á CONJUNTO HABITACIONAL JORNALISTA MARIA GRACILANE ARAÚJO DA SILVA – “JORNALISTA GRAÇA ARAÚJO” - O PRÓXIMO CONJUNTO HABITACIONAL A SER INAUGURADO NA CIDADE DO RECIFE.,PLO 7/2019,https://publico.recife.pe.leg.br/consultas/materia/materia_mostrar_proc?cod_materia=84299,Romerinho Jatobá,Em vigor,Lei Complementar 18583/2019
"Lei Complementar nº 18373, de 11/09/2017",https://publico.recife.pe.leg.br/consultas/norma_juridica/norma_juridica_mostrar_proc?cod_norma=1007,DISPÕE SOBRE A DISSEMINAÇÃO DO CONTEÚDO DO ESTATUTO DA JUVENTUDE,PLO 59/2016,https://publico.recife.pe.leg.br/consultas/materia/materia_mostrar_proc?cod_materia=58889,Marília Arraes,Em vigor,Lei Complementar 18373/2017
"Lei Ordinária nº 19402, de 10/07/2025",https://publico.recife.pe.leg.br/consultas/norma_juridica/norma_juridica_mostrar_proc?cod_norma=2010,"Institui, na Rede Municipal de Ensino, o Programa Monitoria Recife e dá outras providências.",PLE 13/2025,https://publico.recife.pe.leg.br/consultas/materia/materia_mostrar_proc?cod_materia=163628,Prefeito do Recife,Em vigor,Lei Ordinária 19402/2025
"Lei Ordinária nº 19401, de 10/07/2025",https://publico.recife.pe.leg.br/consultas/norma_juridica/norma_juridica_mostrar_proc?cod_norma=2009,Dispõe sobre a remuneração dos servidores e empregados públicos da Administração Direta e Indireta do Município e dá outras providências.,PLE 17/2025,https://publico.recife.pe.leg.br/consultas/materia/materia_mostrar_proc?cod_materia=163909,Prefeito do Recife,Em vigor,Lei Ordinária 19401/2025
"Lei Ordinária nº 19400, de 10/07/2025",https://publico.recife.pe.leg.br/consultas/norma_juridica/norma_juridica_mostrar_proc?cod_norma=2008,"Altera a Lei Municipal nº 19.169, de 21 de dezembro de 2023.",PLE 18/2025,https://publico.recife.pe.leg.br/consultas/materia/materia_mostrar_proc?cod_materia=163910,Prefeito do Recife,Em vigor,Lei Ordinária 19400/2025
"Lei Ordinária nº 19399, de 07/07/2025",https://publico.recife.pe.leg.br/consultas/norma_juridica/norma_juridica_mostrar_proc?cod_norma=2007,Institui e disciplina o Recife Bom de Bola – Campeonato Municipal de Esportes no Município do Recife.,PLE 11/2025,https://publico.recife.pe.leg.br/consultas/materia/materia_mostrar_proc?cod_materia=163626,Prefeito do Recife,Em vigor,Lei Ordinária 19399/2025
"Lei Ordinária nº 19398, de 30/06/2025",https://publico.recife.pe.leg.br/consultas/norma_juridica/norma_juridica_mostrar_proc?cod_norma=2003,Institui o “Dia Municipal de Combate ao Desperdício de Alimentos” no Calendário Oficial de Eventos do Município do Recife.,PLO 200/2024,https://publico.recife.pe.leg.br/consultas/materia/materia_mostrar_proc?cod_materia=156062,Chico Kiko,Em vigor,Lei Ordinária 19398/2025
"Lei Ordinária nº 19397, de 30/06/2025",https://publico.recife.pe.leg.br/consultas/norma_juridica/norma_juridica_mostrar_proc?cod_norma=2002,Institui o programa de parcelamento incentivado (PPI) no município do Recife.,PLE 9/2025,https://publico.recife.pe.leg.br/consultas/materia/materia_mostrar_proc?cod_materia=163624,Prefeito do Recife,Em vigor,Lei Ordinária 19397/2025
"Lei Ordinária nº 19396, de 30/06/2025",https://publico.recife.pe.leg.br/consultas/norma_juridica/norma_juridica_mostrar_proc?cod_norma=2001,"Autoriza a concessão de indenização aos permissionários do mercado do Jordão para viabilizar a implantação da sede do distrito sanitário VIII e do centro de atenção psicossocial infantojuvenil – CAPSIJ 24h tipo III, e dá outras providências.",PLE 14/2025,https://publico.recife.pe.leg.br/consultas/materia/materia_mostrar_proc?cod_materia=163629,Prefeito do Recife,Em vigor,Lei Ordinária 19396/2025
"Lei Ordinária nº 19395, de 30/06/2025",https://publico.recife.pe.leg.br/consultas/norma_juridica/norma_juridica_mostrar_proc?cod_norma=2000,"Denomina “CAMPO DANIEL COSMO MACENA” o espaço localizado entre a Avenida Professor José dos Anjos, a Rua Farias Neves e a Travessa Capilé, no Bairro Campo Grande.",PLO 60/2025,https://publico.recife.pe.leg.br/consultas/materia/materia_mostrar_proc?cod_materia=159431,Aderaldo Pinto,Em vigor,Lei Ordinária 19395/2025
"Lei Ordinária nº 19394, de 30/06/2025",https://publico.recife.pe.leg.br/consultas/norma_juridica/norma_juridica_mostrar_proc?cod_norma=1999,Inclui o Evento Esportivo Corrida Várzea Run no Calendário Oficial de Eventos do Município do Recife.,PLO 212/2024,https://publico.recife.pe.leg.br/consultas/materia/materia_mostrar_proc?cod_materia=157293,Davi Muniz,Em vigor,Lei Ordinária 19394/2025
"Lei Ordinária nº 19393, de 30/06/2025",https://publico.recife.pe.leg.br/consultas/norma_juridica/norma_juridica_mostrar_proc?cod_norma=1998,"Autoriza o Poder Executivo a contratar operação de crédito junto a instituições financeiras nacionais, com a garantia da União.",PLE 10/2025,https://publico.recife.pe.leg.br/consultas/materia/materia_mostrar_proc?cod_materia=163625,Prefeito do Recife,Em vigor,Lei Ordinária 19393/2025
"Lei Ordinária nº 19392, de 30/06/2025",https://publico.recife.pe.leg.br/consultas/norma_juridica/norma_juridica_mostrar_proc?cod_norma=1997,Desafeta as áreas públicas descritas no anexo único e dá outras providências,PLE 15/2025,https://publico.recife.pe.leg.br/consultas/materia/materia_mostrar_proc?cod_materia=163630,Prefeito do Recife,Em vigor,Lei Ordinária 19392/2025
"Lei Ordinária nº 19391, de 30/06/2025",https://publico.recife.pe.leg.br/consultas/norma_juridica/norma_juridica_mostrar_proc?cod_norma=1996,"Altera as Leis Municipais nº 15.563, de 27 de dezembro de 1991; nº 18.894, de 21 de fevereiro de 2022; e nº 17.407, de 2 de janeiro de 2008.",PLE 12/2025,https://publico.recife.pe.leg.br/consultas/materia/materia_mostrar_proc?cod_materia=163627,Prefeito do Recife,Em vigor,Lei Ordinária 19391/2025
"Lei Ordinária nº 19390, de 30/06/2025",https://publico.recife.pe.leg.br/consultas/norma_juridica/norma_juridica_mostrar_proc?cod_norma=1995,"Cria a Bonificação por Desempenho para os agentes públicos que especifica, lotados na Estratégia de Saúde da Família, na Estratégia de Agente Comunitário de Saúde e nas equipes Multiprofissionais (eMulti) do município do Recife.",PLE 7/2025,https://publico.recife.pe.leg.br/consultas/materia/materia_mostrar_proc?cod_materia=162275,Prefeito do Recife,Em vigor,Lei Ordinária 19390/2025
"Lei Ordinária nº 19389, de 16/06/2025",https://publico.recife.pe.leg.br/consultas/norma_juridica/norma_juridica_mostrar_proc?cod_norma=1980,Declara Patrimônio Imaterial Histórico e Cultural do Recife a “Câmara de Dirigentes Lojistas do Recife — CDL”.,PLO 159/2025,https://publico.recife.pe.leg.br/consultas/materia/materia_mostrar_proc?cod_materia=162505,Gilberto Alves,Em vigor,Lei Ordinária 19389/2025
"Lei Ordinária nº 19388, de 16/06/2025",https://publico.recife.pe.leg.br/consultas/norma_juridica/norma_juridica_mostrar_proc?cod_norma=1979,Reconhece como Patrimônio Cultural Imaterial do Recife a “Quadrilha Junina Dona Matuta”.,PLO 75/2025,https://publico.recife.pe.leg.br/consultas/materia/materia_mostrar_proc?cod_materia=159686,Natália de Menudo,Em vigor,Lei Ordinária 19388/2025
"Lei Ordinária nº 19387, de 16/06/2025",https://publico.recife.pe.leg.br/consultas/norma_juridica/norma_juridica_mostrar_proc?cod_norma=1978,Institui a Semana Municipal de Enfrentamento à Violência Política contra as Mulheres no calendário oficial do Município do Recife.,PLO 36/2025,https://publico.recife.pe.leg.br/consultas/materia/materia_mostrar_proc?cod_materia=159154,Professora Ana Lúcia,Em vigor,Lei Ordinária 19387/2025
"Lei Ordinária nº 19386, de 16/06/2025",https://publico.recife.pe.leg.br/consultas/norma_juridica/norma_juridica_mostrar_proc?cod_norma=1977,"Denominação da ponte que liga a Rua Amélia e a Rua José Luís da Silveira Barros à Avenida Agamenon Magalhães como ""Ponte Desembargador Fausto Freitas"".",PLO 114/2025,https://publico.recife.pe.leg.br/consultas/materia/materia_mostrar_proc?cod_materia=160707,Rodrigo Coutinho,Em vigor,Lei Ordinária 19386/2025
"Lei Ordinária nº 19385, de 10/06/2025",https://publico.recife.pe.leg.br/consultas/norma_juridica/norma_juridica_mostrar_proc?cod_norma=1975,"Estabelece exigências de nivelamento e especificações técnicas de tampas e tampões de infraestruturas e altera a Lei Municipal nº 18.355, de 19 de julho de 2017, que trata das normas que regulam a anuência e a fiscalização da execução de obras que interfiram no pavimento dos logradouros públicos e das obras de pavimentação das vias públicas , e dá outras providências.",PLE 8/2025,https://publico.recife.pe.leg.br/consultas/materia/materia_mostrar_proc?cod_materia=162355,Prefeito do Recife,Em vigor,Lei Ordinária 19385/2025
"Lei Ordinária nº 19384, de 10/06/2025",https://publico.recife.pe.leg.br/consultas/norma_juridica/norma_juridica_mostrar_proc?cod_norma=1976,"Institui o Reassentamento por Compra Assistida e o Reassentamento por Permuta no âmbito da Política de Reassentamento do Programa de Requalificação e Resiliência Urbana em Áreas de Vulnerabilidade Socioambiental - ProMorar Recife, no Município do Recife.",PLE 6/2025,https://publico.recife.pe.leg.br/consultas/materia/materia_mostrar_proc?cod_materia=162020,Prefeito do Recife,Em vigor,Lei Ordinária 19384/2025
"Lei Ordinária nº 19383, de 21/05/2025",https://publico.recife.pe.leg.br/consultas/norma_juridica/norma_juridica_mostrar_proc?cod_norma=1973,Institui no Calendário Oficial de Eventos do Município do Recife o ´´Dia Municipal em Memória às Vítimas de Acidentes e Doenças do Trabalho´´.,PLO 68/2025,https://publico.recife.pe.leg.br/consultas/materia/materia_mostrar_proc?cod_materia=159619,Luiz Eustáquio,Em vigor,Lei Ordinária 19383/2025
"Lei Ordinária nº 19382, de 21/05/2025",https://publico.recife.pe.leg.br/consultas/norma_juridica/norma_juridica_mostrar_proc?cod_norma=1972,"Declara Patrimônio Cultural Imaterial do Recife a História e a Memória Cultural do Mercado de São José, localizado no bairro de São José, Recife.",PLO 213/2024,https://publico.recife.pe.leg.br/consultas/materia/materia_mostrar_proc?cod_materia=157519,Cida Pedrosa,Em vigor,Lei Ordinária 19382/2025
"Lei Ordinária nº 19381, de 21/05/2025",https://publico.recife.pe.leg.br/consultas/norma_juridica/norma_juridica_mostrar_proc?cod_norma=1971,Reconhece como Patrimônio Cultural Imaterial do Recife a Troça Carnavalesca Mista Batutas de Água Fria.,PLO 26/2025,https://publico.recife.pe.leg.br/consultas/materia/materia_mostrar_proc?cod_materia=158584,Samuel Salazar,Em vigor,Lei Ordinária 19381/2025
"Lei Ordinária nº 19380, de 21/05/2025",https://publico.recife.pe.leg.br/consultas/norma_juridica/norma_juridica_mostrar_proc?cod_norma=1970,Institui o “Dia Municipal do Farmacêutico” no Calendário Oficial de Eventos do Município do Recife.,PLO 51/2025,https://publico.recife.pe.leg.br/consultas/materia/materia_mostrar_proc?cod_materia=159343,Wilton Brito,Em vigor,Lei Ordinária 19380/2025
"Lei Ordinária nº 19379, de 14/05/2025",https://publico.recife.pe.leg.br/consultas/norma_juridica/norma_juridica_mostrar_proc?cod_norma=1969,"Denomina de “Creche-Escola Maria Magdalena Fiúza Arraes de Alencar”  a Creche-Escola localizada na rua Manoel Gonçalves da Luz, Bairro Mustardinha. Recife.",PLO 164/2024,https://publico.recife.pe.leg.br/consultas/materia/materia_mostrar_proc?cod_materia=154757,Natália de Menudo,Em vigor,Lei Ordinária 19379/2025
"Lei Ordinária nº 19378, de 14/05/2025",https://publico.recife.pe.leg.br/consultas/norma_juridica/norma_juridica_mostrar_proc?cod_norma=1968,"Altera o art. 8º da Lei Municipal nº 18.617,da lei municipal nº 18.617, de 17 de setembro de 2019, que cria o Fundo do Trabalho do Município do Recife/FT-RECIFE e institui o Conselho Municipal do Trabalho, Emprego e Renda - CTER/Recife, nos termos e para os fins que especifica.",PLE 3/2025,https://publico.recife.pe.leg.br/consultas/materia/materia_mostrar_proc?cod_materia=161000,Prefeito do Recife,Em vigor,Lei Ordinária 19378/2025
"Lei Ordinária nº 19377, de 09/05/2025",https://publico.recife.pe.leg.br/consultas/norma_juridica/norma_juridica_mostrar_proc?cod_norma=1967,Institui a “Política Municipal de Apoio e Incentivo ao Cooperativismo” no âmbito do município do Recife e dá outras providências.,PLO 166/2024,https://publico.recife.pe.leg.br/consultas/materia/materia_mostrar_proc?cod_materia=154902,Tadeu Calheiros,Em vigor,Lei Ordinária 19377/2025
"Lei Ordinária nº 19376, de 09/05/2025",https://publico.recife.pe.leg.br/consultas/norma_juridica/norma_juridica_mostrar_proc?cod_norma=1966,Institui a “Semana Municipal da Maternidade Atípica” no Calendário Oficial de Eventos do Município do Recife.,PLO 39/2024,https://publico.recife.pe.leg.br/consultas/materia/materia_mostrar_proc?cod_materia=148779,Professora Ana Lúcia,Em vigor,Lei Ordinária 19376/2025
"Lei Ordinária nº 19375, de 30/04/2025",https://publico.recife.pe.leg.br/consultas/norma_juridica/norma_juridica_mostrar_proc?cod_norma=1965,Institui o “Dia do Fisioterapeuta” no Calendário Oficial de Eventos do Município do Recife.,PLO 240/2023,https://publico.recife.pe.leg.br/consultas/materia/materia_mostrar_proc?cod_materia=144907,Eriberto Rafael,Em vigor,Lei Ordinária 19375/2025
"Lei Ordinária nº 19374, de 30/04/2025",https://publico.recife.pe.leg.br/consultas/norma_juridica/norma_juridica_mostrar_proc?cod_norma=1964,"Denomina “Praça Eudezia Cardoso de Barros” a praça situada na Rua das Rosas, bairro de Dois Unidos, município do Recife.",PLO 159/2024,https://publico.recife.pe.leg.br/consultas/materia/materia_mostrar_proc?cod_materia=154245,Samuel Salazar,Em vigor,Lei Ordinária 19374/2025
"Lei Ordinária nº 19373, de 30/04/2025",https://publico.recife.pe.leg.br/consultas/norma_juridica/norma_juridica_mostrar_proc?cod_norma=1963,"Cria a “Campanha Permanente contra o Assédio, a Importunação e a Violência Sexuais nos Estádios e nas Arenas Desportivas” no âmbito do município do Recife.",PLO 304/2023,https://publico.recife.pe.leg.br/consultas/materia/materia_mostrar_proc?cod_materia=147282,Natália de Menudo,Em vigor,Lei Ordinária 19373/2025
"Lei Ordinária nº 19372, de 21/04/2025",https://publico.recife.pe.leg.br/consultas/norma_juridica/norma_juridica_mostrar_proc?cod_norma=1962,Declara a “Terça do Vinil” Patrimônio Cultural Imaterial do Recife.,PLO 118/2024,https://publico.recife.pe.leg.br/consultas/materia/materia_mostrar_proc?cod_materia=152654,Cida Pedrosa,Em vigor,Lei Ordinária 19372/2025
"Lei Ordinária nº 19371, de 23/04/2025",https://publico.recife.pe.leg.br/consultas/norma_juridica/norma_juridica_mostrar_proc?cod_norma=1902,"Institui a isenção do pagamento da retribuição pecuniária de uso aos permissionários do Mercado Público da Madalena durante o período em que ocorrerem os serviços de reforma para a recuperação do equipamento, em decorrência do incêndio ocorrido em 12 de abril de 2025, e cria o Auxílio Emergencial aos permissionários impactados a cada fase da obra.",PLE 4/2025,https://publico.recife.pe.leg.br/consultas/materia/materia_mostrar_proc?cod_materia=161171,Prefeito do Recife,Em vigor,Lei Ordinária 19371/2025
"Lei Ordinária nº 19370, de 14/04/2025",https://publico.recife.pe.leg.br/consultas/norma_juridica/norma_juridica_mostrar_proc?cod_norma=1938,"Institui o ""Mês Abril Amarelo"" no Calendário Oficial de Eventos do Município do Recife.",PLO 97/2024,https://publico.recife.pe.leg.br/consultas/materia/materia_mostrar_proc?cod_materia=151652,Tadeu Calheiros,Em vigor,Lei Ordinária 19370/2025
"Lei Ordinária nº 19369, de 14/04/2025",https://publico.recife.pe.leg.br/consultas/norma_juridica/norma_juridica_mostrar_proc?cod_norma=1926,"Denomina “Praça Francisca Palhano Maia” a praça situada na Rua Compositor Vinícius de Moraes, Bairro Beberibe, município do Recife.",PLO 191/2024,https://publico.recife.pe.leg.br/consultas/materia/materia_mostrar_proc?cod_materia=155744,Samuel Salazar,Em vigor,Lei Ordinária 19369/2025
"Lei Ordinária nº 19368, de 14/04/2025",https://publico.recife.pe.leg.br/consultas/norma_juridica/norma_juridica_mostrar_proc?cod_norma=1941,"Declara Patrimônio Cultural Imaterial do Recife a “Festa de Santo Expedito”, realizada no Bairro Ibura de Baixo.",PLO 25/2024,https://publico.recife.pe.leg.br/consultas/materia/materia_mostrar_proc?cod_materia=148180,Aline Mariano,Em vigor,Lei Ordinária 19368/2025
"Lei Ordinária nº 19367, de 10/04/2025",https://publico.recife.pe.leg.br/consultas/norma_juridica/norma_juridica_mostrar_proc?cod_norma=1942,Institui o “Dia Municipal do Psicanalista” no Calendário Oficial de Eventos do Município do Recife.,PLO 11/2024,https://publico.recife.pe.leg.br/consultas/materia/materia_mostrar_proc?cod_materia=147861,Almir Fernando,Em vigor,Lei Ordinária 19367/2025
"Lei Ordinária nº 19366, de 03/04/2025",https://publico.recife.pe.leg.br/consultas/norma_juridica/norma_juridica_mostrar_proc?cod_norma=1953,Institui mecanismos de punição administrativa para combate à violência contra a mulher no âmbito do Município do Recife.,PLO 188/2023,https://publico.recife.pe.leg.br/consultas/materia/materia_mostrar_proc?cod_materia=142820,Liana Cirne,Em vigor,Lei Ordinária 19366/2025
"Lei Ordinária nº 19365, de 02/04/2025",https://publico.recife.pe.leg.br/consultas/norma_juridica/norma_juridica_mostrar_proc?cod_norma=1903,"Altera a Lei nº 15.563, de 27 de Dezembro de 1991.",PLE 2/2025,https://publico.recife.pe.leg.br/consultas/materia/materia_mostrar_proc?cod_materia=159535,Prefeito do Recife,Em vigor,Lei Ordinária 19365/2025
"Lei Ordinária nº 19364, de 13/03/2025",https://publico.recife.pe.leg.br/consultas/norma_juridica/norma_juridica_mostrar_proc?cod_norma=1885,Dispõe sobre o reajuste da remuneração dos servidores do Poder Legislativo Municipal e dá outras providências,PLO 25/2025,https://publico.recife.pe.leg.br/consultas/materia/materia_mostrar_proc?cod_materia=158570,Comissão Executiva,Em vigor,Lei Ordinária 19364/2025
"Lei Ordinária nº 19363, de 10/03/2025",https://publico.recife.pe.leg.br/consultas/norma_juridica/norma_juridica_mostrar_proc?cod_norma=1936,Institui o “Mês Junho Violeta” no Calendário Oficial de Eventos do Município do Recife.,PLO 146/2024,https://publico.recife.pe.leg.br/consultas/materia/materia_mostrar_proc?cod_materia=153778,Tadeu Calheiros,Em vigor,Lei Ordinária 19363/2025
"Lei Ordinária nº 19362, de 10/03/2025",https://publico.recife.pe.leg.br/consultas/norma_juridica/norma_juridica_mostrar_proc?cod_norma=1922,Institui a “Semana Municipal de Desenvolvimento e Futuro Sustentável” no Calendário Oficial de Eventos do município do Recife.,PLO 199/2024,https://publico.recife.pe.leg.br/consultas/materia/materia_mostrar_proc?cod_materia=155986,Chico Kiko,Em vigor,Lei Ordinária 19362/2025
"Lei Ordinária nº 19361, de 10/03/2025",https://publico.recife.pe.leg.br/consultas/norma_juridica/norma_juridica_mostrar_proc?cod_norma=1927,Institui a “Festa de Cristo Rei” no Calendário Oficial de Eventos do Município do Recife.,PLO 190/2024,https://publico.recife.pe.leg.br/consultas/materia/materia_mostrar_proc?cod_materia=155671,Wilton Brito,Em vigor,Lei Ordinária 19361/2025
"Lei Ordinária nº 19360, de 10/03/2025",https://publico.recife.pe.leg.br/consultas/norma_juridica/norma_juridica_mostrar_proc?cod_norma=1921,"Denomina “Beco da Paz” o logradouro popularmente conhecido como “Beco da Bala”, localizado no Bairro Afogados, município do Recife.",PLO 202/2024,https://publico.recife.pe.leg.br/consultas/materia/materia_mostrar_proc?cod_materia=156070,Natália de Menudo,Em vigor,Lei Ordinária 19360/2025
"Lei Ordinária nº 19359, de 10/03/2025",https://publico.recife.pe.leg.br/consultas/norma_juridica/norma_juridica_mostrar_proc?cod_norma=1925,Declara Patrimônio Cultural Imaterial do Recife o “Bloco Afro Lamento Negro”.,PLO 192/2024,https://publico.recife.pe.leg.br/consultas/materia/materia_mostrar_proc?cod_materia=155745,Ivan Moraes,Em vigor,Lei Ordinária 19359/2025
"Lei Ordinária nº 19358, de 10/03/2025",https://publico.recife.pe.leg.br/consultas/norma_juridica/norma_juridica_mostrar_proc?cod_norma=1919,Declara Patrimônio Cultural Imaterial do Recife o Bloco Carnavalesco Lírico Cordas e Retalhos.,PLO 206/2024,https://publico.recife.pe.leg.br/consultas/materia/materia_mostrar_proc?cod_materia=156489,Cida Pedrosa,Em vigor,Lei Ordinária 19358/2025
"Lei Ordinária nº 19357, de 10/03/2025",https://publico.recife.pe.leg.br/consultas/norma_juridica/norma_juridica_mostrar_proc?cod_norma=1928,Declara Patrimônio Imaterial Cultural do Recife o “Terreiro Ilê Obá Aganjú Okoloyá - Terreiro de Mãe Amara”.,PLO 189/2024,https://publico.recife.pe.leg.br/consultas/materia/materia_mostrar_proc?cod_materia=155606,Cida Pedrosa,Em vigor,Lei Ordinária 19357/2025
"Lei Ordinária nº 19356, de 17/01/2025",https://publico.recife.pe.leg.br/consultas/norma_juridica/norma_juridica_mostrar_proc?cod_norma=1929,Institui o “Dia Municipal de Conscientização do Transtorno do Déficit de Atenção com Hiperatividade (TDAH)” no Calendário Oficial de Eventos do Município do Recife.,PLO 188/2024,https://publico.recife.pe.leg.br/consultas/materia/materia_mostrar_proc?cod_materia=155605,Chico Kiko,Em vigor,Lei Ordinária 19356/2025
"Lei Ordinária nº 19355, de 17/01/2025",https://publico.recife.pe.leg.br/consultas/norma_juridica/norma_juridica_mostrar_proc?cod_norma=1937,Dispõe sobre a ampliação da publicidade e divulgação da Entrega Voluntária Legal de crianças e adolescentes para a adoção nas unidades públicas e privadas de saúde situadas no município do Recife.,PLO 103/2024,https://publico.recife.pe.leg.br/consultas/materia/materia_mostrar_proc?cod_materia=151873,Felipe Alecrim,Em vigor,Lei Ordinária 19355/2025
"Lei Ordinária nº 19354, de 17/01/2025",https://publico.recife.pe.leg.br/consultas/norma_juridica/norma_juridica_mostrar_proc?cod_norma=1923,"Denomina ""Tia Jane"" a creche a ser construída na Av. Hildebrando de Vasconcelos, no bairro de Dois Unidos, município do Recife.",PLO 194/2024,https://publico.recife.pe.leg.br/consultas/materia/materia_mostrar_proc?cod_materia=155786,Samuel Salazar,Em vigor,Lei Ordinária 19354/2025
"Lei Ordinária nº 19353, de 13/01/2025",https://publico.recife.pe.leg.br/consultas/norma_juridica/norma_juridica_mostrar_proc?cod_norma=1952,"Institui, no Calendário Oficial de Eventos do Município do Recife, o “Dia de Luta pela Redução de Danos e Riscos”.",PLO 87/2023,https://publico.recife.pe.leg.br/consultas/materia/materia_mostrar_proc?cod_materia=137906,"Elaine Cristina,                            Ivan Moraes",Em vigor,Lei Ordinária 19353/2025
"Lei Ordinária nº 19352, de 15/01/2025",https://publico.recife.pe.leg.br/consultas/norma_juridica/norma_juridica_mostrar_proc?cod_norma=1904,"Dispõe sobre as competências dos órgãos e entidades da Administração Direta e Indireta do Poder Executivo Municipal, e dá outras providências.",PLE 1/2025,https://publico.recife.pe.leg.br/consultas/materia/materia_mostrar_proc?cod_materia=158229,Prefeito do Recife,Em vigor,Lei Ordinária 19352/2025
"Lei Ordinária nº 19351, de 07/01/2025",https://publico.recife.pe.leg.br/consultas/norma_juridica/norma_juridica_mostrar_proc?cod_norma=1940,"Declara a ""Rua da Feira"" Patrimônio Cultural Imaterial do Recife.",PLO 68/2024,https://publico.recife.pe.leg.br/consultas/materia/materia_mostrar_proc?cod_materia=149991,Liana Cirne,Em vigor,Lei Ordinária 19351/2025
"Lei Ordinária nº 19350, de 07/01/2025",https://publico.recife.pe.leg.br/consultas/norma_juridica/norma_juridica_mostrar_proc?cod_norma=1931,Institui a “Semana Municipal de Cuidados à Prematuridade” no Calendário Oficial de Eventos do Município do Recife.,PLO 177/2024,https://publico.recife.pe.leg.br/consultas/materia/materia_mostrar_proc?cod_materia=155190,Tadeu Calheiros,Em vigor,Lei Ordinária 19350/2025
"Lei Ordinária nº 19349, de 07/01/2025",https://publico.recife.pe.leg.br/consultas/norma_juridica/norma_juridica_mostrar_proc?cod_norma=1951,"Altera a Lei Municipal nº 17.141, de 2 de dezembro de 2005, que trata do fornecimento de cadeiras de rodas por parte de shopping centers e estabelecimentos similares.",PLO 148/2023,https://publico.recife.pe.leg.br/consultas/materia/materia_mostrar_proc?cod_materia=140992,Michele Collins,Em vigor,Lei Ordinária 19349/2025
"Lei Ordinária nº 19348, de 07/01/2025",https://publico.recife.pe.leg.br/consultas/norma_juridica/norma_juridica_mostrar_proc?cod_norma=1950,Dispõe sobre o prazo de validade para os laudos e perícias médicas que diagnostiquem deficiências irreversíveis no âmbito do Município do Recife.,PLO 28/2023,https://publico.recife.pe.leg.br/consultas/materia/materia_mostrar_proc?cod_materia=135186,Michele Collins,Em vigor,Lei Ordinária 19348/2025
"Lei Ordinária nº 19347, de 07/01/2025",https://publico.recife.pe.leg.br/consultas/norma_juridica/norma_juridica_mostrar_proc?cod_norma=1930,Considera Patrimônio Cultural Imaterial da Cidade do Recife o projeto cultural “Quarta Cinza Rock”.,PLO 180/2024,https://publico.recife.pe.leg.br/consultas/materia/materia_mostrar_proc?cod_materia=155364,Liana Cirne,Em vigor,Lei Ordinária 19347/2025
"Lei Ordinária nº 19346, de 07/01/2025",https://publico.recife.pe.leg.br/consultas/norma_juridica/norma_juridica_mostrar_proc?cod_norma=1932,Considera Patrimônio Cultural Material do Recife a Igreja Batista da Capunga.,PLO 157/2024,https://publico.recife.pe.leg.br/consultas/materia/materia_mostrar_proc?cod_materia=154148,Michele Collins,Em vigor,Lei Ordinária 19346/2025
"Lei Ordinária nº 19345, de 07/01/2025",https://publico.recife.pe.leg.br/consultas/norma_juridica/norma_juridica_mostrar_proc?cod_norma=1939,"Institui, no Calendário Oficial de Eventos do Município do Recife, o “Agosto Lilás” como mês de conscientização para a erradicação da violência contra a mulher.",PLO 91/2024,https://publico.recife.pe.leg.br/consultas/materia/materia_mostrar_proc?cod_materia=151210,Liana Cirne,Em vigor,Lei Ordinária 19345/2025
"Lei Ordinária nº 19344, de 07/01/2025",https://publico.recife.pe.leg.br/consultas/norma_juridica/norma_juridica_mostrar_proc?cod_norma=1934,Considera Patrimônio Cultural Material do Recife o “Memorial Judaico – Portal de Honra ao Povo Judeu”.,PLO 154/2024,https://publico.recife.pe.leg.br/consultas/materia/materia_mostrar_proc?cod_materia=154113,Michele Collins,Em vigor,Lei Ordinária 19344/2025
"Lei Ordinária nº 19343, de 07/01/2025",https://publico.recife.pe.leg.br/consultas/norma_juridica/norma_juridica_mostrar_proc?cod_norma=1949,Institui no Calendário Oficial de Eventos do Município do Recife o “Dia Municipal do Jovem Empreendedor”,PLO 246/2023,https://publico.recife.pe.leg.br/consultas/materia/materia_mostrar_proc?cod_materia=145036,Michele Collins,Em vigor,Lei Ordinária 19343/2025
"Lei Ordinária nº 19342, de 07/01/2025",https://publico.recife.pe.leg.br/consultas/norma_juridica/norma_juridica_mostrar_proc?cod_norma=1920,Declara Patrimônio Imaterial Histórico e Cultural do Recife o “Jornal Diario de Pernambuco”.,PLO 204/2024,https://publico.recife.pe.leg.br/consultas/materia/materia_mostrar_proc?cod_materia=156187,Professora Ana Lúcia,Em vigor,Lei Ordinária 19342/2025
"Lei Ordinária nº 19341, de 30/12/2024",https://publico.recife.pe.leg.br/consultas/norma_juridica/norma_juridica_mostrar_proc?cod_norma=1948,"Dispõe sobre o direito das pessoas que mantêm união estável homoafetiva, convertida ou não em casamento, à inscrição, como entidade familiar, nos programas de habitação popular, no âmbito do município do Recife.",PLO 12/2022,https://publico.recife.pe.leg.br/consultas/materia/materia_mostrar_proc?cod_materia=119484,Liana Cirne,Em vigor,Lei Ordinária 19341/2024
"Lei Ordinária nº 19340, de 30/12/2024",https://publico.recife.pe.leg.br/consultas/norma_juridica/norma_juridica_mostrar_proc?cod_norma=1935,Dispõe sobre os cargos de Auxiliar de Enfermagem do Quadro de Cargos Efetivos da Secretaria de Saúde do Recife.,PLO 150/2024,https://publico.recife.pe.leg.br/consultas/materia/materia_mostrar_proc?cod_materia=153860,Cida Pedrosa,Em vigor,Lei Ordinária 19340/2024
"Lei Ordinária nº 19339, de 30/12/2024",https://publico.recife.pe.leg.br/consultas/norma_juridica/norma_juridica_mostrar_proc?cod_norma=1947,"Denomina “Rua Enéas Alves Freire” a via pública localizada próximo à Praça Sérgio Loreto, entre a Travessa do Gusmão e a Rua do Muniz, no Bairro de São José, município do Recife.",PLO 390/2021,https://publico.recife.pe.leg.br/consultas/materia/materia_mostrar_proc?cod_materia=116485,Alcides Cardoso,Em vigor,Lei Ordinária 19339/2024
"Lei Ordinária nº 19338, de 27/12/2024",https://publico.recife.pe.leg.br/consultas/norma_juridica/norma_juridica_mostrar_proc?cod_norma=1884,"Altera o inciso III do art. 1º da Lei Municipal nº 18.568, de 12 de abril de 2019",PLO 218/2024,https://publico.recife.pe.leg.br/consultas/materia/materia_mostrar_proc?cod_materia=157841,Comissão Executiva,Em vigor,Lei Ordinária 19338/2024
"Lei Ordinária nº 19337, de 27/12/2024",https://publico.recife.pe.leg.br/consultas/norma_juridica/norma_juridica_mostrar_proc?cod_norma=1910,Dispõe sobre a estrutura e funcionamento da Administração Direta e Indireta do Poder Executivo Municipal.,PLE 33/2024,https://publico.recife.pe.leg.br/consultas/materia/materia_mostrar_proc?cod_materia=157840,Prefeito do Recife,Em vigor,Lei Ordinária 19337/2024
"Lei Ordinária nº 19336, de 17/12/2024",https://publico.recife.pe.leg.br/consultas/norma_juridica/norma_juridica_mostrar_proc?cod_norma=1917,Dispõe sobre a revisão do Plano Plurianual 2022-2025 do Município do Recife para o exercício de 2025.,PLE 24/2024,https://publico.recife.pe.leg.br/consultas/materia/materia_mostrar_proc?cod_materia=156046,Prefeito do Recife,Em vigor,Lei Ordinária 19336/2024
"Lei Ordinária nº 19335, de 17/12/2024",https://publico.recife.pe.leg.br/consultas/norma_juridica/norma_juridica_mostrar_proc?cod_norma=1918,"Dispõe sobre a Lei Orçamentária Anual, que estima a receita e fixa a despesa do Município do Recife para o exercício de 2025.",PLE 23/2024,https://publico.recife.pe.leg.br/consultas/materia/materia_mostrar_proc?cod_materia=156045,Prefeito do Recife,Em vigor,Lei Ordinária 19335/2024
"Lei Ordinária nº 19334, de 04/12/2024",https://publico.recife.pe.leg.br/consultas/norma_juridica/norma_juridica_mostrar_proc?cod_norma=1924,"Denomina “Armando de Queiroz Monteiro Filho” o Campo Gramadão a ser inaugurado na Rua Manoel de Brito, Bairro Pina, município do Recife.",PLO 193/2024,https://publico.recife.pe.leg.br/consultas/materia/materia_mostrar_proc?cod_materia=155764,Rodrigo Coutinho,Em vigor,Lei Ordinária 19334/2024
"Lei Ordinária nº 19333, de 04/12/2024",https://publico.recife.pe.leg.br/consultas/norma_juridica/norma_juridica_mostrar_proc?cod_norma=1911,"Altera a Lei Municipal nº 16.934, de 29 de dezembro de 2003, e a Lei Municipal nº 17.142, de 02 de dezembro de 2005.",PLE 32/2024,https://publico.recife.pe.leg.br/consultas/materia/materia_mostrar_proc?cod_materia=156752,Prefeito do Recife,Em vigor,Lei Ordinária 19333/2024
"Lei Ordinária nº 19332, de 04/12/2024",https://publico.recife.pe.leg.br/consultas/norma_juridica/norma_juridica_mostrar_proc?cod_norma=1912,"Regula a cessão das permissões do serviço de táxi, a partir do disposto no art. 12-A da Lei Federal nº 12.587, de 03 de janeiro de 2012, e do decidido pelo Supremo Tribunal Federal na ADI 5.337/DF.",PLE 31/2024,https://publico.recife.pe.leg.br/consultas/materia/materia_mostrar_proc?cod_materia=156751,Prefeito do Recife,Em vigor,Lei Ordinária 19332/2024
"Lei Ordinária nº 19331, de 04/12/2024",https://publico.recife.pe.leg.br/consultas/norma_juridica/norma_juridica_mostrar_proc?cod_norma=1913,"Altera o Demonstrativo De Compatibilidade Da Programação Com Metas Fiscais 2024 do Anexo I - da Lei 19.154/2023 - Lei Orçamentária Anual - LOA, para o exercício de 2024.",PLE 30/2024,https://publico.recife.pe.leg.br/consultas/materia/materia_mostrar_proc?cod_materia=156750,Prefeito do Recife,Em vigor,Lei Ordinária 19331/2024
"Lei Ordinária nº 19330, de 04/12/2024",https://publico.recife.pe.leg.br/consultas/norma_juridica/norma_juridica_mostrar_proc?cod_norma=1914,"Altera a Lei Municipal nº 19.086, de 30 de junho de 2023, que Institui e disciplina o Programa Municipal Educação para Todos - NOVO PROUNI E PROTEC RECIFE.",PLE 28/2024,https://publico.recife.pe.leg.br/consultas/materia/materia_mostrar_proc?cod_materia=156608,Prefeito do Recife,Em vigor,Lei Ordinária 19330/2024
"Lei Ordinária nº 19329, de 04/12/2024",https://publico.recife.pe.leg.br/consultas/norma_juridica/norma_juridica_mostrar_proc?cod_norma=1915,"Altera § 1º do art. 20 da Lei Municipal nº 16.113, de 06 de novembro de 1995, que dispõe sobre o Plano de Regularização das Zonas Especiais de Interesse Social Prezeis e dá outras providências.",PLE 27/2024,https://publico.recife.pe.leg.br/consultas/materia/materia_mostrar_proc?cod_materia=156607,Prefeito do Recife,Em vigor,Lei Ordinária 19329/2024
"Lei Ordinária nº 19328, de 04/12/2024",https://publico.recife.pe.leg.br/consultas/norma_juridica/norma_juridica_mostrar_proc?cod_norma=1916,"Autoriza o Poder Executivo a contratar operação de crédito com a CAIXA ECONÔMICA FEDERAL, com a garantia da União e dá outras providências.",PLE 26/2024,https://publico.recife.pe.leg.br/consultas/materia/materia_mostrar_proc?cod_materia=156606,Prefeito do Recife,Em vigor,Lei Ordinária 19328/2024
"Lei Ordinária nº 19327, de 28/11/2024",https://publico.recife.pe.leg.br/consultas/norma_juridica/norma_juridica_mostrar_proc?cod_norma=1895,"Denomina ""Engenheiro Sebastião Barreto Campello"" a creche a ser construída na Rua Guaíra, s/n, bairro Linha do Tiro, município do Recife.",PLO 172/2024,https://publico.recife.pe.leg.br/consultas/materia/materia_mostrar_proc?cod_materia=155087,Samuel Salazar,Em vigor,Lei Ordinária 19327/2024
"Lei Ordinária nº 19326, de 28/11/2024",https://publico.recife.pe.leg.br/consultas/norma_juridica/norma_juridica_mostrar_proc?cod_norma=1894,"Altera a Lei Municipal nº 19.290, de 24 de julho de 2024, que considera o ""Clube Português do Recife"" como Patrimônio Cultural Material do Recife.",PLO 170/2024,https://publico.recife.pe.leg.br/consultas/materia/materia_mostrar_proc?cod_materia=154914,Victor André Gomes,Em vigor,Lei Ordinária 19326/2024
"Lei Ordinária nº 19325, de 28/11/2024",https://publico.recife.pe.leg.br/consultas/norma_juridica/norma_juridica_mostrar_proc?cod_norma=1893,Considera Patrimônio Cultural Imaterial do Recife o “Candomblé”.,PLO 126/2024,https://publico.recife.pe.leg.br/consultas/materia/materia_mostrar_proc?cod_materia=153030,Elaine Cristina,Em vigor,Lei Ordinária 19325/2024
"Lei Ordinária nº 19324, de 28/11/2024",https://publico.recife.pe.leg.br/consultas/norma_juridica/norma_juridica_mostrar_proc?cod_norma=1892,"Dispõe sobre as bases para elaboração da ""Política Municipal de uso e distribuição de Remédios Derivados da Cannabis sp.” no município do Recife e dá outras providências.",PLO 207/2022,https://publico.recife.pe.leg.br/consultas/materia/materia_mostrar_proc?cod_materia=126837,"Cida Pedrosa,                            Alcides Cardoso,                            Alcides Teixeira Neto,                            Aline Mariano,                            Almir Fernando,                            Chico Kiko,                            Dani Portela,                            Dilson Batista,                            Doduel Varela,                            Eriberto Rafael,                            Fabiano Ferraz,                            Hélio Guabiraba,                            Ivan Moraes,                            Jairo Britto,                            Liana Cirne,                            Marco Aurélio Filho,                            Marcos di Bria Júnior,                            Natália de Menudo,                            Osmar Ricardo,                            Paulo Muniz,                            Prof Mirinho,                            Rinaldo Júnior,                            Romerinho Jatobá,                            Samuel Salazar,                            Tadeu Calheiros,                            Zé Neto",Em vigor,Lei Ordinária 19324/2024
"Lei Ordinária nº 19323, de 28/11/2024",https://publico.recife.pe.leg.br/consultas/norma_juridica/norma_juridica_mostrar_proc?cod_norma=1891,"Denomina de “Escola Municipal Deputado José Coimbra Patriota Filho” a Escola Municipal
a ser construída na Rua General Labatut, bairro de Dois Unidos, Recife/PE.",PLO 203/2024,https://publico.recife.pe.leg.br/consultas/materia/materia_mostrar_proc?cod_materia=156080,Carlos Muniz,Em vigor,Lei Ordinária 19323/2024
"Lei Ordinária nº 19322, de 22/11/2024",https://publico.recife.pe.leg.br/consultas/norma_juridica/norma_juridica_mostrar_proc?cod_norma=1890,Declara de Utilidade Pública a “Associação Nação Cidadã”.,PLO 184/2024,https://publico.recife.pe.leg.br/consultas/materia/materia_mostrar_proc?cod_materia=155516,Aderaldo Pinto,Em vigor,Lei Ordinária 19322/2024
"Lei Ordinária nº 19321, de 19/11/2024",https://publico.recife.pe.leg.br/consultas/norma_juridica/norma_juridica_mostrar_proc?cod_norma=1889,"Altera a Lei nº 16.856, de 16 de abril de 2003, que dispõe sobre o serviço de Transporte Complementar de Passageiros do Município do Recife -STCP/Recife.",PLE 29/2024,https://publico.recife.pe.leg.br/consultas/materia/materia_mostrar_proc?cod_materia=156609,Prefeito do Recife,Em vigor,Lei Ordinária 19321/2024
"Lei Ordinária nº 19320, de 19/11/2024",https://publico.recife.pe.leg.br/consultas/norma_juridica/norma_juridica_mostrar_proc?cod_norma=1888,"Dispõe sobre alterações à Lei Municipal nº 19.155, de 15 de dezembro de 2023 (Revisão do PPA 2022-2025) e à Lei Municipal nº 19.154, de 15 de dezembro de 2023 (LOA 2024), e autoriza a abertura de crédito especial aos Orçamentos Fiscal e da Seguridade Social, para implementação e operacionalização da Lei Federal nº 14.399, de 08 julho de 2022, que instituiu a Política Nacional Aldir Blanc de Fomento à Cultura.",PLE 25/2024,https://publico.recife.pe.leg.br/consultas/materia/materia_mostrar_proc?cod_materia=156340,Prefeito do Recife,Em vigor,Lei Ordinária 19320/2024
"Lei Ordinária nº 19319, de 24/10/2024",https://publico.recife.pe.leg.br/consultas/norma_juridica/norma_juridica_mostrar_proc?cod_norma=1877,Inclui o Evento Esportivo Corrida dos Morros no Calendário Oficial de Eventos do Município do Recife.,PLO 142/2024,https://publico.recife.pe.leg.br/consultas/materia/materia_mostrar_proc?cod_materia=153343,Samuel Salazar,Em vigor,Lei Ordinária 19319/2024
"Lei Ordinária nº 19318, de 18/10/2024",https://publico.recife.pe.leg.br/consultas/norma_juridica/norma_juridica_mostrar_proc?cod_norma=1876,"Altera o nome da Rua Bom Jesus da Lapa, localizada no Bairro Torre, no município do Recife, para Rua Irmã Adélia.",PLO 278/2023,https://publico.recife.pe.leg.br/consultas/materia/materia_mostrar_proc?cod_materia=146484,Felipe Alecrim,Em vigor,Lei Ordinária 19318/2024
"Lei Ordinária nº 19317, de 18/10/2024",https://publico.recife.pe.leg.br/consultas/norma_juridica/norma_juridica_mostrar_proc?cod_norma=1875,Declara Patrimônio Cultural Imaterial do Recife a Banda Faces do Subúrbio.,PLO 173/2024,https://publico.recife.pe.leg.br/consultas/materia/materia_mostrar_proc?cod_materia=155098,Cida Pedrosa,Em vigor,Lei Ordinária 19317/2024
"Lei Ordinária nº 19316, de 18/10/2024",https://publico.recife.pe.leg.br/consultas/norma_juridica/norma_juridica_mostrar_proc?cod_norma=1874,"Institui o ""Dia Municipal do Pé Torto Congênito"" no município do Recife.",PLO 171/2024,https://publico.recife.pe.leg.br/consultas/materia/materia_mostrar_proc?cod_materia=155013,Cida Pedrosa,Em vigor,Lei Ordinária 19316/2024
"Lei Ordinária nº 19315, de 18/10/2024",https://publico.recife.pe.leg.br/consultas/norma_juridica/norma_juridica_mostrar_proc?cod_norma=1873,Institui o Dia Municipal da Vigilante e do Vigilante no Calendário Oficial de Eventos do Município do Recife.,PLO 148/2024,https://publico.recife.pe.leg.br/consultas/materia/materia_mostrar_proc?cod_materia=153792,Cida Pedrosa,Em vigor,Lei Ordinária 19315/2024
"Lei Ordinária nº 19314, de 14/10/2024",https://publico.recife.pe.leg.br/consultas/norma_juridica/norma_juridica_mostrar_proc?cod_norma=1869,Inclui o “Lançamento da Campanha da Fraternidade” no Calendário Oficial de Eventos do Município do Recife.,PLO 74/2024,https://publico.recife.pe.leg.br/consultas/materia/materia_mostrar_proc?cod_materia=150079,Cida Pedrosa,Em vigor,Lei Ordinária 19314/2024
"Lei Ordinária nº 19313, de 14/10/2024",https://publico.recife.pe.leg.br/consultas/norma_juridica/norma_juridica_mostrar_proc?cod_norma=1868,Declara Patrimônio Cultural Imaterial do Recife o “Clube Carnavalesco Misto Reisado Imperial”,PLO 141/2024,https://publico.recife.pe.leg.br/consultas/materia/materia_mostrar_proc?cod_materia=153339,Cida Pedrosa,Em vigor,Lei Ordinária 19313/2024
"Lei Ordinária nº 19312, de 07/10/2024",https://publico.recife.pe.leg.br/consultas/norma_juridica/norma_juridica_mostrar_proc?cod_norma=1867,"Declara Patrimônio Cultural Imaterial do Recife a “Venda de Seu Vital”, localizada no Bairro Poço da Panela.",PLO 163/2024,https://publico.recife.pe.leg.br/consultas/materia/materia_mostrar_proc?cod_materia=154636,Cida Pedrosa,Em vigor,Lei Ordinária 19312/2024
"Lei Ordinária nº 19311, de 07/10/2024",https://publico.recife.pe.leg.br/consultas/norma_juridica/norma_juridica_mostrar_proc?cod_norma=1866,Considera Patrimônio Cultural Imaterial do Recife o “Festival Samba Recife”.,PLO 179/2024,https://publico.recife.pe.leg.br/consultas/materia/materia_mostrar_proc?cod_materia=155313,Hélio Guabiraba,Em vigor,Lei Ordinária 19311/2024
"Lei Ordinária nº 19310, de 16/09/2024",https://publico.recife.pe.leg.br/consultas/norma_juridica/norma_juridica_mostrar_proc?cod_norma=1861,Institui o Código de Defesa do Empreendedor no município do Recife.,PLO 53/2022,https://publico.recife.pe.leg.br/consultas/materia/materia_mostrar_proc?cod_materia=120268,Almir Fernando,"Em vigor, com revogação parcial",Lei Ordinária 19310/2024
"Lei Ordinária nº 19309, de 16/09/2024",https://publico.recife.pe.leg.br/consultas/norma_juridica/norma_juridica_mostrar_proc?cod_norma=1860,"Cria o ""Selo Lilás"" de reconhecimento às empresas atuantes no combate à violência contra a mulher.",PLO 20/2024,https://publico.recife.pe.leg.br/consultas/materia/materia_mostrar_proc?cod_materia=148068,Aline Mariano,"Em vigor, com revogação parcial",Lei Ordinária 19309/2024
"Lei Ordinária nº 19308, de 16/09/2024",https://publico.recife.pe.leg.br/consultas/norma_juridica/norma_juridica_mostrar_proc?cod_norma=1859,"Institui o “Dia do Cooperativismo"" no Calendário Oficial de Eventos do Município do Recife.",PLO 96/2024,https://publico.recife.pe.leg.br/consultas/materia/materia_mostrar_proc?cod_materia=151651,"Tadeu Calheiros,                            Samuel Salazar","Em vigor, com revogação parcial",Lei Ordinária 19308/2024
"Lei Ordinária nº 19307, de 16/09/2024",https://publico.recife.pe.leg.br/consultas/norma_juridica/norma_juridica_mostrar_proc?cod_norma=1862,Institui o “Mês Maio Furta-Cor” no Calendário Oficial de Eventos do Município do Recife.,PLO 260/2023,https://publico.recife.pe.leg.br/consultas/materia/materia_mostrar_proc?cod_materia=145903,Natália de Menudo,Em vigor,Lei Ordinária 19307/2024
"Lei Ordinária nº 19306, de 16/09/2024",https://publico.recife.pe.leg.br/consultas/norma_juridica/norma_juridica_mostrar_proc?cod_norma=1857,Institui a “Semana de Incentivo à Doação de Cabelos às Pessoas Carentes em Tratamento de Câncer” no Calendário Oficial de Eventos do Município do Recife.,PLO 274/2023,https://publico.recife.pe.leg.br/consultas/materia/materia_mostrar_proc?cod_materia=146319,Aline Mariano,Em vigor,Lei Ordinária 19306/2024
"Lei Ordinária nº 19305, de 16/09/2024",https://publico.recife.pe.leg.br/consultas/norma_juridica/norma_juridica_mostrar_proc?cod_norma=1856,Considera Patrimônio Cultural Imaterial do Recife a “Noite Cubana do Clube Bela Vista”.,PLO 105/2024,https://publico.recife.pe.leg.br/consultas/materia/materia_mostrar_proc?cod_materia=151994,Elaine Cristina,Em vigor,Lei Ordinária 19305/2024
"Lei Ordinária nº 19304, de 16/09/2024",https://publico.recife.pe.leg.br/consultas/norma_juridica/norma_juridica_mostrar_proc?cod_norma=1855,"Considera Patrimônio Cultural Imaterial do Recife o “Bloco Cabeça de Touro"".",PLO 107/2024,https://publico.recife.pe.leg.br/consultas/materia/materia_mostrar_proc?cod_materia=152029,Elaine Cristina,Em vigor,Lei Ordinária 19304/2024
"Lei Ordinária nº 19303, de 16/09/2024",https://publico.recife.pe.leg.br/consultas/norma_juridica/norma_juridica_mostrar_proc?cod_norma=1854,Denominar-se-á “JOSÉ LIMA DA SILVA – Sr. Nelson” a escadaria construída no final da Rua 1ª Travessa Córrego do Marreco.,PLO 83/2022,https://publico.recife.pe.leg.br/consultas/materia/materia_mostrar_proc?cod_materia=121262,Hélio Guabiraba,Em vigor,Lei Ordinária 19303/2024
"Lei Ordinária nº 19302, de 16/09/2024",https://publico.recife.pe.leg.br/consultas/norma_juridica/norma_juridica_mostrar_proc?cod_norma=1853,Obriga a disponibilização de acesso gratuito à internet em estabelecimentos que oferecem cardápio na forma digital.,PLO 238/2023,https://publico.recife.pe.leg.br/consultas/materia/materia_mostrar_proc?cod_materia=144853,Aline Mariano,Em vigor,Lei Ordinária 19302/2024
"Lei Ordinária nº 19301, de 16/09/2024",https://publico.recife.pe.leg.br/consultas/norma_juridica/norma_juridica_mostrar_proc?cod_norma=1852,Declara Patrimônio Cultural Imaterial do Recife o “Bloco Carnavalesco Madeira do Rosarinho”.,PLO 1/2024,https://publico.recife.pe.leg.br/consultas/materia/materia_mostrar_proc?cod_materia=147704,Aline Mariano,Em vigor,Lei Ordinária 19301/2024
"Lei Ordinária nº 19300, de 16/09/2024",https://publico.recife.pe.leg.br/consultas/norma_juridica/norma_juridica_mostrar_proc?cod_norma=1851,Institui o dia do Grupo de Apoio ao Magistério (GOAM) no calendário oficial de eventos do município do Recife.,PLO 93/2024,https://publico.recife.pe.leg.br/consultas/materia/materia_mostrar_proc?cod_materia=151375,Osmar Ricardo,Em vigor,Lei Ordinária 19300/2024
"Lei Ordinária nº 19299, de 24/07/2024",https://publico.recife.pe.leg.br/consultas/norma_juridica/norma_juridica_mostrar_proc?cod_norma=1849,Institui o “Dia Municipal da Menina” no Calendário Oficial de Eventos do Município do Recife,PLO 277/2023,https://publico.recife.pe.leg.br/consultas/materia/materia_mostrar_proc?cod_materia=146481,Elaine Cristina,Em vigor,Lei Ordinária 19299/2024
"Lei Ordinária nº 19298, de 24/07/2024",https://publico.recife.pe.leg.br/consultas/norma_juridica/norma_juridica_mostrar_proc?cod_norma=1845,Institui no Calendário Oficial de Eventos do Município do Recife a “Semana Municipal de Literatura”.,PLO 47/2022,https://publico.recife.pe.leg.br/consultas/materia/materia_mostrar_proc?cod_materia=120100,Cida Pedrosa,Em vigor,Lei Ordinária 19298/2024
"Lei Ordinária nº 19297, de 24/07/2024",https://publico.recife.pe.leg.br/consultas/norma_juridica/norma_juridica_mostrar_proc?cod_norma=1844,"Dispõe sobre as diretrizes para a “Política Municipal de Estímulo, Incentivo e Promoção da Mulher Empreendedora” no município do Recife.",PLO 98/2022,https://publico.recife.pe.leg.br/consultas/materia/materia_mostrar_proc?cod_materia=121895,Cida Pedrosa,Em vigor,Lei Ordinária 19297/2024
"Lei Ordinária nº 19296, de 24/07/2024",https://publico.recife.pe.leg.br/consultas/norma_juridica/norma_juridica_mostrar_proc?cod_norma=1752,Declara Patrimônio Cultural Imaterial do Recife a manifestação cultural “Bumba Meu Boi”.,PLO 6/2024,https://publico.recife.pe.leg.br/consultas/materia/materia_mostrar_proc?cod_materia=147724,Cida Pedrosa,Em vigor,Lei Ordinária 19296/2024
"Lei Ordinária nº 19295, de 24/07/2024",https://publico.recife.pe.leg.br/consultas/norma_juridica/norma_juridica_mostrar_proc?cod_norma=1802,Declara Patrimônio Cultural Imaterial do Recife o Movimento Hip Hop.,PLO 63/2024,https://publico.recife.pe.leg.br/consultas/materia/materia_mostrar_proc?cod_materia=149921,Cida Pedrosa,Em vigor,Lei Ordinária 19295/2024
"Lei Ordinária nº 19294, de 24/07/2024",https://publico.recife.pe.leg.br/consultas/norma_juridica/norma_juridica_mostrar_proc?cod_norma=1775,Institui o “Dia Municipal das Trabalhadoras e Trabalhadores das Artes Técnicas Sérgio Valença Pezão” no Calendário Oficial de Eventos do Município do Recife,PLO 70/2024,https://publico.recife.pe.leg.br/consultas/materia/materia_mostrar_proc?cod_materia=149993,Cida Pedrosa,Em vigor,Lei Ordinária 19294/2024
"Lei Ordinária nº 19293, de 24/07/2024",https://publico.recife.pe.leg.br/consultas/norma_juridica/norma_juridica_mostrar_proc?cod_norma=1812,"Institui, no Calendário Oficial de Eventos do Município do Recife, o “Dia Municipal das Feiras Livres”.",PLO 146/2022,https://publico.recife.pe.leg.br/consultas/materia/materia_mostrar_proc?cod_materia=124103,Hélio Guabiraba,Em vigor,Lei Ordinária 19293/2024
"Lei Ordinária nº 19292, de 24/07/2024",https://publico.recife.pe.leg.br/consultas/norma_juridica/norma_juridica_mostrar_proc?cod_norma=1759,Considera Patrimônio Cultural Imaterial do Recife a “Orquestra Popular do Recife”.,PLO 87/2024,https://publico.recife.pe.leg.br/consultas/materia/materia_mostrar_proc?cod_materia=150995,Hélio Guabiraba,Em vigor,Lei Ordinária 19292/2024
"Lei Ordinária nº 19291, de 24/07/2024",https://publico.recife.pe.leg.br/consultas/norma_juridica/norma_juridica_mostrar_proc?cod_norma=1755,Considera Patrimônio Cultural Imaterial do Recife o Clube Carnavalesco Misto Lenhadores.,PLO 102/2024,https://publico.recife.pe.leg.br/consultas/materia/materia_mostrar_proc?cod_materia=151871,Rinaldo Júnior,Em vigor,Lei Ordinária 19291/2024
"Lei Ordinária nº 19290, de 24/07/2024",https://publico.recife.pe.leg.br/consultas/norma_juridica/norma_juridica_mostrar_proc?cod_norma=1749,Considera Patrimônio Cultural Imaterial do Recife o “Clube Português do Recife”.,PLO 109/2024,https://publico.recife.pe.leg.br/consultas/materia/materia_mostrar_proc?cod_materia=152089,Victor André Gomes,Em vigor,Lei Ordinária 19290/2024
"Lei Ordinária nº 19289, de 24/07/2024",https://publico.recife.pe.leg.br/consultas/norma_juridica/norma_juridica_mostrar_proc?cod_norma=1843,Institui a Campanha de Conscientização sobre o Autismo em Adultos.,PLO 298/2023,https://publico.recife.pe.leg.br/consultas/materia/materia_mostrar_proc?cod_materia=147160,Aderaldo Pinto,Em vigor,Lei Ordinária 19289/2024
"Lei Ordinária nº 19288, de 24/07/2024",https://publico.recife.pe.leg.br/consultas/norma_juridica/norma_juridica_mostrar_proc?cod_norma=1756,"Denomina “Praça Roberto Barbosa dos Anjos - Gabé”, a praça situada na Rua Professor Rutilho, popularmente chamada de Praça Professor Rutilho, bairro de Coqueiral, Município do Recife.",PLO 99/2024,https://publico.recife.pe.leg.br/consultas/materia/materia_mostrar_proc?cod_materia=151666,Romerinho Jatobá,Em vigor,Lei Ordinária 19288/2024
"Lei Ordinária nº 19287, de 24/07/2024",https://publico.recife.pe.leg.br/consultas/norma_juridica/norma_juridica_mostrar_proc?cod_norma=1758,Institui a “Semana Cultural Judaica” no Calendário Oficial de Eventos do Município do Recife.,PLO 90/2024,https://publico.recife.pe.leg.br/consultas/materia/materia_mostrar_proc?cod_materia=151044,Alcides Cardoso,Em vigor,Lei Ordinária 19287/2024
"Lei Ordinária nº 19286, de 24/07/2024",https://publico.recife.pe.leg.br/consultas/norma_juridica/norma_juridica_mostrar_proc?cod_norma=1842,"Considera Patrimônio Cultural Imaterial do Recife o ""Bloco das Ilusões”.",PLO 305/2023,https://publico.recife.pe.leg.br/consultas/materia/materia_mostrar_proc?cod_materia=147350,Aline Mariano,Em vigor,Lei Ordinária 19286/2024
"Lei Ordinária nº 19285, de 24/07/2024",https://publico.recife.pe.leg.br/consultas/norma_juridica/norma_juridica_mostrar_proc?cod_norma=1757,"Denomina “Praça Antônio Laurino Bandeira” a praça a ser inaugurada na Rua Âmbar, no município do Recife.",PLO 13/2024,https://publico.recife.pe.leg.br/consultas/materia/materia_mostrar_proc?cod_materia=147924,Almir Fernando,Em vigor,Lei Ordinária 19285/2024
"Lei Ordinária nº 19284, de 24/07/2024",https://publico.recife.pe.leg.br/consultas/norma_juridica/norma_juridica_mostrar_proc?cod_norma=1753,Considera Patrimônio Cultural Imaterial do Recife o “Pagode do Didi”.,PLO 106/2024,https://publico.recife.pe.leg.br/consultas/materia/materia_mostrar_proc?cod_materia=152028,Elaine Cristina,Em vigor,Lei Ordinária 19284/2024
"Lei Ordinária nº 19283, de 24/07/2024",https://publico.recife.pe.leg.br/consultas/norma_juridica/norma_juridica_mostrar_proc?cod_norma=1750,Considera Patrimônio Cultural Imaterial do Recife o “Afoxé Omô Nilê Ogunjá.,PLO 108/2024,https://publico.recife.pe.leg.br/consultas/materia/materia_mostrar_proc?cod_materia=152030,Elaine Cristina,Em vigor,Lei Ordinária 19283/2024
"Lei Ordinária nº 19282, de 24/07/2024",https://publico.recife.pe.leg.br/consultas/norma_juridica/norma_juridica_mostrar_proc?cod_norma=1841,"Denomina “Praça do Jacaré” a praça situada no cruzamento da Rua Alto do Olho D’Água com a Rua Pedra Branca, Bairro Nova Descoberta, Município do Recife.",PLO 189/2022,https://publico.recife.pe.leg.br/consultas/materia/materia_mostrar_proc?cod_materia=125352,Romerinho Jatobá,Em vigor,Lei Ordinária 19282/2024
"Lei Ordinária nº 19281, de 24/07/2024",https://publico.recife.pe.leg.br/consultas/norma_juridica/norma_juridica_mostrar_proc?cod_norma=1840,Institui o “Dia do Combate ao Antissemitismo e ao Fascismo” no Calendário Oficial de Eventos do Município do Recife.,PLO 283/2023,https://publico.recife.pe.leg.br/consultas/materia/materia_mostrar_proc?cod_materia=146642,Alcides Cardoso,Em vigor,Lei Ordinária 19281/2024
"Lei Ordinária nº 19280, de 24/07/2024",https://publico.recife.pe.leg.br/consultas/norma_juridica/norma_juridica_mostrar_proc?cod_norma=1747,Considera Patrimônio Cultural Imaterial do Recife o Bloco Confete e Serpentina.,PLO 129/2024,https://publico.recife.pe.leg.br/consultas/materia/materia_mostrar_proc?cod_materia=153038,Alcides Cardoso,Em vigor,Lei Ordinária 19280/2024
"Lei Ordinária nº 19279, de 24/07/2024",https://publico.recife.pe.leg.br/consultas/norma_juridica/norma_juridica_mostrar_proc?cod_norma=1800,"Altera a ementa e o art. 1º da Lei Municipal nº 18.460, de 10 de janeiro de 2018, que Declara patrimônio artístico e cultural do Recife os caboclinhos e as agremiações tribos de índios existentes na cidade.",PLO 66/2024,https://publico.recife.pe.leg.br/consultas/materia/materia_mostrar_proc?cod_materia=149940,Almir Fernando,Em vigor,Lei Ordinária 19279/2024
"Lei Ordinária nº 19278, de 24/07/2024",https://publico.recife.pe.leg.br/consultas/norma_juridica/norma_juridica_mostrar_proc?cod_norma=1771,Institui o “Dia Municipal da Dança” no Calendário Oficial de Eventos do Município do Recife.,PLO 112/2024,https://publico.recife.pe.leg.br/consultas/materia/materia_mostrar_proc?cod_materia=152259,Cida Pedrosa,Em vigor,Lei Ordinária 19278/2024
"Lei Ordinária nº 19277, de 24/07/2024",https://publico.recife.pe.leg.br/consultas/norma_juridica/norma_juridica_mostrar_proc?cod_norma=1748,"Denomina ""Riquelme Henrique de Souza"" a praça a ser construída na Rua da Liberdade, bairro de Dois Unidos, município do Recife.",PLO 120/2024,https://publico.recife.pe.leg.br/consultas/materia/materia_mostrar_proc?cod_materia=152760,Samuel Salazar,Em vigor,Lei Ordinária 19277/2024
"Lei Ordinária nº 19276, de 24/07/2024",https://publico.recife.pe.leg.br/consultas/norma_juridica/norma_juridica_mostrar_proc?cod_norma=1754,Institui no Calendário Oficial de Eventos do Município do Recife o “Dia  Municipal do Médico de Família e Comunidade”.,PLO 12/2024,https://publico.recife.pe.leg.br/consultas/materia/materia_mostrar_proc?cod_materia=147895,Almir Fernando,Em vigor,Lei Ordinária 19276/2024
"Lei Ordinária nº 19275, de 08/07/2024",https://publico.recife.pe.leg.br/consultas/norma_juridica/norma_juridica_mostrar_proc?cod_norma=1839,Considera Patrimônio Cultural Imaterial do Recife a ”Troça Carnavalesca Mista Abanadores do Arruda”.,PLO 308/2023,https://publico.recife.pe.leg.br/consultas/materia/materia_mostrar_proc?cod_materia=147353,Marco Aurélio Filho,Em vigor,Lei Ordinária 19275/2024
"Lei Ordinária nº 19274, de 08/07/2024",https://publico.recife.pe.leg.br/consultas/norma_juridica/norma_juridica_mostrar_proc?cod_norma=1838,Declara como Patrimônio Cultural Imaterial do Recife as feiras agroecológicas especificadas.,PLO 303/2023,https://publico.recife.pe.leg.br/consultas/materia/materia_mostrar_proc?cod_materia=147280,Cida Pedrosa,Em vigor,Lei Ordinária 19274/2024
"Lei Ordinária nº 19273, de 08/07/2024",https://publico.recife.pe.leg.br/consultas/norma_juridica/norma_juridica_mostrar_proc?cod_norma=1837,"Considera Patrimônio Cultural Imaterial do Recife o "" Bloco das Flores""",PLO 306/2023,https://publico.recife.pe.leg.br/consultas/materia/materia_mostrar_proc?cod_materia=147351,Aline Mariano,Em vigor,Lei Ordinária 19273/2024
"Lei Ordinária nº 19272, de 08/07/2024",https://publico.recife.pe.leg.br/consultas/norma_juridica/norma_juridica_mostrar_proc?cod_norma=1836,Dispõe sobre as diretrizes para elaboração e execução da Lei Orçamentária de 2025.,PLE 13/2024,https://publico.recife.pe.leg.br/consultas/materia/materia_mostrar_proc?cod_materia=151741,Prefeito do Recife,Em vigor,Lei Ordinária 19272/2024
"Lei Ordinária nº 19271, de 05/07/2024",https://publico.recife.pe.leg.br/consultas/norma_juridica/norma_juridica_mostrar_proc?cod_norma=1744,"Denomina “Praça Dr. Antônio Carlos Figueira” a praça situada na Rua Projetada, nº 7512, popularmente chamada de “Praça dos Tijolos”, Bairro Boa viagem, município do Recife.",PLO 158/2024,https://publico.recife.pe.leg.br/consultas/materia/materia_mostrar_proc?cod_materia=154229,Zé Neto,Em vigor,Lei Ordinária 19271/2024
"Lei Ordinária nº 19270, de 04/07/2024",https://publico.recife.pe.leg.br/consultas/norma_juridica/norma_juridica_mostrar_proc?cod_norma=1807,"Disciplina a Bonificação por Desempenho da Saúde Bucal, regulamentando a distribuição local dos recursos relacionados ao ""pagamento por desempenho da saúde bucal na atenção primária à saúde, no âmbito do SUS"", instituído pelo Ministério da Saúde.",PLE 19/2024,https://publico.recife.pe.leg.br/consultas/materia/materia_mostrar_proc?cod_materia=153580,Prefeito do Recife,Em vigor,Lei Ordinária 19270/2024
"Lei Ordinária nº 19269, de 04/07/2024",https://publico.recife.pe.leg.br/consultas/norma_juridica/norma_juridica_mostrar_proc?cod_norma=1835,"Dispõe sobre a doação de imóveis no âmbito do Programa Minha Casa, Minha Vida - Entidades (MCMV-Entidades), regulamentado pela Instrução Normativa Nº 28, de 4 de julho de 2023, e dá outras providências.",PLE 21/2024,https://publico.recife.pe.leg.br/consultas/materia/materia_mostrar_proc?cod_materia=154055,Prefeito do Recife,Em vigor,Lei Ordinária 19269/2024
"Lei Ordinária nº 19268, de 04/07/2024",https://publico.recife.pe.leg.br/consultas/norma_juridica/norma_juridica_mostrar_proc?cod_norma=1834,Dispõe sobre a remuneração dos servidores públicos que indica e dá outras providências.,PLE 22/2024,https://publico.recife.pe.leg.br/consultas/materia/materia_mostrar_proc?cod_materia=154111,Prefeito do Recife,Em vigor,Lei Ordinária 19268/2024
"Lei Ordinária nº 19267, de 04/07/2024",https://publico.recife.pe.leg.br/consultas/norma_juridica/norma_juridica_mostrar_proc?cod_norma=1745,"Denomina de “Centro de Promoção dos Direitos da Mulher Marta Almeida”, o Centro de Promoção dos Direitos da Mulher a ser inaugurado na Rua do Bom Jesus, nº 147, no Bairro do Recife.",PLO 153/2024,https://publico.recife.pe.leg.br/consultas/materia/materia_mostrar_proc?cod_materia=154069,Cida Pedrosa,Em vigor,Lei Ordinária 19267/2024
"Lei Ordinária nº 19266, de 01/07/2024",https://publico.recife.pe.leg.br/consultas/norma_juridica/norma_juridica_mostrar_proc?cod_norma=1833,"Dispõe sobre autorização ao Poder Executivo Municipal para alienar ao Instituto Federal de Educação, Ciência e Tecnologia de Pernambuco - IFPE, mediante doação com encargos, bens imóveis de sua propriedade que especifica.",PLE 20/2024,https://publico.recife.pe.leg.br/consultas/materia/materia_mostrar_proc?cod_materia=153779,Prefeito do Recife,Em vigor,Lei Ordinária 19266/2024
"Lei Ordinária nº 19265, de 27/06/2024",https://publico.recife.pe.leg.br/consultas/norma_juridica/norma_juridica_mostrar_proc?cod_norma=1832,Institui no Calendário Oficial de Eventos do Município do Recife o “Março Roxo – Mês Dedicado à Defesa dos Direitos da Pessoa com Epilepsia”.,PLO 66/2023,https://publico.recife.pe.leg.br/consultas/materia/materia_mostrar_proc?cod_materia=136974,Ebinho Florêncio,Em vigor,Lei Ordinária 19265/2024
"Lei Ordinária nº 19264, de 27/06/2024",https://publico.recife.pe.leg.br/consultas/norma_juridica/norma_juridica_mostrar_proc?cod_norma=1831,"Altera o nome da “Praça da Morte” localizada no Bairro de Boa Viagem, no município do Recife, para “Praça da União”.",PLO 295/2023,https://publico.recife.pe.leg.br/consultas/materia/materia_mostrar_proc?cod_materia=147132,Felipe Alecrim,Em vigor,Lei Ordinária 19264/2024
"Lei Ordinária nº 19263, de 26/06/2024",https://publico.recife.pe.leg.br/consultas/norma_juridica/norma_juridica_mostrar_proc?cod_norma=1746,Declara de Utilidade Pública o INSTITUTO OFICINA CERÂMICA FRANCISCO BRENNAND.,PLO 131/2024,https://publico.recife.pe.leg.br/consultas/materia/materia_mostrar_proc?cod_materia=153159,Carlos Muniz,Em vigor,Lei Ordinária 19263/2024
"Lei Ordinária nº 19262, de 19/06/2024",https://publico.recife.pe.leg.br/consultas/norma_juridica/norma_juridica_mostrar_proc?cod_norma=1799,"Institui o “Dia S de valorização e reconhecimento do Serviço Social do Comércio (Sesc) e do Serviço Nacional de Aprendizagem Comercial (Senac)”, no Calendário Oficial de Eventos do Município do Recife.",PLO 67/2024,https://publico.recife.pe.leg.br/consultas/materia/materia_mostrar_proc?cod_materia=149948,Marco Aurélio Filho,Em vigor,Lei Ordinária 19262/2024
"Lei Ordinária nº 19261, de 19/06/2024",https://publico.recife.pe.leg.br/consultas/norma_juridica/norma_juridica_mostrar_proc?cod_norma=1765,Inclui o “Projeto Banco Vermelho”no calendário oficial de eventos do município do Recife.,PLO 78/2024,https://publico.recife.pe.leg.br/consultas/materia/materia_mostrar_proc?cod_materia=150550,Liana Cirne,Em vigor,Lei Ordinária 19261/2024
"Lei Ordinária nº 19260, de 19/06/2024",https://publico.recife.pe.leg.br/consultas/norma_juridica/norma_juridica_mostrar_proc?cod_norma=1751,Declara Patrimônio Cultural Imaterial do Recife a “Batalha da Convenção”.,PLO 7/2024,https://publico.recife.pe.leg.br/consultas/materia/materia_mostrar_proc?cod_materia=147725,Cida Pedrosa,Em vigor,Lei Ordinária 19260/2024
"Lei Ordinária nº 19259, de 19/06/2024",https://publico.recife.pe.leg.br/consultas/norma_juridica/norma_juridica_mostrar_proc?cod_norma=1772,Considera Patrimônio Cultural e Gastronômico do Recife o “Restaurante Altar Cozinha Ancestral”.,PLO 75/2024,https://publico.recife.pe.leg.br/consultas/materia/materia_mostrar_proc?cod_materia=150080,Marco Aurélio Filho,Em vigor,Lei Ordinária 19259/2024
"Lei Ordinária nº 19258, de 19/06/2024",https://publico.recife.pe.leg.br/consultas/norma_juridica/norma_juridica_mostrar_proc?cod_norma=1801,"Declara a “ Paróquia Nossa Senhora do Loreto da Base Aérea” Patrimônio Histórico, Cultural e imaterial do Recife.",PLO 65/2024,https://publico.recife.pe.leg.br/consultas/materia/materia_mostrar_proc?cod_materia=149923,Zé Neto,Em vigor,Lei Ordinária 19258/2024
"Lei Ordinária nº 19257, de 19/06/2024",https://publico.recife.pe.leg.br/consultas/norma_juridica/norma_juridica_mostrar_proc?cod_norma=1774,Considera Patrimônio Cultural e Gastronômico do Recife o “Espaço Multicultural Cantinho do Axé”.,PLO 71/2024,https://publico.recife.pe.leg.br/consultas/materia/materia_mostrar_proc?cod_materia=149998,Marco Aurélio Filho,Em vigor,Lei Ordinária 19257/2024
"Lei Ordinária nº 19256, de 19/06/2024",https://publico.recife.pe.leg.br/consultas/norma_juridica/norma_juridica_mostrar_proc?cod_norma=1761,Declara Patrimônio Cultural Imaterial do Recife o “Baile do Menino Deus”.,PLO 81/2024,https://publico.recife.pe.leg.br/consultas/materia/materia_mostrar_proc?cod_materia=150656,Cida Pedrosa,Em vigor,Lei Ordinária 19256/2024
"Lei Ordinária nº 19255, de 19/06/2024",https://publico.recife.pe.leg.br/consultas/norma_juridica/norma_juridica_mostrar_proc?cod_norma=1830,"Denomina “Praça Antônia Júlia de Souza” a praça situada na Rua Engenho Linda Flor, no Bairro Cohab - Ibura de Cima, município do Recife.",PLO 297/2023,https://publico.recife.pe.leg.br/consultas/materia/materia_mostrar_proc?cod_materia=147137,Samuel Salazar,Em vigor,Lei Ordinária 19255/2024
"Lei Ordinária nº 19254, de 19/06/2024",https://publico.recife.pe.leg.br/consultas/norma_juridica/norma_juridica_mostrar_proc?cod_norma=1829,Institui o “Dia Municipal dos Direitos Humanos Dom Hélder Câmara” no Calendário Oficial de Eventos do Município do Recife.,PLO 235/2023,https://publico.recife.pe.leg.br/consultas/materia/materia_mostrar_proc?cod_materia=144827,Cida Pedrosa,Em vigor,Lei Ordinária 19254/2024
"Lei Ordinária nº 19253, de 19/06/2024",https://publico.recife.pe.leg.br/consultas/norma_juridica/norma_juridica_mostrar_proc?cod_norma=1828,"Considera Patrimônio Cultural Imaterial do Recife o ""Bloco da Saudade"".",PLO 311/2023,https://publico.recife.pe.leg.br/consultas/materia/materia_mostrar_proc?cod_materia=147511,Aline Mariano,Em vigor,Lei Ordinária 19253/2024
"Lei Ordinária nº 19252, de 19/06/2024",https://publico.recife.pe.leg.br/consultas/norma_juridica/norma_juridica_mostrar_proc?cod_norma=1763,Considera Patrimônio Cultural Imaterial da Cidade do Recife o projeto cultural “Som na Rural”.,PLO 79/2024,https://publico.recife.pe.leg.br/consultas/materia/materia_mostrar_proc?cod_materia=150589,Liana Cirne,Em vigor,Lei Ordinária 19252/2024
"Lei Ordinária nº 19251, de 19/06/2024",https://publico.recife.pe.leg.br/consultas/norma_juridica/norma_juridica_mostrar_proc?cod_norma=1803,Declara a “Festa de Santo Antônio” Patrimônio Cultural Imaterial do Recife.,PLO 48/2024,https://publico.recife.pe.leg.br/consultas/materia/materia_mostrar_proc?cod_materia=149158,Cida Pedrosa,Em vigor,Lei Ordinária 19251/2024
"Lei Ordinária nº 19250, de 19/06/2024",https://publico.recife.pe.leg.br/consultas/norma_juridica/norma_juridica_mostrar_proc?cod_norma=1827,Reconhece o grafitismo e o muralismo como manifestações de arte conceitual urbana e popular no âmbito do município do Recife,PLO 292/2023,https://publico.recife.pe.leg.br/consultas/materia/materia_mostrar_proc?cod_materia=146872,Natália de Menudo,Em vigor,Lei Ordinária 19250/2024
"Lei Ordinária nº 19249, de 19/06/2024",https://publico.recife.pe.leg.br/consultas/norma_juridica/norma_juridica_mostrar_proc?cod_norma=1764,Considera Patrimônio Cultural Material do Recife a “Sinagoga Kahal Zur Israel”.,PLO 24/2024,https://publico.recife.pe.leg.br/consultas/materia/materia_mostrar_proc?cod_materia=148178,Michele Collins,Em vigor,Lei Ordinária 19249/2024
"Lei Ordinária nº 19248, de 19/06/2024",https://publico.recife.pe.leg.br/consultas/norma_juridica/norma_juridica_mostrar_proc?cod_norma=1804,Declara Patrimônio Cultural Imaterial do Recife a “Atividade da Pesca do Marisco e do Sururu”.,PLO 3/2024,https://publico.recife.pe.leg.br/consultas/materia/materia_mostrar_proc?cod_materia=147706,Liana Cirne,Em vigor,Lei Ordinária 19248/2024
"Lei Ordinária nº 19247, de 19/06/2024",https://publico.recife.pe.leg.br/consultas/norma_juridica/norma_juridica_mostrar_proc?cod_norma=1762,Institui o “Dia Municipal da Imigração Judaica” no Calendário Oficial de Eventos do Município do Recife.,PLO 16/2024,https://publico.recife.pe.leg.br/consultas/materia/materia_mostrar_proc?cod_materia=148004,Michele Collins,Em vigor,Lei Ordinária 19247/2024
"Lei Ordinária nº 19246, de 19/06/2024",https://publico.recife.pe.leg.br/consultas/norma_juridica/norma_juridica_mostrar_proc?cod_norma=1773,Considera Patrimônio Cultural e Imaterial do Recife o ”Espetáculo Caixa de Natal”.,PLO 72/2024,https://publico.recife.pe.leg.br/consultas/materia/materia_mostrar_proc?cod_materia=149999,Marco Aurélio Filho,Em vigor,Lei Ordinária 19246/2024
"Lei Ordinária nº 19245, de 19/06/2024",https://publico.recife.pe.leg.br/consultas/norma_juridica/norma_juridica_mostrar_proc?cod_norma=1808,"Institui e disciplina, no âmbito da Rede Pública de Ensino do Recife, o Programa ""Vacina Nota 10"", e cria cargos em comissão.",PLE 15/2024,https://publico.recife.pe.leg.br/consultas/materia/materia_mostrar_proc?cod_materia=152196,Prefeito do Recife,Em vigor,Lei Ordinária 19245/2024
"Lei Ordinária nº 19244, de 19/06/2024",https://publico.recife.pe.leg.br/consultas/norma_juridica/norma_juridica_mostrar_proc?cod_norma=1826,"Denomina de “Hospital da Criança – Antônio Carlos Figueira” o Hospital localizado no bairro do Caçote, no Município do Recife.",PLE 14/2024,https://publico.recife.pe.leg.br/consultas/materia/materia_mostrar_proc?cod_materia=152195,Prefeito do Recife,Em vigor,Lei Ordinária 19244/2024
"Lei Ordinária nº 19243, de 19/06/2024",https://publico.recife.pe.leg.br/consultas/norma_juridica/norma_juridica_mostrar_proc?cod_norma=1825,INSTITUI A “SEMANA EDUCACIONAL NO TRÂNSITO PARA PROTEÇÃO DO CICLISTA” NO MUNICÍPIO DO RECIFE.,PLO 154/2020,https://publico.recife.pe.leg.br/consultas/materia/materia_mostrar_proc?cod_materia=99158,Fred Ferreira,Em vigor,Lei Ordinária 19243/2024
"Lei Ordinária nº 19242, de 13/06/2024",https://publico.recife.pe.leg.br/consultas/norma_juridica/norma_juridica_mostrar_proc?cod_norma=1824,Institui o “Dia Municipal de Conscientização sobre o Uso da Maconha Medicinal” no Calendário Oficial de Eventos do Município do Recife.,PLO 285/2023,https://publico.recife.pe.leg.br/consultas/materia/materia_mostrar_proc?cod_materia=146662,Elaine Cristina,Em vigor,Lei Ordinária 19242/2024
"Lei Ordinária nº 19241, de 13/06/2024",https://publico.recife.pe.leg.br/consultas/norma_juridica/norma_juridica_mostrar_proc?cod_norma=1823,Dispõe sobre o Programa Mãe Coruja Recife.,PLE 11/2024,https://publico.recife.pe.leg.br/consultas/materia/materia_mostrar_proc?cod_materia=151032,Prefeito do Recife,Em vigor,Lei Ordinária 19241/2024
"Lei Ordinária nº 19240, de 03/06/2024",https://publico.recife.pe.leg.br/consultas/norma_juridica/norma_juridica_mostrar_proc?cod_norma=1683,Dispõe sobre a proibição do comércio de cobre queimado sem a demonstração legal da origem do recurso no Município do Recife.,PLO 219/2023,https://publico.recife.pe.leg.br/consultas/materia/materia_mostrar_proc?cod_materia=144131,Rinaldo Júnior,Em vigor,Lei Ordinária 19240/2024
"Lei Ordinária nº 19239, de 31/05/2024",https://publico.recife.pe.leg.br/consultas/norma_juridica/norma_juridica_mostrar_proc?cod_norma=1685,"Autoriza o Poder Executivo a contratar operação de crédito com a CAIXA ECONÔMICA FEDERAL, com a garantia da União e dá outras providências.",PLE 17/2024,https://publico.recife.pe.leg.br/consultas/materia/materia_mostrar_proc?cod_materia=152557,Prefeito do Recife,Em vigor,Lei Ordinária 19239/2024
"Lei Ordinária nº 19238, de 28/05/2024",https://publico.recife.pe.leg.br/consultas/norma_juridica/norma_juridica_mostrar_proc?cod_norma=1687,Considera Patrimônio Cultural Imaterial do  Recife a “Omelete do Geraldo”.,PLO 222/2023,https://publico.recife.pe.leg.br/consultas/materia/materia_mostrar_proc?cod_materia=144452,Alcides Cardoso,Em vigor,Lei Ordinária 19238/2024
"Lei Ordinária nº 19237, de 28/05/2024",https://publico.recife.pe.leg.br/consultas/norma_juridica/norma_juridica_mostrar_proc?cod_norma=1822,Institui o ano de 1612 como marco inaugural do Bairro da Várzea e inclui no Calendário Oficial de eventos do Município do Recife o dia 6 de Agosto como aniversário do Bairro.,PLO 312/2023,https://publico.recife.pe.leg.br/consultas/materia/materia_mostrar_proc?cod_materia=147541,Davi Muniz,Em vigor,Lei Ordinária 19237/2024
"Lei Ordinária nº 19236, de 28/05/2024",https://publico.recife.pe.leg.br/consultas/norma_juridica/norma_juridica_mostrar_proc?cod_norma=1688,"Altera o nome da “Rua Itanhenga”, no Bairro Tejipió, no município do Recife, passando o referido logradouro a denominar-se “Rua Itanhenga - Arquiteta Mabel Rios Diniz”.",PLO 265/2023,https://publico.recife.pe.leg.br/consultas/materia/materia_mostrar_proc?cod_materia=146030,Joselito Ferreira,Em vigor,Lei Ordinária 19236/2024
"Lei Ordinária nº 19235, de 28/05/2024",https://publico.recife.pe.leg.br/consultas/norma_juridica/norma_juridica_mostrar_proc?cod_norma=1689,Considera Patrimônio Cultural Imaterial do Recife a “Bênção de São Félix”.,PLO 198/2023,https://publico.recife.pe.leg.br/consultas/materia/materia_mostrar_proc?cod_materia=143344,Liana Cirne,Em vigor,Lei Ordinária 19235/2024
"Lei Ordinária nº 19234, de 28/05/2024",https://publico.recife.pe.leg.br/consultas/norma_juridica/norma_juridica_mostrar_proc?cod_norma=1821,Institui a “Semana Municipal de Conscientização sobre o Abandono Paterno” no Calendário Oficial de Eventos do Município do Recife.,PLO 248/2023,https://publico.recife.pe.leg.br/consultas/materia/materia_mostrar_proc?cod_materia=145122,Elaine Cristina,Em vigor,Lei Ordinária 19234/2024
"Lei Ordinária nº 19233, de 28/05/2024",https://publico.recife.pe.leg.br/consultas/norma_juridica/norma_juridica_mostrar_proc?cod_norma=1691,"Institui o ""Ano da China no Recife"" no Calendário Oficial de Eventos do Município do Recife.",PLO 239/2023,https://publico.recife.pe.leg.br/consultas/materia/materia_mostrar_proc?cod_materia=144873,Cida Pedrosa,Em vigor,Lei Ordinária 19233/2024
"Lei Ordinária nº 19232, de 27/05/2024",https://publico.recife.pe.leg.br/consultas/norma_juridica/norma_juridica_mostrar_proc?cod_norma=1760,"Denominar-se-á “Parque da Resistência Leonardo Cisneiros” o parque que será construído no Cais José Estelita, município do Recife.",PLO 14/2024,https://publico.recife.pe.leg.br/consultas/materia/materia_mostrar_proc?cod_materia=147937,Ivan Moraes,Em vigor,Lei Ordinária 19232/2024
"Lei Ordinária nº 19231, de 22/05/2024",https://publico.recife.pe.leg.br/consultas/norma_juridica/norma_juridica_mostrar_proc?cod_norma=1820,"Altera a denominação do sistema viário formado pela Praça da República, no trecho compreendido entre a Rua do Sol e a Avenida Martins de Barros, para ""Alameda do Palácio da Justiça"".",PLE 9/2024,https://publico.recife.pe.leg.br/consultas/materia/materia_mostrar_proc?cod_materia=150763,Prefeito do Recife,Em vigor,Lei Ordinária 19231/2024
"Lei Ordinária nº 19230, de 21/05/2024",https://publico.recife.pe.leg.br/consultas/norma_juridica/norma_juridica_mostrar_proc?cod_norma=931,"Altera o Artigo 1° da Lei Municipal nº 19.218, de 03 de maio de 2024, e dá outras providências.",PLE 16/2024,https://publico.recife.pe.leg.br/consultas/materia/materia_mostrar_proc?cod_materia=152197,Prefeito do Recife,Em vigor,Lei Ordinária 19230/2024
"Lei Ordinária nº 19229, de 16/05/2024",https://publico.recife.pe.leg.br/consultas/norma_juridica/norma_juridica_mostrar_proc?cod_norma=1711,Institui no Calendário Oficial de Eventos do Município do Recife a “Semana de Conscientização e Atenção às Pessoas com Fibromialgia”,PLO 290/2023,https://publico.recife.pe.leg.br/consultas/materia/materia_mostrar_proc?cod_materia=146850,Tadeu Calheiros,Em vigor,Lei Ordinária 19229/2024
"Lei Ordinária nº 19228, de 16/05/2024",https://publico.recife.pe.leg.br/consultas/norma_juridica/norma_juridica_mostrar_proc?cod_norma=1710,Considera Patrimônio Cultural Imaterial do Recife a “Festa de Nossa Senhora do Carmo”.,PLO 202/2023,https://publico.recife.pe.leg.br/consultas/materia/materia_mostrar_proc?cod_materia=143482,"Eriberto Rafael,                            Liana Cirne",Em vigor,Lei Ordinária 19228/2024
"Lei Ordinária nº 19227, de 16/05/2024",https://publico.recife.pe.leg.br/consultas/norma_juridica/norma_juridica_mostrar_proc?cod_norma=1709,Institui a “Festa e o Novenário do Morro da Conceição” no Calendário Oficial de Eventos do Município do Recife.,PLO 256/2023,https://publico.recife.pe.leg.br/consultas/materia/materia_mostrar_proc?cod_materia=145630,Alcides Cardoso,Em vigor,Lei Ordinária 19227/2024
"Lei Ordinária nº 19226, de 07/05/2024",https://publico.recife.pe.leg.br/consultas/norma_juridica/norma_juridica_mostrar_proc?cod_norma=1819,Dispõe sobre a instalação de caixas coletoras para retenção de material sólido nas obras e serviços de construção e manutenção de bueiros e galerias de águas pluviais realizados em empreendimentos privados no município do Recife.,PLO 193/2022,https://publico.recife.pe.leg.br/consultas/materia/materia_mostrar_proc?cod_materia=125772,Zé Neto,Em vigor,Lei Ordinária 19226/2024
"Lei Ordinária nº 19225, de 07/05/2024",https://publico.recife.pe.leg.br/consultas/norma_juridica/norma_juridica_mostrar_proc?cod_norma=1818,Institui no Calendário Oficial de Eventos do Município do Recife a “Semana Municipal de Prevenção e Combate à Obesidade Infantil”.,PLO 43/2023,https://publico.recife.pe.leg.br/consultas/materia/materia_mostrar_proc?cod_materia=135614,Professora Ana Lúcia,Em vigor,Lei Ordinária 19225/2024
"Lei Ordinária nº 19224, de 07/05/2024",https://publico.recife.pe.leg.br/consultas/norma_juridica/norma_juridica_mostrar_proc?cod_norma=1817,Institui o “Dia Municipal da Ecologia Integral São Francisco de Assis” no Calendário Oficial de Eventos do Município do Recife.,PLO 237/2023,https://publico.recife.pe.leg.br/consultas/materia/materia_mostrar_proc?cod_materia=144832,Cida Pedrosa,Em vigor,Lei Ordinária 19224/2024
"Lei Ordinária nº 19223, de 07/05/2024",https://publico.recife.pe.leg.br/consultas/norma_juridica/norma_juridica_mostrar_proc?cod_norma=1816,Declara Patrimônio Cultural Imaterial do Recife o Bloco Carnavalesco Lírico “O Bonde”.,PLO 196/2022,https://publico.recife.pe.leg.br/consultas/materia/materia_mostrar_proc?cod_materia=125851,Cida Pedrosa,Em vigor,Lei Ordinária 19223/2024
"Lei Ordinária nº 19222, de 07/05/2024",https://publico.recife.pe.leg.br/consultas/norma_juridica/norma_juridica_mostrar_proc?cod_norma=1815,"Denominar-se-á “Joel da Silva” a quadra de esportes da nova sede da Escola Municipal Dr.º Antônio Correia, Bairro Barro, em construção, pela Prefeitura da Cidade do Recife.",PLO 310/2023,https://publico.recife.pe.leg.br/consultas/materia/materia_mostrar_proc?cod_materia=147384,Joselito Ferreira,Em vigor,Lei Ordinária 19222/2024
"Lei Ordinária nº 19221, de 07/05/2024",https://publico.recife.pe.leg.br/consultas/norma_juridica/norma_juridica_mostrar_proc?cod_norma=1814,Considera Patrimônio Cultural Imaterial do Recife o “Baobá”.,PLO 209/2023,https://publico.recife.pe.leg.br/consultas/materia/materia_mostrar_proc?cod_materia=143805,Eriberto Rafael,Em vigor,Lei Ordinária 19221/2024
"Lei Ordinária nº 19220, de 07/05/2024",https://publico.recife.pe.leg.br/consultas/norma_juridica/norma_juridica_mostrar_proc?cod_norma=772,Declara o “Instituto Dom Helder Camara (IDHeC)” Patrimônio Cultural Imaterial do Recife.,PLO 5/2024,https://publico.recife.pe.leg.br/consultas/materia/materia_mostrar_proc?cod_materia=147723,Cida Pedrosa,Em vigor,Lei Ordinária 19220/2024
"Lei Ordinária nº 19219, de 03/05/2024",https://publico.recife.pe.leg.br/consultas/norma_juridica/norma_juridica_mostrar_proc?cod_norma=642,"Altera a Lei Municipal nº 18.291, de 30 de dezembro de 2016, que dispõe sobre a adequação da estrutura da Administração Direta e Indireta do Município do Recife às novas diretrizes administrativas, e dá outras providências.",PLE 10/2024,https://publico.recife.pe.leg.br/consultas/materia/materia_mostrar_proc?cod_materia=151031,Prefeito do Recife,Em vigor,Lei Ordinária 19219/2024
"Lei Ordinária nº 19218, de 03/05/2024",https://publico.recife.pe.leg.br/consultas/norma_juridica/norma_juridica_mostrar_proc?cod_norma=641,"Autoriza o Poder Executivo a contratar operação de crédito com a CAIXA ECONÔMICA FEDERAL, com a garantia da União e dá outras providências.",PLE 12/2024,https://publico.recife.pe.leg.br/consultas/materia/materia_mostrar_proc?cod_materia=151580,Prefeito do Recife,Em vigor,Lei Ordinária 19218/2024
"Lei Ordinária nº 19217, de 22/04/2024",https://publico.recife.pe.leg.br/consultas/norma_juridica/norma_juridica_mostrar_proc?cod_norma=227,Institui a “Semana Municipal de Conscientização sobre o Transtorno do Espectro Autista (TEA)” no Calendário Oficial de Eventos do Município do Recife.,PLO 144/2023,https://publico.recife.pe.leg.br/consultas/materia/materia_mostrar_proc?cod_materia=140845,Almir Fernando,Em vigor,Lei Ordinária 19217/2024
"Lei Ordinária nº 19216, de 22/04/2024",https://publico.recife.pe.leg.br/consultas/norma_juridica/norma_juridica_mostrar_proc?cod_norma=226,"Institui, no Calendário Oficial de Eventos do Município do Recife, o “Dia dos Comunicadores Gospels”.",PLO 284/2022,https://publico.recife.pe.leg.br/consultas/materia/materia_mostrar_proc?cod_materia=131378,Almir Fernando,Em vigor,Lei Ordinária 19216/2024
"Lei Ordinária nº 19215, de 22/04/2024",https://publico.recife.pe.leg.br/consultas/norma_juridica/norma_juridica_mostrar_proc?cod_norma=225,"Institui, no Calendário Oficial de Eventos do Município do Recife, o “Dia Municipal do Marceneiro”.",PLO 262/2022,https://publico.recife.pe.leg.br/consultas/materia/materia_mostrar_proc?cod_materia=130524,Almir Fernando,Em vigor,Lei Ordinária 19215/2024
"Lei Ordinária nº 19214, de 22/04/2024",https://publico.recife.pe.leg.br/consultas/norma_juridica/norma_juridica_mostrar_proc?cod_norma=224,"Institui, no Calendário Oficial de Eventos do Município do Recife, o “Dia Municipal das Costureiras, dos Costureiros e dos Alfaiates”.",PLO 125/2022,https://publico.recife.pe.leg.br/consultas/materia/materia_mostrar_proc?cod_materia=123207,Almir Fernando,Em vigor,Lei Ordinária 19214/2024
"Lei Ordinária nº 19213, de 22/04/2024",https://publico.recife.pe.leg.br/consultas/norma_juridica/norma_juridica_mostrar_proc?cod_norma=223,Declara a “Banda Devotos” Patrimônio Cultural Imaterial do Recife.,PLO 279/2023,https://publico.recife.pe.leg.br/consultas/materia/materia_mostrar_proc?cod_materia=146508,Cida Pedrosa,Em vigor,Lei Ordinária 19213/2024
"Lei Ordinária nº 19212, de 22/04/2024",https://publico.recife.pe.leg.br/consultas/norma_juridica/norma_juridica_mostrar_proc?cod_norma=222,Institui no Calendário Oficial de Eventos do Município do Recife o “Dia Municipal de Valorização da Língua Portuguesa”.,PLO 152/2023,https://publico.recife.pe.leg.br/consultas/materia/materia_mostrar_proc?cod_materia=141074,Michele Collins,Em vigor,Lei Ordinária 19212/2024
"Lei Ordinária nº 19211, de 22/04/2024",https://publico.recife.pe.leg.br/consultas/norma_juridica/norma_juridica_mostrar_proc?cod_norma=221,Institui o “Dia Municipal da Corrida de Rua Santo’s Silvestre” no Calendário Oficial de Eventos do Município do Recife.,PLO 273/2023,https://publico.recife.pe.leg.br/consultas/materia/materia_mostrar_proc?cod_materia=146262,Rinaldo Júnior,Em vigor,Lei Ordinária 19211/2024
"Lei Ordinária nº 19210, de 17/04/2024",https://publico.recife.pe.leg.br/consultas/norma_juridica/norma_juridica_mostrar_proc?cod_norma=770,Dispõe sobre a remuneração dos servidores públicos que indica e dá outras providências.,PLE 8/2024,https://publico.recife.pe.leg.br/consultas/materia/materia_mostrar_proc?cod_materia=150645,Prefeito do Recife,Em vigor,Lei Ordinária 19210/2024
"Lei Ordinária nº 19209, de 15/04/2024",https://publico.recife.pe.leg.br/consultas/norma_juridica/norma_juridica_mostrar_proc?cod_norma=1813,"Institui, no “Calendário Oficial de Eventos do Município do Recife”, a Semana de Conscientização sobre a Terceirização sem Calote.",PLO 275/2023,https://publico.recife.pe.leg.br/consultas/materia/materia_mostrar_proc?cod_materia=146367,Rinaldo Júnior,Em vigor,Lei Ordinária 19209/2024
"Lei Ordinária nº 19208, de 15/04/2024",https://publico.recife.pe.leg.br/consultas/norma_juridica/norma_juridica_mostrar_proc?cod_norma=769,"Altera a Lei Municipal nº 16.934, de 29 de dezembro de 2003, e dá outras providências.",PLE 7/2024,https://publico.recife.pe.leg.br/consultas/materia/materia_mostrar_proc?cod_materia=149919,Prefeito do Recife,Em vigor,Lei Ordinária 19208/2024
"Lei Ordinária nº 19207, de 11/04/2024",https://publico.recife.pe.leg.br/consultas/norma_juridica/norma_juridica_mostrar_proc?cod_norma=220,Institui o “Dia Municipal de Cuidados Paliativos” no Calendário Oficial de Eventos do Município do Recife.,PLO 181/2023,https://publico.recife.pe.leg.br/consultas/materia/materia_mostrar_proc?cod_materia=142351,Alcides Cardoso,Em vigor,Lei Ordinária 19207/2024
"Lei Ordinária nº 19206, de 11/04/2024",https://publico.recife.pe.leg.br/consultas/norma_juridica/norma_juridica_mostrar_proc?cod_norma=219,Institui o “Dia Municipal do Cinema Educativo” no Calendário Oficial de Eventos do Município do Recife.,PLO 272/2023,https://publico.recife.pe.leg.br/consultas/materia/materia_mostrar_proc?cod_materia=146260,Cida Pedrosa,Em vigor,Lei Ordinária 19206/2024
"Lei Ordinária nº 19205, de 11/04/2024",https://publico.recife.pe.leg.br/consultas/norma_juridica/norma_juridica_mostrar_proc?cod_norma=218,"Considera a Feira Domingo na Rua, conhecida como “Feira do Bom Jesus”, Patrimônio Turístico e Cultural do Recife.",PLO 357/2021,https://publico.recife.pe.leg.br/consultas/materia/materia_mostrar_proc?cod_materia=114908,Marco Aurélio Filho,Em vigor,Lei Ordinária 19205/2024
"Lei Ordinária nº 19204, de 11/04/2024",https://publico.recife.pe.leg.br/consultas/norma_juridica/norma_juridica_mostrar_proc?cod_norma=217,"Denomina “Unidade de Saúde da Família - USF, Dr. Guilherme José Robalinho de Oliveira Cavalcanti”, o USF da Encanta Moça, localizado na Rua do Patrocínio, n° 264, Pina, Município do Recife.",PLO 45/2024,https://publico.recife.pe.leg.br/consultas/materia/materia_mostrar_proc?cod_materia=148987,Romerinho Jatobá,Em vigor,Lei Ordinária 19204/2024
"Lei Ordinária nº 19203, de 11/04/2024",https://publico.recife.pe.leg.br/consultas/norma_juridica/norma_juridica_mostrar_proc?cod_norma=216,Institui o “Dia Municipal do Gestor Governamental” no Calendário Oficial de Eventos no Município do Recife.,PLO 47/2024,https://publico.recife.pe.leg.br/consultas/materia/materia_mostrar_proc?cod_materia=148989,Romerinho Jatobá,Em vigor,Lei Ordinária 19203/2024
"Lei Ordinária nº 19202, de 11/04/2024",https://publico.recife.pe.leg.br/consultas/norma_juridica/norma_juridica_mostrar_proc?cod_norma=215,"Denomina “Rua Barão de Casa Forte”, o logradouro localizado entre o Parque de Apipucos e o Condomínio Reserva de Apipucos, bairro de Apipucos, Município do Recife.",PLO 46/2024,https://publico.recife.pe.leg.br/consultas/materia/materia_mostrar_proc?cod_materia=148988,Romerinho Jatobá,Em vigor,Lei Ordinária 19202/2024
"Lei Ordinária nº 19201, de 26/03/2024",https://publico.recife.pe.leg.br/consultas/norma_juridica/norma_juridica_mostrar_proc?cod_norma=7,"Altera a Lei Municipal nº 16.729, de 27 de dezembro de 2001.",PLE 6/2024,https://publico.recife.pe.leg.br/consultas/materia/materia_mostrar_proc?cod_materia=149699,Prefeito do Recife,Em vigor,Lei Ordinária 19201/2024
"Lei Ordinária nº 19200, de 26/03/2024",https://publico.recife.pe.leg.br/consultas/norma_juridica/norma_juridica_mostrar_proc?cod_norma=11,"Altera o §3º, inciso II, do artigo 4º da Lei Municipal nº 18.785, de 15 de março de 2021, para corrigir um erro material.",PLE 5/2024,https://publico.recife.pe.leg.br/consultas/materia/materia_mostrar_proc?cod_materia=149595,Prefeito do Recife,Em vigor,Lei Ordinária 19200/2024
"Lei Ordinária nº 19199, de 26/03/2024",https://publico.recife.pe.leg.br/consultas/norma_juridica/norma_juridica_mostrar_proc?cod_norma=12,"Dispõe sobre alterações na Lei Municipal nº 19.154, de 15 de dezembro de 2023 (LOA 2024), Lei Municipal nº 18.877, de 17 de dezembro de 2021 (PPA 2022-2025) e autoriza abertura de crédito especial aos Orçamentos Fiscal e da Seguridade Social, por anulação parcial das dotações orçamentárias.",PLE 4/2024,https://publico.recife.pe.leg.br/consultas/materia/materia_mostrar_proc?cod_materia=149594,Prefeito do Recife,Em vigor,Lei Ordinária 19199/2024
"Lei Ordinária nº 19198, de 26/03/2024",https://publico.recife.pe.leg.br/consultas/norma_juridica/norma_juridica_mostrar_proc?cod_norma=4,"Dispõe sobre autorização à Autarquia de Urbanização do Recife – URB Recife alienar ao Município do Recife, mediante doação com encargos, bem imóvel de sua propriedade que especifica.",PLE 3/2024,https://publico.recife.pe.leg.br/consultas/materia/materia_mostrar_proc?cod_materia=149593,Prefeito do Recife,Em vigor,Lei Ordinária 19198/2024
"Lei Ordinária nº 19197, de 26/03/2024",https://publico.recife.pe.leg.br/consultas/norma_juridica/norma_juridica_mostrar_proc?cod_norma=5,"Dispõe sobre autorização à Autarquia de Urbanização do Recife – URB Recife alienar ao Município do Recife, mediante doação com encargos, bens imóveis de sua propriedade que especifica.",PLE 2/2024,https://publico.recife.pe.leg.br/consultas/materia/materia_mostrar_proc?cod_materia=149592,Prefeito do Recife,Em vigor,Lei Ordinária 19197/2024
"Lei Ordinária nº 19196, de 26/03/2024",https://publico.recife.pe.leg.br/consultas/norma_juridica/norma_juridica_mostrar_proc?cod_norma=6,Institui o “Dia Municipal em Defesa da Democracia¨. no Calendário Oficial de Eventos do Município do Recife.,PLO 213/2023,https://publico.recife.pe.leg.br/consultas/materia/materia_mostrar_proc?cod_materia=144021,Rinaldo Júnior,Em vigor,Lei Ordinária 19196/2024
"Lei Ordinária nº 19195, de 22/03/2024",https://publico.recife.pe.leg.br/consultas/norma_juridica/norma_juridica_mostrar_proc?cod_norma=9,Institui no Calendário Oficial de Eventos do Município do Recife a “Semana Municipal da Conscientização da Prática de Atividades Físicas”.,PLO 89/2023,https://publico.recife.pe.leg.br/consultas/materia/materia_mostrar_proc?cod_materia=137980,Tadeu Calheiros,Em vigor,Lei Ordinária 19195/2024
"Lei Ordinária nº 19194, de 22/03/2024",https://publico.recife.pe.leg.br/consultas/norma_juridica/norma_juridica_mostrar_proc?cod_norma=10,Institui a “Semana Municipal de Enfrentamento ao Racismo Marta Almeida” no Calendário Oficial de Eventos do Município do Recife.,PLO 255/2023,https://publico.recife.pe.leg.br/consultas/materia/materia_mostrar_proc?cod_materia=145586,Luiz Eustáquio,Em vigor,Lei Ordinária 19194/2024
"Lei Ordinária nº 19193, de 22/03/2024",https://publico.recife.pe.leg.br/consultas/norma_juridica/norma_juridica_mostrar_proc?cod_norma=22,Institui o “Dia Municipal dos Aposentados” no Calendário Oficial de Eventos do Município do Recife.,PLO 254/2023,https://publico.recife.pe.leg.br/consultas/materia/materia_mostrar_proc?cod_materia=145576,Luiz Eustáquio,Em vigor,Lei Ordinária 19193/2024
"Lei Ordinária nº 19192, de 22/03/2024",https://publico.recife.pe.leg.br/consultas/norma_juridica/norma_juridica_mostrar_proc?cod_norma=21,Institui a “Semana de Conscientização sobre a Promoção da Cultura Oceânica” no Calendário Oficial de Eventos do Município do Recife.,PLO 141/2023,https://publico.recife.pe.leg.br/consultas/materia/materia_mostrar_proc?cod_materia=140816,Eriberto Rafael,Em vigor,Lei Ordinária 19192/2024
"Lei Ordinária nº 19191, de 22/03/2024",https://publico.recife.pe.leg.br/consultas/norma_juridica/norma_juridica_mostrar_proc?cod_norma=20,Considera Patrimônio Cultural Imaterial do Recife a “Noite dos Tambores Silenciosos”.,PLO 267/2023,https://publico.recife.pe.leg.br/consultas/materia/materia_mostrar_proc?cod_materia=146032,Aline Mariano,Em vigor,Lei Ordinária 19191/2024
"Lei Ordinária nº 19190, de 22/03/2024",https://publico.recife.pe.leg.br/consultas/norma_juridica/norma_juridica_mostrar_proc?cod_norma=19,Considera Patrimônio Cultural Imaterial do Recife o “O Bloco Batutas de São José”.,PLO 266/2023,https://publico.recife.pe.leg.br/consultas/materia/materia_mostrar_proc?cod_materia=146031,Aline Mariano,Em vigor,Lei Ordinária 19190/2024
"Lei Ordinária nº 19189, de 18/03/2024",https://publico.recife.pe.leg.br/consultas/norma_juridica/norma_juridica_mostrar_proc?cod_norma=18,Considera a “Ciranda” como Patrimônio Artístico e Cultural Imaterial do Recife.,PLO 227/2023,https://publico.recife.pe.leg.br/consultas/materia/materia_mostrar_proc?cod_materia=144553,Almir Fernando,Em vigor,Lei Ordinária 19189/2024
"Lei Ordinária nº 19188, de 18/03/2024",https://publico.recife.pe.leg.br/consultas/norma_juridica/norma_juridica_mostrar_proc?cod_norma=17,Institui o “Dia Municipal do Maracatu de Baque Solto” no Calendário Oficial de Eventos do Município do Recife.,PLO 176/2023,https://publico.recife.pe.leg.br/consultas/materia/materia_mostrar_proc?cod_materia=142158,Almir Fernando,Em vigor,Lei Ordinária 19188/2024
"Lei Ordinária nº 19187, de 18/03/2024",https://publico.recife.pe.leg.br/consultas/norma_juridica/norma_juridica_mostrar_proc?cod_norma=16,Declara Patrimônio Artístico e Cultural do Recife o Maracatu de Baque Solto.,PLO 232/2023,https://publico.recife.pe.leg.br/consultas/materia/materia_mostrar_proc?cod_materia=144786,Almir Fernando,Em vigor,Lei Ordinária 19187/2024
"Lei Ordinária nº 19186, de 18/03/2024",https://publico.recife.pe.leg.br/consultas/norma_juridica/norma_juridica_mostrar_proc?cod_norma=15,Declara Patrimônio Artístico e Cultural do Recife o “Maracatu de Baque Virado”,PLO 203/2023,https://publico.recife.pe.leg.br/consultas/materia/materia_mostrar_proc?cod_materia=143551,Almir Fernando,Em vigor,Lei Ordinária 19186/2024
"Lei Ordinária nº 19185, de 15/03/2024",https://publico.recife.pe.leg.br/consultas/norma_juridica/norma_juridica_mostrar_proc?cod_norma=14,Dispõe sobre o reajuste da remuneração dos servidores do Poder Legislativo Municipal e dá outras providências.,PLO 38/2024,https://publico.recife.pe.leg.br/consultas/materia/materia_mostrar_proc?cod_materia=148741,Comissão Executiva,Em vigor,Lei Ordinária 19185/2024
"Lei Ordinária nº 19184, de 05/03/2024",https://publico.recife.pe.leg.br/consultas/norma_juridica/norma_juridica_mostrar_proc?cod_norma=13,"Altera os Artigos 5° e 7° da Lei Municipal nº 19.166, de 20 de dezembro de 2023 e dá outras providências",PLE 1/2024,https://publico.recife.pe.leg.br/consultas/materia/materia_mostrar_proc?cod_materia=148650,Prefeito do Recife,Em vigor,Lei Ordinária 19184/2024
"Lei Ordinária nº 19183, de 29/12/2023",https://publico.recife.pe.leg.br/consultas/norma_juridica/norma_juridica_mostrar_proc?cod_norma=1649,"Altera a Lei Municipal nº 17.310, de 28 de março de 2007, que instituiu o Conselho Municipal de Defesa dos Direitos da Pessoa Idosa - COMDIR.",PLE 63/2023,https://publico.recife.pe.leg.br/consultas/materia/materia_mostrar_proc?cod_materia=146530,Prefeito do Recife,Em vigor,Lei Ordinária 19183/2023
"Lei Ordinária nº 19182, de 29/12/2023",https://publico.recife.pe.leg.br/consultas/norma_juridica/norma_juridica_mostrar_proc?cod_norma=1648,"Institui, no Calendário Oficial de Eventos do Município do Recife, o “Dia do Desfile do Clube de Máscaras O Galo da Madrugada”.",PLO 157/2023,https://publico.recife.pe.leg.br/consultas/materia/materia_mostrar_proc?cod_materia=141379,Alcides Cardoso,Em vigor,Lei Ordinária 19182/2023
"Lei Ordinária nº 19181, de 29/12/2023",https://publico.recife.pe.leg.br/consultas/norma_juridica/norma_juridica_mostrar_proc?cod_norma=1647,Dispõe sobre a reserva de vagas nos concursos públicos e seleções simplificadas no âmbito da Administração Pública Municipal Direta e Indireta.,PLE 62/2023,https://publico.recife.pe.leg.br/consultas/materia/materia_mostrar_proc?cod_materia=146529,Prefeito do Recife,Em vigor,Lei Ordinária 19181/2023
"Lei Ordinária nº 19180, de 29/12/2023",https://publico.recife.pe.leg.br/consultas/norma_juridica/norma_juridica_mostrar_proc?cod_norma=1646,"Altera o zoneamento da cidade, instituindo, com fundamento nos art. 65, inciso II, e artigos 72, 79 da Lei Complementar nº 2 de 23 de abril de 2021, Zona Especial de Interesse Social 2 – ZEIS 2.",PLE 49/2023,https://publico.recife.pe.leg.br/consultas/materia/materia_mostrar_proc?cod_materia=146478,Prefeito do Recife,Em vigor,Lei Ordinária 19180/2023
"Lei Ordinária nº 19179, de 29/12/2023",https://publico.recife.pe.leg.br/consultas/norma_juridica/norma_juridica_mostrar_proc?cod_norma=1645,Estabelece medidas para unificação e racionalização dos processos de licenciamento no âmbito da Administração Pública Municipal e cria o Comitê de Licenciamento Unificado.,PLE 69/2023,https://publico.recife.pe.leg.br/consultas/materia/materia_mostrar_proc?cod_materia=146536,Prefeito do Recife,Em vigor,Lei Ordinária 19179/2023
"Lei Ordinária nº 19178, de 29/12/2023",https://publico.recife.pe.leg.br/consultas/norma_juridica/norma_juridica_mostrar_proc?cod_norma=1644,"Dispõe sobre a recepção local e à aplicabilidade do artigo 3º, IX da Declaração de Direitos de Liberdade Econômica, prevista na Lei Federal nº 13.874, de 20 de setembro de 2019, no âmbito do Município do Recife.",PLE 67/2023,https://publico.recife.pe.leg.br/consultas/materia/materia_mostrar_proc?cod_materia=146534,Prefeito do Recife,Em vigor,Lei Ordinária 19178/2023
"Lei Ordinária nº 19177, de 29/12/2023",https://publico.recife.pe.leg.br/consultas/norma_juridica/norma_juridica_mostrar_proc?cod_norma=1643,"Estabelece as normas e procedimentos para aplicação do instrumento urbanístico Estudo de Impacto de Vizinhança - EIV no Município do Recife, em cumprimento à Lei Complementar nº 02, de 23 de abril de 2021, que instituiu o Plano Diretor do Município do Recife.",PLE 65/2023,https://publico.recife.pe.leg.br/consultas/materia/materia_mostrar_proc?cod_materia=146532,Prefeito do Recife,Em vigor,Lei Ordinária 19177/2023
"Lei Ordinária nº 19176, de 29/12/2023",https://publico.recife.pe.leg.br/consultas/norma_juridica/norma_juridica_mostrar_proc?cod_norma=1642,Altera a Lei Municipal nº 16.292 de 29 de janeiro de 1997 para permitir a adoção de procedimento simplificado e auto declaratório para o licenciamento urbanístico e ambiental.,PLE 66/2023,https://publico.recife.pe.leg.br/consultas/materia/materia_mostrar_proc?cod_materia=146533,Prefeito do Recife,Em vigor,Lei Ordinária 19176/2023
"Lei Ordinária nº 19175, de 29/12/2023",https://publico.recife.pe.leg.br/consultas/norma_juridica/norma_juridica_mostrar_proc?cod_norma=1641,Dispõe sobre o serviço de locação social no Município do Recife e dá outras providências.,PLE 53/2023,https://publico.recife.pe.leg.br/consultas/materia/materia_mostrar_proc?cod_materia=146520,Prefeito do Recife,Em vigor,Lei Ordinária 19175/2023
"Lei Ordinária nº 19174, de 29/12/2023",https://publico.recife.pe.leg.br/consultas/norma_juridica/norma_juridica_mostrar_proc?cod_norma=1640,"Altera a Lei nº 15.563, de 27 de dezembro de 1991 e revoga as Leis nº 17.410, de 2 de janeiro de 2008 e a Lei nº 18.114, de 12 de janeiro de 2015.",PLE 55/2023,https://publico.recife.pe.leg.br/consultas/materia/materia_mostrar_proc?cod_materia=146522,Prefeito do Recife,Em vigor,Lei Ordinária 19174/2023
"Lei Ordinária nº 19173, de 29/12/2023",https://publico.recife.pe.leg.br/consultas/norma_juridica/norma_juridica_mostrar_proc?cod_norma=1639,"Concede isenção total dos tributos municipais que discrimina, remissão de dívidas tributárias e anistia de multas tributárias às entidades de caráter associativo e sem fins lucrativos, e dá outras providências.",PLE 61/2023,https://publico.recife.pe.leg.br/consultas/materia/materia_mostrar_proc?cod_materia=146528,Prefeito do Recife,Em vigor,Lei Ordinária 19173/2023
"Lei Ordinária nº 19172, de 29/12/2023",https://publico.recife.pe.leg.br/consultas/norma_juridica/norma_juridica_mostrar_proc?cod_norma=1638,"Altera a Lei Municipal nº 18.869, de 09 de dezembro de 2021.",PLE 57/2023,https://publico.recife.pe.leg.br/consultas/materia/materia_mostrar_proc?cod_materia=146524,Prefeito do Recife,Em vigor,Lei Ordinária 19172/2023
"Lei Ordinária nº 19171, de 29/12/2023",https://publico.recife.pe.leg.br/consultas/norma_juridica/norma_juridica_mostrar_proc?cod_norma=1637,Dispõe sobre a concessão de incentivos fiscais para o desenvolvimento econômico e social do município do Recife.,PLE 70/2023,https://publico.recife.pe.leg.br/consultas/materia/materia_mostrar_proc?cod_materia=147515,Prefeito do Recife,Em vigor,Lei Ordinária 19171/2023
"Lei Ordinária nº 19170, de 22/12/2023",https://publico.recife.pe.leg.br/consultas/norma_juridica/norma_juridica_mostrar_proc?cod_norma=1636,"Institui, no Município do Recife, o “Programa Geração de Oportunidades – Go Recife”, altera a Lei Municipal nº 18.785, de 15 de março de 2021 e dá outras providências.",PLE 47/2023,https://publico.recife.pe.leg.br/consultas/materia/materia_mostrar_proc?cod_materia=146476,Prefeito do Recife,Em vigor,Lei Ordinária 19170/2023
"Lei Ordinária nº 19169, de 21/12/2023",https://publico.recife.pe.leg.br/consultas/norma_juridica/norma_juridica_mostrar_proc?cod_norma=1635,Institui o Programa Municipal de Subsídio à Habitação de Interesse Social - PMSHIS e dá outras providências.,PLE 58/2023,https://publico.recife.pe.leg.br/consultas/materia/materia_mostrar_proc?cod_materia=146525,Prefeito do Recife,Em vigor,Lei Ordinária 19169/2023
"Lei Ordinária nº 19168, de 21/12/2023",https://publico.recife.pe.leg.br/consultas/norma_juridica/norma_juridica_mostrar_proc?cod_norma=1634,"Altera a Lei Municipal nº 18.207, de 30 de dezembro de 2015.",PLE 52/2023,https://publico.recife.pe.leg.br/consultas/materia/materia_mostrar_proc?cod_materia=146519,Prefeito do Recife,Em vigor,Lei Ordinária 19168/2023
"Lei Ordinária nº 19167, de 20/12/2023",https://publico.recife.pe.leg.br/consultas/norma_juridica/norma_juridica_mostrar_proc?cod_norma=1633,"Institui o Programa Moradia Primeiro para Pessoas em Situação de Rua, no âmbito do Município do Recife.",PLE 54/2023,https://publico.recife.pe.leg.br/consultas/materia/materia_mostrar_proc?cod_materia=146521,Prefeito do Recife,Em vigor,Lei Ordinária 19167/2023
"Lei Ordinária nº 19166, de 20/12/2023",https://publico.recife.pe.leg.br/consultas/norma_juridica/norma_juridica_mostrar_proc?cod_norma=1632,"Institui alterações à Lei Municipal n° 18.207, de 30 de dezembro de 2015.",PLE 56/2023,https://publico.recife.pe.leg.br/consultas/materia/materia_mostrar_proc?cod_materia=146523,Prefeito do Recife,Em vigor,Lei Ordinária 19166/2023
"Lei Ordinária nº 19165, de 20/12/2023",https://publico.recife.pe.leg.br/consultas/norma_juridica/norma_juridica_mostrar_proc?cod_norma=1631,"Institui e disciplina, no âmbito do Município do Recife, programa de concessão de bolsas de estudos e qualificação profissional para população em situação de rua.",PLE 43/2023,https://publico.recife.pe.leg.br/consultas/materia/materia_mostrar_proc?cod_materia=145799,Prefeito do Recife,Em vigor,Lei Ordinária 19165/2023
"Lei Ordinária nº 19164, de 18/12/2023",https://publico.recife.pe.leg.br/consultas/norma_juridica/norma_juridica_mostrar_proc?cod_norma=1630,"Institui e disciplina, no âmbito da Rede Municipal de Ensino do Recife, o Programa RECIFE NO MUNDO.",PLE 68/2023,https://publico.recife.pe.leg.br/consultas/materia/materia_mostrar_proc?cod_materia=146535,Prefeito do Recife,Em vigor,Lei Ordinária 19164/2023
"Lei Ordinária nº 19163, de 18/12/2023",https://publico.recife.pe.leg.br/consultas/norma_juridica/norma_juridica_mostrar_proc?cod_norma=1629,Institui a Rede de Segurança Alimentar e Nutricional do Município de Recife.,PLE 36/2023,https://publico.recife.pe.leg.br/consultas/materia/materia_mostrar_proc?cod_materia=145307,Prefeito do Recife,Em vigor,Lei Ordinária 19163/2023
"Lei Ordinária nº 19162, de 15/12/2023",https://publico.recife.pe.leg.br/consultas/norma_juridica/norma_juridica_mostrar_proc?cod_norma=1628,"Institui, no Calendário Oficial de Eventos do Município do Recife, a “Semana Municipal da Saúde da População Negra”.",PLO 56/2022,https://publico.recife.pe.leg.br/consultas/materia/materia_mostrar_proc?cod_materia=120395,Liana Cirne,"Em vigor, com revogação parcial",Lei Ordinária 19162/2023
"Lei Ordinária nº 19161, de 15/12/2023",https://publico.recife.pe.leg.br/consultas/norma_juridica/norma_juridica_mostrar_proc?cod_norma=1627,"Institui a “Semana de Conscientização e Prevenção dos Males causados pelo uso precoce e de longa duração de Dispositivos Eletrônicos por Bebês e
Crianças” no Calendário Oficial de Eventos do Município do Recife.",PLO 169/2023,https://publico.recife.pe.leg.br/consultas/materia/materia_mostrar_proc?cod_materia=141987,Aline Mariano,"Em vigor, com revogação parcial",Lei Ordinária 19161/2023
"Lei Ordinária nº 19160, de 15/12/2023",https://publico.recife.pe.leg.br/consultas/norma_juridica/norma_juridica_mostrar_proc?cod_norma=1626,"Altera a Lei Municipal nº 16.292, de 29 de janeiro de 1997, que Regula as atividades de edificações e instalações, no Município do Recife, e dá outras providências.",PLO 134/2023,https://publico.recife.pe.leg.br/consultas/materia/materia_mostrar_proc?cod_materia=140596,Gilberto Alves,Em vigor,Lei Ordinária 19160/2023
"Lei Ordinária nº 19159, de 15/12/2023",https://publico.recife.pe.leg.br/consultas/norma_juridica/norma_juridica_mostrar_proc?cod_norma=1665,"Altera o item 7 do ANEXO VII da Lei Municipal nº 16.286, de 22 de janeiro de 1997, que Dispõe sobre o parcelamento do solo e demais modificações da propriedade urbana.",PLO 133/2023,https://publico.recife.pe.leg.br/consultas/materia/materia_mostrar_proc?cod_materia=140595,Gilberto Alves,Em vigor,Lei Ordinária 19159/2023
"Lei Ordinária nº 19158, de 15/12/2023",https://publico.recife.pe.leg.br/consultas/norma_juridica/norma_juridica_mostrar_proc?cod_norma=1625,"Altera o art. 1º da Lei Municipal nº 18.174, de 16 de setembro de 2015, que Acrescenta à denominação da avenida Beberibe, o termo santa
cruz futebol clube. doravante chamar-se-á “Avenida Beberibe Santa Cruz Futebol Clube”.",PLO 212/2023,https://publico.recife.pe.leg.br/consultas/materia/materia_mostrar_proc?cod_materia=143981,Romerinho Jatobá,Em vigor,Lei Ordinária 19158/2023
"Lei Ordinária nº 19157, de 15/12/2023",https://publico.recife.pe.leg.br/consultas/norma_juridica/norma_juridica_mostrar_proc?cod_norma=1624,Declara o “Festival Rec-Beat” Patrimônio Cultural Imaterial do Recife.,PLO 136/2023,https://publico.recife.pe.leg.br/consultas/materia/materia_mostrar_proc?cod_materia=140598,Cida Pedrosa,Em vigor,Lei Ordinária 19157/2023
"Lei Ordinária nº 19156, de 15/12/2023",https://publico.recife.pe.leg.br/consultas/norma_juridica/norma_juridica_mostrar_proc?cod_norma=1623,Institui o “Dia do Cirurgião de Cabeça e Pescoço” no Calendário Oficial de Eventos do Município do Recife.,PLO 167/2023,https://publico.recife.pe.leg.br/consultas/materia/materia_mostrar_proc?cod_materia=141876,Tadeu Calheiros,Em vigor,Lei Ordinária 19156/2023
"Lei Ordinária nº 19155, de 15/12/2023",https://publico.recife.pe.leg.br/consultas/norma_juridica/norma_juridica_mostrar_proc?cod_norma=1622,Dispõe sobre a revisão do Plano Plurianual 2022-2025 do Município do Recife para o exercício de 2024.,PLE 33/2023,https://publico.recife.pe.leg.br/consultas/materia/materia_mostrar_proc?cod_materia=144818,Prefeito do Recife,Em vigor,Lei Ordinária 19155/2023
"Lei Ordinária nº 19154, de 15/12/2023",https://publico.recife.pe.leg.br/consultas/norma_juridica/norma_juridica_mostrar_proc?cod_norma=1666,"Dispõe sobre o Projeto de Lei Orçamentária Anual, que estima a receita e fixa a despesa do Município do Recife para o exercício de 2024.",PLE 32/2023,https://publico.recife.pe.leg.br/consultas/materia/materia_mostrar_proc?cod_materia=144817,Prefeito do Recife,Em vigor,Lei Ordinária 19154/2023
"Lei Ordinária nº 19153, de 15/12/2023",https://publico.recife.pe.leg.br/consultas/norma_juridica/norma_juridica_mostrar_proc?cod_norma=1619,"Institui a Base Cartográfica Municipal do Recife, apoiada à Rede de Referência Cadastral Municipal – RRCM/RECIFE e dá outras providências.",PLE 59/2023,https://publico.recife.pe.leg.br/consultas/materia/materia_mostrar_proc?cod_materia=146526,Prefeito do Recife,Em vigor,Lei Ordinária 19153/2023
"Lei Ordinária nº 19152, de 15/12/2023",https://publico.recife.pe.leg.br/consultas/norma_juridica/norma_juridica_mostrar_proc?cod_norma=1617,"Autoriza o Poder Executivo Municipal a instituir o Serviço Social Autônomo denominado ""Agência Recifense de Promoção de Investimentos e Competitividade – “INVESTE RECIFE"" e estabelece normas sobre o seu funcionamento.",PLE 39/2023,https://publico.recife.pe.leg.br/consultas/materia/materia_mostrar_proc?cod_materia=145555,Prefeito do Recife,Em vigor,Lei Ordinária 19152/2023
"Lei Ordinária nº 19151, de 15/12/2023",https://publico.recife.pe.leg.br/consultas/norma_juridica/norma_juridica_mostrar_proc?cod_norma=1615,"Cria cargos efetivos no âmbito da Secretaria da Mulher, para provimento mediante concurso público, com a finalidade de compor o Grupo Ocupacional de Promoção dos Direitos das Mulheres do Recife, instituído pela Lei Municipal nº 19.064, de 24 de maio de 2023.",PLE 60/2023,https://publico.recife.pe.leg.br/consultas/materia/materia_mostrar_proc?cod_materia=146527,Prefeito do Recife,Em vigor,Lei Ordinária 19151/2023
"Lei Ordinária nº 19150, de 15/12/2023",https://publico.recife.pe.leg.br/consultas/norma_juridica/norma_juridica_mostrar_proc?cod_norma=1613,"Altera a Lei Municipal nº 16.600, de 27 de setembro de 2000, que dispõe sobre o Serviço de Transporte Coletivo de Escolares do Recife - SETCER.",PLE 50/2023,https://publico.recife.pe.leg.br/consultas/materia/materia_mostrar_proc?cod_materia=146517,Prefeito do Recife,Em vigor,Lei Ordinária 19150/2023
"Lei Ordinária nº 19149, de 08/12/2023",https://publico.recife.pe.leg.br/consultas/norma_juridica/norma_juridica_mostrar_proc?cod_norma=1611,Cria 40 (quarenta) cargos de Nutricionista Escolar no âmbito da Secretaria de Educação do Município do Recife.,PLE 46/2023,https://publico.recife.pe.leg.br/consultas/materia/materia_mostrar_proc?cod_materia=146261,Prefeito do Recife,Em vigor,Lei Ordinária 19149/2023
"Lei Ordinária nº 19148, de 08/12/2023",https://publico.recife.pe.leg.br/consultas/norma_juridica/norma_juridica_mostrar_proc?cod_norma=1555,Reduz temporariamente a alíquota do Imposto Sobre Serviços De Qualquer Natureza- ISSQN concedendo incentivo fiscal às empresas de hotelaria na forma em que dispõe.,PLE 48/2023,https://publico.recife.pe.leg.br/consultas/materia/materia_mostrar_proc?cod_materia=146477,Prefeito do Recife,Em vigor,Lei Ordinária 19148/2023
"Lei Ordinária nº 19147, de 08/12/2023",https://publico.recife.pe.leg.br/consultas/norma_juridica/norma_juridica_mostrar_proc?cod_norma=1554,"Altera a Lei Municipal nº 17.537, de 16 de janeiro de 2009, que fixa normas para a exploração do Sistema Municipal de Táxi do Município do Recife - SMTX/Recife.",PLE 51/2023,https://publico.recife.pe.leg.br/consultas/materia/materia_mostrar_proc?cod_materia=146518,Prefeito do Recife,Em vigor,Lei Ordinária 19147/2023
"Lei Ordinária nº 19146, de 08/12/2023",https://publico.recife.pe.leg.br/consultas/norma_juridica/norma_juridica_mostrar_proc?cod_norma=1553,Considera Patrimônio Cultural Imaterial do Recife a “Festa de Nossa Senhora da Conceição”.,PLO 207/2023,https://publico.recife.pe.leg.br/consultas/materia/materia_mostrar_proc?cod_materia=143732,"Eriberto Rafael,                            Liana Cirne",Em vigor,Lei Ordinária 19146/2023
"Lei Ordinária nº 19145, de 06/12/2023",https://publico.recife.pe.leg.br/consultas/norma_juridica/norma_juridica_mostrar_proc?cod_norma=1552,"Dispõe sobre o Sistema de Registro de Preços e sobre a publicidade dos editais de licitações, no âmbito da Administração Pública direta, autárquica e fundacional do Município do Recife e dá outras providências.",PLE 41/2023,https://publico.recife.pe.leg.br/consultas/materia/materia_mostrar_proc?cod_materia=145693,Prefeito do Recife,Em vigor,Lei Ordinária 19145/2023
"Lei Ordinária nº 19144, de 06/12/2023",https://publico.recife.pe.leg.br/consultas/norma_juridica/norma_juridica_mostrar_proc?cod_norma=1551,"Dispõe sobre os Agentes de Contratação, Equipes de Apoio e Comissões de Contratação, no âmbito da Administração Pública Municipal direta, autárquica e fundacional, cria os cargos e funções gratificadas que indica, e altera a Lei Municipal nº 16.365, de 6 de janeiro de 1998.",PLE 42/2023,https://publico.recife.pe.leg.br/consultas/materia/materia_mostrar_proc?cod_materia=145694,Prefeito do Recife,Em vigor,Lei Ordinária 19144/2023
"Lei Ordinária nº 19143, de 06/12/2023",https://publico.recife.pe.leg.br/consultas/norma_juridica/norma_juridica_mostrar_proc?cod_norma=1654,Dispõe sobre a criação do Programa de Regularização Fiscal Educação – PREFIS Educação no Município do Recife.,PLE 64/2023,https://publico.recife.pe.leg.br/consultas/materia/materia_mostrar_proc?cod_materia=146531,Prefeito do Recife,Em vigor,Lei Ordinária 19143/2023
"Lei Ordinária nº 19142, de 06/12/2023",https://publico.recife.pe.leg.br/consultas/norma_juridica/norma_juridica_mostrar_proc?cod_norma=1550,"Adiciona o § 3º ao art. 2º, da Lei Municipal nº 18.359, de 26 de julho de 2017, que dispõe sobre o prazo de licença-paternidade dos servidores municipais.",PLE 45/2023,https://publico.recife.pe.leg.br/consultas/materia/materia_mostrar_proc?cod_materia=145887,Prefeito do Recife,Em vigor,Lei Ordinária 19142/2023
"Lei Ordinária nº 19141, de 06/12/2023",https://publico.recife.pe.leg.br/consultas/norma_juridica/norma_juridica_mostrar_proc?cod_norma=1549,Dispõe sobre o plano de incentivo fiscal que concede isenção de tributos imobiliários e mercantis às agremiações da cultura popular do Município do Recife e dá outras providências.,PLE 44/2023,https://publico.recife.pe.leg.br/consultas/materia/materia_mostrar_proc?cod_materia=145885,Prefeito do Recife,Em vigor,Lei Ordinária 19141/2023
"Lei Ordinária nº 19140, de 06/12/2023",https://publico.recife.pe.leg.br/consultas/norma_juridica/norma_juridica_mostrar_proc?cod_norma=1548,"Promove a reabertura do ""Programa de Desligamento Voluntário - PDV"" instituído pela Lei Municipal nº 18.811, de 7 de julho de 2021.",PLE 38/2023,https://publico.recife.pe.leg.br/consultas/materia/materia_mostrar_proc?cod_materia=145552,Prefeito do Recife,Em vigor,Lei Ordinária 19140/2023
"Lei Ordinária nº 19139, de 06/12/2023",https://publico.recife.pe.leg.br/consultas/norma_juridica/norma_juridica_mostrar_proc?cod_norma=1547,"Altera a Lei Municipal nº 19.098, de 21 de setembro de 2023, que Denomina “USF Amélia Silvério de Souza” a Unidade de Saúde da Família
(USF) situada na Rua Tupiraçaba, Bairro Dois Unidos, município do Recife.",PLO 244/2023,https://publico.recife.pe.leg.br/consultas/materia/materia_mostrar_proc?cod_materia=144932,Samuel Salazar,Em vigor,Lei Ordinária 19139/2023
"Lei Ordinária nº 19138, de 06/12/2023",https://publico.recife.pe.leg.br/consultas/norma_juridica/norma_juridica_mostrar_proc?cod_norma=1546,Institui o “Dia Municipal em Memória às Vítimas de Sinistros de Trânsito” no Calendário Oficial de Eventos do Município do Recife.,PLO 225/2023,https://publico.recife.pe.leg.br/consultas/materia/materia_mostrar_proc?cod_materia=144487,Victor André Gomes,Em vigor,Lei Ordinária 19138/2023
"Lei Ordinária nº 19137, de 29/11/2023",https://publico.recife.pe.leg.br/consultas/norma_juridica/norma_juridica_mostrar_proc?cod_norma=1545,Dispõe sobre a identificação dos torcedores nos estádios de futebol no Município do Recife.,PLO 102/2023,https://publico.recife.pe.leg.br/consultas/materia/materia_mostrar_proc?cod_materia=138637,Rinaldo Júnior,Em vigor,Lei Ordinária 19137/2023
"Lei Ordinária nº 19136, de 27/11/2023",https://publico.recife.pe.leg.br/consultas/norma_juridica/norma_juridica_mostrar_proc?cod_norma=1544,Institui a “Semana Municipal de Sensibilização e Conscientização sobre a Saúde Mental” no Calendário Oficial de Eventos do Município do Recife.,PLO 146/2023,https://publico.recife.pe.leg.br/consultas/materia/materia_mostrar_proc?cod_materia=140990,Aline Mariano,"Em vigor, com revogação parcial",Lei Ordinária 19136/2023
"Lei Ordinária nº 19135, de 27/11/2023",https://publico.recife.pe.leg.br/consultas/norma_juridica/norma_juridica_mostrar_proc?cod_norma=1543,Institui o “Dia do Comerciário e do Promotor de Vendas” no Calendário Oficial de Eventos do Município do Recife.,PLO 199/2023,https://publico.recife.pe.leg.br/consultas/materia/materia_mostrar_proc?cod_materia=143405,Ronaldo Lopes,Em vigor,Lei Ordinária 19135/2023
"Lei Ordinária nº 19134, de 27/11/2023",https://publico.recife.pe.leg.br/consultas/norma_juridica/norma_juridica_mostrar_proc?cod_norma=1542,Considera Patrimônio Cultural Imaterial do Recife a “Banda Sinfônica do Recife (BSR)”,PLO 201/2023,https://publico.recife.pe.leg.br/consultas/materia/materia_mostrar_proc?cod_materia=143407,Professora Ana Lúcia,Em vigor,Lei Ordinária 19134/2023
"Lei Ordinária nº 19133, de 27/11/2023",https://publico.recife.pe.leg.br/consultas/norma_juridica/norma_juridica_mostrar_proc?cod_norma=1541,Considera Patrimônio Cultural Material do Município do Recife o “Restaurante Leite”.,PLO 115/2023,https://publico.recife.pe.leg.br/consultas/materia/materia_mostrar_proc?cod_materia=139221,Alcides Cardoso,Em vigor,Lei Ordinária 19133/2023
"Lei Ordinária nº 19132, de 28/11/2023",https://publico.recife.pe.leg.br/consultas/norma_juridica/norma_juridica_mostrar_proc?cod_norma=1540,Dispõe sobre o licenciamento de cemitérios e crematórios no município do Recife.,PLO 49/2023,https://publico.recife.pe.leg.br/consultas/materia/materia_mostrar_proc?cod_materia=136358,Luiz Eustáquio,Em vigor,Lei Ordinária 19132/2023
"Lei Ordinária nº 19131, de 10/11/2023",https://publico.recife.pe.leg.br/consultas/norma_juridica/norma_juridica_mostrar_proc?cod_norma=1539,"Cria cargos efetivos no âmbito da Secretaria de Saúde do Município, para provimento mediante concurso público e seleção pública, além de ampliar e qualificar a atenção básica da Rede Municipal de Saúde, e dá outras providências.",PLE 37/2023,https://publico.recife.pe.leg.br/consultas/materia/materia_mostrar_proc?cod_materia=145459,Prefeito do Recife,Em vigor,Lei Ordinária 19131/2023
"Lei Ordinária nº 19130, de 10/11/2023",https://publico.recife.pe.leg.br/consultas/norma_juridica/norma_juridica_mostrar_proc?cod_norma=1538,"Autoriza a alienação, mediante permuta, de imóveis do Município do Recife por imóvel de particular para criação do Parque Público da Tamarineira.",PLE 40/2023,https://publico.recife.pe.leg.br/consultas/materia/materia_mostrar_proc?cod_materia=145692,Prefeito do Recife,Em vigor,Lei Ordinária 19130/2023
"Lei Ordinária nº 19129, de 10/11/2023",https://publico.recife.pe.leg.br/consultas/norma_juridica/norma_juridica_mostrar_proc?cod_norma=1537,Considera Patrimônio Cultural Imaterial do Recife a “Festa da Vitória Régia”.,PLO 210/2023,https://publico.recife.pe.leg.br/consultas/materia/materia_mostrar_proc?cod_materia=143810,Eriberto Rafael,Em vigor,Lei Ordinária 19129/2023
"Lei Ordinária nº 19128, de 09/11/2023",https://publico.recife.pe.leg.br/consultas/norma_juridica/norma_juridica_mostrar_proc?cod_norma=1536,Inclui no Calendário Oficial de Eventos do Município do Recife o “Forrozão do Galo”.,PLO 129/2023,https://publico.recife.pe.leg.br/consultas/materia/materia_mostrar_proc?cod_materia=140338,Marco Aurélio Filho,Em vigor,Lei Ordinária 19128/2023
"Lei Ordinária nº 19127, de 09/11/2023",https://publico.recife.pe.leg.br/consultas/norma_juridica/norma_juridica_mostrar_proc?cod_norma=1535,Institui o “Dia do Frescobol” no Calendário Oficial de Eventos do Município do Recife.,PLO 171/2023,https://publico.recife.pe.leg.br/consultas/materia/materia_mostrar_proc?cod_materia=142036,Tadeu Calheiros,Em vigor,Lei Ordinária 19127/2023
"Lei Ordinária nº 19126, de 09/11/2023",https://publico.recife.pe.leg.br/consultas/norma_juridica/norma_juridica_mostrar_proc?cod_norma=1534,"Denomina “Escola Municipal Deocleciano Oliveira Lima” a atual “Escola Municipal Anexa Casa Amarela”, localizada no bairro de Nova Descoberta.",PLO 230/2023,https://publico.recife.pe.leg.br/consultas/materia/materia_mostrar_proc?cod_materia=144556,Romerinho Jatobá,Em vigor,Lei Ordinária 19126/2023
"Lei Ordinária nº 19125, de 09/11/2023",https://publico.recife.pe.leg.br/consultas/norma_juridica/norma_juridica_mostrar_proc?cod_norma=1533,"Institui, na Cidade do Recife, o Dia Municipal da Fraternidade Dom Helder Câmara, a ser celebrado anualmente no dia 7 de fevereiro.",PLO 164/2023,https://publico.recife.pe.leg.br/consultas/materia/materia_mostrar_proc?cod_materia=141855,Liana Cirne,Em vigor,Lei Ordinária 19125/2023
"Lei Ordinária nº 19124, de 09/11/2023",https://publico.recife.pe.leg.br/consultas/norma_juridica/norma_juridica_mostrar_proc?cod_norma=1532,"Institui no calendário oficial de eventos do Município do Recife o Dia Municipal de Enfrentamento ao Transfeminicídio - “Lei Roberta Nascimento"", a ser celebrado no dia 24 de junho.",PLO 181/2022,https://publico.recife.pe.leg.br/consultas/materia/materia_mostrar_proc?cod_materia=124942,Liana Cirne,Em vigor,Lei Ordinária 19124/2023
"Lei Ordinária nº 19123, de 09/11/2023",https://publico.recife.pe.leg.br/consultas/norma_juridica/norma_juridica_mostrar_proc?cod_norma=1531,"Institui a “Semana da Gastronomia do Recife”, no Calendário Oficial de Eventos do Município do Recife.",PLO 196/2023,https://publico.recife.pe.leg.br/consultas/materia/materia_mostrar_proc?cod_materia=143238,Professora Ana Lúcia,Em vigor,Lei Ordinária 19123/2023
"Lei Ordinária nº 19122, de 09/11/2023",https://publico.recife.pe.leg.br/consultas/norma_juridica/norma_juridica_mostrar_proc?cod_norma=1530,Institui no Calendário Oficial de Eventos do Município do Recife o “Dia Municipal do Maracatu de Baque Virado”.,PLO 186/2023,https://publico.recife.pe.leg.br/consultas/materia/materia_mostrar_proc?cod_materia=142818,Almir Fernando,Em vigor,Lei Ordinária 19122/2023
"Lei Ordinária nº 19121, de 06/11/2023",https://publico.recife.pe.leg.br/consultas/norma_juridica/norma_juridica_mostrar_proc?cod_norma=1409,"Institui no Calendário Oficial de Eventos do Município do Recife a ""Semana Municipal da Paradiplomacia"".",PLE 30/2023,https://publico.recife.pe.leg.br/consultas/materia/materia_mostrar_proc?cod_materia=144557,Prefeito do Recife,Em vigor,Lei Ordinária 19121/2023
"Lei Ordinária nº 19120, de 28/10/2023",https://publico.recife.pe.leg.br/consultas/norma_juridica/norma_juridica_mostrar_proc?cod_norma=1406,Denomina “Ponte Júlia Santiago” a ponte a ser construída para a ligação da zona oeste à zona sul do município do Recife.,PLO 247/2023,https://publico.recife.pe.leg.br/consultas/materia/materia_mostrar_proc?cod_materia=145097,Chico Kiko,Em vigor,Lei Ordinária 19120/2023
"Lei Ordinária nº 19119, de 28/10/2023",https://publico.recife.pe.leg.br/consultas/norma_juridica/norma_juridica_mostrar_proc?cod_norma=1405,"Denomina “Unidade Pública de Atendimento Especializado – UPAE, Doutor Cyro de Andrade Lima”, a UPAE da Mustardinha, localizada na Rua Major Mário Portela, n° 279, Bongi, Município do Recife.",PLO 250/2023,https://publico.recife.pe.leg.br/consultas/materia/materia_mostrar_proc?cod_materia=145161,Romerinho Jatobá,Em vigor,Lei Ordinária 19119/2023
"Lei Ordinária nº 19118, de 28/10/2023",https://publico.recife.pe.leg.br/consultas/norma_juridica/norma_juridica_mostrar_proc?cod_norma=1404,"Dispõe sobre alterações nas Leis Municipais nº 19.007, de 13 de dezembro de 2022 (Revisão do PPA 2022-2025), e nº 19.006, de 13 de dezembro de 2022 (LOA 2023), e autoriza a abertura de crédito especial aos Orçamentos Fiscal e da Seguridade Social, por anulação parcial de dotações orçamentárias - Implementação e Operacionalização da Lei Paulo Gustavo",PLE 34/2023,https://publico.recife.pe.leg.br/consultas/materia/materia_mostrar_proc?cod_materia=144833,Prefeito do Recife,Em vigor,Lei Ordinária 19118/2023
"Lei Ordinária nº 19117, de 28/10/2023",https://publico.recife.pe.leg.br/consultas/norma_juridica/norma_juridica_mostrar_proc?cod_norma=1403,"Dispõe sobre alterações nas Leis Municipais nº 19.007, de 13 de dezembro de 2022 (Revisão do PPA 2022-2025), e nº 19.006, de 13 de dezembro de 2022 (LOA 2023), e autoriza a abertura de crédito especial aos Orçamentos Fiscal e da Seguridade Social, por anulação parcial de dotações orçamentárias.",PLE 35/2023,https://publico.recife.pe.leg.br/consultas/materia/materia_mostrar_proc?cod_materia=144834,Prefeito do Recife,Em vigor,Lei Ordinária 19117/2023
"Lei Ordinária nº 19116, de 20/10/2023",https://publico.recife.pe.leg.br/consultas/norma_juridica/norma_juridica_mostrar_proc?cod_norma=1395,Institui a “Semana Municipal do Seguro” no Calendário Oficial de Eventos do Município do Recife.,PLO 150/2023,https://publico.recife.pe.leg.br/consultas/materia/materia_mostrar_proc?cod_materia=140994,Zé Neto,Em vigor,Lei Ordinária 19116/2023
"Lei Ordinária nº 19115, de 17/10/2023",https://publico.recife.pe.leg.br/consultas/norma_juridica/norma_juridica_mostrar_proc?cod_norma=1653,Institui no Calendário Oficial de Eventos do Município do Recife o “Dia Municipal dos Ostomizados”.,PLO 76/2023,https://publico.recife.pe.leg.br/consultas/materia/materia_mostrar_proc?cod_materia=137417,Ebinho Florêncio,"Em vigor, com revogação parcial",Lei Ordinária 19115/2023
"Lei Ordinária nº 19114, de 17/10/2023",https://publico.recife.pe.leg.br/consultas/norma_juridica/norma_juridica_mostrar_proc?cod_norma=1394,"Institui, no Calendário Oficial de Eventos do Município do Recife, a “Semana de Conscientização sobre Lixo Eletrônico”.",PLO 95/2022,https://publico.recife.pe.leg.br/consultas/materia/materia_mostrar_proc?cod_materia=121842,Doduel Varela,"Em vigor, com revogação parcial",Lei Ordinária 19114/2023
"Lei Ordinária nº 19113, de 17/10/2023",https://publico.recife.pe.leg.br/consultas/norma_juridica/norma_juridica_mostrar_proc?cod_norma=1392,Institui no Calendário Oficial de Eventos do Município do Recife o “Dia Municipal do Maracatu Nação.,PLO 320/2022,https://publico.recife.pe.leg.br/consultas/materia/materia_mostrar_proc?cod_materia=133067,Liana Cirne,Em vigor,Lei Ordinária 19113/2023
"Lei Ordinária nº 19112, de 17/10/2023",https://publico.recife.pe.leg.br/consultas/norma_juridica/norma_juridica_mostrar_proc?cod_norma=1391,Institui o “Dia Municipal do Juremeiro e Juremeira” no Calendário Oficial de Eventos do Município do Recife.,PLO 128/2023,https://publico.recife.pe.leg.br/consultas/materia/materia_mostrar_proc?cod_materia=140189,Rinaldo Júnior,Em vigor,Lei Ordinária 19112/2023
"Lei Ordinária nº 19111, de 17/10/2023",https://publico.recife.pe.leg.br/consultas/norma_juridica/norma_juridica_mostrar_proc?cod_norma=1390,Declara a banda “Ave Sangria” Patrimônio Cultural Imaterial do Recife.,PLO 106/2023,https://publico.recife.pe.leg.br/consultas/materia/materia_mostrar_proc?cod_materia=138846,Cida Pedrosa,Em vigor,Lei Ordinária 19111/2023
"Lei Ordinária nº 19110, de 17/10/2023",https://publico.recife.pe.leg.br/consultas/norma_juridica/norma_juridica_mostrar_proc?cod_norma=1388,Institui no Calendário Oficial de Eventos do Município do Recife a “Semana Municipal de Combate à Cinomose e à Parvovirose”.,PLO 30/2023,https://publico.recife.pe.leg.br/consultas/materia/materia_mostrar_proc?cod_materia=135301,Andreza Romero,Em vigor,Lei Ordinária 19110/2023
"Lei Ordinária nº 19109, de 17/10/2023",https://publico.recife.pe.leg.br/consultas/norma_juridica/norma_juridica_mostrar_proc?cod_norma=1387,"DISPÕE SOBRE CONCESSÃO DE PRIORIDADE NO ATENDIMENTO AOS USUÁRIOS PORTADORES DE DIABETES, NA REALIZAÇÃO DE EXAMES MÉDICOS EM JEJUM TOTAL, NAS UNIDADES DE SAÚDE DO MUNICÍPIO DO RECIFE.",PLO 210/2021,https://publico.recife.pe.leg.br/consultas/materia/materia_mostrar_proc?cod_materia=108564,Andreza Romero,Em vigor,Lei Ordinária 19109/2023
"Lei Ordinária nº 19108, de 04/10/2023",https://publico.recife.pe.leg.br/consultas/norma_juridica/norma_juridica_mostrar_proc?cod_norma=1652,Institui o ''Outubro Rosa Pet'' no âmbito do município do Recife.,PLO 36/2023,https://publico.recife.pe.leg.br/consultas/materia/materia_mostrar_proc?cod_materia=135500,Andreza Romero,"Em vigor, com revogação parcial",Lei Ordinária 19108/2023
"Lei Ordinária nº 19107, de 04/10/2023",https://publico.recife.pe.leg.br/consultas/norma_juridica/norma_juridica_mostrar_proc?cod_norma=1386,"Institui a ""Semana de Conscientização sobre a Cistite Idiopática Felina"" no âmbito do município do Recife.",PLO 34/2023,https://publico.recife.pe.leg.br/consultas/materia/materia_mostrar_proc?cod_materia=135317,Andreza Romero,"Em vigor, com revogação parcial",Lei Ordinária 19107/2023
"Lei Ordinária nº 19106, de 04/10/2023",https://publico.recife.pe.leg.br/consultas/norma_juridica/norma_juridica_mostrar_proc?cod_norma=1385,"Denomina “Creche Municipal Pedro José Mendes Filho”, a creche a ser instalada na Estrada do Arraial, n° 4882, bairro do Monteiro, Município do Recife.",PLO 140/2023,https://publico.recife.pe.leg.br/consultas/materia/materia_mostrar_proc?cod_materia=140707,Romerinho Jatobá,Em vigor,Lei Ordinária 19106/2023
"Lei Ordinária nº 19105, de 04/10/2023",https://publico.recife.pe.leg.br/consultas/norma_juridica/norma_juridica_mostrar_proc?cod_norma=1384,Institui no Calendário Oficial de Eventos do Município do Recife o “Dia Municipal do Beach Tennis”.,PLO 111/2023,https://publico.recife.pe.leg.br/consultas/materia/materia_mostrar_proc?cod_materia=139061,Ebinho Florêncio,Em vigor,Lei Ordinária 19105/2023
"Lei Ordinária nº 19104, de 04/10/2023",https://publico.recife.pe.leg.br/consultas/norma_juridica/norma_juridica_mostrar_proc?cod_norma=1383,"Considera os Clubes do Sport Club do Recife, do Náutico Capibaribe e do Santa Cruz Futebol Clube como Patrimônio Cultural e Imaterial do município do Recife.",PLO 104/2023,https://publico.recife.pe.leg.br/consultas/materia/materia_mostrar_proc?cod_materia=138679,Ebinho Florêncio,Em vigor,Lei Ordinária 19104/2023
"Lei Ordinária nº 19103, de 04/10/2023",https://publico.recife.pe.leg.br/consultas/norma_juridica/norma_juridica_mostrar_proc?cod_norma=1382,"Institui, no Calendário Oficial de Eventos do Município do Recife, o “Dia dos Motoristas de Aplicativos”.",PLO 60/2023,https://publico.recife.pe.leg.br/consultas/materia/materia_mostrar_proc?cod_materia=136632,Andreza Romero,Em vigor,Lei Ordinária 19103/2023
"Lei Ordinária nº 19102, de 04/10/2023",https://publico.recife.pe.leg.br/consultas/norma_juridica/norma_juridica_mostrar_proc?cod_norma=1381,Institui a “Semana Educacional de Conscientização quanto à Declaração Universal dos Direitos dos Animais” no Calendário Oficial de Eventos do Município do Recife.,PLO 31/2023,https://publico.recife.pe.leg.br/consultas/materia/materia_mostrar_proc?cod_materia=135306,Andreza Romero,Em vigor,Lei Ordinária 19102/2023
"Lei Ordinária nº 19101, de 04/10/2023",https://publico.recife.pe.leg.br/consultas/norma_juridica/norma_juridica_mostrar_proc?cod_norma=1380,Institui no Calendário Oficial de Eventos do Município do Recife a “Semana Municipal do Grafite e da Arte Urbana”.,PLO 238/2022,https://publico.recife.pe.leg.br/consultas/materia/materia_mostrar_proc?cod_materia=128728,Aline Mariano,Em vigor,Lei Ordinária 19101/2023
"Lei Ordinária nº 19100, de 03/10/2023",https://publico.recife.pe.leg.br/consultas/norma_juridica/norma_juridica_mostrar_proc?cod_norma=1379,"Autoriza o Poder Executivo a realizar o repasse da Assistência Financeira Complementar da União para o Pagamento do Piso Salarial dos Profissionais da Enfermagem, no Município do Recife, e dá outras providências.",PLE 31/2023,https://publico.recife.pe.leg.br/consultas/materia/materia_mostrar_proc?cod_materia=144675,Prefeito do Recife,Em vigor,Lei Ordinária 19100/2023
"Lei Ordinária nº 19099, de 21/09/2023",https://publico.recife.pe.leg.br/consultas/norma_juridica/norma_juridica_mostrar_proc?cod_norma=1378,"Denomina “Gildinho do Alto do Capitão” a quadra de esportes situada na Rua Tupiraçaba, Bairro Dois Unidos, município do Recife.",PLO 120/2023,https://publico.recife.pe.leg.br/consultas/materia/materia_mostrar_proc?cod_materia=139735,Samuel Salazar,Em vigor,Lei Ordinária 19099/2023
"Lei Ordinária nº 19098, de 21/09/2023",https://publico.recife.pe.leg.br/consultas/norma_juridica/norma_juridica_mostrar_proc?cod_norma=1377,"Denomina de “USF Amélia Silvério de Souza” a Unidade de Saúde da Família - USF situada na Rua Tupiraçaba, bairro de Dois Unidos, no município do Recife.",PLO 118/2023,https://publico.recife.pe.leg.br/consultas/materia/materia_mostrar_proc?cod_materia=139623,Samuel Salazar,Em vigor,Lei Ordinária 19098/2023
"Lei Ordinária nº 19097, de 21/09/2023",https://publico.recife.pe.leg.br/consultas/norma_juridica/norma_juridica_mostrar_proc?cod_norma=1376,"Denomina “Praça Adalberto Aguiar” a praça situada na Rua do Girassol, Bairro Brasília Teimosa, município do Recife.",PLO 116/2023,https://publico.recife.pe.leg.br/consultas/materia/materia_mostrar_proc?cod_materia=139513,Samuel Salazar,Em vigor,Lei Ordinária 19097/2023
"Lei Ordinária nº 19096, de 21/09/2023",https://publico.recife.pe.leg.br/consultas/norma_juridica/norma_juridica_mostrar_proc?cod_norma=1375,Declara a “Parada da Diversidade de Dois Unidos” como Patrimônio Cultural Imaterial do Município do Recife.,PLO 295/2022,https://publico.recife.pe.leg.br/consultas/materia/materia_mostrar_proc?cod_materia=131874,Ivan Moraes,Em vigor,Lei Ordinária 19096/2023
"Lei Ordinária nº 19095, de 15/09/2023",https://publico.recife.pe.leg.br/consultas/norma_juridica/norma_juridica_mostrar_proc?cod_norma=1651,"Altera o zoneamento da cidade, instituindo, com fundamento no art. 72. 79 e art. 65, inciso II da Lei Complementar nº 2 de 23 de abril de 2021, Zona Especial de Interesse Social 2 - ZEIS 2 - Habitacional Via Mangue.",PLE 27/2023,https://publico.recife.pe.leg.br/consultas/materia/materia_mostrar_proc?cod_materia=142855,Prefeito do Recife,Em vigor,Lei Ordinária 19095/2023
"Lei Ordinária nº 19094, de 11/09/2023",https://publico.recife.pe.leg.br/consultas/norma_juridica/norma_juridica_mostrar_proc?cod_norma=1671,"Em decorrência do incêndio ocorrido em 03 de setembro no Mercado da Encruzilhada, institui a suspensão do pagamento da retribuição pecuniária de uso aos permissionários do Mercado da Encruzilhada durante o período em que ocorrerem os serviços de restauro e/ou reforma para a recuperação do equipamento e crua o Auxílio Emergencial aos permissionários impactados pelo incêndio.",PLE 29/2023,https://publico.recife.pe.leg.br/consultas/materia/materia_mostrar_proc?cod_materia=143735,Prefeito do Recife,Em vigor,Lei Ordinária 19094/2023
"Lei Ordinária nº 19093, de 04/09/2023",https://publico.recife.pe.leg.br/consultas/norma_juridica/norma_juridica_mostrar_proc?cod_norma=1650,"Alterar o zoneamento da cidade, instituindo, com fundamento no art. 72, 78, e 65, inciso I da Lei Complementar nº 2 de 23 de abril de 2021, Zona Especial de Interesse Social 1 - ZEIS 1.",PLE 28/2023,https://publico.recife.pe.leg.br/consultas/materia/materia_mostrar_proc?cod_materia=142856,Prefeito do Recife,Em vigor,Lei Ordinária 19093/2023
"Lei Ordinária nº 19092, de 18/07/2023",https://publico.recife.pe.leg.br/consultas/norma_juridica/norma_juridica_mostrar_proc?cod_norma=1373,"OBRIGA A AFIXAÇÃO DE AVISOS NOS ELEVADORES DE PRÉDIOS RESIDENCIAIS E COMERCIAIS DO MUNICÍPIO DO RECIFE, CONTENDO INFORMAÇÕES ACERCA DA ÚLTIMA MANUTENÇÃO DOS ELEVADORES.",PLO 150/2021,https://publico.recife.pe.leg.br/consultas/materia/materia_mostrar_proc?cod_materia=106688,Doduel Varela,Em vigor,Lei Ordinária 19092/2023
"Lei Ordinária nº 19091, de 18/07/2023",https://publico.recife.pe.leg.br/consultas/norma_juridica/norma_juridica_mostrar_proc?cod_norma=1670,"Institui o ""Dia Municipal de Enfrentamento ao Etarismo"" no calendário oficial da cidade do Recife e dá outras providências.",PLO 51/2023,https://publico.recife.pe.leg.br/consultas/materia/materia_mostrar_proc?cod_materia=136483,Cida Pedrosa,Em vigor,Lei Ordinária 19091/2023
"Lei Ordinária nº 19090, de 05/07/2023",https://publico.recife.pe.leg.br/consultas/norma_juridica/norma_juridica_mostrar_proc?cod_norma=1371,Institui o “Dia Municipal do Corretor de Seguros” no Calendário Oficial de Eventos do Município do Recife.,PLO 50/2023,https://publico.recife.pe.leg.br/consultas/materia/materia_mostrar_proc?cod_materia=136395,Zé Neto,Em vigor,Lei Ordinária 19090/2023
"Lei Ordinária nº 19089, de 05/07/2023",https://publico.recife.pe.leg.br/consultas/norma_juridica/norma_juridica_mostrar_proc?cod_norma=1370,Considera Patrimônio Cultural Imaterial do Recife o” Clube Carnavalesco Misto das Pás Douradas”.,PLO 48/2023,https://publico.recife.pe.leg.br/consultas/materia/materia_mostrar_proc?cod_materia=136221,Rinaldo Júnior,Em vigor,Lei Ordinária 19089/2023
"Lei Ordinária nº 19088, de 05/07/2023",https://publico.recife.pe.leg.br/consultas/norma_juridica/norma_juridica_mostrar_proc?cod_norma=1369,Institui no Calendário Oficial de Eventos do Município do Recife o “Dia Municipal do esporte Amador”.,PLO 21/2023,https://publico.recife.pe.leg.br/consultas/materia/materia_mostrar_proc?cod_materia=134812,Ebinho Florêncio,Em vigor,Lei Ordinária 19088/2023
"Lei Ordinária nº 19087, de 05/07/2023",https://publico.recife.pe.leg.br/consultas/norma_juridica/norma_juridica_mostrar_proc?cod_norma=1368,Denomina “Luis Tenderini” a creche do Complexo Educacional a ser inaugurado no bairro de Dois Unidos no município do Recife.,PLO 5/2023,https://publico.recife.pe.leg.br/consultas/materia/materia_mostrar_proc?cod_materia=133732,Cida Pedrosa,Em vigor,Lei Ordinária 19087/2023
"Lei Ordinária nº 19086, de 30/06/2023",https://publico.recife.pe.leg.br/consultas/norma_juridica/norma_juridica_mostrar_proc?cod_norma=1669,Dispõe e disciplina o Programa Municipal educação para Todos - NOVO PROUNI E PROTEC RECIFE.,PLE 20/2023,https://publico.recife.pe.leg.br/consultas/materia/materia_mostrar_proc?cod_materia=138075,Prefeito do Recife,Em vigor,Lei Ordinária 19086/2023
"Lei Ordinária nº 19085, de 30/06/2023",https://publico.recife.pe.leg.br/consultas/norma_juridica/norma_juridica_mostrar_proc?cod_norma=1366,Dispõe sobre as diretrizes para elaboração e execução da Lei Orçamentária de 2024.,PLE 19/2023,https://publico.recife.pe.leg.br/consultas/materia/materia_mostrar_proc?cod_materia=137986,Prefeito do Recife,Em vigor,Lei Ordinária 19085/2023
"Lei Ordinária nº 19084, de 28/06/2023",https://publico.recife.pe.leg.br/consultas/norma_juridica/norma_juridica_mostrar_proc?cod_norma=1365,"Desafeta da Rua Caraçatuba, 2ª Travessa do Jasmim e Rua Velame, no bairro do Pina, nesta cidade e autoriza a permuta das áreas desafetadas por imóvel de particular para construção de unidade educacional.",PLE 21/2023,https://publico.recife.pe.leg.br/consultas/materia/materia_mostrar_proc?cod_materia=138219,Prefeito do Recife,Em vigor,Lei Ordinária 19084/2023
"Lei Ordinária nº 19083, de 28/06/2023",https://publico.recife.pe.leg.br/consultas/norma_juridica/norma_juridica_mostrar_proc?cod_norma=1364,"Autoriza o Poder Executivo a contratar parceria Público-Privada (PPP), na modalidade de concessão administrativa e mediante prévia licitação, destinada à construção, gestão, operação e manutenção de unidades de ensino infantil, vinculada recursos para a criação de mecanismos de pagamento e de garantia pública para a referida parceria e dá outras providências.",PLE 26/2023,https://publico.recife.pe.leg.br/consultas/materia/materia_mostrar_proc?cod_materia=140706,Prefeito do Recife,Em vigor,Lei Ordinária 19083/2023
"Lei Ordinária nº 19082, de 28/06/2023",https://publico.recife.pe.leg.br/consultas/norma_juridica/norma_juridica_mostrar_proc?cod_norma=1668,"Dispõe sobre o sistema de controle interno, as competências da Controladoria-Geral do Município - CGM e dá outras providências.",PLE 25/2023,https://publico.recife.pe.leg.br/consultas/materia/materia_mostrar_proc?cod_materia=140705,Prefeito do Recife,Em vigor,Lei Ordinária 19082/2023
"Lei Ordinária nº 19081, de 28/06/2023",https://publico.recife.pe.leg.br/consultas/norma_juridica/norma_juridica_mostrar_proc?cod_norma=1360,"Altera a Lei Municipal nº 18.189 de 14 de dezembro de 2015, que dispõe sobre o Programa de Melhoria Habitacional, que trata da realização de melhorias de unidades habitacionais, para promoção da Dignidade da Pessoa Humana e da Função Social da Cidade, daqueles que têm perfil socioeconômico para Habitação de Interesse Social, localizadas no Município de Recife.",PLE 24/2023,https://publico.recife.pe.leg.br/consultas/materia/materia_mostrar_proc?cod_materia=140704,Prefeito do Recife,Em vigor,Lei Ordinária 19081/2023
"Lei Ordinária nº 19080, de 28/06/2023",https://publico.recife.pe.leg.br/consultas/norma_juridica/norma_juridica_mostrar_proc?cod_norma=1359,"Altera a Lei Municipal n° 19.026, de 30 de dezembro de 2022 que institui o Código de Limpeza Urbana e Manejo de Resíduos Sólidos Urbanos do Município do Recife e dá outras providências.",PLE 23/2023,https://publico.recife.pe.leg.br/consultas/materia/materia_mostrar_proc?cod_materia=140703,Prefeito do Recife,Em vigor,Lei Ordinária 19080/2023
"Lei Ordinária nº 19079, de 22/06/2023",https://publico.recife.pe.leg.br/consultas/norma_juridica/norma_juridica_mostrar_proc?cod_norma=1358,"Declara de Utilidade Pública, no âmbito do Município do Recife, a Associação Católica dos Samaritanos.",PLO 1/2023,https://publico.recife.pe.leg.br/consultas/materia/materia_mostrar_proc?cod_materia=133292,Ivan Moraes,Em vigor,Lei Ordinária 19079/2023
"Lei Ordinária nº 19078, de 22/06/2023",https://publico.recife.pe.leg.br/consultas/norma_juridica/norma_juridica_mostrar_proc?cod_norma=1357,"Institui, no “Calendário Oficial de Eventos do Município do Recife”, a Semana de Conscientização sobre a Terceirização sem Calote.",PLO 19/2023,https://publico.recife.pe.leg.br/consultas/materia/materia_mostrar_proc?cod_materia=134624,Rinaldo Júnior,Em vigor,Lei Ordinária 19078/2023
"Lei Ordinária nº 19077, de 21/06/2023",https://publico.recife.pe.leg.br/consultas/norma_juridica/norma_juridica_mostrar_proc?cod_norma=1356,"Denomina “Praça do Rosarinho Dr. Zé Neves” a praça situada na Avenida Santos Dumont, Bairro Rosarinho, município do Recife.",PLO 322/2022,https://publico.recife.pe.leg.br/consultas/materia/materia_mostrar_proc?cod_materia=133103,Samuel Salazar,Em vigor,Lei Ordinária 19077/2023
"Lei Ordinária nº 19076, de 16/06/2023",https://publico.recife.pe.leg.br/consultas/norma_juridica/norma_juridica_mostrar_proc?cod_norma=1355,Institui no Calendário Oficial de Eventos do Município do Recife o “Mês Recife: Cidade da Música”.,PLO 285/2022,https://publico.recife.pe.leg.br/consultas/materia/materia_mostrar_proc?cod_materia=131573,Cida Pedrosa,"Em vigor, com revogação parcial",Lei Ordinária 19076/2023
"Lei Ordinária nº 19075, de 16/06/2023",https://publico.recife.pe.leg.br/consultas/norma_juridica/norma_juridica_mostrar_proc?cod_norma=1354,Institui o Dia do Pescador no calendário oficial do município do Recife.,PLO 23/2023,https://publico.recife.pe.leg.br/consultas/materia/materia_mostrar_proc?cod_materia=134943,Samuel Salazar,Em vigor,Lei Ordinária 19075/2023
"Lei Ordinária nº 19074, de 16/06/2023",https://publico.recife.pe.leg.br/consultas/norma_juridica/norma_juridica_mostrar_proc?cod_norma=1353,Considera Patrimônio Cultural Imaterial do Recife o Trem do Forró.,PLO 79/2023,https://publico.recife.pe.leg.br/consultas/materia/materia_mostrar_proc?cod_materia=137665,Rinaldo Júnior,Em vigor,Lei Ordinária 19074/2023
"Lei Ordinária nº 19073, de 16/06/2023",https://publico.recife.pe.leg.br/consultas/norma_juridica/norma_juridica_mostrar_proc?cod_norma=1351,Institui no Calendário Oficial de Eventos do Município do Recife o “Dia Municipal dos Avós”.,PLO 314/2022,https://publico.recife.pe.leg.br/consultas/materia/materia_mostrar_proc?cod_materia=132471,Michele Collins,Em vigor,Lei Ordinária 19073/2023
"Lei Ordinária nº 19072, de 14/06/2023",https://publico.recife.pe.leg.br/consultas/norma_juridica/norma_juridica_mostrar_proc?cod_norma=1349,Institui no Calendário Oficial de Eventos do Município do Recife o “Dia Municipal do Terceiro Setor”.,PLO 307/2022,https://publico.recife.pe.leg.br/consultas/materia/materia_mostrar_proc?cod_materia=132322,Michele Collins,"Em vigor, com revogação parcial",Lei Ordinária 19072/2023
"Lei Ordinária nº 19071, de 14/06/2023",https://publico.recife.pe.leg.br/consultas/norma_juridica/norma_juridica_mostrar_proc?cod_norma=1346,Dispõe sobre a instituição da “Semana de Mobilização Municipal para Doação de Medula Óssea” no Calendário Oficial de Eventos do Município do Recife.,PLO 326/2022,https://publico.recife.pe.leg.br/consultas/materia/materia_mostrar_proc?cod_materia=133136,Michele Collins,Em vigor,Lei Ordinária 19071/2023
"Lei Ordinária nº 19070, de 12/06/2023",https://publico.recife.pe.leg.br/consultas/norma_juridica/norma_juridica_mostrar_proc?cod_norma=1344,"Institui o Programa VALORIZAÇÃO DE INICIATIVAS JUVENIS - VAI JOVEM - no âmbito da Secretaria de Desenvolvimento Social, Direitos Humanos, Juventude e Políticas Sobre Drogas.",PLE 15/2023,https://publico.recife.pe.leg.br/consultas/materia/materia_mostrar_proc?cod_materia=136973,Prefeito do Recife,Em vigor,Lei Ordinária 19070/2023
"Lei Ordinária nº 19069, de 07/06/2023",https://publico.recife.pe.leg.br/consultas/norma_juridica/norma_juridica_mostrar_proc?cod_norma=1341,"Altera o zoneamento da cidade, instituindo, com fundamento nos artigos 65, inciso II, 72 e 79 da Lei Complementar nº 2, de 23 de abril de 2021, Zona Especial de Interesse Social 2 - ZEIS 2.",PLE 18/2023,https://publico.recife.pe.leg.br/consultas/materia/materia_mostrar_proc?cod_materia=137495,Prefeito do Recife,Em vigor,Lei Ordinária 19069/2023
"Lei Ordinária nº 19068, de 07/06/2023",https://publico.recife.pe.leg.br/consultas/norma_juridica/norma_juridica_mostrar_proc?cod_norma=1340,Institui a isenção do pagamento da retribuição pecuniária de uso aos permissionários do Mercado de São José durante o período em que ocorrerem os serviços de reforma para requalificação do equipamento e cria o Auxílio Emergencial aos permissionários impactados a cada fase da obra.,PLE 16/2023,https://publico.recife.pe.leg.br/consultas/materia/materia_mostrar_proc?cod_materia=137061,Prefeito do Recife,Em vigor,Lei Ordinária 19068/2023
"Lei Ordinária nº 19067, de 02/06/2023",https://publico.recife.pe.leg.br/consultas/norma_juridica/norma_juridica_mostrar_proc?cod_norma=1339,Declara o “Afoxé” como Patrimônio Cultural Imaterial do Município do Recife.,PLO 103/2022,https://publico.recife.pe.leg.br/consultas/materia/materia_mostrar_proc?cod_materia=121909,Ivan Moraes,Em vigor,Lei Ordinária 19067/2023
"Lei Ordinária nº 19066, de 02/06/2023",https://publico.recife.pe.leg.br/consultas/norma_juridica/norma_juridica_mostrar_proc?cod_norma=1337,Institui o Estatuto da Liberdade Religiosa no Município do Recife e dá outras providências.,PLO 173/2022,https://publico.recife.pe.leg.br/consultas/materia/materia_mostrar_proc?cod_materia=124756,Liana Cirne,Em vigor,Lei Ordinária 19066/2023
"Lei Ordinária nº 19065, de 02/06/2023",https://publico.recife.pe.leg.br/consultas/norma_juridica/norma_juridica_mostrar_proc?cod_norma=1335,Institui no Calendário Oficial de Eventos do Município do Recife o “Dia do Influenciador Digital”.,PLO 306/2022,https://publico.recife.pe.leg.br/consultas/materia/materia_mostrar_proc?cod_materia=132321,Joselito Ferreira,Em vigor,Lei Ordinária 19065/2023
"Lei Ordinária nº 19064, de 24/05/2023",https://publico.recife.pe.leg.br/consultas/norma_juridica/norma_juridica_mostrar_proc?cod_norma=1333,"Institui o Grupo Ocupacional de Promoção dos Direitos das Mulheres do Município do Recife, criando os cargos efetivos necessários para a sua composição.",PLE 12/2023,https://publico.recife.pe.leg.br/consultas/materia/materia_mostrar_proc?cod_materia=135476,Prefeito do Recife,"Em vigor, com revogação parcial",Lei Ordinária 19064/2023
"Lei Ordinária nº 19063, de 24/05/2023",https://publico.recife.pe.leg.br/consultas/norma_juridica/norma_juridica_mostrar_proc?cod_norma=1330,"Denomina “Irmã Cininha” a Creche Escola a ser construída na Comunidade Córrego do Deodato, Bairro Água Fria, município do Recife.",PLO 35/2023,https://publico.recife.pe.leg.br/consultas/materia/materia_mostrar_proc?cod_materia=135329,Rinaldo Júnior,Em vigor,Lei Ordinária 19063/2023
"Lei Ordinária nº 19062, de 17/05/2023",https://publico.recife.pe.leg.br/consultas/norma_juridica/norma_juridica_mostrar_proc?cod_norma=1327,"Declara Patrimônio Cultural Imaterial do Recife a ""Batalha da Escadaria"".",PLO 292/2022,https://publico.recife.pe.leg.br/consultas/materia/materia_mostrar_proc?cod_materia=131829,Cida Pedrosa,Em vigor,Lei Ordinária 19062/2023
"Lei Ordinária nº 19061, de 17/05/2023",https://publico.recife.pe.leg.br/consultas/norma_juridica/norma_juridica_mostrar_proc?cod_norma=1667,"OBRIGA BARES, RESTAURANTES, CASAS NOTURNAS, CASAS DE EVENTOS E AFINS, LOCALIZADOS NO MUNICÍPIO DO RECIFE, A ADOTAR MEDIDAS DE AUXÍLIO À MULHER EM SITUAÇÃO DE RISCO.",PLO 106/2021,https://publico.recife.pe.leg.br/consultas/materia/materia_mostrar_proc?cod_materia=105568,Andreza Romero,"Em vigor, com revogação parcial",Lei Ordinária 19061/2023
"Lei Ordinária nº 19060, de 10/05/2023",https://publico.recife.pe.leg.br/consultas/norma_juridica/norma_juridica_mostrar_proc?cod_norma=1294,Dispõe sobre a remuneração dos servidores e empregados públicos que indica e dá outras providências.,PLE 22/2023,https://publico.recife.pe.leg.br/consultas/materia/materia_mostrar_proc?cod_materia=138423,Prefeito do Recife,Em vigor,Lei Ordinária 19060/2023
"Lei Ordinária nº 19059, de 10/05/2023",https://publico.recife.pe.leg.br/consultas/norma_juridica/norma_juridica_mostrar_proc?cod_norma=1319,"DISPÕE SOBRE A OBRIGATORIEDADE DA DIVULGAÇÃO DE MENSAGENS DE COMBATE À VIOLÊNCIA CONTRA A MULHER, DURANTE A REALIZAÇÃO DE EVENTOS ESPORTIVOS NOS ESTÁDIOS DE FUTEBOL, NO MUNICÍPIO DO RECIFE.",PLO 57/2021,https://publico.recife.pe.leg.br/consultas/materia/materia_mostrar_proc?cod_materia=104186,Professora Ana Lúcia,Em vigor,Lei Ordinária 19059/2023
"Lei Ordinária nº 19058, de 10/05/2023",https://publico.recife.pe.leg.br/consultas/norma_juridica/norma_juridica_mostrar_proc?cod_norma=1287,Considera a “Arte da Capoeira” como Patrimônio Cultural Imaterial do Município do Recife.,PLO 65/2022,https://publico.recife.pe.leg.br/consultas/materia/materia_mostrar_proc?cod_materia=120768,Alcides Cardoso,Em vigor,Lei Ordinária 19058/2023
"Lei Ordinária nº 19057, de 05/05/2023",https://publico.recife.pe.leg.br/consultas/norma_juridica/norma_juridica_mostrar_proc?cod_norma=1285,"Assegura às pessoas com deficiência auditiva ou surdas, em atendimento nas instituições de saúde privada do Município de Recife, o direito a acompanhante ou atendente pessoal, e dá outras providências.",PLO 135/2022,https://publico.recife.pe.leg.br/consultas/materia/materia_mostrar_proc?cod_materia=123553,Ivan Moraes,Em vigor,Lei Ordinária 19057/2023
"Lei Ordinária nº 19056, de 05/05/2023",https://publico.recife.pe.leg.br/consultas/norma_juridica/norma_juridica_mostrar_proc?cod_norma=1282,Declara a “Marcha para Jesus” como Patrimônio Cultural Imaterial do Município do Recife.,PLO 311/2022,https://publico.recife.pe.leg.br/consultas/materia/materia_mostrar_proc?cod_materia=132401,Michele Collins,Em vigor,Lei Ordinária 19056/2023
"Lei Ordinária nº 19055, de 03/05/2023",https://publico.recife.pe.leg.br/consultas/norma_juridica/norma_juridica_mostrar_proc?cod_norma=1278,Dispõe sobre o polo de apoio presencial do sistema Universidade Aberta do Brasil no município do Recife.,PLE 3/2023,https://publico.recife.pe.leg.br/consultas/materia/materia_mostrar_proc?cod_materia=134776,Prefeito do Recife,Em vigor,Lei Ordinária 19055/2023
"Lei Ordinária nº 19052, de 26/04/2023",https://publico.recife.pe.leg.br/consultas/norma_juridica/norma_juridica_mostrar_proc?cod_norma=1251,"Dispõe sobre o Sistema de Incentivo à Cultura (SIC), concede Incentivos Fiscais a Projetos
Culturais e dá outras providências, revogando a Lei nº 16.215/96, de 12 de julho de 1996 (Lei que
Institui o Sistema de Incentivo à Cultura, concede Incentivos Fiscais a Projetos Culturais e dá outras
providências), bem como o Decreto Municipal nº 17.617, de 14 de abril de 1997 e o Decreto
Municipal nº 32.984, de 11 de outubro de 2019.",PLE 60/2022,https://publico.recife.pe.leg.br/consultas/materia/materia_mostrar_proc?cod_materia=133210,Prefeito do Recife,"Em vigor, com revogação parcial",Lei Ordinária 19052/2023
"Lei Ordinária nº 19051, de 25/04/2023",https://publico.recife.pe.leg.br/consultas/norma_juridica/norma_juridica_mostrar_proc?cod_norma=1249,"Altera o zoneamento da cidade, instituindo, com fundamento no art. 79 e art. 65, inciso II da Lei Complementar nº 2 de 23 de abril de 2021, ZEIS 2. (Conjunto Habitacional Várzea II)",PLE 11/2023,https://publico.recife.pe.leg.br/consultas/materia/materia_mostrar_proc?cod_materia=134824,Prefeito do Recife,Em vigor,Lei Ordinária 19051/2023
"Lei Ordinária nº 19050, de 25/04/2023",https://publico.recife.pe.leg.br/consultas/norma_juridica/norma_juridica_mostrar_proc?cod_norma=1248,"Altera o zoneamento da cidade, instituindo, com fundamento no art. 79 e art. 65, inciso II da Lei Complementar nº 2 de 23 de abril de 2021, ZEIS 2. (Conjunto Habitacional Clube do Automóvel)",PLE 10/2023,https://publico.recife.pe.leg.br/consultas/materia/materia_mostrar_proc?cod_materia=134823,Prefeito do Recife,Em vigor,Lei Ordinária 19050/2023
"Lei Ordinária nº 19049, de 25/04/2023",https://publico.recife.pe.leg.br/consultas/norma_juridica/norma_juridica_mostrar_proc?cod_norma=1246,"Altera o zoneamento da cidade, instituindo, com fundamento no art. 79 e art. 65, inciso II da Lei Complementar nº 2, de 23 de abril de 2021, ZEIS 2. (Conjunto Habitacional Imbiribeira I - São Francisco)",PLE 9/2023,https://publico.recife.pe.leg.br/consultas/materia/materia_mostrar_proc?cod_materia=134822,Prefeito do Recife,Em vigor,Lei Ordinária 19049/2023
"Lei Ordinária nº 19048, de 25/04/2023",https://publico.recife.pe.leg.br/consultas/norma_juridica/norma_juridica_mostrar_proc?cod_norma=1244,"Altera o zoneamento da cidade, instituindo, com fundamento no art. 79 e art. 65, inciso II da Lei Complementar nº 2, de 23 de abril de 2021, ZEIS 2. (Conjunto Habitacional Imbiribeira II - Cinco de Maio)",PLE 8/2023,https://publico.recife.pe.leg.br/consultas/materia/materia_mostrar_proc?cod_materia=134821,Prefeito do Recife,Em vigor,Lei Ordinária 19048/2023
"Lei Ordinária nº 19047, de 25/04/2023",https://publico.recife.pe.leg.br/consultas/norma_juridica/norma_juridica_mostrar_proc?cod_norma=1242,"Altera o zoneamento da cidade, instituindo, com fundamento no art. 72, 79 e art. 65, inciso II da Lei Complementar nº 2 de 23 de abril de 2021, ZEIS 2. (Conjunto Habitacional Imbiribeira II - Nicolau Copérnico)",PLE 7/2023,https://publico.recife.pe.leg.br/consultas/materia/materia_mostrar_proc?cod_materia=134820,Prefeito do Recife,Em vigor,Lei Ordinária 19047/2023
"Lei Ordinária nº 19046, de 25/04/2023",https://publico.recife.pe.leg.br/consultas/norma_juridica/norma_juridica_mostrar_proc?cod_norma=1239,"Altera o zoneamento da cidade, instituindo, com fundamento no art. 79 e art. 65, inciso II da Lei Complementar nº 2 de 23 de abril de 2021, ZEIS 2. (Conjunto Habitacional Dom Hélder - Nova Descoberta)",PLE 6/2023,https://publico.recife.pe.leg.br/consultas/materia/materia_mostrar_proc?cod_materia=134819,Prefeito do Recife,Em vigor,Lei Ordinária 19046/2023
"Lei Ordinária nº 19045, de 25/04/2023",https://publico.recife.pe.leg.br/consultas/norma_juridica/norma_juridica_mostrar_proc?cod_norma=1236,"Altera o zoneamento da cidade, instituindo, com fundamento no art. 79 e art. 65, inciso II da Lei Complementar nº 2 de 23 de abril de 2021, ZEIS 2. (Conjunto Habitacional Condomínio Dom Hélder - Iputinga)",PLE 5/2023,https://publico.recife.pe.leg.br/consultas/materia/materia_mostrar_proc?cod_materia=134818,Prefeito do Recife,Em vigor,Lei Ordinária 19045/2023
"Lei Ordinária nº 19044, de 25/04/2023",https://publico.recife.pe.leg.br/consultas/norma_juridica/norma_juridica_mostrar_proc?cod_norma=1229,"Altera o zoneamento da cidade, instituindo, com fundamento nos artigos 65, inciso II, 72 e 79 da Lei Complementar nº 2, de 23 de abril de 2021, ZEIS 2. (Conjunto Habitacional Travessa do Gusmão e Praça Sérgio Loreto)",PLE 4/2023,https://publico.recife.pe.leg.br/consultas/materia/materia_mostrar_proc?cod_materia=134817,Prefeito do Recife,Em vigor,Lei Ordinária 19044/2023
"Lei Ordinária nº 19043, de 20/04/2023",https://publico.recife.pe.leg.br/consultas/norma_juridica/norma_juridica_mostrar_proc?cod_norma=1227,"Acrescenta Projeto em favor da Secretaria de Planejamento, Gestão e Transformação Digital no Anexo da Lei Municipal nº 19.007, de 13 de dezembro de 2022 (Revisão 2023 do PPA 2022- 2025), e no Anexo II da Lei Municipal nº 19.006, de 13 de dezembro de 2022 (LOA 2023), e autoriza a abertura de crédito especial, por anulação parcial de dotação, no orçamento do corrente exercício.",PLE 13/2023,https://publico.recife.pe.leg.br/consultas/materia/materia_mostrar_proc?cod_materia=135995,Prefeito do Recife,Em vigor,Lei Ordinária 19043/2023
"Lei Ordinária nº 19042, de 18/04/2023",https://publico.recife.pe.leg.br/consultas/norma_juridica/norma_juridica_mostrar_proc?cod_norma=1115,Estabelece novo modelo de gestão da Defesa Civil Municipal.,PLE 17/2023,https://publico.recife.pe.leg.br/consultas/materia/materia_mostrar_proc?cod_materia=137101,Prefeito do Recife,Em vigor,Lei Ordinária 19042/2023
"Lei Ordinária nº 19041, de 17/04/2023",https://publico.recife.pe.leg.br/consultas/norma_juridica/norma_juridica_mostrar_proc?cod_norma=1114,"ACRESCENTA OS ARTIGOS 118-A, 118-B, 118-C, 118-D À LEI MUNICIPAL 16.292 DE 29 DE JANEIRO DE 1997, QUE REGULA AS ATIVIDADES DE EDIFICAÇÕES E INSTALAÇÕES NO MUNICÍPIO DO RECIFE, PARA CRIAR REGRAS E CRITÉRIOS PARA A CONSTRUÇÃO E MANUTENÇÃO DE GUARITAS NAS EDIFICAÇÕES COMERCIAIS E RESIDENCIAIS NO MUNICÍPIO DO RECIFE.",PLO 280/2019,https://publico.recife.pe.leg.br/consultas/materia/materia_mostrar_proc?cod_materia=91710,Rinaldo Júnior,Em vigor,Lei Ordinária 19041/2023
"Lei Ordinária nº 19040, de 14/04/2023",https://publico.recife.pe.leg.br/consultas/norma_juridica/norma_juridica_mostrar_proc?cod_norma=433,"Altera a Lei Municipal nº 18.043, de 23 de julho de 2014, ampliando o rol de beneficiários do Programa Passe Livre.",PLE 2/2023,https://publico.recife.pe.leg.br/consultas/materia/materia_mostrar_proc?cod_materia=133654,Prefeito do Recife,Em vigor,Lei Ordinária 19040/2023
"Lei Ordinária nº 19039, de 12/04/2023",https://publico.recife.pe.leg.br/consultas/norma_juridica/norma_juridica_mostrar_proc?cod_norma=1113,Considera Patrimônio Cultural Imaterial do Recife o bloco de rua “Galo da Madrugada”.,PLO 187/2022,https://publico.recife.pe.leg.br/consultas/materia/materia_mostrar_proc?cod_materia=125217,Romerinho Jatobá,Em vigor,Lei Ordinária 19039/2023
"Lei Ordinária nº 19038, de 05/04/2023",https://publico.recife.pe.leg.br/consultas/norma_juridica/norma_juridica_mostrar_proc?cod_norma=414,Dispõe sobre o reajuste da remuneração dos servidores do Poder Legislativo Municipal e dá outras providências.,PLO 53/2023,https://publico.recife.pe.leg.br/consultas/materia/materia_mostrar_proc?cod_materia=136512,Comissão Executiva,Em vigor,Lei Ordinária 19038/2023
"Lei Ordinária nº 19037, de 31/03/2023",https://publico.recife.pe.leg.br/consultas/norma_juridica/norma_juridica_mostrar_proc?cod_norma=400,INCLUI O DIA DE TEREZA DE BENGUELA E DA MULHER NEGRA NO CALENDÁRIO OFICIAL DO MUNICÍPIO DE RECIFE.,PLO 133/2018,https://publico.recife.pe.leg.br/consultas/materia/materia_mostrar_proc?cod_materia=81053,Ivan Moraes,Em vigor,Lei Ordinária 19037/2023
"Lei Ordinária nº 19036, de 31/03/2023",https://publico.recife.pe.leg.br/consultas/norma_juridica/norma_juridica_mostrar_proc?cod_norma=394,Dispõe sobre a nova nomenclatura da Autarquia e Serviços Urbanos do Recife - CSURB que passará a chamar CONVIVA Mercados e Feiras - Autarquia Municipal.,PLE 1/2023,https://publico.recife.pe.leg.br/consultas/materia/materia_mostrar_proc?cod_materia=133440,Prefeito do Recife,Em vigor,Lei Ordinária 19036/2023
"Lei Ordinária nº 19035, de 15/03/2023",https://publico.recife.pe.leg.br/consultas/norma_juridica/norma_juridica_mostrar_proc?cod_norma=387,"Dispõe sobre o uso da musicoterapia como procedimento terapêutico no tratamento de pessoas, no âmbito do município do Recife.",PLO 180/2022,https://publico.recife.pe.leg.br/consultas/materia/materia_mostrar_proc?cod_materia=124856,Liana Cirne,Em vigor,Lei Ordinária 19035/2023
"Lei Ordinária nº 19034, de 15/03/2023",https://publico.recife.pe.leg.br/consultas/norma_juridica/norma_juridica_mostrar_proc?cod_norma=208,"Assegura à mulher o direito à presença de acompanhante, de sua escolha, durante as consultas e exames, inclusive ginecológicos, nos
estabelecimentos públicos e privados de saúde do município de Recife.",PLO 272/2022,https://publico.recife.pe.leg.br/consultas/materia/materia_mostrar_proc?cod_materia=130916,Chico Kiko,Em vigor,Lei Ordinária 19034/2023
"Lei Ordinária nº 19033, de 15/03/2023",https://publico.recife.pe.leg.br/consultas/norma_juridica/norma_juridica_mostrar_proc?cod_norma=202,"Denomina de “Rua Waldeci Marinheiro da Silva” o logradouro situado no Bairro do Ibura, no município do Recife, e altera o nome de um trecho do referido logradouro intitulado de Rua Mimoso do Sul.",PLO 194/2022,https://publico.recife.pe.leg.br/consultas/materia/materia_mostrar_proc?cod_materia=125783,Samuel Salazar,Em vigor,Lei Ordinária 19033/2023
"Lei Ordinária nº 19032, de 15/03/2023",https://publico.recife.pe.leg.br/consultas/norma_juridica/norma_juridica_mostrar_proc?cod_norma=66,INCLUI NO CALENDÁRIO OFICIAL DE EVENTOS DO MUNICÍPIO DO RECIFE O “AGOSTO INDÍGENA”.,PLO 327/2021,https://publico.recife.pe.leg.br/consultas/materia/materia_mostrar_proc?cod_materia=113487,Dani Portela,Em vigor,Lei Ordinária 19032/2023
"Lei Ordinária nº 19031, de 15/03/2023",https://publico.recife.pe.leg.br/consultas/norma_juridica/norma_juridica_mostrar_proc?cod_norma=64,Dispõe sobre a remoção dos telefones públicos inativos e com defeitos no município do Recife e dá outras providências.,PLO 31/2022,https://publico.recife.pe.leg.br/consultas/materia/materia_mostrar_proc?cod_materia=119592,Samuel Salazar,Em vigor,Lei Ordinária 19031/2023
"Lei Ordinária nº 19030, de 15/03/2023",https://publico.recife.pe.leg.br/consultas/norma_juridica/norma_juridica_mostrar_proc?cod_norma=62,Declara de Utilidade Pública a Agência Adventista de Desenvolvimento e Recursos Assistenciais (ADRA).,PLO 387/2021,https://publico.recife.pe.leg.br/consultas/materia/materia_mostrar_proc?cod_materia=116370,Davi Muniz,Em vigor,Lei Ordinária 19030/2023
"Lei Ordinária nº 19029, de 15/03/2023",https://publico.recife.pe.leg.br/consultas/norma_juridica/norma_juridica_mostrar_proc?cod_norma=60,Inclui no Calendário Oficial de Eventos do Município do Recife o “Dia do Imigrante Africano”.,PLO 397/2021,https://publico.recife.pe.leg.br/consultas/materia/materia_mostrar_proc?cod_materia=116494,Dani Portela,Em vigor,Lei Ordinária 19029/2023
"Lei Ordinária nº 19028, de 16/02/2023",https://publico.recife.pe.leg.br/consultas/norma_juridica/norma_juridica_mostrar_proc?cod_norma=32,Autoriza o Poder Executivo a desafetar e alienar os bens imóveis que indica.,PLE 46/2022,https://publico.recife.pe.leg.br/consultas/materia/materia_mostrar_proc?cod_materia=131788,Prefeito do Recife,"Em vigor, com revogação parcial",Lei Ordinária 19028/2023
"Lei Ordinária nº 19027, de 04/01/2023",https://publico.recife.pe.leg.br/consultas/norma_juridica/norma_juridica_mostrar_proc?cod_norma=31,Dispõe sobre os Conselhos Tutelares da Cidade do Recife e estabelece outras providências.,PLE 57/2022,https://publico.recife.pe.leg.br/consultas/materia/materia_mostrar_proc?cod_materia=131972,Prefeito do Recife,"Em vigor, com revogação parcial",Lei Ordinária 19027/2023
"Lei Ordinária nº 19026, de 30/12/2022",https://publico.recife.pe.leg.br/consultas/norma_juridica/norma_juridica_mostrar_proc?cod_norma=26,Institui o Código de Limpeza Urbana e Manejo de Resíduos Sólidos Urbanos do Município do Recife e dá outras providencias,PLE 55/2022,https://publico.recife.pe.leg.br/consultas/materia/materia_mostrar_proc?cod_materia=131970,Prefeito do Recife,"Em vigor, com revogação parcial",Lei Ordinária 19026/2022
"Lei Ordinária nº 19025, de 30/12/2022",https://publico.recife.pe.leg.br/consultas/norma_juridica/norma_juridica_mostrar_proc?cod_norma=27,"Altera os requisitos para investidura e a jornada de trabalho do cargo de Auxiliar de Desenvolvimento Infantil, e dá outras providências.",PLE 52/2022,https://publico.recife.pe.leg.br/consultas/materia/materia_mostrar_proc?cod_materia=131967,Prefeito do Recife,Em vigor,Lei Ordinária 19025/2022
"Lei Ordinária nº 19024, de 30/12/2022",https://publico.recife.pe.leg.br/consultas/norma_juridica/norma_juridica_mostrar_proc?cod_norma=28,"Altera dispositivos da Lei Municipal nº 16.856, de 16 de abril de 2003, que dispõe sobre o Serviço de Transporte Complementar de Passageiros do Município do Recife-STCP/Recife.",PLE 59/2022,https://publico.recife.pe.leg.br/consultas/materia/materia_mostrar_proc?cod_materia=131974,Prefeito do Recife,Em vigor,Lei Ordinária 19024/2022
"Lei Ordinária nº 19023, de 29/12/2022",https://publico.recife.pe.leg.br/consultas/norma_juridica/norma_juridica_mostrar_proc?cod_norma=29,"Autoriza a Prefeitura da Cidade do Recife a ceder, com encargo, imóvel público de sua propriedade, situado no Município do Recife.",PLE 40/2022,https://publico.recife.pe.leg.br/consultas/materia/materia_mostrar_proc?cod_materia=131142,Prefeito do Recife,Em vigor,Lei Ordinária 19023/2022
"Lei Ordinária nº 19022, de 29/12/2022",https://publico.recife.pe.leg.br/consultas/norma_juridica/norma_juridica_mostrar_proc?cod_norma=30,"Altera a disciplina da Gratificação de Verba Honorária – GVH, modificando a Lei Municipal nº 17.626, de 4 de junho de 2010, dispõe sobre a destinação dos honorários advocatícios devidos aos Procuradores Judiciais do Município do Recife, cria o Fundo Especial dos Honorários Advocatícios, o Conselho Gestor dos Honorários Advocatícios – CGHA, e dá outras providências.",PLE 49/2022,https://publico.recife.pe.leg.br/consultas/materia/materia_mostrar_proc?cod_materia=131953,Prefeito do Recife,Em vigor,Lei Ordinária 19022/2022
"Lei Ordinária nº 19021, de 28/12/2022",https://publico.recife.pe.leg.br/consultas/norma_juridica/norma_juridica_mostrar_proc?cod_norma=34,"Promove alterações no Estatuto dos Funcionários Públicos do Município do Recife - EFPMR, constante do Anexo Único da Lei Municipal nº 14.728, de 8 de março de 1985, e dá outras providências.",PLE 53/2022,https://publico.recife.pe.leg.br/consultas/materia/materia_mostrar_proc?cod_materia=131968,Prefeito do Recife,Em vigor,Lei Ordinária 19021/2022
"Lei Ordinária nº 19020, de 28/12/2022",https://publico.recife.pe.leg.br/consultas/norma_juridica/norma_juridica_mostrar_proc?cod_norma=36,"Altera a Lei Municipal nº 16.065/95 que estabelece normas para a urbanização de logradouro, por iniciativa da comunidade.",PLE 58/2022,https://publico.recife.pe.leg.br/consultas/materia/materia_mostrar_proc?cod_materia=131973,Prefeito do Recife,Em vigor,Lei Ordinária 19020/2022
"Lei Ordinária nº 19019, de 28/12/2022",https://publico.recife.pe.leg.br/consultas/norma_juridica/norma_juridica_mostrar_proc?cod_norma=37,"Inclui, no Calendário Oficial de Eventos do Município do Recife, o Concurso “Comida di Buteco”.",PLO 109/2022,https://publico.recife.pe.leg.br/consultas/materia/materia_mostrar_proc?cod_materia=122090,Almir Fernando,Em vigor,Lei Ordinária 19019/2022
"Lei Ordinária nº 19018, de 28/12/2022",https://publico.recife.pe.leg.br/consultas/norma_juridica/norma_juridica_mostrar_proc?cod_norma=38,"Denomina “Engenheiro Antônio de Queiroz Galvão” a obra de arte caracterizada como Complexo de Viadutos localizados sobre a Rua Antônio Falcão, no Bairro Boa Viagem, Recife-PE.",PLO 297/2022,https://publico.recife.pe.leg.br/consultas/materia/materia_mostrar_proc?cod_materia=131916,Romerinho Jatobá,Em vigor,Lei Ordinária 19018/2022
"Lei Ordinária nº 19017, de 28/12/2022",https://publico.recife.pe.leg.br/consultas/norma_juridica/norma_juridica_mostrar_proc?cod_norma=39,"Altera a Lei Municipal nº 18.565/2019, de 09 de abril de 2019.",PLE 43/2022,https://publico.recife.pe.leg.br/consultas/materia/materia_mostrar_proc?cod_materia=131710,Prefeito do Recife,Em vigor,Lei Ordinária 19017/2022
"Lei Ordinária nº 19016, de 28/12/2022",https://publico.recife.pe.leg.br/consultas/norma_juridica/norma_juridica_mostrar_proc?cod_norma=40,"Promove alterações na Lei Municipal nº 17.772, de 16 de janeiro de 2012.",PLE 51/2022,https://publico.recife.pe.leg.br/consultas/materia/materia_mostrar_proc?cod_materia=131963,Prefeito do Recife,Em vigor,Lei Ordinária 19016/2022
"Lei Ordinária nº 19015, de 15/12/2022",https://publico.recife.pe.leg.br/consultas/norma_juridica/norma_juridica_mostrar_proc?cod_norma=176,"Revoga a Lei Ordinária nº 17.800, de 25 de abril de 2012, que Dispõe sobre proibição de entrada em bancos com aparelho celular.",PLO 218/2022,https://publico.recife.pe.leg.br/consultas/materia/materia_mostrar_proc?cod_materia=127473,Paulo Muniz,Em vigor,Lei Ordinária 19015/2022
"Lei Ordinária nº 19014, de 16/12/2022",https://publico.recife.pe.leg.br/consultas/norma_juridica/norma_juridica_mostrar_proc?cod_norma=179,"Cria a Bonificação por Desempenho para os agentes públicos que especifica, lotados na Estratégia de Saúde da Família e na Estratégia de Agente Comunitário de Saúde do município do Recife.",PLE 54/2022,https://publico.recife.pe.leg.br/consultas/materia/materia_mostrar_proc?cod_materia=131969,Prefeito do Recife,Em vigor,Lei Ordinária 19014/2022
"Lei Ordinária nº 19013, de 16/12/2022",https://publico.recife.pe.leg.br/consultas/norma_juridica/norma_juridica_mostrar_proc?cod_norma=181,"Cria o quadro próprio de cargos efetivos da Autarquia de Manutenção e Limpeza Urbana – EMLURB e da Autarquia de Urbanização do Recife – URB RECIFE e institui o seu respectivo Plano de Cargos, Carreiras e Vencimentos – PCCV, e dá outras providências.",PLE 48/2022,https://publico.recife.pe.leg.br/consultas/materia/materia_mostrar_proc?cod_materia=131952,Prefeito do Recife,Em vigor,Lei Ordinária 19013/2022
"Lei Ordinária nº 19012, de 16/12/2022",https://publico.recife.pe.leg.br/consultas/norma_juridica/norma_juridica_mostrar_proc?cod_norma=182,"Altera e adiciona dispositivos à Lei n.º 17.957/2013, de 23 de dezembro de 2013, e dá outras providências.",PLE 56/2022,https://publico.recife.pe.leg.br/consultas/materia/materia_mostrar_proc?cod_materia=131971,Prefeito do Recife,Em vigor,Lei Ordinária 19012/2022
"Lei Ordinária nº 19011, de 16/12/2022",https://publico.recife.pe.leg.br/consultas/norma_juridica/norma_juridica_mostrar_proc?cod_norma=183,"Autoriza o Poder Executivo a contratar operação de crédito com o Banco Nacional de Desenvolvimento Econômico e Social - BNDES, e dá outras providências.",PLE 50/2022,https://publico.recife.pe.leg.br/consultas/materia/materia_mostrar_proc?cod_materia=131962,Prefeito do Recife,Em vigor,Lei Ordinária 19011/2022
"Lei Ordinária nº 19010, de 16/12/2022",https://publico.recife.pe.leg.br/consultas/norma_juridica/norma_juridica_mostrar_proc?cod_norma=3,"Dispõe sobre a vedação do emprego de técnicas de arquitetura hostil em espaços livres de uso público, no Município de Recife - Lei Padre Júlio Lancelotti.",PLO 23/2022,https://publico.recife.pe.leg.br/consultas/materia/materia_mostrar_proc?cod_materia=119496,Liana Cirne,Em vigor,Lei Ordinária 19010/2022
"Lei Ordinária nº 19009, de 13/12/2022",https://publico.recife.pe.leg.br/consultas/norma_juridica/norma_juridica_mostrar_proc?cod_norma=185,Dispõe sobre a criação e disciplina do Programa “Porto Lilás” no âmbito da Secretaria da Mulher do Recife.,PLE 38/2022,https://publico.recife.pe.leg.br/consultas/materia/materia_mostrar_proc?cod_materia=130965,Prefeito do Recife,Em vigor,Lei Ordinária 19009/2022
"Lei Ordinária nº 19008, de 13/12/2022",https://publico.recife.pe.leg.br/consultas/norma_juridica/norma_juridica_mostrar_proc?cod_norma=1,"Institui, no Calendário Oficial de Eventos do Município do Recife, o “Dia Municipal da Solidariedade"".",PLO 188/2022,https://publico.recife.pe.leg.br/consultas/materia/materia_mostrar_proc?cod_materia=125307,Almir Fernando,"Em vigor, com revogação parcial",Lei Ordinária 19008/2022
"Lei Ordinária nº 19007, de 13/12/2022",https://publico.recife.pe.leg.br/consultas/norma_juridica/norma_juridica_mostrar_proc?cod_norma=212,Dispõe sobre a revisão do Plano Plurianual 2022-2025 do Município do Recife para o exercício de 2023.,PLE 37/2022,https://publico.recife.pe.leg.br/consultas/materia/materia_mostrar_proc?cod_materia=130783,Prefeito do Recife,Em vigor,Lei Ordinária 19007/2022
"Lei Ordinária nº 19006, de 13/12/2022",https://publico.recife.pe.leg.br/consultas/norma_juridica/norma_juridica_mostrar_proc?cod_norma=213,"Dispõe sobre Projeto de Lei Orçamentária Anual, que estima a receita e fixa a despesa do Município do Recife para o exercício de 2023.",PLE 36/2022,https://publico.recife.pe.leg.br/consultas/materia/materia_mostrar_proc?cod_materia=130782,Prefeito do Recife,Em vigor,Lei Ordinária 19006/2022
"Lei Ordinária nº 19005, de 12/12/2022",https://publico.recife.pe.leg.br/consultas/norma_juridica/norma_juridica_mostrar_proc?cod_norma=214,Institui no Calendário Oficial de Eventos do Município do Recife a “Semana Municipal de Enfrentamento à Psicofobia”.,PLO 209/2022,https://publico.recife.pe.leg.br/consultas/materia/materia_mostrar_proc?cod_materia=126842,Tadeu Calheiros,Em vigor,Lei Ordinária 19005/2022
"Lei Ordinária nº 19004, de 08/12/2022",https://publico.recife.pe.leg.br/consultas/norma_juridica/norma_juridica_mostrar_proc?cod_norma=344,"Altera a Lei Municipal nº 18.984, de 13 de setembro de 2022.",PLE 47/2022,https://publico.recife.pe.leg.br/consultas/materia/materia_mostrar_proc?cod_materia=131791,Prefeito do Recife,Em vigor,Lei Ordinária 19004/2022
"Lei Ordinária nº 19003, de 02/12/2022",https://publico.recife.pe.leg.br/consultas/norma_juridica/norma_juridica_mostrar_proc?cod_norma=346,"Altera a Lei Municipal nº 18.538, de 21 de dezembro de 2018, que trata da composição dos Núcleos de Processo Administrativo e Sindicância, e a Lei Municipal nº 18.894, de 21 de fevereiro de 2022, no que trata do adicional de plantão dos servidores em exercício na Secretaria de Saúde.",PLE 42/2022,https://publico.recife.pe.leg.br/consultas/materia/materia_mostrar_proc?cod_materia=131498,Prefeito do Recife,Em vigor,Lei Ordinária 19003/2022
"Lei Ordinária nº 19002, de 02/12/2022",https://publico.recife.pe.leg.br/consultas/norma_juridica/norma_juridica_mostrar_proc?cod_norma=348,"Promove a reabertura do ""Programa de Desligamento Voluntário - PDV"" instituído pela Lei Municipal n. 18.811, de 7 de julho de 2021.",PLE 41/2022,https://publico.recife.pe.leg.br/consultas/materia/materia_mostrar_proc?cod_materia=131483,Prefeito do Recife,Em vigor,Lei Ordinária 19002/2022
"Lei Ordinária nº 19001, de 25/11/2022",https://publico.recife.pe.leg.br/consultas/norma_juridica/norma_juridica_mostrar_proc?cod_norma=354,"Reduz temporariamente a alíquota do imposto sobre serviços de qualquer Natureza incidente sobre os sobre serviços tributáveis definidos nos subitens 12.07,12.08,12.13,12.15,17.09,17.10, do artigo 102 da lei Municipal nº 15.563, de 27 de dezembro de 1991.",PLE 44/2022,https://publico.recife.pe.leg.br/consultas/materia/materia_mostrar_proc?cod_materia=131711,Prefeito do Recife,Em vigor,Lei Ordinária 19001/2022
"Lei Ordinária nº 19000, de 25/11/2022",https://publico.recife.pe.leg.br/consultas/norma_juridica/norma_juridica_mostrar_proc?cod_norma=364,"Reduz temporariamente a alíquota do Imposto sobre Transmissão ""inter vivos"" de Bens Imóveis e de Direitos a eles Relativos -ITBI, incidente sobre as transmissões a título oneroso prevista no inciso ii do artigo 52 da Lei Municipal nº 15.563, de 27 de dezembro de 1991.",PLE 45/2022,https://publico.recife.pe.leg.br/consultas/materia/materia_mostrar_proc?cod_materia=131724,Prefeito do Recife,Em vigor,Lei Ordinária 19000/2022
"Lei Ordinária nº 18999, de 21/11/2022",https://publico.recife.pe.leg.br/consultas/norma_juridica/norma_juridica_mostrar_proc?cod_norma=362,"Institui, no Calendário Oficial de Eventos do Município do Recife, o “Dia do Turismo Criativo”.",PLO 157/2022,https://publico.recife.pe.leg.br/consultas/materia/materia_mostrar_proc?cod_materia=124272,Marco Aurélio Filho,Em vigor,Lei Ordinária 18999/2022
"Lei Ordinária nº 18998, de 16/11/2022",https://publico.recife.pe.leg.br/consultas/norma_juridica/norma_juridica_mostrar_proc?cod_norma=538,Dispõe sobre a eleição dos dirigentes das unidades da Rede Municipal de Ensino.,PLE 20/2022,https://publico.recife.pe.leg.br/consultas/materia/materia_mostrar_proc?cod_materia=127067,Prefeito do Recife,Em vigor,Lei Ordinária 18998/2022
"Lei Ordinária nº 18997, de 04/11/2022",https://publico.recife.pe.leg.br/consultas/norma_juridica/norma_juridica_mostrar_proc?cod_norma=541,"Dispõe sobre a alternância de denominação de
logradouros e prédios públicos do município do
Recife com nomes de homens e de mulheres.",PLO 112/2022,https://publico.recife.pe.leg.br/consultas/materia/materia_mostrar_proc?cod_materia=122167,Osmar Ricardo,"Em vigor, com revogação parcial",Lei Ordinária 18997/2022
"Lei Ordinária nº 18996, de 04/11/2022",https://publico.recife.pe.leg.br/consultas/norma_juridica/norma_juridica_mostrar_proc?cod_norma=1070,"Institui, no Calendário Oficial de Eventos do Município do Recife, o “Novembro Brega”, mês dedicado à valorização do Movimento Brega.",PLO 261/2022,https://publico.recife.pe.leg.br/consultas/materia/materia_mostrar_proc?cod_materia=130440,Marco Aurélio Filho,"Em vigor, com revogação parcial",Lei Ordinária 18996/2022
"Lei Ordinária nº 18995, de 04/11/2022",https://publico.recife.pe.leg.br/consultas/norma_juridica/norma_juridica_mostrar_proc?cod_norma=1077,Institui o Código de Administração Financeira do Município do Recife e dá outras providências.,PLE 39/2022,https://publico.recife.pe.leg.br/consultas/materia/materia_mostrar_proc?cod_materia=130973,Prefeito do Recife,Em vigor,Lei Ordinária 18995/2022
"Lei Ordinária nº 18994, de 04/11/2022",https://publico.recife.pe.leg.br/consultas/norma_juridica/norma_juridica_mostrar_proc?cod_norma=1082,TORNA OBRIGATÓRIA A DIVULGAÇÃO DE ALERTA SOBRE INJÚRIA RACIAL EM EVENTOS ESPORTIVOS.,PLO 324/2021,https://publico.recife.pe.leg.br/consultas/materia/materia_mostrar_proc?cod_materia=113482,Natália de Menudo,Em vigor,Lei Ordinária 18994/2022
"Lei Ordinária nº 18993, de 19/10/2022",https://publico.recife.pe.leg.br/consultas/norma_juridica/norma_juridica_mostrar_proc?cod_norma=1092,INSTITUI NO CALENDÁRIO OFICIAL DE EVENTOS DO MUNICÍPIO DO RECIFE O “DIA DO CATÓLICO”.,PLO 123/2021,https://publico.recife.pe.leg.br/consultas/materia/materia_mostrar_proc?cod_materia=105744,Felipe Alecrim,"Em vigor, com revogação parcial",Lei Ordinária 18993/2022
"Lei Ordinária nº 18992, de 19/10/2022",https://publico.recife.pe.leg.br/consultas/norma_juridica/norma_juridica_mostrar_proc?cod_norma=1097,Inclui as festividades relativas à comemoração do Ano Novo Chinês no Calendário Oficial da Cidade do Recife.,PLO 359/2021,https://publico.recife.pe.leg.br/consultas/materia/materia_mostrar_proc?cod_materia=115043,Cida Pedrosa,Em vigor,Lei Ordinária 18992/2022
"Lei Ordinária nº 18991, de 19/10/2022",https://publico.recife.pe.leg.br/consultas/norma_juridica/norma_juridica_mostrar_proc?cod_norma=1099,"Institui, no Calendário Oficial do Município do Recife, a “Semana Municipal da Cultura Suburbana”.",PLO 73/2022,https://publico.recife.pe.leg.br/consultas/materia/materia_mostrar_proc?cod_materia=121036,Natália de Menudo,Em vigor,Lei Ordinária 18991/2022
"Lei Ordinária nº 18990, de 19/10/2022",https://publico.recife.pe.leg.br/consultas/norma_juridica/norma_juridica_mostrar_proc?cod_norma=1110,"INSTITUI NO CALENDÁRIO OFICIAL DE EVENTOS DO MUNICÍPIO DO RECIFE O “MAIO ROXO”, MÊS DE CONSCIENTIZAÇÃO EM RELAÇÃO ÀS
DOENÇAS INFLAMATÓRIAS INTESTINAIS (DII).",PLO 282/2021,https://publico.recife.pe.leg.br/consultas/materia/materia_mostrar_proc?cod_materia=111984,Michele Collins,Em vigor,Lei Ordinária 18990/2022
"Lei Ordinária nº 18989, de 07/10/2022",https://publico.recife.pe.leg.br/consultas/norma_juridica/norma_juridica_mostrar_proc?cod_norma=1111,"Institui, no Calendário Oficial de Eventos do Município do Recife, o “dia da Educação Pública”.",PLO 123/2022,https://publico.recife.pe.leg.br/consultas/materia/materia_mostrar_proc?cod_materia=123103,Rinaldo Júnior,Em vigor,Lei Ordinária 18989/2022
"Lei Ordinária nº 18988, de 07/10/2022",https://publico.recife.pe.leg.br/consultas/norma_juridica/norma_juridica_mostrar_proc?cod_norma=1112,"Institui no Calendário Oficial de Eventos do Município do Recife a “Semana Municipal do Empreendedorismo""",PLO 186/2022,https://publico.recife.pe.leg.br/consultas/materia/materia_mostrar_proc?cod_materia=125214,Zé Neto,Em vigor,Lei Ordinária 18988/2022
"Lei Ordinária nº 18987, de 07/10/2022",https://publico.recife.pe.leg.br/consultas/norma_juridica/norma_juridica_mostrar_proc?cod_norma=1313,Institui no Calendário Oficial de Eventos do Município do Recife a “Semana Municipal de Prevenção ao Câncer Infantil”.,PLO 42/2022,https://publico.recife.pe.leg.br/consultas/materia/materia_mostrar_proc?cod_materia=119846,Tadeu Calheiros,Em vigor,Lei Ordinária 18987/2022
"Lei Ordinária nº 18986, de 07/10/2022",https://publico.recife.pe.leg.br/consultas/norma_juridica/norma_juridica_mostrar_proc?cod_norma=1317,"Institui, no Calendário Oficial de Eventos do Município do Recife o “Dia Municipal de Combate à LGBTFOBIA”.",PLO 81/2022,https://publico.recife.pe.leg.br/consultas/materia/materia_mostrar_proc?cod_materia=121255,Natália de Menudo,Em vigor,Lei Ordinária 18986/2022
"Lei Ordinária nº 18985, de 30/09/2022",https://publico.recife.pe.leg.br/consultas/norma_juridica/norma_juridica_mostrar_proc?cod_norma=1320,"Introduz alterações na Lei Municipal nº 18.869, de 09 de dezembro de 2021, e seu ANEXO ÚNICO.",PLE 33/2022,https://publico.recife.pe.leg.br/consultas/materia/materia_mostrar_proc?cod_materia=130341,Prefeito do Recife,Em vigor,Lei Ordinária 18985/2022
"Lei Ordinária nº 18984, de 13/09/2022",https://publico.recife.pe.leg.br/consultas/norma_juridica/norma_juridica_mostrar_proc?cod_norma=1321,"Autoriza o Poder Executivo a contratar operação de crédito externo junto ao Banco Interamericano de Desenvolvimento - BID, com a garantia da União, ao amparo do artigo 17, inciso III da Lei Complementar nº 178, de 13 de janeiro de 2021, e dá outras providências.",PLE 34/2022,https://publico.recife.pe.leg.br/consultas/materia/materia_mostrar_proc?cod_materia=130349,Prefeito do Recife,Em vigor,Lei Ordinária 18984/2022
"Lei Ordinária nº 18983, de 13/09/2022",https://publico.recife.pe.leg.br/consultas/norma_juridica/norma_juridica_mostrar_proc?cod_norma=1326,CRIA O GABINETE DE GERENCIAMENTO DO PROGRAMA DE REQUALIFICAÇÃO E RESILIÊNCIA URBANA EM ÁREAS DE VULNERABILIDADE SOCIOAMBIENTAL - PROMORAR RECIFE.,PLE 35/2022,https://publico.recife.pe.leg.br/consultas/materia/materia_mostrar_proc?cod_materia=130356,Prefeito do Recife,Em vigor,Lei Ordinária 18983/2022
"Lei Ordinária nº 18982, de 13/09/2022",https://publico.recife.pe.leg.br/consultas/norma_juridica/norma_juridica_mostrar_proc?cod_norma=1329,Considera de Utilidade Pública a Sociedade Assistencial Saravida.,PLO 221/2022,https://publico.recife.pe.leg.br/consultas/materia/materia_mostrar_proc?cod_materia=127909,Comissão Executiva,Em vigor,Lei Ordinária 18982/2022
"Lei Ordinária nº 18981, de 05/09/2022",https://publico.recife.pe.leg.br/consultas/norma_juridica/norma_juridica_mostrar_proc?cod_norma=1331,"INSTITUI O ESTATUTO DO PEDESTRE NO MUNICÍPIO DO RECIFE, E DÁ OUTRAS PROVIDÊNCIAS.",PLO 358/2017,https://publico.recife.pe.leg.br/consultas/materia/materia_mostrar_proc?cod_materia=75170,Rodrigo Coutinho,"Em vigor, com revogação parcial",Lei Ordinária 18981/2022
"Lei Ordinária nº 18980, de 31/08/2022",https://publico.recife.pe.leg.br/consultas/norma_juridica/norma_juridica_mostrar_proc?cod_norma=1332,"Institui o programa de parceria visando estimular a prática desportiva e a inclusão social junto às comunidades carentes, à  rede pública municipal de ensino e à política municipal de esporte e lazer.",PLE 21/2022,https://publico.recife.pe.leg.br/consultas/materia/materia_mostrar_proc?cod_materia=127068,Prefeito do Recife,Em vigor,Lei Ordinária 18980/2022
"Lei Ordinária nº 18979, de 31/08/2022",https://publico.recife.pe.leg.br/consultas/norma_juridica/norma_juridica_mostrar_proc?cod_norma=1334,DISPÕE SOBRE A OBRIGAÇÃO DA UTILIZAÇÃO DE LACRES INVIOLÁVEIS NAS EMBALAGENS DE ALIMENTOS ENTREGUES EM DOMICÍLIO NO MUNICÍPIO DO RECIFE.,PLO 23/2020,https://publico.recife.pe.leg.br/consultas/materia/materia_mostrar_proc?cod_materia=94398,Alcides Teixeira Neto,"Em vigor, com revogação parcial",Lei Ordinária 18979/2022
"Lei Ordinária nº 18978, de 31/08/2022",https://publico.recife.pe.leg.br/consultas/norma_juridica/norma_juridica_mostrar_proc?cod_norma=1336,DISPÕE SOBRE A OBRIGATORIEDADE DA VEICULAÇÃO DE MENSAGENS DE COMBATE À VIOLÊNCIA CONTRA A MULHER E AO ABUSO E EXPLORAÇÃO SEXUAL DE CRIANÇAS E ADOLESCENTES NOS SHOWS QUE FOREM REALIZADOS NO MUNICÍPIO DO RECIFE.,PLO 48/2021,https://publico.recife.pe.leg.br/consultas/materia/materia_mostrar_proc?cod_materia=104104,Professora Ana Lúcia,Em vigor,Lei Ordinária 18978/2022
"Lei Ordinária nº 18977, de 31/08/2022",https://publico.recife.pe.leg.br/consultas/norma_juridica/norma_juridica_mostrar_proc?cod_norma=1338,Inclui no Calendário Oficial de Eventos do Município do Recife o “Dia dos Povos Ciganos”.,PLO 371/2021,https://publico.recife.pe.leg.br/consultas/materia/materia_mostrar_proc?cod_materia=115999,Dani Portela,Em vigor,Lei Ordinária 18977/2022
"Lei Ordinária nº 18976, de 31/08/2022",https://publico.recife.pe.leg.br/consultas/norma_juridica/norma_juridica_mostrar_proc?cod_norma=1342,"Altera a Lei Municipal n° 18.212, de 15 de janeiro de 2016, que “Institui procedimentos para licenciamento, construção e instalação de postos de abastecimento de combustíveis automotivos no município do Recife.”.",PLO 245/2022,https://publico.recife.pe.leg.br/consultas/materia/materia_mostrar_proc?cod_materia=129309,Samuel Salazar,Em vigor,Lei Ordinária 18976/2022
"Lei Ordinária nº 18975, de 31/08/2022",https://publico.recife.pe.leg.br/consultas/norma_juridica/norma_juridica_mostrar_proc?cod_norma=1343,DISPÕE SOBRE O DIREITO DAS LACTANTES AMAMENTAREM SEUS FILHOS DURANTE AS ETAPAS DOS CONCURSOS E SELEÇÕES PÚBLICAS REALIZADOS PELA ADMINISTRAÇÃO PÚBLICA DIRETA E INDIRETA DO MUNICÍPIO DO RECIFE.,PLO 311/2021,https://publico.recife.pe.leg.br/consultas/materia/materia_mostrar_proc?cod_materia=112914,Doduel Varela,Em vigor,Lei Ordinária 18975/2022
"Lei Ordinária nº 18974, de 31/08/2022",https://publico.recife.pe.leg.br/consultas/norma_juridica/norma_juridica_mostrar_proc?cod_norma=1345,"Dispõe sobre incentivos às atividades de ciência, tecnologia e inovação no Recife.",PLE 26/2022,https://publico.recife.pe.leg.br/consultas/materia/materia_mostrar_proc?cod_materia=127422,Prefeito do Recife,Em vigor,Lei Ordinária 18974/2022
"Lei Ordinária nº 18973, de 28/07/2022",https://publico.recife.pe.leg.br/consultas/norma_juridica/norma_juridica_mostrar_proc?cod_norma=1347,"Revoga a Lei Ordinária nº 16.458, de 13 de janeiro de 1999, que Estabelece penalidades aos estabelecimentos que pratiquem atos de vendas ou locação de fita de programação em vídeo em desacordo com a classificação atribuída pelo órgão competente.",PLO 28/2022,https://publico.recife.pe.leg.br/consultas/materia/materia_mostrar_proc?cod_materia=119545,Paulo Muniz,Em vigor,Lei Ordinária 18973/2022
"Lei Ordinária nº 18972, de 28/07/2022",https://publico.recife.pe.leg.br/consultas/norma_juridica/norma_juridica_mostrar_proc?cod_norma=1348,"Revoga a Lei Ordinária nº 17.219, de 31 de maio de 2006, que Torna obrigatória a presença de ascensoristas no interior de elevadores em prédios comerciais e mistos do município do Recife e dá outras providências",PLO 2/2022,https://publico.recife.pe.leg.br/consultas/materia/materia_mostrar_proc?cod_materia=119415,Paulo Muniz,Em vigor,Lei Ordinária 18972/2022
"Lei Ordinária nº 18971, de 27/07/2022",https://publico.recife.pe.leg.br/consultas/norma_juridica/norma_juridica_mostrar_proc?cod_norma=1350,"Autoriza o repasse, ao Poder Executivo municipal, de parte dos recursos que compõem o Fundo Especial instituído pela Lei n.º 17.853, de 28 de dezembro de 2012.",PLO 229/2022,https://publico.recife.pe.leg.br/consultas/materia/materia_mostrar_proc?cod_materia=128166,Comissão Executiva,Em vigor,Lei Ordinária 18971/2022
"Lei Ordinária nº 18970, de 27/07/2022",https://publico.recife.pe.leg.br/consultas/norma_juridica/norma_juridica_mostrar_proc?cod_norma=1352,"Altera a Lei nº 17.997, de 25 de março de 2014, a Lei nº 17.102, de 1º de julho de 2005, a Lei nº 17.277, de 20 de dezembro de 2006, a Lei nº 17.202, de 05 de maio de 2006, e a Lei nº 17.178, de 1º de janeiro de 2006, e revoga a Lei nº 17.092, de 20 de maio de 2005, a Lei nº 17.159, de 21 de dezembro de 2005, e a Lei nº 17.522, de 31 de dezembro de 2008, e dá outras providências.",PLO 228/2022,https://publico.recife.pe.leg.br/consultas/materia/materia_mostrar_proc?cod_materia=128165,Comissão Executiva,Em vigor,Lei Ordinária 18970/2022
"Lei Ordinária nº 18969, de 26/07/2022",https://publico.recife.pe.leg.br/consultas/norma_juridica/norma_juridica_mostrar_proc?cod_norma=1362,Estabelece novo modelo de gestão dos distritos sanitários e das unidades de saúde da rede municipal de saúde e dá outras providências.,PLE 32/2022,https://publico.recife.pe.leg.br/consultas/materia/materia_mostrar_proc?cod_materia=127767,Prefeito do Recife,"Em vigor, com revogação parcial",Lei Ordinária 18969/2022
"Lei Ordinária nº 18968, de 26/07/2022",https://publico.recife.pe.leg.br/consultas/norma_juridica/norma_juridica_mostrar_proc?cod_norma=1363,Dispõe sobre a Política Municipal de Atenção Integral à População em situação de rua.,PLE 23/2022,https://publico.recife.pe.leg.br/consultas/materia/materia_mostrar_proc?cod_materia=127070,Prefeito do Recife,"Em vigor, com revogação parcial",Lei Ordinária 18968/2022
"Lei Ordinária nº 18967, de 26/07/2022",https://publico.recife.pe.leg.br/consultas/norma_juridica/norma_juridica_mostrar_proc?cod_norma=1367,Institui o Programa Bom de Morar para Locação Social no âmbito do Município do Recife e dá outras providências.,PLE 31/2022,https://publico.recife.pe.leg.br/consultas/materia/materia_mostrar_proc?cod_materia=127485,Prefeito do Recife,Em vigor,Lei Ordinária 18967/2022
"Lei Ordinária nº 18966, de 26/07/2022",https://publico.recife.pe.leg.br/consultas/norma_juridica/norma_juridica_mostrar_proc?cod_norma=1418,"Regulamenta os Instrumentos Urbanísticos do Parcelamento, Edificação e Utilização Compulsórios - PEUC e Sucedâneos, previstos na Lei Orgânica do Município do Recife e na Lei Complementar nº 02, de 23 de abril de 2021, que institui a possibilidade de utilização da Desapropriação por Hasta Pública.",PLE 28/2022,https://publico.recife.pe.leg.br/consultas/materia/materia_mostrar_proc?cod_materia=127467,Prefeito do Recife,Em vigor,Lei Ordinária 18966/2022
"Lei Ordinária nº 18965, de 26/07/2022",https://publico.recife.pe.leg.br/consultas/norma_juridica/norma_juridica_mostrar_proc?cod_norma=1432,Institui o Programa Primeiras Letras.,PLE 16/2022,https://publico.recife.pe.leg.br/consultas/materia/materia_mostrar_proc?cod_materia=126312,Prefeito do Recife,Em vigor,Lei Ordinária 18965/2022
"Lei Ordinária nº 18964, de 26/07/2022",https://publico.recife.pe.leg.br/consultas/norma_juridica/norma_juridica_mostrar_proc?cod_norma=1433,"Implementa novo modelo de gestão organizacional no âmbito da Rede Municipal de Educação, promove alterações remuneratórias, cria gratificações, extingue e cria cargos comissionados e funções gratificadas, altera dispositivos das Leis Municipais nº 18.584, de 7 de junho de 2019, 17.448, de 7 de abril de 2008, 18.894, de 21 de fevereiro de 2022, 16.520, de 20 de outubro de 1999, 15.831, de 13 de dezembro de 1993, e revoga a Lei Municipal nº 18.583, de 7 de junho de 2019.",PLE 24/2022,https://publico.recife.pe.leg.br/consultas/materia/materia_mostrar_proc?cod_materia=127071,Prefeito do Recife,Em vigor,Lei Ordinária 18964/2022
"Lei Ordinária nº 18963, de 22/07/2022",https://publico.recife.pe.leg.br/consultas/norma_juridica/norma_juridica_mostrar_proc?cod_norma=1434,Dispõe sobre a proibição de homenagens a violadores de direitos humanos no Município do Recife.,PLO 381/2021,https://publico.recife.pe.leg.br/consultas/materia/materia_mostrar_proc?cod_materia=116275,Dani Portela,"Em vigor, com revogação parcial",Lei Ordinária 18963/2022
"Lei Ordinária nº 18962, de 22/07/2022",https://publico.recife.pe.leg.br/consultas/norma_juridica/norma_juridica_mostrar_proc?cod_norma=1435,"Dispõe sobre a obrigatoriedade de bares, restaurantes, casas noturnas, casas de shows, estabelecimentos comerciais, shopping centers, cinemas e eventos culturais afixarem cartazes com informações sobre os serviços de atendimento à mulher em situação de violência de gênero.",PLE 22/2022,https://publico.recife.pe.leg.br/consultas/materia/materia_mostrar_proc?cod_materia=127069,Prefeito do Recife,Em vigor,Lei Ordinária 18962/2022
"Lei Ordinária nº 18961, de 15/07/2022",https://publico.recife.pe.leg.br/consultas/norma_juridica/norma_juridica_mostrar_proc?cod_norma=1556,"Institui, no Calendário Oficial de Eventos do Município do Recife, o “Dia Municipal da Síndrome de Down”",PLO 121/2022,https://publico.recife.pe.leg.br/consultas/materia/materia_mostrar_proc?cod_materia=123101,Alcides Cardoso,Em vigor,Lei Ordinária 18961/2022
"Lei Ordinária nº 18960, de 15/07/2022",https://publico.recife.pe.leg.br/consultas/norma_juridica/norma_juridica_mostrar_proc?cod_norma=1557,"DENOMINA “RUA CAMARÕES” A VIA PÚBLICA LOCALIZADA NO BAIRRO TORRE, NO MUNICÍPIO DO RECIFE.",PLO 290/2021,https://publico.recife.pe.leg.br/consultas/materia/materia_mostrar_proc?cod_materia=112157,Aderaldo Pinto,Em vigor,Lei Ordinária 18960/2022
"Lei Ordinária nº 18959, de 08/07/2022",https://publico.recife.pe.leg.br/consultas/norma_juridica/norma_juridica_mostrar_proc?cod_norma=1558,"Institui o Conselho Municipal de Políticas Públicas para a População de Lésbicas, Gays, Bissexuais, Travestis, Transexuais e Intersex (LGBTI+) e dá outras providências.",PLE 12/2022,https://publico.recife.pe.leg.br/consultas/materia/materia_mostrar_proc?cod_materia=124333,Prefeito do Recife,"Em vigor, com revogação parcial",Lei Ordinária 18959/2022
"Lei Ordinária nº 18958, de 08/07/2022",https://publico.recife.pe.leg.br/consultas/norma_juridica/norma_juridica_mostrar_proc?cod_norma=1559,Dispõe sobre os benefícios eventuais no âmbito da política municipal social do Município do Recife.,PLE 27/2022,https://publico.recife.pe.leg.br/consultas/materia/materia_mostrar_proc?cod_materia=127423,Prefeito do Recife,Em vigor,Lei Ordinária 18958/2022
"Lei Ordinária nº 18957, de 06/07/2022",https://publico.recife.pe.leg.br/consultas/norma_juridica/norma_juridica_mostrar_proc?cod_norma=1560,"Institui o Bônus de Desempenho Educacional - BDE, no âmbito da Rede Municipal de Ensino do Recife.",PLE 14/2022,https://publico.recife.pe.leg.br/consultas/materia/materia_mostrar_proc?cod_materia=125781,Prefeito do Recife,Em vigor,Lei Ordinária 18957/2022
"Lei Ordinária nº 18956, de 06/07/2022",https://publico.recife.pe.leg.br/consultas/norma_juridica/norma_juridica_mostrar_proc?cod_norma=1561,"Denomina de ""Upinha Padre José Edwaldo Gomes"" a Upinha localizada no bairro do Poço da Panela, no município do Recife.",PLE 17/2022,https://publico.recife.pe.leg.br/consultas/materia/materia_mostrar_proc?cod_materia=126313,Prefeito do Recife,Em vigor,Lei Ordinária 18956/2022
"Lei Ordinária nº 18955, de 04/07/2022",https://publico.recife.pe.leg.br/consultas/norma_juridica/norma_juridica_mostrar_proc?cod_norma=1573,Lei de Diretrizes Orçamentárias 2023 do Município do Recife.,PLE 13/2022,https://publico.recife.pe.leg.br/consultas/materia/materia_mostrar_proc?cod_materia=124508,Prefeito do Recife,Em vigor,Lei Ordinária 18955/2022
"Lei Ordinária nº 18954, de 29/06/2022",https://publico.recife.pe.leg.br/consultas/norma_juridica/norma_juridica_mostrar_proc?cod_norma=1574,"Dispõe sobre autorização para contratação de operação de crédito junto ao Banco de Brasília, Financiamento a infraestrutura e ao Saneamento no valor de R$ 300.000.000,00.",PLE 30/2022,https://publico.recife.pe.leg.br/consultas/materia/materia_mostrar_proc?cod_materia=127484,Prefeito do Recife,Em vigor,Lei Ordinária 18954/2022
"Lei Ordinária nº 18953, de 29/06/2022",https://publico.recife.pe.leg.br/consultas/norma_juridica/norma_juridica_mostrar_proc?cod_norma=1575,"Autoriza o Poder Executivo a contratar operação de crédito externo junto ao Banco Interamericano de Desenvolvimento - BID, com a garantia da União, ao amparo do artigo 17, inciso III da Lei Complementar nº 178, de 13 de janeiro de 2021, e dá outras providências.",PLE 29/2022,https://publico.recife.pe.leg.br/consultas/materia/materia_mostrar_proc?cod_materia=127483,Prefeito do Recife,Em vigor,Lei Ordinária 18953/2022
"Lei Ordinária nº 18952, de 29/06/2022",https://publico.recife.pe.leg.br/consultas/norma_juridica/norma_juridica_mostrar_proc?cod_norma=1576,"Reajusta a ajuda de custo percebida pelos representantes do segmento popular na Coordenação do Fórum do PREZEIS, das Comissões de Urbanização e Legalização das ZEIS e dos Grupos de Apoio de Mobilização e Fiscalização do Plano de Regularização das Zonas Especiais de Interesse Social.",PLE 25/2022,https://publico.recife.pe.leg.br/consultas/materia/materia_mostrar_proc?cod_materia=127418,Prefeito do Recife,Em vigor,Lei Ordinária 18952/2022
"Lei Ordinária nº 18951, de 29/06/2022",https://publico.recife.pe.leg.br/consultas/norma_juridica/norma_juridica_mostrar_proc?cod_norma=1578,"Dispõe sobre a periodicidade da Conferência Municipal da Mulher, conferindo nova redação ao art. 26 da Lei Municipal nº 18.566, de 9 de abril de 2019.",PLE 15/2022,https://publico.recife.pe.leg.br/consultas/materia/materia_mostrar_proc?cod_materia=125788,Prefeito do Recife,Em vigor,Lei Ordinária 18951/2022
"Lei Ordinária nº 18950, de 27/06/2022",https://publico.recife.pe.leg.br/consultas/norma_juridica/norma_juridica_mostrar_proc?cod_norma=1580,Inclui o “Dia dos Jovens Cristãos” no Calendário Oficial de Eventos do Município do Recife.,PLO 131/2022,https://publico.recife.pe.leg.br/consultas/materia/materia_mostrar_proc?cod_materia=123380,Felipe Alecrim,Em vigor,Lei Ordinária 18950/2022
"Lei Ordinária nº 18949, de 27/06/2022",https://publico.recife.pe.leg.br/consultas/norma_juridica/norma_juridica_mostrar_proc?cod_norma=1582,"Institui no calendário oficial de eventos do Município do Recife o Dia Municipal de Enfrentamento ao Lesbocídio - “Lei Luana Barbosa"", a ser celebrado no dia 13 de abril.",PLO 27/2022,https://publico.recife.pe.leg.br/consultas/materia/materia_mostrar_proc?cod_materia=119505,Liana Cirne,"Em vigor, com revogação parcial",Lei Ordinária 18949/2022
"Lei Ordinária nº 18948, de 27/06/2022",https://publico.recife.pe.leg.br/consultas/norma_juridica/norma_juridica_mostrar_proc?cod_norma=1584,"Institui, no Calendário Oficial de Eventos do Município do Recife, a “Semana dos Esportes Radicais de Ação e Aventura”.",PLO 373/2021,https://publico.recife.pe.leg.br/consultas/materia/materia_mostrar_proc?cod_materia=116116,Fabiano Ferraz,Em vigor,Lei Ordinária 18948/2022
"Lei Ordinária nº 18947, de 27/06/2022",https://publico.recife.pe.leg.br/consultas/norma_juridica/norma_juridica_mostrar_proc?cod_norma=1587,"Institui no Calendário Oficial de Eventos do Município do Recife o “Dia Municipal do Choro Luperce Miranda"".",PLO 92/2022,https://publico.recife.pe.leg.br/consultas/materia/materia_mostrar_proc?cod_materia=121515,Cida Pedrosa,Em vigor,Lei Ordinária 18947/2022
"Lei Ordinária nº 18946, de 27/06/2022",https://publico.recife.pe.leg.br/consultas/norma_juridica/norma_juridica_mostrar_proc?cod_norma=1589,"INSTITUI, NO CALENDÁRIO OFICIAL DE EVENTOS DO MUNICÍPIO DO RECIFE, O ""DIA MUNICIPAL DOS ORIENTADORES DE TRÂNSITO"".",PLO 372/2021,https://publico.recife.pe.leg.br/consultas/materia/materia_mostrar_proc?cod_materia=116000,Fabiano Ferraz,Em vigor,Lei Ordinária 18946/2022
"Lei Ordinária nº 18945, de 27/06/2022",https://publico.recife.pe.leg.br/consultas/norma_juridica/norma_juridica_mostrar_proc?cod_norma=1592,"Institui a “Semana Municipal de Prevenção, Orientação e Combate ao Retinoblastoma” no Calendário Oficial de Eventos do Município do
Recife.",PLO 48/2022,https://publico.recife.pe.leg.br/consultas/materia/materia_mostrar_proc?cod_materia=120101,Professora Ana Lúcia,Em vigor,Lei Ordinária 18945/2022
"Lei Ordinária nº 18944, de 27/06/2022",https://publico.recife.pe.leg.br/consultas/norma_juridica/norma_juridica_mostrar_proc?cod_norma=1593,Institui no Município do Recife a “Semana da Favela”.,PLO 368/2021,https://publico.recife.pe.leg.br/consultas/materia/materia_mostrar_proc?cod_materia=115798,Eriberto Rafael,Em vigor,Lei Ordinária 18944/2022
"Lei Ordinária nº 18943, de 27/06/2022",https://publico.recife.pe.leg.br/consultas/norma_juridica/norma_juridica_mostrar_proc?cod_norma=1594,Considera a Feira de Arte e Artesanato de Boa Viagem Patrimônio Turístico e Cultural do Município do Recife.,PLO 358/2021,https://publico.recife.pe.leg.br/consultas/materia/materia_mostrar_proc?cod_materia=114909,Marco Aurélio Filho,Em vigor,Lei Ordinária 18943/2022
"Lei Ordinária nº 18942, de 20/06/2022",https://publico.recife.pe.leg.br/consultas/norma_juridica/norma_juridica_mostrar_proc?cod_norma=1598,"DENOMINA “CAMPO DO BUEIRÃO MAURICIO ANTÔNIO DE ASSIS” O CAMPO DE VÁRZEA SITUADO NO BAIRRO TORRE, MUNICÍPIO DO RECIFE.",PLO 195/2021,https://publico.recife.pe.leg.br/consultas/materia/materia_mostrar_proc?cod_materia=107920,Aderaldo Pinto,Em vigor,Lei Ordinária 18942/2022
"Lei Ordinária nº 18941, de 20/06/2022",https://publico.recife.pe.leg.br/consultas/norma_juridica/norma_juridica_mostrar_proc?cod_norma=1601,INSTITUI NO CALENDÁRIO OFICIAL DE EVENTOS DO MUNICÍPIO DO RECIFE O “DIA MUNICIPAL DA CIRANDA”.,PLO 337/2021,https://publico.recife.pe.leg.br/consultas/materia/materia_mostrar_proc?cod_materia=113909,Cida Pedrosa,Em vigor,Lei Ordinária 18941/2022
"Lei Ordinária nº 18940, de 20/06/2022",https://publico.recife.pe.leg.br/consultas/norma_juridica/norma_juridica_mostrar_proc?cod_norma=1603,"Denomina “Kauê José de Lima Santana Vital” a Academia Recife a ser inaugurada na Avenida Hildebrando de Vasconcelos, no Bairro Dois Unidos, município do Recife.",PLO 404/2021,https://publico.recife.pe.leg.br/consultas/materia/materia_mostrar_proc?cod_materia=117164,Samuel Salazar,Em vigor,Lei Ordinária 18940/2022
"Lei Ordinária nº 18939, de 20/06/2022",https://publico.recife.pe.leg.br/consultas/norma_juridica/norma_juridica_mostrar_proc?cod_norma=1604,"Institui, no Calendário Oficial de Eventos do Município do Recife, o “Dia do Capoeirista”.",PLO 64/2022,https://publico.recife.pe.leg.br/consultas/materia/materia_mostrar_proc?cod_materia=120767,Alcides Cardoso,Em vigor,Lei Ordinária 18939/2022
"Lei Ordinária nº 18938, de 17/06/2022",https://publico.recife.pe.leg.br/consultas/norma_juridica/norma_juridica_mostrar_proc?cod_norma=1612,"Dispõe sobre o plantio, podas, supressões e respectivas compensações no âmbito do município do Recife, visando a proteção de espécies arbóreas, isenta a taxa ambiental das podas de árvores e dá outras providências.",PLE 11/2022,https://publico.recife.pe.leg.br/consultas/materia/materia_mostrar_proc?cod_materia=124109,Prefeito do Recife,Em vigor,Lei Ordinária 18938/2022
"Lei Ordinária nº 18937, de 08/06/2022",https://publico.recife.pe.leg.br/consultas/norma_juridica/norma_juridica_mostrar_proc?cod_norma=1614,"Institui, no Calendário Oficial de Eventos do Município do Recife, a “Semana Municipal do Assistente Social”.",PLO 75/2022,https://publico.recife.pe.leg.br/consultas/materia/materia_mostrar_proc?cod_materia=121039,Rinaldo Júnior,Em vigor,Lei Ordinária 18937/2022
"Lei Ordinária nº 18936, de 08/06/2022",https://publico.recife.pe.leg.br/consultas/norma_juridica/norma_juridica_mostrar_proc?cod_norma=1616,Disciplina o Benefício de Auxílio-Moradia no âmbito do Município do Recife.,PLE 19/2022,https://publico.recife.pe.leg.br/consultas/materia/materia_mostrar_proc?cod_materia=126644,Prefeito do Recife,Em vigor,Lei Ordinária 18936/2022
"Lei Ordinária nº 18935, de 08/06/2022",https://publico.recife.pe.leg.br/consultas/norma_juridica/norma_juridica_mostrar_proc?cod_norma=1618,"Cria e disciplina a concessão do Auxílio Municipal Emergencial – AME, destinado às famílias que tiveram seus imóveis atingidos, com danos materiais relevantes, inclusive com a perda de mobiliários, utensílios domésticos e de uso pessoal, decorrentes dos efeitos do fenômeno climático “Ondas de Leste”, que resultou na situação de emergência declarada pelo Decreto Municipal nº 35.669, de 28/05/22.",PLE 18/2022,https://publico.recife.pe.leg.br/consultas/materia/materia_mostrar_proc?cod_materia=126643,Prefeito do Recife,Em vigor,Lei Ordinária 18935/2022
"Lei Ordinária nº 18934, de 07/06/2022",https://publico.recife.pe.leg.br/consultas/norma_juridica/norma_juridica_mostrar_proc?cod_norma=1620,Insere no Calendário Oficial de Eventos do Município de Recife o Dia Municipal em Memória às Vítimas do Holocausto.,PLO 82/2022,https://publico.recife.pe.leg.br/consultas/materia/materia_mostrar_proc?cod_materia=121259,Alcides Cardoso,Em vigor,Lei Ordinária 18934/2022
"Lei Ordinária nº 18933, de 07/06/2022",https://publico.recife.pe.leg.br/consultas/norma_juridica/norma_juridica_mostrar_proc?cod_norma=1621,"Denomina “Avenida Arlindo dos 8 (oito) Baixos” a Avenida paralela à Avenida Hildebrando de Vasconcelos, próxima ao Rio Beberibe, Bairro Dois Unidos, no município do Recife.",PLO 414/2021,https://publico.recife.pe.leg.br/consultas/materia/materia_mostrar_proc?cod_materia=117659,Samuel Salazar,Em vigor,Lei Ordinária 18933/2022
"Lei Ordinária nº 18932, de 30/05/2022",https://publico.recife.pe.leg.br/consultas/norma_juridica/norma_juridica_mostrar_proc?cod_norma=1673,"Dispõe sobre a inclusão no calendário de eventos da cidade do Recife, o Dia Municipal do Conservadorismo.",PLO 413/2021,https://publico.recife.pe.leg.br/consultas/materia/materia_mostrar_proc?cod_materia=117330,Pastor Júnior Tércio,Em vigor,Lei Ordinária 18932/2022
"Lei Ordinária nº 18931, de 23/05/2022",https://publico.recife.pe.leg.br/consultas/norma_juridica/norma_juridica_mostrar_proc?cod_norma=1674,"Institui, no Calendário Oficial de Eventos do Município do Recife, o “Dia em Memória às Vítimas de Feminicídio Recifenses''.",PLO 398/2021,https://publico.recife.pe.leg.br/consultas/materia/materia_mostrar_proc?cod_materia=116496,Dani Portela,Em vigor,Lei Ordinária 18931/2022
"Lei Ordinária nº 18930, de 20/05/2022",https://publico.recife.pe.leg.br/consultas/norma_juridica/norma_juridica_mostrar_proc?cod_norma=1675,Institui no Calendário Oficial de Eventos do Município do Recife a “Semana de Conscientização sobre a Síndrome de Rett”.,PLO 402/2021,https://publico.recife.pe.leg.br/consultas/materia/materia_mostrar_proc?cod_materia=116509,Prof Mirinho,Em vigor,Lei Ordinária 18930/2022
"Lei Ordinária nº 18929, de 20/05/2022",https://publico.recife.pe.leg.br/consultas/norma_juridica/norma_juridica_mostrar_proc?cod_norma=1676,"Institui no âmbito do Município do Recife o “Dia Municipal do Programa Mãos que Ajudam"".",PLO 406/2021,https://publico.recife.pe.leg.br/consultas/materia/materia_mostrar_proc?cod_materia=117166,Prof Mirinho,Em vigor,Lei Ordinária 18929/2022
"Lei Ordinária nº 18928, de 20/05/2022",https://publico.recife.pe.leg.br/consultas/norma_juridica/norma_juridica_mostrar_proc?cod_norma=1677,Institui no Calendário Oficial de Eventos do Município do Recife o “Dia Municipal da Família Acolhedora”.,PLO 54/2022,https://publico.recife.pe.leg.br/consultas/materia/materia_mostrar_proc?cod_materia=120269,Almir Fernando,Em vigor,Lei Ordinária 18928/2022
"Lei Ordinária nº 18927, de 13/05/2022",https://publico.recife.pe.leg.br/consultas/norma_juridica/norma_juridica_mostrar_proc?cod_norma=1678,"Denomina “Ponte Carlos Eduardo Cadoca” a próxima ponte a ser inaugurada sobre o Rio Morno, no município do Recife.",PLO 407/2021,https://publico.recife.pe.leg.br/consultas/materia/materia_mostrar_proc?cod_materia=117252,Samuel Salazar,Em vigor,Lei Ordinária 18927/2022
"Lei Ordinária nº 18926, de 13/05/2022",https://publico.recife.pe.leg.br/consultas/norma_juridica/norma_juridica_mostrar_proc?cod_norma=1680,"Inclui no Calendário Oficial de Eventos do Município do Recife, o ""Dia Júlia Santiago de Enfrentamento à Violência Política conta as Mulheres"".",PLO 62/2021,https://publico.recife.pe.leg.br/consultas/materia/materia_mostrar_proc?cod_materia=104363,Dani Portela,"Em vigor, com revogação parcial",Lei Ordinária 18926/2022
"Lei Ordinária nº 18925, de 13/05/2022",https://publico.recife.pe.leg.br/consultas/norma_juridica/norma_juridica_mostrar_proc?cod_norma=1681,"Altera a Lei nº 17.973, de 10 de janeiro de 2014.",PLE 9/2022,https://publico.recife.pe.leg.br/consultas/materia/materia_mostrar_proc?cod_materia=123100,Prefeito do Recife,Em vigor,Lei Ordinária 18925/2022
"Lei Ordinária nº 18924, de 13/05/2022",https://publico.recife.pe.leg.br/consultas/norma_juridica/norma_juridica_mostrar_proc?cod_norma=1682,"Revoga a Lei Ordinária nº 17.217, de 31 de maio de 2006, que dispõe sobre a obrigatoriedade para que todos os cartões telefônicos disponíveis para venda na cidade do Recife apresentem o seu valor de comercialização impresso em sua face.",PLO 3/2022,https://publico.recife.pe.leg.br/consultas/materia/materia_mostrar_proc?cod_materia=119417,Paulo Muniz,Em vigor,Lei Ordinária 18924/2022
"Lei Ordinária nº 18923, de 11/05/2022",https://publico.recife.pe.leg.br/consultas/norma_juridica/norma_juridica_mostrar_proc?cod_norma=1694,"Institui no Calendário Oficial de Eventos do Município do Recife, a “Semana pela Vida”.",PLO 401/2021,https://publico.recife.pe.leg.br/consultas/materia/materia_mostrar_proc?cod_materia=116499,Felipe Alecrim,"Em vigor, com revogação parcial",Lei Ordinária 18923/2022
"Lei Ordinária nº 18922, de 11/05/2022",https://publico.recife.pe.leg.br/consultas/norma_juridica/norma_juridica_mostrar_proc?cod_norma=1697,"Denomina ""Praça Maria da Conceição de Barros "" a praça localizada no Bairro de Água Fria, município do Recife.",PLO 353/2021,https://publico.recife.pe.leg.br/consultas/materia/materia_mostrar_proc?cod_materia=114402,Rinaldo Júnior,Em vigor,Lei Ordinária 18922/2022
"Lei Ordinária nº 18921, de 11/05/2022",https://publico.recife.pe.leg.br/consultas/norma_juridica/norma_juridica_mostrar_proc?cod_norma=1699,"Revoga a Lei Ordinária nº 14.207, de 27 de outubro de 1980, que Disciplina o horário de funcionamento das indústrias de panificação e dá outras providências.",PLO 1/2022,https://publico.recife.pe.leg.br/consultas/materia/materia_mostrar_proc?cod_materia=119414,Paulo Muniz,Em vigor,Lei Ordinária 18921/2022
"Lei Ordinária nº 18920, de 11/05/2022",https://publico.recife.pe.leg.br/consultas/norma_juridica/norma_juridica_mostrar_proc?cod_norma=1701,"Declara a Rádio Frei Caneca, Patrimônio Cultural Imaterial do Município do Recife.",PLO 418/2021,https://publico.recife.pe.leg.br/consultas/materia/materia_mostrar_proc?cod_materia=117832,Marco Aurélio Filho,Em vigor,Lei Ordinária 18920/2022
"Lei Ordinária nº 18919, de 02/05/2022",https://publico.recife.pe.leg.br/consultas/norma_juridica/norma_juridica_mostrar_proc?cod_norma=1705,"Denominar-se-á Parque da Esperança, o espaço de antes destinado como centro de treinamento do Santa Cruz Futebol Clube, a ser inaugurado na Cidade do Recife, localizado na Rua Canavial, n° 98, Dois Unidos, Recife - PE, CEP: 52140-030.",PLO 416/2021,https://publico.recife.pe.leg.br/consultas/materia/materia_mostrar_proc?cod_materia=117661,Romerinho Jatobá,Em vigor,Lei Ordinária 18919/2022
"Lei Ordinária nº 18918, de 02/05/2022",https://publico.recife.pe.leg.br/consultas/norma_juridica/norma_juridica_mostrar_proc?cod_norma=1712,"INSTITUI, NO CALENDÁRIO OFICIAL DE EVENTOS DO MUNICÍPIO DO RECIFE, O “DIA MUNICIPAL DE COMBATE À FOME”.",PLO 334/2021,https://publico.recife.pe.leg.br/consultas/materia/materia_mostrar_proc?cod_materia=113795,Rinaldo Júnior,Em vigor,Lei Ordinária 18918/2022
"Lei Ordinária nº 18917, de 22/04/2022",https://publico.recife.pe.leg.br/consultas/norma_juridica/norma_juridica_mostrar_proc?cod_norma=1713,INSTITUI A OBRIGATORIEDADE DE INCLUSÃO DE MENSAGENS E CONTEÚDOS DE ENFRENTAMENTO AO ASSÉDIO E IMPORTUNAÇÃO SEXUAL PELOS PATROCINADORES DA INICIATIVA PRIVADA NAS PEÇAS PUBLICITÁRIAS DOS CICLOS FESTIVOS DO RECIFE E DEMAIS EVENTOS FESTIVOS DE GRANDE PORTE.,PLO 58/2021,https://publico.recife.pe.leg.br/consultas/materia/materia_mostrar_proc?cod_materia=104356,Cida Pedrosa,Em vigor,Lei Ordinária 18917/2022
"Lei Ordinária nº 18916, de 22/04/2022",https://publico.recife.pe.leg.br/consultas/norma_juridica/norma_juridica_mostrar_proc?cod_norma=1714,"OBRIGA TODOS OS PET SHOPS, NO MUNICÍPIO DO RECIFE, A AFIXAR EM LOCAL VISÍVEL O COMPROVANTE DE CAPACITAÇÃO PROFISSIONAL DE SEUS TOSADORES E BANHISTAS.",PLO 216/2021,https://publico.recife.pe.leg.br/consultas/materia/materia_mostrar_proc?cod_materia=108677,Andreza Romero,Em vigor,Lei Ordinária 18916/2022
"Lei Ordinária nº 18915, de 22/04/2022",https://publico.recife.pe.leg.br/consultas/norma_juridica/norma_juridica_mostrar_proc?cod_norma=1715,INSTITUI NO CALENDÁRIO OFICIAL MUNICÍPIO DO RECIFE O “DIA MUNICIPAL DO FUTEBOL DE VÁRZEA.,PLO 323/2021,https://publico.recife.pe.leg.br/consultas/materia/materia_mostrar_proc?cod_materia=113479,Almir Fernando,Em vigor,Lei Ordinária 18915/2022
"Lei Ordinária nº 18914, de 22/04/2022",https://publico.recife.pe.leg.br/consultas/norma_juridica/norma_juridica_mostrar_proc?cod_norma=1716,INSTITUI NO MUNICÍPIO DO RECIFE A “SEMANA MUNICIPAL DE CONSCIENTIZAÇÃO SOBRE MUDANÇAS CLIMÁTICAS”.,PLO 319/2021,https://publico.recife.pe.leg.br/consultas/materia/materia_mostrar_proc?cod_materia=113030,Professora Ana Lúcia,Em vigor,Lei Ordinária 18914/2022
"Lei Ordinária nº 18913, de 22/04/2022",https://publico.recife.pe.leg.br/consultas/norma_juridica/norma_juridica_mostrar_proc?cod_norma=1717,INSTITUI NO CALENDÁRIO OFICIAL DE EVENTOS DO MUNICÍPIO DO RECIFE O “DIA MUNICIPAL DO PATINADOR”.,PLO 73/2021,https://publico.recife.pe.leg.br/consultas/materia/materia_mostrar_proc?cod_materia=104596,Almir Fernando,Em vigor,Lei Ordinária 18913/2022
"Lei Ordinária nº 18912, de 18/04/2022",https://publico.recife.pe.leg.br/consultas/norma_juridica/norma_juridica_mostrar_proc?cod_norma=1718,"Confere nova redação ao art. 10 da Lei Municipal nº 18.122, de 6 de março de 2015.",PLE 8/2022,https://publico.recife.pe.leg.br/consultas/materia/materia_mostrar_proc?cod_materia=122113,Prefeito do Recife,Em vigor,Lei Ordinária 18912/2022
"Lei Ordinária nº 18911, de 18/04/2022",https://publico.recife.pe.leg.br/consultas/norma_juridica/norma_juridica_mostrar_proc?cod_norma=1719,DISPÕE SOBRE A PROIBIÇÃO DO CONFINAMENTO DE ANIMAIS NO MUNICÍPIO DO RECIFE.,PLO 160/2021,https://publico.recife.pe.leg.br/consultas/materia/materia_mostrar_proc?cod_materia=106785,Andreza Romero,Em vigor,Lei Ordinária 18911/2022
"Lei Ordinária nº 18910, de 18/04/2022",https://publico.recife.pe.leg.br/consultas/norma_juridica/norma_juridica_mostrar_proc?cod_norma=1720,DECLARA PATRIMÔNIO CULTURAL IMATERIAL DO MUNICÍPIO DO RECIFE O RITMO MUSICAL FORRÓ.,PLO 4/2021,https://publico.recife.pe.leg.br/consultas/materia/materia_mostrar_proc?cod_materia=102730,Almir Fernando,Em vigor,Lei Ordinária 18910/2022
"Lei Ordinária nº 18909, de 08/04/2022",https://publico.recife.pe.leg.br/consultas/norma_juridica/norma_juridica_mostrar_proc?cod_norma=1721,"Promove alterações na Lei Municipal nº 18.894, de 21 de fevereiro e 2022, cria cargos efetivos e dispõe sobre a remuneração dos servidores públicos que indica.",PLE 10/2022,https://publico.recife.pe.leg.br/consultas/materia/materia_mostrar_proc?cod_materia=123146,Prefeito do Recife,Em vigor,Lei Ordinária 18909/2022
"Lei Ordinária nº 18908, de 06/04/2022",https://publico.recife.pe.leg.br/consultas/norma_juridica/norma_juridica_mostrar_proc?cod_norma=1722,"Institui e disciplina o Auxílio Municipal denominado ""Cria Esperança"", destinado a beneficiar órfãos e órfãs vítimas do feminicídio.",PLE 7/2022,https://publico.recife.pe.leg.br/consultas/materia/materia_mostrar_proc?cod_materia=121974,Prefeito do Recife,"Em vigor, com revogação parcial",Lei Ordinária 18908/2022
"Lei Ordinária nº 18907, de 01/04/2022",https://publico.recife.pe.leg.br/consultas/norma_juridica/norma_juridica_mostrar_proc?cod_norma=1723,INSTITUI A OBRIGATORIEDADE DOS CLUBES DE FUTEBOL SEDIADOS NO MUNICÍPIO DO RECIFE PROMOVEREM FORMAÇÃO EM DIREITOS HUMANOS AOS ATLETAS DE SUAS CATEGORIAS DE BASE.,PLO 248/2021,https://publico.recife.pe.leg.br/consultas/materia/materia_mostrar_proc?cod_materia=109979,Cida Pedrosa,Em vigor,Lei Ordinária 18907/2022
"Lei Ordinária nº 18906, de 01/04/2022",https://publico.recife.pe.leg.br/consultas/norma_juridica/norma_juridica_mostrar_proc?cod_norma=1724,"INSTITUI, NO CALENDÁRIO OFICIAL DE EVENTOS DO MUNICÍPIO DO RECIFE, A “SEMANA DA POESIA POPULAR”.",PLO 250/2021,https://publico.recife.pe.leg.br/consultas/materia/materia_mostrar_proc?cod_materia=109985,Andreza Romero,Em vigor,Lei Ordinária 18906/2022
"Lei Ordinária nº 18905, de 01/04/2022",https://publico.recife.pe.leg.br/consultas/norma_juridica/norma_juridica_mostrar_proc?cod_norma=1725,DISPÕE SOBRE A OBRIGATORIEDADE DA PRESTAÇÃO DE SOCORRO AOS ANIMAIS ATROPELADOS NAS VIAS PÚBLICAS DO MUNICÍPIO DO RECIFE E DÁ OUTRAS PROVIDÊNCIAS.,PLO 159/2021,https://publico.recife.pe.leg.br/consultas/materia/materia_mostrar_proc?cod_materia=106784,Andreza Romero,Em vigor,Lei Ordinária 18905/2022
"Lei Ordinária nº 18904, de 01/04/2022",https://publico.recife.pe.leg.br/consultas/norma_juridica/norma_juridica_mostrar_proc?cod_norma=1726,"INCLUI NO CALENDÁRIO OFICIAL DE EVENTOS DO MUNICÍPIO DO RECIFE O “DIA DO SOCIOLÓGO”, A SER COMEMORADO, ANUALMENTE, EM 10 DE DEZEMBRO.",PLO 329/2021,https://publico.recife.pe.leg.br/consultas/materia/materia_mostrar_proc?cod_materia=113558,Dani Portela,Em vigor,Lei Ordinária 18904/2022
"Lei Ordinária nº 18903, de 01/04/2022",https://publico.recife.pe.leg.br/consultas/norma_juridica/norma_juridica_mostrar_proc?cod_norma=1727,Dispõe sobre o reajuste da remuneração dos servidores do Poder Legislativo Municipal e dá outras providências.,PLO 120/2022,https://publico.recife.pe.leg.br/consultas/materia/materia_mostrar_proc?cod_materia=123021,Comissão Executiva,Em vigor,Lei Ordinária 18903/2022
"Lei Ordinária nº 18902, de 29/03/2022",https://publico.recife.pe.leg.br/consultas/norma_juridica/norma_juridica_mostrar_proc?cod_norma=1728,"Dispõe sobre o auxílio Municipal Emergencial - AME Carnaval do Recife 2022, destinado à Concessão de benefício financeiro aos comerciantes informais e catadores de materiais recicláveis que atuaram nos polos centralizado e descentralizados do carnaval do Recife em 2020 e preencham os demais requisitos previstos nesta Lei, diante da impossibilidade de realização de eventos carnavalescos em 2022.",PLE 6/2022,https://publico.recife.pe.leg.br/consultas/materia/materia_mostrar_proc?cod_materia=121474,Prefeito do Recife,Em vigor,Lei Ordinária 18902/2022
"Lei Ordinária nº 18901, de 23/03/2022",https://publico.recife.pe.leg.br/consultas/norma_juridica/norma_juridica_mostrar_proc?cod_norma=1729,"Estabelece as normas e procedimentos que regulamentam a aplicação do instrumento Urbanístico da Transferência do Direito de Construir - TDC, previsto na Lei Orgânica do Município do Recife e na Lei Complementar n° 02, de 23 de abril de 2021, que institui o Plano Diretor do Município do Recife.",PLE 3/2022,https://publico.recife.pe.leg.br/consultas/materia/materia_mostrar_proc?cod_materia=119959,Prefeito do Recife,Em vigor,Lei Ordinária 18901/2022
"Lei Ordinária nº 18900, de 23/03/2022",https://publico.recife.pe.leg.br/consultas/norma_juridica/norma_juridica_mostrar_proc?cod_norma=1730,"Regulamenta o Instrumento Urbanistico da Outorga Onerosa do Direito de Construir - OODC, previsto no Art. 98, VI e 15 a 123 da Lei Complementar n° 02 de 23 de abril de 2021, que institui o Plano Diretor do Município do Recife.",PLE 2/2022,https://publico.recife.pe.leg.br/consultas/materia/materia_mostrar_proc?cod_materia=119958,Prefeito do Recife,Em vigor,Lei Ordinária 18900/2022
"Lei Ordinária nº 18899, de 21/03/2022",https://publico.recife.pe.leg.br/consultas/norma_juridica/norma_juridica_mostrar_proc?cod_norma=1731,"Denomina ""Praça do Sebo Liêdo Maranhão"" a praça situada na Rua da Roda, Bairro Santo Antônio, no município do Recife.",PLO 362/2021,https://publico.recife.pe.leg.br/consultas/materia/materia_mostrar_proc?cod_materia=115046,Samuel Salazar,Em vigor,Lei Ordinária 18899/2022
"Lei Ordinária nº 18898, de 11/03/2022",https://publico.recife.pe.leg.br/consultas/norma_juridica/norma_juridica_mostrar_proc?cod_norma=1732,"Altera o art. 7º da Lei Municipal nº 16.729, de 27 de dezembro de 2001, e o artigo 51 da Lei Municipal nº 17.108, de 27 de julho de 2005, disciplinando o funcionamento dos órgãos colegiados da entidade gestora do Regime Próprio de Previdência Social do Município do Recife.",PLE 5/2022,https://publico.recife.pe.leg.br/consultas/materia/materia_mostrar_proc?cod_materia=120341,Prefeito do Recife,Em vigor,Lei Ordinária 18898/2022
"Lei Ordinária nº 18897, de 09/03/2022",https://publico.recife.pe.leg.br/consultas/norma_juridica/norma_juridica_mostrar_proc?cod_norma=1733,"ALTERA A LEI Nº 17.610, DE 30 DE MARÇO DE 2010, QUE CRIA A UNIDADE DE CONSERVAÇÃO DA PAISAGEM PARQUE DA JAQUEIRA, NO MUNICÍPIO DO RECIFE, PARA DENOMINÁ-LA “UNIDADE DE CONSERVAÇÃO DA PAISAGEM (UCP) PARQUE DA JAQUEIRA GOVERNADOR JOAQUIM FRANCISCO”.",PLO 272/2021,https://publico.recife.pe.leg.br/consultas/materia/materia_mostrar_proc?cod_materia=111055,Alcides Cardoso,Em vigor,Lei Ordinária 18897/2022
"Lei Ordinária nº 18896, de 09/03/2022",https://publico.recife.pe.leg.br/consultas/norma_juridica/norma_juridica_mostrar_proc?cod_norma=1734,Institui a obrigatoriedade dos estabelecimentos de ensino da Rede Particular situados no município do Recife disponibilizarem cardápio especial adequado às necessidades dietéticas de alunos portadores de alergia alimentar e dá outras providências.,PLO 1/2020,https://publico.recife.pe.leg.br/consultas/materia/materia_mostrar_proc?cod_materia=93801,Samuel Salazar,Em vigor,Lei Ordinária 18896/2022
"Lei Ordinária nº 18895, de 21/02/2022",https://publico.recife.pe.leg.br/consultas/norma_juridica/norma_juridica_mostrar_proc?cod_norma=1735,"Institui o Plano AMA Carnaval, destinado à concessão de premiação para agremiações, atrações artísticas diversas e outros participantes da cadeia produtiva cultural que atuaram no Carnaval do Recife nos anos de 2019 e/ou 2020 e que preencheram os demais requisitos previstos nesta Lei, em virtude da impossibilidade de realização de eventos carnavalescos em 2022, por força da permanência da pandemia",PLE 1/2022,https://publico.recife.pe.leg.br/consultas/materia/materia_mostrar_proc?cod_materia=119577,Prefeito do Recife,Em vigor,Lei Ordinária 18895/2022
"Lei Ordinária nº 18894, de 21/02/2022",https://publico.recife.pe.leg.br/consultas/norma_juridica/norma_juridica_mostrar_proc?cod_norma=1736,Dispõe sobre a remuneração dos servidores e empregados públicos que indica e dá outras providências.,PLE 4/2022,https://publico.recife.pe.leg.br/consultas/materia/materia_mostrar_proc?cod_materia=120034,Prefeito do Recife,Em vigor,Lei Ordinária 18894/2022
"Lei Ordinária nº 18893, de 12/01/2022",https://publico.recife.pe.leg.br/consultas/norma_juridica/norma_juridica_mostrar_proc?cod_norma=1737,"DECLARA DE UTILIDADE PÚBLICA, NO ÂMBITO DO MUNICÍPIO DO RECIFE, A ACADEMIA PERNAMBUCANA DE QUÍMICA (APQ).",PLO 289/2021,https://publico.recife.pe.leg.br/consultas/materia/materia_mostrar_proc?cod_materia=112155,Zé Neto,"Em vigor, com revogação parcial",Lei Ordinária 18893/2022
"Lei Ordinária nº 18892, de 05/01/2022",https://publico.recife.pe.leg.br/consultas/norma_juridica/norma_juridica_mostrar_proc?cod_norma=1738,"INSTITUI NO CALENDÁRIO OFICIAL DE EVENTOS DO MUNICÍPIO DO RECIFE A “SEMANA MUNICIPAL DA
CONSCIENTIZAÇÃO DOS CUIDADOS PALIATIVOS”.",PLO 333/2021,https://publico.recife.pe.leg.br/consultas/materia/materia_mostrar_proc?cod_materia=113713,Tadeu Calheiros,Em vigor,Lei Ordinária 18892/2022
"Lei Ordinária nº 18891, de 05/01/2022",https://publico.recife.pe.leg.br/consultas/norma_juridica/norma_juridica_mostrar_proc?cod_norma=1739,"VEDA A NOMEAÇÃO PARA CARGOS EM COMISSÃO DE PESSOAS QUE TENHAM SIDO CONDENADAS PELAS LEIS FEDERAIS Nº 11.340, DE 7 DE AGOSTO DE 2006 (LEI MARIA DA PENHA) E Nº 13.104, DE 9 DE MARÇO DE 2015 (LEI DO FEMINICÍDIO), NO ÂMBITO DO MUNICÍPIO DO RECIFE.",PLO 219/2021,https://publico.recife.pe.leg.br/consultas/materia/materia_mostrar_proc?cod_materia=108851,Doduel Varela,Em vigor,Lei Ordinária 18891/2022
"Lei Ordinária nº 18890, de 05/01/2022",https://publico.recife.pe.leg.br/consultas/norma_juridica/norma_juridica_mostrar_proc?cod_norma=1740,"Dispõe sobre a administração e o funcionamento dos mercados públicos e seus anexos, pátios de feira, feiras livres, praças de alimentação e outros equipamentos diversos de promoção de comércio popular do Município do Recife.",PLE 43/2021,https://publico.recife.pe.leg.br/consultas/materia/materia_mostrar_proc?cod_materia=116479,Prefeito do Recife,Em vigor,Lei Ordinária 18890/2022
"Lei Ordinária nº 18889, de 05/01/2022",https://publico.recife.pe.leg.br/consultas/norma_juridica/norma_juridica_mostrar_proc?cod_norma=1741,Declara a música gospel como Patrimônio Cultural Imaterial do Município do Recife.,PLO 363/2021,https://publico.recife.pe.leg.br/consultas/materia/materia_mostrar_proc?cod_materia=115316,Pastor Júnior Tércio,Em vigor,Lei Ordinária 18889/2022
"Lei Ordinária nº 18888, de 04/01/2022",https://publico.recife.pe.leg.br/consultas/norma_juridica/norma_juridica_mostrar_proc?cod_norma=1742,DENOMINAR-SE-Á “PRAÇA DA PALESTINA” A PRAÇA SITUADA NA CONFLUÊNCIA DA RUA ANA CAMELO DA SILVA E DA RUA JOSÉ ADERVAL CHAVES NO BAIRRO DE BOA VIAGEM NO MUNICÍPIO DO RECIFE.,PLO 330/2019,https://publico.recife.pe.leg.br/consultas/materia/materia_mostrar_proc?cod_materia=93785,"Jayme Asfora,                            Ivan Moraes",Em vigor,Lei Ordinária 18888/2022
"Lei Ordinária nº 18887, de 29/12/2021",https://publico.recife.pe.leg.br/consultas/norma_juridica/norma_juridica_mostrar_proc?cod_norma=887,"Define a Política Municipal de Mobilidade Urbana, institui o Plano de Mobilidade Urbana do Recife, e dá outras providências.",PLE 42/2021,https://publico.recife.pe.leg.br/consultas/materia/materia_mostrar_proc?cod_materia=116480,Prefeito do Recife,Em vigor,Lei Ordinária 18887/2021
"Lei Ordinária nº 18886, de 29/12/2021",https://publico.recife.pe.leg.br/consultas/norma_juridica/norma_juridica_mostrar_proc?cod_norma=886,Dispõe sobre normas de veiculação de anúncios e seu ordenamento no espaço urbano do município do Recife. Revoga as Leis Municipais nº 17.215/2006 e nº 17.521/2008.,PLE 44/2021,https://publico.recife.pe.leg.br/consultas/materia/materia_mostrar_proc?cod_materia=116481,Prefeito do Recife,Em vigor,Lei Ordinária 18886/2021
"Lei Ordinária nº 18885, de 28/12/2021",https://publico.recife.pe.leg.br/consultas/norma_juridica/norma_juridica_mostrar_proc?cod_norma=885,"Altera a Redação da Lei Municipal Nº 17.105, de 15 de julho de 2005, que rege o Conselho Municipal de Política Cultural.",PLE 40/2021,https://publico.recife.pe.leg.br/consultas/materia/materia_mostrar_proc?cod_materia=116269,Prefeito do Recife,Em vigor,Lei Ordinária 18885/2021
"Lei Ordinária nº 18884, de 28/12/2021",https://publico.recife.pe.leg.br/consultas/norma_juridica/norma_juridica_mostrar_proc?cod_norma=884,"DENOMINAR-SE-Á “VIA PARQUE LÚCIA MOURA” A VIA PARQUE QUE SERÁ CONSTRUÍDA NO BAIRRO DAS GRAÇAS, MUNICÍPIO DO RECIFE.",PLO 114/2021,https://publico.recife.pe.leg.br/consultas/materia/materia_mostrar_proc?cod_materia=105695,"Ivan Moraes,                            Cida Pedrosa",Em vigor,Lei Ordinária 18884/2021
"Lei Ordinária nº 18883, de 27/12/2021",https://publico.recife.pe.leg.br/consultas/norma_juridica/norma_juridica_mostrar_proc?cod_norma=883,"Altera a redação do artigo 7º, da Lei nº 17.537, de 16 de janeiro de 2009, e do artigo 11, da Lei nº 18.528, 21 de novembro de 2018, dispondo sobre a idade veicular dos veículos utilizados para a prestação do serviço de táxi e do transporte remunerado privado individual de passageiros – TRPIP, no município do Recife, modo excepcional e temporário.",PLE 50/2021,https://publico.recife.pe.leg.br/consultas/materia/materia_mostrar_proc?cod_materia=116475,Prefeito do Recife,Em vigor,Lei Ordinária 18883/2021
"Lei Ordinária nº 18882, de 21/12/2021",https://publico.recife.pe.leg.br/consultas/norma_juridica/norma_juridica_mostrar_proc?cod_norma=882,"INSTITUI NO CALENDÁRIO OFICIAL DE EVENTOS DO MUNICÍPIO DO RECIFE O “AGOSTO DOURADO”, MÊS 
DEDICADO À LUTA PELO INCENTIVO À AMAMENTAÇÃO.",PLO 276/2021,https://publico.recife.pe.leg.br/consultas/materia/materia_mostrar_proc?cod_materia=111550,Comissão de Defesa dos Direitos da Mulher,Em vigor,Lei Ordinária 18882/2021
"Lei Ordinária nº 18881, de 20/12/2021",https://publico.recife.pe.leg.br/consultas/norma_juridica/norma_juridica_mostrar_proc?cod_norma=881,Dispõe sobre a alteração de denominações dos cargos integrantes do Quadro de Pessoal do Poder Legislativo Municipal e dá outras providências,PLO 440/2021,https://publico.recife.pe.leg.br/consultas/materia/materia_mostrar_proc?cod_materia=118938,Comissão Executiva,Em vigor,Lei Ordinária 18881/2021
"Lei Ordinária nº 18880, de 17/12/2021",https://publico.recife.pe.leg.br/consultas/norma_juridica/norma_juridica_mostrar_proc?cod_norma=1067,INSTITUI NO CALENDÁRIO OFICIAL DE EVENTOS DO MUNICÍPIO DO RECIFE A “SEMANA MUNICIPAL DE LUTA DA POPULAÇÃO EM SITUAÇÃO DE RUA.,PLO 257/2021,https://publico.recife.pe.leg.br/consultas/materia/materia_mostrar_proc?cod_materia=110322,Zé Neto,Em vigor,Lei Ordinária 18880/2021
"Lei Ordinária nº 18879, de 17/12/2021",https://publico.recife.pe.leg.br/consultas/norma_juridica/norma_juridica_mostrar_proc?cod_norma=1066,INSTITUI A “SEMANA EDUCAR PELA IGUALDADE RACIAL”,PLO 121/2021,https://publico.recife.pe.leg.br/consultas/materia/materia_mostrar_proc?cod_materia=105708,Osmar Ricardo,Em vigor,Lei Ordinária 18879/2021
"Lei Ordinária nº 18878, de 17/12/2021",https://publico.recife.pe.leg.br/consultas/norma_juridica/norma_juridica_mostrar_proc?cod_norma=880,Estima a receita e fixa a despesa do Município do Recife para o exercício de 2022.,PLE 35/2021,https://publico.recife.pe.leg.br/consultas/materia/materia_mostrar_proc?cod_materia=114267,Prefeito do Recife,Em vigor,Lei Ordinária 18878/2021
"Lei Ordinária nº 18877, de 17/12/2021",https://publico.recife.pe.leg.br/consultas/norma_juridica/norma_juridica_mostrar_proc?cod_norma=879,INSTITUI O PLANO PLURIANUAL DO MUNICÍPIO DO RECIFE PARA O PERÍODO DE 2022 A 2025.,PLE 34/2021,https://publico.recife.pe.leg.br/consultas/materia/materia_mostrar_proc?cod_materia=114262,Prefeito do Recife,Em vigor,Lei Ordinária 18877/2021
"Lei Ordinária nº 18876, de 17/12/2021",https://publico.recife.pe.leg.br/consultas/norma_juridica/norma_juridica_mostrar_proc?cod_norma=878,"Autoriza o repasse, ao Poder Executivo municipal, de parte dos recursos que compõem o Fundo Especial instituído pela Lei n.º 17.853, de 28 de dezembro de 2012, e d os recursos duodecimais recebidos e não utilizados pelo Poder Legislativo municipal no exercício financeiro de 2021.",PLO 425/2021,https://publico.recife.pe.leg.br/consultas/materia/materia_mostrar_proc?cod_materia=118217,Comissão Executiva,Em vigor,Lei Ordinária 18876/2021
"Lei Ordinária nº 18875, de 15/12/2021",https://publico.recife.pe.leg.br/consultas/norma_juridica/norma_juridica_mostrar_proc?cod_norma=877,"Projeto de Lei referente a operação de crédito, por meio da linha de financiamento da CAIXA ECONÔMICA FEDERAL ( CAIXA), no âmbito do programa nacional de Apoio à Gestão Administrativa e Fiscal dos Municípios Brasileiros-PNAFM",PLE 46/2021,https://publico.recife.pe.leg.br/consultas/materia/materia_mostrar_proc?cod_materia=116483,Prefeito do Recife,Em vigor,Lei Ordinária 18875/2021
"Lei Ordinária nº 18874, de 09/12/2021",https://publico.recife.pe.leg.br/consultas/norma_juridica/norma_juridica_mostrar_proc?cod_norma=321,CONSIDERA PATRIMÔNIO CULTURAL IMATERIAL DO RECIFE A“PARADA DA DIVERSIDADE DE PERNAMBUCO”.,PLO 20/2021,https://publico.recife.pe.leg.br/consultas/materia/materia_mostrar_proc?cod_materia=103173,Hélio Guabiraba,Em vigor,Lei Ordinária 18874/2021
"Lei Ordinária nº 18873, de 13/12/2021",https://publico.recife.pe.leg.br/consultas/norma_juridica/norma_juridica_mostrar_proc?cod_norma=876,"Institui, no Calendário Oficial de Eventos do Município do Recife, o “Dia da Fundação do Mercado Público de Casa Amarela”.",PLO 361/2021,https://publico.recife.pe.leg.br/consultas/materia/materia_mostrar_proc?cod_materia=115045,Marco Aurélio Filho,Em vigor,Lei Ordinária 18873/2021
"Lei Ordinária nº 18872, de 10/12/2021",https://publico.recife.pe.leg.br/consultas/norma_juridica/norma_juridica_mostrar_proc?cod_norma=875,"Autoriza ao Poder Executivo a contratar operações de crédito com o BRANCO DO BRASIL S.A, e dá outras providências.",PLE 49/2021,https://publico.recife.pe.leg.br/consultas/materia/materia_mostrar_proc?cod_materia=116476,Prefeito do Recife,Em vigor,Lei Ordinária 18872/2021
"Lei Ordinária nº 18871, de 09/12/2021",https://publico.recife.pe.leg.br/consultas/norma_juridica/norma_juridica_mostrar_proc?cod_norma=874,"Dispõe sobre o plano de incentivos a projetos habitacionais populares de interesse social, vinculado ao Programa Federal ""Casa Verde e Amarela"" - Recursos do Fundo de Arrendamento Residencial - FAR e Fundo de Desenvolvimento Social - FDS, que autoriza o executivo a doar áreas de propriedade do município; institui isenção de tributos para operações vinculadas ao Programa Federal ""Casa Verde e Amarela"", nas condições especificadas, e dá outras providências.",PLE 38/2021,https://publico.recife.pe.leg.br/consultas/materia/materia_mostrar_proc?cod_materia=115250,Prefeito do Recife,Em vigor,Lei Ordinária 18871/2021
"Lei Ordinária nº 18870, de 09/12/2021",https://publico.recife.pe.leg.br/consultas/norma_juridica/norma_juridica_mostrar_proc?cod_norma=873,"Altera o art. 1º da Lei Municipal nº 18.291, de 30 de dezembro de 2016, que dispõe sobre a adequação da estrutura da Administração Direta e Indireta do Município do Recife às novas diretrizes administrativas, e dá outras providências.",PLE 51/2021,https://publico.recife.pe.leg.br/consultas/materia/materia_mostrar_proc?cod_materia=116474,Prefeito do Recife,Em vigor,Lei Ordinária 18870/2021
"Lei Ordinária nº 18869, de 09/12/2021",https://publico.recife.pe.leg.br/consultas/norma_juridica/norma_juridica_mostrar_proc?cod_norma=872,"Institui o RECENTRO: Plano de incentivos fiscais para atividades econômicas, moradias para fins de interesse social, construções ou intervenções destinadas à recuperação, renovação, reparo ou manutenção de imóveis situados no sítio histórico dos Bairros do Recife, Santo Antônio e São José nas condições especificadas, e dá outras providências.",PLE 47/2021,https://publico.recife.pe.leg.br/consultas/materia/materia_mostrar_proc?cod_materia=116484,Prefeito do Recife,Em vigor,Lei Ordinária 18869/2021
"Lei Ordinária nº 18868, de 09/12/2021",https://publico.recife.pe.leg.br/consultas/norma_juridica/norma_juridica_mostrar_proc?cod_norma=871,"Prorroga o prazo para adesão ao ""Programa de Desligamento Voluntário - PDV"" dos empregados públicos da Administração Indireta do Município do Recife, instituído pela Lei Municipal nº 18.811, de 7 de julho de 2021.",PLE 45/2021,https://publico.recife.pe.leg.br/consultas/materia/materia_mostrar_proc?cod_materia=116482,Prefeito do Recife,Em vigor,Lei Ordinária 18868/2021
"Lei Ordinária nº 18867, de 09/12/2021",https://publico.recife.pe.leg.br/consultas/norma_juridica/norma_juridica_mostrar_proc?cod_norma=870,"Altera a Lei Municipal nº 17.244, de 27 de julho de 2006 e dá outras providências.",PLE 41/2021,https://publico.recife.pe.leg.br/consultas/materia/materia_mostrar_proc?cod_materia=116478,Prefeito do Recife,Em vigor,Lei Ordinária 18867/2021
"Lei Ordinária nº 18866, de 09/12/2021",https://publico.recife.pe.leg.br/consultas/norma_juridica/norma_juridica_mostrar_proc?cod_norma=869,"Altera a Lei Municipal nº 16.639/2001, de 16 de abril de 2001, que dispõe sobre a utilização de programas e sistemas de computador abertos  pela Prefeitura da Cidade do Recife.",PLE 48/2021,https://publico.recife.pe.leg.br/consultas/materia/materia_mostrar_proc?cod_materia=116477,Prefeito do Recife,Em vigor,Lei Ordinária 18866/2021
"Lei Ordinária nº 18865, de 02/12/2021",https://publico.recife.pe.leg.br/consultas/norma_juridica/norma_juridica_mostrar_proc?cod_norma=1064,"PROÍBE A COMERCIALIZAÇÃO, NO ÂMBITO DO MUNICÍPIO DO RECIFE, DE DISPOSITIVOS ORTODÔNTICOS  E DEMAIS PRODUTOS ODONTOLÓGICOS POR VENDEDORES AMBULANTES E POR QUEM NÃO DETENHA A AUTORIZAÇÃO LEGAL PARA TANTO.",PLO 208/2021,https://publico.recife.pe.leg.br/consultas/materia/materia_mostrar_proc?cod_materia=108562,Tadeu Calheiros,Em vigor,Lei Ordinária 18865/2021
"Lei Ordinária nº 18864, de 02/12/2021",https://publico.recife.pe.leg.br/consultas/norma_juridica/norma_juridica_mostrar_proc?cod_norma=868,"Estabelece novos procedimentos relativos ao licenciamento sanitário, no âmbito do município do Recife.",PLE 37/2021,https://publico.recife.pe.leg.br/consultas/materia/materia_mostrar_proc?cod_materia=115047,Prefeito do Recife,Em vigor,Lei Ordinária 18864/2021
"Lei Ordinária nº 18863, de 29/11/2021",https://publico.recife.pe.leg.br/consultas/norma_juridica/norma_juridica_mostrar_proc?cod_norma=867,"INSTITUI A POLÍTICA MUNICIPAL DE HABITAÇÃO DE INTERESSE SOCIAL – PMHIS, DISPÕE SOBRE O SISTEMA MUNICIPAL DE HABITAÇÃO DE INTERESSE SOCIAL – SIMHIS, E INSTITUI ELEMENTOS PARA ELABORAÇÃO DO PLANO LOCAL DE HABITAÇÃO DE INTERESSE SOCIAL – PLHIS DO MUNICÍPIO DO RECIFE.",PLE 31/2021,https://publico.recife.pe.leg.br/consultas/materia/materia_mostrar_proc?cod_materia=114191,Prefeito do Recife,Em vigor,Lei Ordinária 18863/2021
"Lei Ordinária nº 18862, de 29/11/2021",https://publico.recife.pe.leg.br/consultas/norma_juridica/norma_juridica_mostrar_proc?cod_norma=866,"ALTERA A LEI MUNICIPAL Nº 18.348, DE 21 DE JUNHO DE 2017, A QUAL OBRIGA A INSTALAÇÃO DE RECIPIENTES COM ÁLCOOL GEL ANTI-SÉPTICO, NOS ESTABELECIMENTOS QUE MENCIONA E DÁ OUTRAS  PROVIDÊNCIAS, A FIM DE DETERMINAR QUE OS ESTABELECIMENTOS PRIVADOS ONDE SEJA UTILIZADA IDENTIFICAÇÃO BIOMÉTRICA DISPONIBILIZEM RECIPIENTE COM ÁLCOOL GEL ANTISSÉPTICO NAS   PROXIMIDADES DESSE EQUIPAMENTO",PLO 103/2021,https://publico.recife.pe.leg.br/consultas/materia/materia_mostrar_proc?cod_materia=105525,Fabiano Ferraz,Em vigor,Lei Ordinária 18862/2021
"Lei Ordinária nº 18861, de 29/11/2021",https://publico.recife.pe.leg.br/consultas/norma_juridica/norma_juridica_mostrar_proc?cod_norma=865,INSTITUI NO CALENDÁRIO OFICIAL DE EVENTOS DO MUNICÍPIO DO RECIFE O “DIA MUNICIPAL DA FAVELA”.,PLO 301/2021,https://publico.recife.pe.leg.br/consultas/materia/materia_mostrar_proc?cod_materia=112514,Cida Pedrosa,Em vigor,Lei Ordinária 18861/2021
"Lei Ordinária nº 18860, de 23/11/2021",https://publico.recife.pe.leg.br/consultas/norma_juridica/norma_juridica_mostrar_proc?cod_norma=317,INCLUI O “DIA DA VISIBILIDADE LÉSBICA” NO CALENDÁRIO OFICIAL DE EVENTOS DO MUNICÍPIO DO RECIFE.,PLO 24/2021,https://publico.recife.pe.leg.br/consultas/materia/materia_mostrar_proc?cod_materia=103230,Ivan Moraes,Em vigor,Lei Ordinária 18860/2021
"Lei Ordinária nº 18859, de 18/11/2021",https://publico.recife.pe.leg.br/consultas/norma_juridica/norma_juridica_mostrar_proc?cod_norma=864,Autoriza o Poder Executivo a desafetar e alienar os bens imóveis que indica.,PLE 39/2021,https://publico.recife.pe.leg.br/consultas/materia/materia_mostrar_proc?cod_materia=115252,Prefeito do Recife,Em vigor,Lei Ordinária 18859/2021
"Lei Ordinária nº 18858, de 18/11/2021",https://publico.recife.pe.leg.br/consultas/norma_juridica/norma_juridica_mostrar_proc?cod_norma=863,"DISPÕE SOBRE A INSTALAÇÃO DE PISO ANTIDERRAPANTE EM ÁREAS MOLHADAS NOS BANHEIROS    PÚBLICOS E PRIVADOS DE USO COLETIVO, NO MUNICÍPIO DO RECIFE.",PLO 163/2021,https://publico.recife.pe.leg.br/consultas/materia/materia_mostrar_proc?cod_materia=107041,Aderaldo Pinto,Em vigor,Lei Ordinária 18858/2021
"Lei Ordinária nº 18857, de 22/10/2021",https://publico.recife.pe.leg.br/consultas/norma_juridica/norma_juridica_mostrar_proc?cod_norma=1063,"INSTITUI NO CALENDÁRIO OFICIAL DE EVENTOS DO MUNICÍPIO DO RECIFE O “SETEMBRO AMARELO”, MÊS DE PREVENÇÃO AO SUICÍDIO.",PLO 145/2020,https://publico.recife.pe.leg.br/consultas/materia/materia_mostrar_proc?cod_materia=98603,Michele Collins,Em vigor,Lei Ordinária 18857/2021
"Lei Ordinária nº 18856, de 22/10/2021",https://publico.recife.pe.leg.br/consultas/norma_juridica/norma_juridica_mostrar_proc?cod_norma=1062,INCLUI NO CALENDÁRIO OFICIAL DE EVENTOS DO MUNICÍPIO DO RECIFE O “DIA DOS VETERANOS DA POLÍCIA MILITAR DO ESTADO DE PERNAMBUCO’’,PLO 101/2021,https://publico.recife.pe.leg.br/consultas/materia/materia_mostrar_proc?cod_materia=105368,Dilson Batista,Em vigor,Lei Ordinária 18856/2021
"Lei Ordinária nº 18855, de 22/10/2021",https://publico.recife.pe.leg.br/consultas/norma_juridica/norma_juridica_mostrar_proc?cod_norma=862,AUTORIZA O PODER EXECUTIVO A FILIAR O MUNICÍPIO DO RECIFE NA CONFEDERAÇÃO NACIONAL DE MUNICÍPIOS - CNM E A CONTRIBUIR FINANCEIRAMENTE COM A REFERIDA ENTIDADE.,PLE 30/2021,https://publico.recife.pe.leg.br/consultas/materia/materia_mostrar_proc?cod_materia=113905,Prefeito do Recife,Em vigor,Lei Ordinária 18855/2021
"Lei Ordinária nº 18854, de 22/10/2021",https://publico.recife.pe.leg.br/consultas/norma_juridica/norma_juridica_mostrar_proc?cod_norma=861,"INSTITUI ISENÇÃO DE TRIBUTOS PARA OPERAÇÕES VINCULADAS AO PROGRAMA A CASA É SUA, VISANDO IMPLEMENTAR A REGULARIZAÇÃO FUNDIÁRIA DE INTERESSE SOCIAL DE IMÓVEIS LOCALIZADOS NO MUNICÍPIO DO RECIFE.",PLE 33/2021,https://publico.recife.pe.leg.br/consultas/materia/materia_mostrar_proc?cod_materia=114194,Prefeito do Recife,Em vigor,Lei Ordinária 18854/2021
"Lei Ordinária nº 18853, de 22/10/2021",https://publico.recife.pe.leg.br/consultas/norma_juridica/norma_juridica_mostrar_proc?cod_norma=860,"AUTORIZA O PODER EXECUTIVO A CONCEDER ISENÇÃO, REMISSÃO E A ANISTIA DO IMPOSTO SOBRE A PROPRIEDADE TERRITORIAL URBANA (IPTU), DA TAXA DE LIMPEZA PÚBLICA (TLP) E DA TAXA DE COLETA, REMOÇÃO E DESTINAÇÃO DE RESÍDUOS SÓLIDOS DOMICILIARES (TRSD), INCIDENTES SOBRE IMÓVEIS, LOCALIZADOS NO MUNICÍPIO DO RECIFE, VINCULADOS AOS PROGRAMAS FEDERAIS DE HABITACIONAIS POPULARES DE INTERESSE SOCIAL.",PLE 32/2021,https://publico.recife.pe.leg.br/consultas/materia/materia_mostrar_proc?cod_materia=114192,Prefeito do Recife,Em vigor,Lei Ordinária 18853/2021
"Lei Ordinária nº 18852, de 20/10/2021",https://publico.recife.pe.leg.br/consultas/norma_juridica/norma_juridica_mostrar_proc?cod_norma=859,"DENOMINA “JOSÉ TORQUATO SANTIAGO” A PRAÇA SITUADA NA CONFLUÊNCIA DA PISTA LOCAL DA AGAMENON MAGALHÃES, DO Nº 4098 ATÉ O 13º BATALHÃO DA POLÍCIA MILITAR, NO MUNICÍPIO DO RECIFE.",PLO 19/2020,https://publico.recife.pe.leg.br/consultas/materia/materia_mostrar_proc?cod_materia=94349,Luiz Eustáquio,Em vigor,Lei Ordinária 18852/2021
"Lei Ordinária nº 18851, de 18/10/2021",https://publico.recife.pe.leg.br/consultas/norma_juridica/norma_juridica_mostrar_proc?cod_norma=1060,"Altera a Lei Municipal nº 17.142, de 2 de dezembro de 2005, que reestrutura o Regime Próprio de Previdência Social do Município do Recife.",PLE 36/2021,https://publico.recife.pe.leg.br/consultas/materia/materia_mostrar_proc?cod_materia=114387,Prefeito do Recife,Em vigor,Lei Ordinária 18851/2021
"Lei Ordinária nº 18850, de 13/10/2021",https://publico.recife.pe.leg.br/consultas/norma_juridica/norma_juridica_mostrar_proc?cod_norma=1059,INSTITUI A POLÍTICA MUNICIPAL DE CULTURA DE PAZ E JUSTIÇA RESTAURATIVA DO RECIFE.,PLE 9/2021,https://publico.recife.pe.leg.br/consultas/materia/materia_mostrar_proc?cod_materia=104842,Prefeito do Recife,Em vigor,Lei Ordinária 18850/2021
"Lei Ordinária nº 18849, de 13/10/2021",https://publico.recife.pe.leg.br/consultas/norma_juridica/norma_juridica_mostrar_proc?cod_norma=1057,"INSTITUI A “SEMANA DE EDUCAÇÃO, CONSCIENTIZAÇÃO E ORIENTAÇÃO SOBRE FISSURA LABIOPALATINA” NO CALENDÁRIO OFICIAL DE EVENTOS DO MUNICÍPIO DO RECIFE.",PLO 207/2021,https://publico.recife.pe.leg.br/consultas/materia/materia_mostrar_proc?cod_materia=108561,Professora Ana Lúcia,Em vigor,Lei Ordinária 18849/2021
"Lei Ordinária nº 18848, de 13/10/2021",https://publico.recife.pe.leg.br/consultas/norma_juridica/norma_juridica_mostrar_proc?cod_norma=858,"ALTERA A LEI MUNICIPAL Nº 18.668, DE 5 DE DEZEMBRO DE 2019, QUE ESTABELECE NORMAS BÁSICAS DE SEGURANÇA PARA A EXPLORAÇÃO DO SERVIÇO DE ENTRETENIMENTO DE KART AMADOR NO MUNICÍPIO DO RECIFE.",PLO 323/2019,https://publico.recife.pe.leg.br/consultas/materia/materia_mostrar_proc?cod_materia=93689,Professora Ana Lúcia,Em vigor,Lei Ordinária 18848/2021
"Lei Ordinária nº 18847, de 13/10/2021",https://publico.recife.pe.leg.br/consultas/norma_juridica/norma_juridica_mostrar_proc?cod_norma=857,"DENOMINA DE ""PRAÇA DAS AZEITONAS"" A PRAÇA LOCALIZADA NA COMUNIDADE DE NOVA MORADA, NO BAIRRO DA CAXANGÁ.",PLO 133/2021,https://publico.recife.pe.leg.br/consultas/materia/materia_mostrar_proc?cod_materia=106179,Hélio Guabiraba,Em vigor,Lei Ordinária 18847/2021
"Lei Ordinária nº 18846, de 06/10/2021",https://publico.recife.pe.leg.br/consultas/norma_juridica/norma_juridica_mostrar_proc?cod_norma=1056,"CRIA AUXÍLIO SOCIAL DESTINADO AOS OCUPANTES DE ÁREAS PÚBLICAS DESALOJADOS DE SUAS MORADIAS, PARA FINS DE EXECUÇÃO DE OBRAS PÚBLICAS E DÁ OUTRAS PROVIDÊNCIAS.",PLE 27/2021,https://publico.recife.pe.leg.br/consultas/materia/materia_mostrar_proc?cod_materia=111769,Prefeito do Recife,Em vigor,Lei Ordinária 18846/2021
"Lei Ordinária nº 18845, de 06/10/2021",https://publico.recife.pe.leg.br/consultas/norma_juridica/norma_juridica_mostrar_proc?cod_norma=856,VEDA QUALQUER DISCRIMINAÇÃO À CRIANÇA E AO ADOLESCENTE COM DEFICIÊNCIA OU DOENÇA CRÔNICA NOS ESTABELECIMENTOS DE ENSINO DA REDE PARTICULAR SITUADOS NO MUNICÍPIO DO RECIFE.,PLO 174/2020,https://publico.recife.pe.leg.br/consultas/materia/materia_mostrar_proc?cod_materia=100889,Samuel Salazar,Em vigor,Lei Ordinária 18845/2021
"Lei Ordinária nº 18844, de 28/09/2021",https://publico.recife.pe.leg.br/consultas/norma_juridica/norma_juridica_mostrar_proc?cod_norma=855,DISPÕE SOBRE OS PROCEDIMENTOS RELACIONADOS À HUMANIZAÇÃO DO LUTO MATERNO E PARENTAL NAS INSTITUIÇÕES DE SAÚDE DO MUNICÍPIO DO RECIFE.,PLO 44/2021,https://publico.recife.pe.leg.br/consultas/materia/materia_mostrar_proc?cod_materia=103998,Samuel Salazar,Em vigor,Lei Ordinária 18844/2021
"Lei Ordinária nº 18843, de 28/09/2021",https://publico.recife.pe.leg.br/consultas/norma_juridica/norma_juridica_mostrar_proc?cod_norma=854,"DENOMINA “CENTRO DE ESPORTES E LAZER LUIZ ALBACORA” A QUADRA ESPORTIVA, A PISTA DE COOPER E A PRAÇA LOCALIZADAS NA AV. AGAMENON MAGALHÃES, NAS PROXIMIDADES DO Nº 191 ATÉ A RUA NOVA LONDRINA, NO BAIRRO SANTO AMARO.",PLO 148/2020,https://publico.recife.pe.leg.br/consultas/materia/materia_mostrar_proc?cod_materia=98610,Luiz Eustáquio,Em vigor,Lei Ordinária 18843/2021
"Lei Ordinária nº 18842, de 28/09/2021",https://publico.recife.pe.leg.br/consultas/norma_juridica/norma_juridica_mostrar_proc?cod_norma=853,"ADICIONA O INCISO XIII AO ART. 6º DA LEI MUNICIPAL Nº 18.212, DE15 DE JANEIRO DE 2016,    QUE INSTITUI PROCEDIMENTOS PARA LICENCIAMENTO, CONSTRUÇÃO E INSTALAÇÃO DE POSTOS DE  ABASTECIMENTO DE COMBUSTÍVEIS AUTOMOTIVOS NO MUNICÍPIO DO RECIFE E ALTERA A LEI Nº 16.786, DE 22 DE JULHO DE 2002.",PLO 168/2021,https://publico.recife.pe.leg.br/consultas/materia/materia_mostrar_proc?cod_materia=107130,Aderaldo Pinto,Em vigor,Lei Ordinária 18842/2021
"Lei Ordinária nº 18841, de 28/09/2021",https://publico.recife.pe.leg.br/consultas/norma_juridica/norma_juridica_mostrar_proc?cod_norma=852,DENOMINA “LIVREIRO TARCÍSIO PEREIRA” A BIBLIOTECA A SER INAUGURADA NO PRÓXIMO CENTRO COMUNITÁRIO DA PAZ (COMPAZ) NO MUNICÍPIO DO RECIFE.,PLO 54/2021,https://publico.recife.pe.leg.br/consultas/materia/materia_mostrar_proc?cod_materia=104167,Cida Pedrosa,Em vigor,Lei Ordinária 18841/2021
"Lei Ordinária nº 18840, de 25/09/2021",https://publico.recife.pe.leg.br/consultas/norma_juridica/norma_juridica_mostrar_proc?cod_norma=851,"INSTITUI, NO CALENDÁRIO OFICIAL DE EVENTOS DO MUNICÍPIO DO RECIFE, A “SEMANA DE CONSCIENTIZAÇÃO, PREVENÇÃO, DIAGNOSE E COMBATE AO BULLYING E AO CYBERBULLYING ESCOLAR”.",PLO 144/2021,https://publico.recife.pe.leg.br/consultas/materia/materia_mostrar_proc?cod_materia=106397,Doduel Varela,Em vigor,Lei Ordinária 18840/2021
"Lei Ordinária nº 18839, de 24/09/2021",https://publico.recife.pe.leg.br/consultas/norma_juridica/norma_juridica_mostrar_proc?cod_norma=850,AUTORIZA O PODER EXECUTIVO A PROCEDER À CESSÃO DE IMÓVEL INTEGRANTE DE SEU PATRIMÔNIO AO PODER EXECUTIVO DO ESTADO DE PERNAMBUCO.,PLE 26/2021,https://publico.recife.pe.leg.br/consultas/materia/materia_mostrar_proc?cod_materia=111304,Prefeito do Recife,Em vigor,Lei Ordinária 18839/2021
"Lei Ordinária nº 18838, de 24/09/2021",https://publico.recife.pe.leg.br/consultas/norma_juridica/norma_juridica_mostrar_proc?cod_norma=849,"Institui no Calendário Oficial de Eventos do Município do Recife o “Dia Municipal do Advogado Previdenciário""",PLO 5/2021,https://publico.recife.pe.leg.br/consultas/materia/materia_mostrar_proc?cod_materia=102731,Almir Fernando,Em vigor,Lei Ordinária 18838/2021
"Lei Ordinária nº 18837, de 20/09/2021",https://publico.recife.pe.leg.br/consultas/norma_juridica/norma_juridica_mostrar_proc?cod_norma=313,DENOMINA “DESEMBARGADOR ITAMAR PEREIRA” A PRÓXIMA RUA A SER CONSTRUÍDA NO MUNICÍPIO DO RECIFE.,PLO 161/2020,https://publico.recife.pe.leg.br/consultas/materia/materia_mostrar_proc?cod_materia=99689,Eriberto Rafael,Em vigor,Lei Ordinária 18837/2021
"Lei Ordinária nº 18836, de 20/09/2021",https://publico.recife.pe.leg.br/consultas/norma_juridica/norma_juridica_mostrar_proc?cod_norma=750,"INSTITUI O PROGRAMA DE PARCELAMENTO INCENTIVADO (PPI), NO MUNICÍPIO DO RECIFE.",PLE 29/2021,https://publico.recife.pe.leg.br/consultas/materia/materia_mostrar_proc?cod_materia=113124,Prefeito do Recife,Em vigor,Lei Ordinária 18836/2021
"Lei Ordinária nº 18835, de 20/09/2021",https://publico.recife.pe.leg.br/consultas/norma_juridica/norma_juridica_mostrar_proc?cod_norma=749,"ALTERA A LEI MUNICIPAL Nº 18.352, DE 19 DE JULHO DE 2017, E A LEI MUNICIPAL Nº 18.676, DE 27 DE DEZEMBRO DE 2019, PREVENDO O MEIO ELETRÔNICO DE NOTIFICAÇÃO E TRAMITAÇÃO PROCESSUAL E DETALHANDO AS HIPÓTESES DE REDUÇÃO DA MULTA ADMINISTRATIVA E DE CONCESSÃO DE PARCELAMENTO; E MODIFICA A LEI MUNICIPAL Nº 15.307, DE 05 DE JANEIRO DE 1990, INSTITUINDO A TURMA DE CONTROLE URBANO, A TURMA DE DEFESA DO CONSUMIDOR E A TURMA DE MANUTENÇÃO E LIMPEZA URBANA NO CONSELHO DE REVISÃO ADMINISTRATIVA – CRA.",PLE 28/2021,https://publico.recife.pe.leg.br/consultas/materia/materia_mostrar_proc?cod_materia=112856,Prefeito do Recife,Em vigor,Lei Ordinária 18835/2021
"Lei Ordinária nº 18834, de 13/09/2021",https://publico.recife.pe.leg.br/consultas/norma_juridica/norma_juridica_mostrar_proc?cod_norma=748,DECLARA ENTIDADE DE UTILIDADE PÚBLICA A COOPERATIVA DE TRABALHO DE CATADORAS DE MATERIAL RECICLÁVEL ECOVIDA PALHA DE ARROZ.,PLE 6/2021,https://publico.recife.pe.leg.br/consultas/materia/materia_mostrar_proc?cod_materia=104445,Prefeito do Recife,Em vigor,Lei Ordinária 18834/2021
"Lei Ordinária nº 18833, de 13/09/2021",https://publico.recife.pe.leg.br/consultas/norma_juridica/norma_juridica_mostrar_proc?cod_norma=747,INSTITUI NO CALENDÁRIO OFICIAL DE EVENTOS DO MUNICÍPIO DO RECIFE O “DIA MUNICIPAL DA AGROECOLOGIA URBANA”.,PLO 120/2021,https://publico.recife.pe.leg.br/consultas/materia/materia_mostrar_proc?cod_materia=105706,Cida Pedrosa,Em vigor,Lei Ordinária 18833/2021
"Lei Ordinária nº 18832, de 13/09/2021",https://publico.recife.pe.leg.br/consultas/norma_juridica/norma_juridica_mostrar_proc?cod_norma=746,DISPÕE SOBRE MEDIDAS PARA ASSEGURAR A INCLUSÃO E A PROTEÇÃO DA PESSOA GORDA NOS ESTABELECIMENTOS DE ENSINO LOCALIZADOS NO MUNICÍPIO DO RECIFE.,PLO 37/2021,https://publico.recife.pe.leg.br/consultas/materia/materia_mostrar_proc?cod_materia=103814,Cida Pedrosa,Em vigor,Lei Ordinária 18832/2021
"Lei Ordinária nº 18831, de 13/09/2021",https://publico.recife.pe.leg.br/consultas/norma_juridica/norma_juridica_mostrar_proc?cod_norma=745,INSTITUI O “DIA MUNICIPAL DE LUTA CONTRA A GORDOFOBIA” NO MUNICÍPIO DO RECIFE.,PLO 35/2021,https://publico.recife.pe.leg.br/consultas/materia/materia_mostrar_proc?cod_materia=103810,Cida Pedrosa,Em vigor,Lei Ordinária 18831/2021
"Lei Ordinária nº 18830, de 13/09/2021",https://publico.recife.pe.leg.br/consultas/norma_juridica/norma_juridica_mostrar_proc?cod_norma=744,OBRIGA OS EQUIPAMENTOS PÚBLICOS SOB ADMINISTRAÇÃO DO MUNICÍPIO DO RECIFE A DIVULGAR OS MEIOS DE CONTATO E AS FUNÇÕES DA OUVIDORIA GERAL DO MUNICÍPIO DO RECIFE.,PLO 79/2021,https://publico.recife.pe.leg.br/consultas/materia/materia_mostrar_proc?cod_materia=104610,Aderaldo Pinto,Em vigor,Lei Ordinária 18830/2021
"Lei Ordinária nº 18829, de 13/09/2021",https://publico.recife.pe.leg.br/consultas/norma_juridica/norma_juridica_mostrar_proc?cod_norma=743,"TORNA OBRIGATÓRIA A AFIXAÇÃO NOS ELEVADORES DE PRÉDIOS RESIDENCIAIS E COMERCIAIS DO MUNICÍPIO DO RECIFE, DE AVISO CONTENDO INFORMAÇÕES ACERCA DA ÚLTIMA MANUTENÇÃO DOS ELEVADORES.",PLO 129/2021,https://publico.recife.pe.leg.br/consultas/materia/materia_mostrar_proc?cod_materia=105854,Romerinho Jatobá,Em vigor,Lei Ordinária 18829/2021
"Lei Ordinária nº 18828, de 10/09/2021",https://publico.recife.pe.leg.br/consultas/norma_juridica/norma_juridica_mostrar_proc?cod_norma=739,INCLUI NO CALENDÁRIO OFICIAL DE EVENTOS DO MUNICÍPIO DO RECIFE A “SEMANA MUNICIPAL DO ATLETA PARALÍMPICO”.,PLO 41/2021,https://publico.recife.pe.leg.br/consultas/materia/materia_mostrar_proc?cod_materia=103987,Professora Ana Lúcia,Em vigor,Lei Ordinária 18828/2021
"Lei Ordinária nº 18827, de 06/09/2021",https://publico.recife.pe.leg.br/consultas/norma_juridica/norma_juridica_mostrar_proc?cod_norma=738,"INSTITUI E DISCIPLINA, NO ÂMBITO DA ADMINISTRAÇÃO PÚBLICA MUNICIPAL, O REGISTRO DO PATRIMÔNIO VIVO DO MUNICÍPIO DO RECIFE (RPV-RECIFE).",PLE 19/2021,https://publico.recife.pe.leg.br/consultas/materia/materia_mostrar_proc?cod_materia=108312,Prefeito do Recife,Em vigor,Lei Ordinária 18827/2021
"Lei Ordinária nº 18826, de 03/09/2021",https://publico.recife.pe.leg.br/consultas/norma_juridica/norma_juridica_mostrar_proc?cod_norma=734,"ALTERA A LEI MUNICIPAL Nº 18.076, DE 10 DE DEZEMBRO DE 2014, QUE ESTABELECE NORMAS DE PREVENÇÃO DE ACIDENTES A SEREM CUMPRIDAS PELOS CONDÔMINOS E/OU ADMINISTRADORES NOS ELEVADORES DOS EDIFÍCIOS DA CIDADE DO RECIFE.",PLO 118/2020,https://publico.recife.pe.leg.br/consultas/materia/materia_mostrar_proc?cod_materia=97304,Michele Collins,Em vigor,Lei Ordinária 18826/2021
"Lei Ordinária nº 18825, de 03/09/2021",https://publico.recife.pe.leg.br/consultas/norma_juridica/norma_juridica_mostrar_proc?cod_norma=733,INCLUI A “SEMANA DE CONSCIENTIZAÇÃO E COMBATE AO RELACIONAMENTO ABUSIVO” NO CALENDÁRIO OFICIAL DE EVENTOS DO MUNICÍPIO DO RECIFE.,PLO 89/2021,https://publico.recife.pe.leg.br/consultas/materia/materia_mostrar_proc?cod_materia=104889,Cida Pedrosa,Em vigor,Lei Ordinária 18825/2021
"Lei Ordinária nº 18824, de 30/08/2021",https://publico.recife.pe.leg.br/consultas/norma_juridica/norma_juridica_mostrar_proc?cod_norma=732,"DISPÕE SOBRE O REGIME DAS CONCESSÕES E PERMISSÕES DE SERVIÇOS PÚBLICOS MUNICIPAIS E ALTERA DISPOSITIVOS DA LEI NO 17.856, DE 01 DE JANEIRO DE 2013.",PLE 12/2021,https://publico.recife.pe.leg.br/consultas/materia/materia_mostrar_proc?cod_materia=106988,Prefeito do Recife,Em vigor,Lei Ordinária 18824/2021
"Lei Ordinária nº 18823, de 30/08/2021",https://publico.recife.pe.leg.br/consultas/norma_juridica/norma_juridica_mostrar_proc?cod_norma=730,"ESTABELECE NORMAS SOBRE A ALIENAÇÃO DE BENS IMÓVEIS NAS MODALIDADES LICITATÓRIAS LEILÃO E CONCORRÊNCIA, BEM COMO TRATA DA PERMUTA DE BENS IMÓVEIS, DE PROPRIEDADE DO MUNICÍPIO OU DAS ENTIDADES DA ADMINISTRAÇÃO PÚBLICA INDIRETA, POR BENS IMÓVEIS PÚBLICOS OU PARTICULARES, OU POR OBRAS E SERVIÇOS NECESSÁRIOS AO DESENVOLVIMENTO DE PROJETOS DE INTERESSE PÚBLICO.",PLE 20/2021,https://publico.recife.pe.leg.br/consultas/materia/materia_mostrar_proc?cod_materia=108385,Prefeito do Recife,Em vigor,Lei Ordinária 18823/2021
"Lei Ordinária nº 18822, de 27/08/2021",https://publico.recife.pe.leg.br/consultas/norma_juridica/norma_juridica_mostrar_proc?cod_norma=1055,"INSTITUI, NO CALENDÁRIO OFICIAL DE EVENTOS DO MUNICÍPIO DO RECIFE, A CAMPANHA “CUIDA BEM  DE MIM”, DESTINADA A COMBATER A VIOLÊNCIA E OS MAUS-TRATOS CONTRA CRIANÇAS E ADOLESCENTES.",PLO 138/2021,https://publico.recife.pe.leg.br/consultas/materia/materia_mostrar_proc?cod_materia=106210,Professora Ana Lúcia,Em vigor,Lei Ordinária 18822/2021
"Lei Ordinária nº 18821, de 25/08/2021",https://publico.recife.pe.leg.br/consultas/norma_juridica/norma_juridica_mostrar_proc?cod_norma=729,"ALTERA O ARTIGO 1° DA LEI MUNICIPAL Nº 18.660, DE 13 DE NOVEMBRO DE 2019 E DÁ OUTRAS PROVIDÊNCIAS.",PLE 24/2021,https://publico.recife.pe.leg.br/consultas/materia/materia_mostrar_proc?cod_materia=110103,Prefeito do Recife,Em vigor,Lei Ordinária 18821/2021
"Lei Ordinária nº 18820, de 18/08/2021",https://publico.recife.pe.leg.br/consultas/norma_juridica/norma_juridica_mostrar_proc?cod_norma=728,"ALTERA A LEI MUNICIPAL Nº 18.811, DE 7 DE JULHO DE 2021, QUE INSTITUI O ""PROGRAMA DE DESLIGAMENTO VOLUNTÁRIO - PDV"" DOS EMPREGADOS PÚBLICOS DA ADMINISTRAÇÃO INDIRETA DO MUNICÍPIO DO RECIFE.",PLE 25/2021,https://publico.recife.pe.leg.br/consultas/materia/materia_mostrar_proc?cod_materia=110838,Prefeito do Recife,Em vigor,Lei Ordinária 18820/2021
"Lei Ordinária nº 18819, de 13/08/2021",https://publico.recife.pe.leg.br/consultas/norma_juridica/norma_juridica_mostrar_proc?cod_norma=727,CRIA NOVA UNIDADE ORÇAMENTÁRIA E AUTORIZA A ABERTURA DE CRÉDITO ESPECIAL AO ORÇAMENTO FISCAL DO MUNICÍPIO.,PLE 23/2021,https://publico.recife.pe.leg.br/consultas/materia/materia_mostrar_proc?cod_materia=109754,Prefeito do Recife,Em vigor,Lei Ordinária 18819/2021
"Lei Ordinária nº 18818, de 13/08/2021",https://publico.recife.pe.leg.br/consultas/norma_juridica/norma_juridica_mostrar_proc?cod_norma=726,"NO CURSO DA VIGÊNCIA DO ESTADO DE CALAMIDADE NO ÂMBITO MUNICIPAL DECORRENTE DA PANDEMIA DE COVID-19, SUSPENDE O TRANSCURSO DOS PRAZOS PRESCRICIONAIS PREVISTOS NO ART. 204 DO ESTATUTO DOS FUNCIONÁRIOS PÚBLICOS DO MUNICÍPIO DO RECIFE (ANEXO ÚNICO DA LEI MUNICIPAL Nº 14.728, DE 08 DE MARÇO DE 1985) SEMPRE QUE HOUVER ATO ADMINISTRATIVO DETERMINANDO A SUSPENSÃO DOS ATOS E PRAZOS PROCESSUAIS DOS PROCESSOS ADMINISTRATIVOS DISCIPLINARES.",PLE 14/2021,https://publico.recife.pe.leg.br/consultas/materia/materia_mostrar_proc?cod_materia=107598,Prefeito do Recife,Em vigor,Lei Ordinária 18818/2021
"Lei Ordinária nº 18817, de 23/07/2021",https://publico.recife.pe.leg.br/consultas/norma_juridica/norma_juridica_mostrar_proc?cod_norma=1053,DISPÕE SOBRE O FORNECIMENTO DE ABSORVENTES HIGIÊNICOS NAS ESCOLAS PÚBLICAS DO MUNICÍPIO DO RECIFE.,PLO 311/2019,https://publico.recife.pe.leg.br/consultas/materia/materia_mostrar_proc?cod_materia=93146,Hélio Guabiraba,Em vigor,Lei Ordinária 18817/2021
"Lei Ordinária nº 18816, de 23/07/2021",https://publico.recife.pe.leg.br/consultas/norma_juridica/norma_juridica_mostrar_proc?cod_norma=1052,INCLUI NO CALENDÁRIO OFICIAL DE EVENTOS DO MUNICÍPIO DO RECIFE A “SEMANA MUNICIPAL DE PREVENÇÃO E CONSCIENTIZAÇÃO DA SÍNDROME OU TRANSTORNO DO PÂNICO.,PLO 81/2021,https://publico.recife.pe.leg.br/consultas/materia/materia_mostrar_proc?cod_materia=104652,Doduel Varela,Em vigor,Lei Ordinária 18816/2021
"Lei Ordinária nº 18815, de 23/07/2021",https://publico.recife.pe.leg.br/consultas/norma_juridica/norma_juridica_mostrar_proc?cod_norma=725,"INSTITUI NO MUNICÍPIO DO RECIFE O “PROGRAMA DE COOPERAÇÃO SINAL VERMELHO”, OBJETIVANDO AJUDAR MULHERES VÍTIMAS DE VIOLÊNCIA DOMÉSTICA.",PLO 126/2021,https://publico.recife.pe.leg.br/consultas/materia/materia_mostrar_proc?cod_materia=105845,Doduel Varela,Em vigor,Lei Ordinária 18815/2021
"Lei Ordinária nº 18814, de 19/07/2021",https://publico.recife.pe.leg.br/consultas/norma_juridica/norma_juridica_mostrar_proc?cod_norma=724,DECLARA A RÁDIO CLUBE AM 720 PATRIMÔNIO CULTURAL IMATERIAL DO RECIFE.,PLO 141/2019,https://publico.recife.pe.leg.br/consultas/materia/materia_mostrar_proc?cod_materia=87703,Chico Kiko,Em vigor,Lei Ordinária 18814/2021
"Lei Ordinária nº 18813, de 07/07/2021",https://publico.recife.pe.leg.br/consultas/norma_juridica/norma_juridica_mostrar_proc?cod_norma=722,"DENOMINA “DOUTOR ALDENIR FERRAZ” A UNIDADE DE SAÚDE DA FAMÍLIA LOCALIZADA NO BAIRRO DO IBURA, UR-3, NO MUNICÍPIO DO RECIFE.",PLO 77/2021,https://publico.recife.pe.leg.br/consultas/materia/materia_mostrar_proc?cod_materia=104606,Fabiano Ferraz,Em vigor,Lei Ordinária 18813/2021
"Lei Ordinária nº 18812, de 07/07/2021",https://publico.recife.pe.leg.br/consultas/norma_juridica/norma_juridica_mostrar_proc?cod_norma=635,"DISPÕE SOBRE AUTORIZAÇÃO PARA CONTRATAÇÃO DE OPERAÇÃO DE CRÉDITO JUNTO À CAIXA ECONÔMICA FEDERAL NO ÂMBITO DO FINISA – FINANCIAMENTO A INFRAESTRUTURA E AO SANEAMENTO NO VALOR DE R$ 100.000.000,00.",PLE 22/2021,https://publico.recife.pe.leg.br/consultas/materia/materia_mostrar_proc?cod_materia=109375,Prefeito do Recife,Em vigor,Lei Ordinária 18812/2021
"Lei Ordinária nº 18811, de 07/07/2021",https://publico.recife.pe.leg.br/consultas/norma_juridica/norma_juridica_mostrar_proc?cod_norma=634,INSTITUI O “PROGRAMA DE DESLIGAMENTO VOLUNTÁRIO - PDV” DOS EMPREGADOS PÚBLICOS DA ADMINISTRAÇÃO INDIRETA DO MUNICÍPIO DO RECIFE.,PLE 18/2021,https://publico.recife.pe.leg.br/consultas/materia/materia_mostrar_proc?cod_materia=108311,Prefeito do Recife,Em vigor,Lei Ordinária 18811/2021
"Lei Ordinária nº 18810, de 07/07/2021",https://publico.recife.pe.leg.br/consultas/norma_juridica/norma_juridica_mostrar_proc?cod_norma=633,INSTITUI O REGIME DE PREVIDÊNCIA COMPLEMENTAR E FIXA O LIMITE MÁXIMO PARA APOSENTADORIAS E PENSÕES DOS SERVIDORES PÚBLICOS DOS PODERES EXECUTIVO E LEGISLATIVO DO MUNICÍPIO DO RECIFE.,PLE 17/2021,https://publico.recife.pe.leg.br/consultas/materia/materia_mostrar_proc?cod_materia=108307,Prefeito do Recife,Em vigor,Lei Ordinária 18810/2021
"Lei Ordinária nº 18809, de 07/07/2021",https://publico.recife.pe.leg.br/consultas/norma_juridica/norma_juridica_mostrar_proc?cod_norma=632,"ALTERA A LEI MUNICIPAL Nº 17.142, DE 2 DE DEZEMBRO DE 2005, QUE REESTRUTURA O REGIME PRÓPRIO DE PREVIDÊNCIA SOCIAL DO MUNICÍPIO DO RECIFE, E DÁ OUTRAS PROVIDÊNCIAS.",PLE 16/2021,https://publico.recife.pe.leg.br/consultas/materia/materia_mostrar_proc?cod_materia=108305,Prefeito do Recife,Em vigor,Lei Ordinária 18809/2021
"Lei Ordinária nº 18808, de 07/07/2021",https://publico.recife.pe.leg.br/consultas/norma_juridica/norma_juridica_mostrar_proc?cod_norma=631,"AUTORIZA O USO DE VIDEOCONFERÊNCIA OU DE OUTRO RECURSO TECNOLÓGICO DE PRODUÇÃO E TRANSMISSÃO DE SOM E IMAGEM EM TEMPO REAL, COM GRAVAÇÃO, NAS AUDIÊNCIAS DOS PROCEDIMENTOS ADMINISTRATIVOS DISCIPLINARES E DAS SINDICÂNCIAS, NO ÂMBITO DO MUNICÍPIO DO RECIFE.",PLE 15/2021,https://publico.recife.pe.leg.br/consultas/materia/materia_mostrar_proc?cod_materia=107600,Prefeito do Recife,Em vigor,Lei Ordinária 18808/2021
"Lei Ordinária nº 18807, de 29/06/2021",https://publico.recife.pe.leg.br/consultas/norma_juridica/norma_juridica_mostrar_proc?cod_norma=630,DECLARA PATRIMÔNIO CULTURAL IMATERIAL DO MUNICÍPIO DO RECIFE O “MOVIMENTO BREGA”.,PLO 1/2021,https://publico.recife.pe.leg.br/consultas/materia/materia_mostrar_proc?cod_materia=102716,Marco Aurélio Filho,Em vigor,Lei Ordinária 18807/2021
"Lei Ordinária nº 18806, de 29/06/2021",https://publico.recife.pe.leg.br/consultas/norma_juridica/norma_juridica_mostrar_proc?cod_norma=1071,DISPÕE SOBRE AS DIRETRIZES PARA ELABORAÇÃO E EXECUÇÃO DA LEI ORÇAMENTÁRIA DE 2022.,PLE 11/2021,https://publico.recife.pe.leg.br/consultas/materia/materia_mostrar_proc?cod_materia=106175,Prefeito do Recife,Em vigor,Lei Ordinária 18806/2021
"Lei Ordinária nº 18805, de 29/06/2021",https://publico.recife.pe.leg.br/consultas/norma_juridica/norma_juridica_mostrar_proc?cod_norma=629,"INSTITUI O AUXÍLIO MUNICIPAL EMERGENCIAL – AME SÃO JOÃO DO RECIFE, DESTINADO À CONCESSÃO DE BENEFÍCIO FINANCEIRO À CADEIA PRODUTIVA CULTURAL DO CICLO JUNINO, DIANTE DA IMPOSSIBILIDADE DE REALIZAÇÃO DAS FESTIVIDADES EM 2021, DEVIDO ÀS MEDIDAS RESTRITIVAS VIGENTES POR FORÇA DO AGRAVAMENTO DA PANDEMIA DA COVID-19.",PLE 21/2021,https://publico.recife.pe.leg.br/consultas/materia/materia_mostrar_proc?cod_materia=108987,Prefeito do Recife,Em vigor,Lei Ordinária 18805/2021
"Lei Ordinária nº 18804, de 21/06/2021",https://publico.recife.pe.leg.br/consultas/norma_juridica/norma_juridica_mostrar_proc?cod_norma=1051,"INSTITUI, NO CALENDÁRIO OFICIAL DE EVENTOS DO MUNICÍPIO DO RECIFE, O ""MAIO BLACK DAS DANÇAS URBANAS"".",PLO 33/2020,https://publico.recife.pe.leg.br/consultas/materia/materia_mostrar_proc?cod_materia=94734,Natália de Menudo,Em vigor,Lei Ordinária 18804/2021
"Lei Ordinária nº 18803, de 11/06/2021",https://publico.recife.pe.leg.br/consultas/norma_juridica/norma_juridica_mostrar_proc?cod_norma=627,INSTITUI O ESTATUTO DO FUTEBOL DE VÁRZEA DO RECIFE - EFV/RECIFE.,PLO 184/2018,https://publico.recife.pe.leg.br/consultas/materia/materia_mostrar_proc?cod_materia=82659,Natália de Menudo,Em vigor,Lei Ordinária 18803/2021
"Lei Ordinária nº 18802, de 11/06/2021",https://publico.recife.pe.leg.br/consultas/norma_juridica/norma_juridica_mostrar_proc?cod_norma=626,"CRIA, NO CALENDÁRIO OFICIAL DE EVENTOS DO MUNICÍPIO DO RECIFE, O “DIA MUNICIPAL DE COMBATE À DEPRESSÃO DE CRIANÇAS E ADOLESCENTES – PARE, OBSERVE E ACOLHA”.",PLO 189/2020,https://publico.recife.pe.leg.br/consultas/materia/materia_mostrar_proc?cod_materia=101996,Natália de Menudo,Em vigor,Lei Ordinária 18802/2021
"Lei Ordinária nº 18801, de 11/06/2021",https://publico.recife.pe.leg.br/consultas/norma_juridica/norma_juridica_mostrar_proc?cod_norma=625,"INSTITUI, NO CALENDÁRIO OFICIAL DE EVENTOS DO MUNICÍPIO DO RECIFE, A ""SEMANA DA DOAÇÃO DE LIVROS"".",PLO 9/2021,https://publico.recife.pe.leg.br/consultas/materia/materia_mostrar_proc?cod_materia=102901,Fred Ferreira,Em vigor,Lei Ordinária 18801/2021
"Lei Ordinária nº 18800, de 01/06/2021",https://publico.recife.pe.leg.br/consultas/norma_juridica/norma_juridica_mostrar_proc?cod_norma=303,"DENOMINA A RUA ESTRADA DO BONGI, SITUADA NO MUNICÍPIO DO RECIFE, DE RUA ESTRADA DO BONGI ARMANDO DA FONTE.",PLO 85/2018,https://publico.recife.pe.leg.br/consultas/materia/materia_mostrar_proc?cod_materia=79669,Michele Collins,Em vigor,Lei Ordinária 18800/2021
"Lei Ordinária nº 18799, de 28/05/2021",https://publico.recife.pe.leg.br/consultas/norma_juridica/norma_juridica_mostrar_proc?cod_norma=567,"CRIA, NO ÂMBITO DO MUNICÍPIO DO RECIFE, O CONSELHO DE ACOMPANHAMENTO E CONTROLE SOCIAL DO FUNDO DE MANUTENÇÃO E DESENVOLVIMENTO DA EDUCAÇÃO BÁSICA E DE VALORIZAÇÃO DOS PROFISSIONAIS DE EDUCAÇÃO – CACS FUNDEB RECIFE, E DÁ OUTRAS PROVIDÊNCIAS.",PLE 13/2021,https://publico.recife.pe.leg.br/consultas/materia/materia_mostrar_proc?cod_materia=107231,Prefeito do Recife,Em vigor,Lei Ordinária 18799/2021
"Lei Ordinária nº 18798, de 20/05/2021",https://publico.recife.pe.leg.br/consultas/norma_juridica/norma_juridica_mostrar_proc?cod_norma=1050,INSTITUI AS BASES PARA A ELABORAÇÃO DA “POLÍTICA MUNICIPAL DE PROMOÇÃO DOS DIREITOS DOS MIGRANTES E REFUGIADOS” NO MUNICÍPIO DO RECIFE.,PLO 198/2020,https://publico.recife.pe.leg.br/consultas/materia/materia_mostrar_proc?cod_materia=102360,Ivan Moraes,Em vigor,Lei Ordinária 18798/2021
"Lei Ordinária nº 18797, de 19/05/2021",https://publico.recife.pe.leg.br/consultas/norma_juridica/norma_juridica_mostrar_proc?cod_norma=1049,"OBRIGA AS INSTITUIÇÕES DE SAÚDE, NO ÂMBITO DO MUNICÍPIO DO RECIFE, A PROMOVER ORIENTAÇÃO SOBRE AS DOENÇAS RARAS NÃO DETECTÁVEIS PELO TESTE DE TRIAGEM NEONATAL (TESTE DO PEZINHO).",PLO 199/2020,https://publico.recife.pe.leg.br/consultas/materia/materia_mostrar_proc?cod_materia=102401,Samuel Salazar,Em vigor,Lei Ordinária 18797/2021
"Lei Ordinária nº 18796, de 06/05/2021",https://publico.recife.pe.leg.br/consultas/norma_juridica/norma_juridica_mostrar_proc?cod_norma=299,"ALTERA A DENOMINAÇÃO DO TRECHO DA AVENIDA BEIRA RIO COMPREENDIDO ENTRE O TÉRMINO DA RUA HEITOR MAIA FILHO E O CRUZAMENTO COM A RUA CONDE DE IRAJÁ PARA “AVENIDA BEIRA RIO GOVERNADOR EDUARDO CAMPOS”, NO MUNICÍPIO DO RECIFE.",PLO 135/2020,https://publico.recife.pe.leg.br/consultas/materia/materia_mostrar_proc?cod_materia=97597,Samuel Salazar,Em vigor,Lei Ordinária 18796/2021
"Lei Ordinária nº 18795, de 06/05/2021",https://publico.recife.pe.leg.br/consultas/norma_juridica/norma_juridica_mostrar_proc?cod_norma=297,ALTERA A DENOMINAÇÃO DO TRECHO DA AVENIDA BEIRA RIO COMPREENDIDO ENTRE A RUA CONDE DE IRAJÁ E A RUA MARCOS ANDRÉ PARA “AVENIDA BEIRA RIO JORNALISTA GENETON MORAES NETO”.,PLO 119/2020,https://publico.recife.pe.leg.br/consultas/materia/materia_mostrar_proc?cod_materia=97306,Samuel Salazar,Em vigor,Lei Ordinária 18795/2021
"Lei Ordinária nº 18794, de 06/05/2021",https://publico.recife.pe.leg.br/consultas/norma_juridica/norma_juridica_mostrar_proc?cod_norma=294,"ALTERA A DENOMINAÇÃO DO TRECHO DA AVENIDA BEIRA RIO COMPREENDIDO ENTRE O TÉRMINO DA AVENIDA DESEMBARGADOR GUERRA BARRETO E O TÚNEL CHICO SCIENCE PARA “AVENIDA BEIRA RIO DEPUTADO OSVALDO COELHO”, NO MUNICÍPIO DO RECIFE.",PLO 106/2020,https://publico.recife.pe.leg.br/consultas/materia/materia_mostrar_proc?cod_materia=96898,Samuel Salazar,Em vigor,Lei Ordinária 18794/2021
"Lei Ordinária nº 18793, de 13/04/2021",https://publico.recife.pe.leg.br/consultas/norma_juridica/norma_juridica_mostrar_proc?cod_norma=566,INSTITUI O PROGRAMA EMERGENCIAL DE PAGAMENTO DO IPTU E DA TRSD REFERENTES AO EXERCÍCIO DE 2021.,PLE 10/2021,https://publico.recife.pe.leg.br/consultas/materia/materia_mostrar_proc?cod_materia=105087,Prefeito do Recife,Em vigor,Lei Ordinária 18793/2021
"Lei Ordinária nº 18792, de 12/04/2021",https://publico.recife.pe.leg.br/consultas/norma_juridica/norma_juridica_mostrar_proc?cod_norma=565,"INSTITUI, NO ÂMBITO DO MUNICÍPIO DO RECIFE, O AUXÍLIO MUNICIPAL EMERGENCIAL PARA SOCORRER E ASSISTIR FAMÍLIAS EM SITUAÇÃO DE POBREZA, EM RAZÃO DO ESTADO DE CALAMIDADE PÚBLICA DECORRENTE DA PANDEMIA DE COVID-19.",PLE 7/2021,https://publico.recife.pe.leg.br/consultas/materia/materia_mostrar_proc?cod_materia=104553,Prefeito do Recife,Em vigor,Lei Ordinária 18792/2021
"Lei Ordinária nº 18791, de 30/03/2021",https://publico.recife.pe.leg.br/consultas/norma_juridica/norma_juridica_mostrar_proc?cod_norma=564,"ALTERA AS LEIS MUNICIPAIS NºS 15.563, DE 27 DE DEZEMBRO DE 1991 – CÓDIGO TRIBUTÁRIO MUNICIPAL, E 18.276, DE 2 DE DEZEMBRO DE 2016.",PLE 8/2021,https://publico.recife.pe.leg.br/consultas/materia/materia_mostrar_proc?cod_materia=104667,Prefeito do Recife,Em vigor,Lei Ordinária 18791/2021
"Lei Ordinária nº 18790, de 30/03/2021",https://publico.recife.pe.leg.br/consultas/norma_juridica/norma_juridica_mostrar_proc?cod_norma=563,"DISPÕE SOBRE AUTORIZAÇÃO PARA CONTRATAÇÃO DE OPERAÇÃO DE CRÉDITO JUNTO À CAIXA ECONÔMICA FEDERAL NO PROGRAMA AVANÇAR CIDADES – SES BEBERIBE, NO VALOR DE R$ 56.078.344,69.",PLE 4/2021,https://publico.recife.pe.leg.br/consultas/materia/materia_mostrar_proc?cod_materia=104179,Prefeito do Recife,Em vigor,Lei Ordinária 18790/2021
"Lei Ordinária nº 18789, de 19/03/2021",https://publico.recife.pe.leg.br/consultas/norma_juridica/norma_juridica_mostrar_proc?cod_norma=562,DISCIPLINA A COMISSÃO PERMANENTE DE LICITAÇÃO NO ÂMBITO DA CÂMARA MUNICIPAL DO RECIFE E DÁ OUTRAS PROVIDÊNCIAS.,PLO 65/2021,https://publico.recife.pe.leg.br/consultas/materia/materia_mostrar_proc?cod_materia=104411,Comissão Executiva,Em vigor,Lei Ordinária 18789/2021
"Lei Ordinária nº 18788, de 17/03/2021",https://publico.recife.pe.leg.br/consultas/norma_juridica/norma_juridica_mostrar_proc?cod_norma=291,"DENOMINAR-SE-Á “VICENTE ANDRÉ GOMES” O PRÓXIMO PARQUE A SER INAUGURADO NA RUA PARAISÓPOLIS, SITUADA NO BAIRRO NOVA DESCOBERTA, NO MUNICÍPIO DO RECIFE.",PLO 160/2020,https://publico.recife.pe.leg.br/consultas/materia/materia_mostrar_proc?cod_materia=99529,Samuel Salazar,Em vigor,Lei Ordinária 18788/2021
"Lei Ordinária nº 18787, de 17/03/2021",https://publico.recife.pe.leg.br/consultas/norma_juridica/norma_juridica_mostrar_proc?cod_norma=289,"ALTERA OS ARTS. 1º,  4º E 11, DA LEI MUNICIPAL Nº 18.276, DE 2 DEDEZEMBRO DE 2016.",PLE 3/2021,https://publico.recife.pe.leg.br/consultas/materia/materia_mostrar_proc?cod_materia=103683,Prefeito do Recife,Em vigor,Lei Ordinária 18787/2021
"Lei Ordinária nº 18786, de 15/03/2021",https://publico.recife.pe.leg.br/consultas/norma_juridica/norma_juridica_mostrar_proc?cod_norma=288,"RATIFICA PROTOCOLO DE INTENÇÕES FIRMADO ENTRE MUNICÍPIOS BRASILEIROS, COM A FINALIDADE DE ADQUIRIR VACINAS PARA COMBATE À PANDEMIA DO CORONAVÍRUS, MEDICAMENTOS, INSUMOS, EQUIPAMENTOS E SERVIÇOS NA ÁREA DA SAÚDE",PLE 5/2021,https://publico.recife.pe.leg.br/consultas/materia/materia_mostrar_proc?cod_materia=104333,Prefeito do Recife,Em vigor,Lei Ordinária 18786/2021
"Lei Ordinária nº 18785, de 15/03/2021",https://publico.recife.pe.leg.br/consultas/norma_juridica/norma_juridica_mostrar_proc?cod_norma=285,"DISPÕE SOBRE O PROGRAMA CRÉDITO POPULAR DO RECIFE E DÁ OUTRAS PROVIDÊNCIAS.
""REGIME DE URGÊNCIA""",PLE 2/2021,https://publico.recife.pe.leg.br/consultas/materia/materia_mostrar_proc?cod_materia=103751,Prefeito do Recife,Em vigor,Lei Ordinária 18785/2021
"Lei Ordinária nº 18784, de 16/02/2021",https://publico.recife.pe.leg.br/consultas/norma_juridica/norma_juridica_mostrar_proc?cod_norma=282,"INSTITUI O AUXÍLIO MUNICIPAL EMERGENCIAL - AME CARNAVAL DO RECIFE, DESTINADO À CONCESSÃO DE BENEFÍCIO FINANCEIRO A AGREMIAÇÕES E DEMAIS ATRAÇÕES ARTÍSTICAS QUE ATUARAM NO CARNAVAL DO RECIFE EM 2020 E PREENCHAM OS DEMAIS REQUISITOS PREVISTOS NESTA LEI, DIANTE DA IMPOSSIBILIDADE DE REALIZAÇÃO DE EVENTOS CARNAVALESCOS EM 2021, POR FORÇA DA PERMANÊNCIA DA PANDEMIA DE COVID 19.    ""REGIME DE URGÊNCIA""",PLE 1/2021,https://publico.recife.pe.leg.br/consultas/materia/materia_mostrar_proc?cod_materia=103260,Prefeito do Recife,Em vigor,Lei Ordinária 18784/2021
"Lei Ordinária nº 18783, de 19/01/2021",https://publico.recife.pe.leg.br/consultas/norma_juridica/norma_juridica_mostrar_proc?cod_norma=279,"INSTITUI A CARTEIRA DE IDENTIDADE FUNCIONAL DOS VEREADORES DO MUNICÍPIO DO RECIFE, CONSOANTE NORMAS GERAIS DISCIPLINADAS NA LEI FEDERAL Nº 13.862, DE 30 DE JULHO DE 2019, E DÁ OUTRAS PROVIDÊNCIAS.",PLO 204/2020,https://publico.recife.pe.leg.br/consultas/materia/materia_mostrar_proc?cod_materia=102620,Comissão Executiva,Em vigor,Lei Ordinária 18783/2021
"Lei Ordinária nº 18782, de 15/01/2021",https://publico.recife.pe.leg.br/consultas/norma_juridica/norma_juridica_mostrar_proc?cod_norma=274,"CRIA A “SEMANA MUNICIPAL DO MOTOCICLISMO”, PARA ESTIMULAR E APERFEIÇOAR A PRÁTICA DA MODALIDADE NA CIDADE DO RECIFE, COMO ATIVIDADE DE LAZER, ESPORTIVA E MEIO DE TRANSPORTE.
.",PLO 179/2020,https://publico.recife.pe.leg.br/consultas/materia/materia_mostrar_proc?cod_materia=101309,Antonio Luiz Neto,Em vigor,Lei Ordinária 18782/2021
"Lei Ordinária nº 18781, de 15/01/2021",https://publico.recife.pe.leg.br/consultas/norma_juridica/norma_juridica_mostrar_proc?cod_norma=271,"DENOMINA “RUA VALERIANO EUGÊNIO DE MELO - CORONEL VAVÁ” A ARTÉRIA QUE ESPECIFICA, SITUADA NO BAIRRO DE BEBERIBE, NO MUNICÍPIO DO RECIFE.",PLO 186/2020,https://publico.recife.pe.leg.br/consultas/materia/materia_mostrar_proc?cod_materia=101957,Antonio Luiz Neto,Em vigor,Lei Ordinária 18781/2021
"Lei Ordinária nº 18780, de 15/01/2021",https://publico.recife.pe.leg.br/consultas/norma_juridica/norma_juridica_mostrar_proc?cod_norma=269,"DENOMINA “RUA DOS CRENTES” A ARTÉRIA QUE ESPECIFICA, SITUADA NO BAIRRO DE PASSARINHO, NO MUNICIPIO DO RECIFE.",PLO 181/2020,https://publico.recife.pe.leg.br/consultas/materia/materia_mostrar_proc?cod_materia=101875,Antonio Luiz Neto,Em vigor,Lei Ordinária 18780/2021
"Lei Ordinária nº 18779, de 15/01/2021",https://publico.recife.pe.leg.br/consultas/norma_juridica/norma_juridica_mostrar_proc?cod_norma=35,DENOMINA DE MESTRE GERALDO DE ALMEIDA A  PRÓXIMA RUA  A SER CRIADA  NA CIDADE DO RECIFE.,PLO 180/2020,https://publico.recife.pe.leg.br/consultas/materia/materia_mostrar_proc?cod_materia=101310,Antonio Luiz Neto,Em vigor,Lei Ordinária 18779/2021
"Lei Ordinária nº 18778, de 30/12/2020",https://publico.recife.pe.leg.br/consultas/norma_juridica/norma_juridica_mostrar_proc?cod_norma=99,RECONHECE O PARQUE DE DIVERSÃO COMO PATRIMÔNIO CULTURAL DA CIDADE DO RECIFE E DÁ OUTRAS PROVIDÊNCIAS.,PLO 173/2020,https://publico.recife.pe.leg.br/consultas/materia/materia_mostrar_proc?cod_materia=100493,Rogério de Lucca,Em vigor,Lei Ordinária 18778/2020
"Lei Ordinária nº 18777, de 30/12/2020",https://publico.recife.pe.leg.br/consultas/norma_juridica/norma_juridica_mostrar_proc?cod_norma=96,"DENOMINAR-SE-Á DE “PRAÇA CAPIBARIBE, PARQUE E ACADEMIA DA CIDADE JERÔNIMO TAVARES DE ALMEIDA-CORONEL DO CAJUEIRO”, OS EQUIPAMENTOS PÚBLICOS LOCALIZADOS NA RUA CORONEL URBANO DE SENA, ESQUINA COM A RUA SUDESTE/NOROESTE, BAIRRO DO FUNDÃO, NESTA CIDADE DO RECIFE.",PLO 151/2020,https://publico.recife.pe.leg.br/consultas/materia/materia_mostrar_proc?cod_materia=99035,Antonio Luiz Neto,Em vigor,Lei Ordinária 18777/2020
"Lei Ordinária nº 18776, de 30/12/2020",https://publico.recife.pe.leg.br/consultas/norma_juridica/norma_juridica_mostrar_proc?cod_norma=94,DENOMINAR-SE-Á DE RADIALISTA ELIAS LOURENÇO A PRÓXIMA RUA A SER CRIADA NO PERÍMETRO URBANO DA CIDADE DO RECIFE.,PLO 150/2020,https://publico.recife.pe.leg.br/consultas/materia/materia_mostrar_proc?cod_materia=99032,Antonio Luiz Neto,Em vigor,Lei Ordinária 18776/2020
"Lei Ordinária nº 18775, de 30/12/2020",https://publico.recife.pe.leg.br/consultas/norma_juridica/norma_juridica_mostrar_proc?cod_norma=93,DENOMINAR-SE-Á DE PROFESSOR JURISTA ROQUE DE BRITO ALVES À PRÓXIMA UNIDADE ESCOLAR A SER INAUGURADA NA CIDADE DO RECIFE.,PLO 122/2020,https://publico.recife.pe.leg.br/consultas/materia/materia_mostrar_proc?cod_materia=97314,Antonio Luiz Neto,Em vigor,Lei Ordinária 18775/2020
"Lei Ordinária nº 18774, de 30/12/2020",https://publico.recife.pe.leg.br/consultas/norma_juridica/norma_juridica_mostrar_proc?cod_norma=89,"ALTERA O ARTIGO 1° DA LEI MUNICIPAL Nº 18.692, DE 24 DE MARÇO DE 2020 E DÁ OUTRAS PROVIDÊNCIAS. ""REGIME DE URGÊNCIA""",PLE 19/2020,https://publico.recife.pe.leg.br/consultas/materia/materia_mostrar_proc?cod_materia=100958,Prefeito do Recife,Em vigor,Lei Ordinária 18774/2020
"Lei Ordinária nº 18773, de 29/12/2020",https://publico.recife.pe.leg.br/consultas/norma_juridica/norma_juridica_mostrar_proc?cod_norma=85,"PROMOVE A REESTRUTURAÇÃO DA ADMINISTRAÇÃO DIRETA E INDIRETA DO MUNICÍPIO DO RECIFE, EXTINGUE E TRANSFORMA CARGOS COMISSIONADOS E FUNÇÕES GRATIFICADAS, E DÁ OUTRAS PROVIDÊNCIAS.",PLE 25/2020,https://publico.recife.pe.leg.br/consultas/materia/materia_mostrar_proc?cod_materia=102661,Prefeito do Recife,Em vigor,Lei Ordinária 18773/2020
"Lei Ordinária nº 18772, de 29/12/2020",https://publico.recife.pe.leg.br/consultas/norma_juridica/norma_juridica_mostrar_proc?cod_norma=79,"ACRESCENTA O ART. 15 A, DA LEI MUNICIPAL Nº 16.719 DE 30 DE NOVEMBRO DE 2001.",PLE 24/2020,https://publico.recife.pe.leg.br/consultas/materia/materia_mostrar_proc?cod_materia=102655,Prefeito do Recife,Em vigor,Lei Ordinária 18772/2020
"Lei Ordinária nº 18771, de 29/12/2020",https://publico.recife.pe.leg.br/consultas/norma_juridica/norma_juridica_mostrar_proc?cod_norma=77,DISPÕE SOBRE O DESMEMBRAMENTO E POSTERIOR AMPLIAÇÃO DA ZEIS IBURA E JORDÃO.,PLE 5/2020,https://publico.recife.pe.leg.br/consultas/materia/materia_mostrar_proc?cod_materia=94696,Prefeito do Recife,Em vigor,Lei Ordinária 18771/2020
"Lei Ordinária nº 18770, de 29/12/2020",https://publico.recife.pe.leg.br/consultas/norma_juridica/norma_juridica_mostrar_proc?cod_norma=43,"INSTITUI O PLANO DIRETOR DO MUNICÍPIO DO RECIFE, REVOGANDO A LEI MUNICIPAL Nº 17.511, DE 29 DE DEZEMBRO DE 2008.",,,,Execução suspensa,Lei Ordinária 18770/2020
"Lei Ordinária nº 18769, de 23/12/2020",https://publico.recife.pe.leg.br/consultas/norma_juridica/norma_juridica_mostrar_proc?cod_norma=907,INSTITUI O PRIMEIRO PLANO DECENAL PARA A PRIMEIRA INFÂNCIA DO RECIFE.,PLE 22/2020,https://publico.recife.pe.leg.br/consultas/materia/materia_mostrar_proc?cod_materia=101767,Prefeito do Recife,Em vigor,Lei Ordinária 18769/2020
"Lei Ordinária nº 18768, de 23/12/2020",https://publico.recife.pe.leg.br/consultas/norma_juridica/norma_juridica_mostrar_proc?cod_norma=102,"DISPÕE SOBRE A REGULARIZAÇÃO DE EDIFICAÇÕES, LOTES DE TERRENO E PROCESSOS CORRELATOS NO ÂMBITO DO MUNICÍPIO DO RECIFE.",PLO 196/2020,https://publico.recife.pe.leg.br/consultas/materia/materia_mostrar_proc?cod_materia=102190,Samuel Salazar,Em vigor,Lei Ordinária 18768/2020
"Lei Ordinária nº 18767, de 16/12/2020",https://publico.recife.pe.leg.br/consultas/norma_juridica/norma_juridica_mostrar_proc?cod_norma=108,"DISPÕE SOBRE PROJETO DE LEI ORÇAMENTÁRIA ANUAL, QUE ESTIMA A RECEITA E FIXA A DESPESA DO MUNICÍPIO DO RECIFE PARA O EXERCÍCIO DE 2021.",PLE 21/2020,https://publico.recife.pe.leg.br/consultas/materia/materia_mostrar_proc?cod_materia=101766,Prefeito do Recife,Vigência Esgotada,Lei Ordinária 18767/2020
"Lei Ordinária nº 18766, de 16/12/2020",https://publico.recife.pe.leg.br/consultas/norma_juridica/norma_juridica_mostrar_proc?cod_norma=110,DISPÕE SOBRE A REVISÃO DO PLANO PLURIANUAL 2018-2021 DO MUNICÍPIO DO RECIFE PARA O EXERCÍCIO DE 2021.,PLE 20/2020,https://publico.recife.pe.leg.br/consultas/materia/materia_mostrar_proc?cod_materia=101772,Prefeito do Recife,Em vigor,Lei Ordinária 18766/2020
"Lei Ordinária nº 18765, de 19/11/2020",https://publico.recife.pe.leg.br/consultas/norma_juridica/norma_juridica_mostrar_proc?cod_norma=124,"ALTERA O INCISO III DO ART. 11, DA LEI MUNICIPAL Nº 18.528, DE 21 DE NOVEMBRO DE 2018, QUE DISPÕE SOBRE A UTILIZAÇÃO INTENSIVA DO SISTEMA VIÁRIO PARA O TRANSPORTE REMUNERADO INDIVIDUAL PRIVADO DE PASSAGEIROS INTERMEDIADOS POR PLATAFORMAS DIGITAIS NO MUNICÍPIO DO RECIFE.",PLO 123/2020,https://publico.recife.pe.leg.br/consultas/materia/materia_mostrar_proc?cod_materia=97316,Gilberto Alves,Em vigor,Lei Ordinária 18765/2020
"Lei Ordinária nº 18764, de 19/11/2020",https://publico.recife.pe.leg.br/consultas/norma_juridica/norma_juridica_mostrar_proc?cod_norma=125,"INSTITUI, NO CALENDÁRIO OFICIAL DE EVENTOS DO MUNICÍPIO DO RECIFE, A “SEMANA MUNICIPAL DA PREVENÇÃO DE ACIDENTES COM CRIANÇAS”.",PLO 144/2020,https://publico.recife.pe.leg.br/consultas/materia/materia_mostrar_proc?cod_materia=98306,Michele Collins,Em vigor,Lei Ordinária 18764/2020
"Lei Ordinária nº 18763, de 03/11/2020",https://publico.recife.pe.leg.br/consultas/norma_juridica/norma_juridica_mostrar_proc?cod_norma=165,"ACRESCENTA OS §§ 1º E 2º AO ART. 2º DA LEI MUNICIPAL Nº 15.819, DE 19 DE NOVEMBRO DE 1993, QUE OBRIGA OS ÓRGÃOS PÚBLICOS DO MUNICÍPIO A PROCEDER À COLETA SELETIVA DOS RESÍDUOS SÓLIDOS PARA FINS DE RECICLAGEM.",PLO 272/2019,https://publico.recife.pe.leg.br/consultas/materia/materia_mostrar_proc?cod_materia=91576,Goretti Queiroz,Em vigor,Lei Ordinária 18763/2020
"Lei Ordinária nº 18762, de 03/11/2020",https://publico.recife.pe.leg.br/consultas/norma_juridica/norma_juridica_mostrar_proc?cod_norma=167,"HOMENAGEIA OS RECIFENSES MORTOS PELO COVID-19, COM UM MONUMENTO NO RECIFE E DÁ OUTRAS PROVIDÊNCIAS.",PLO 120/2020,https://publico.recife.pe.leg.br/consultas/materia/materia_mostrar_proc?cod_materia=97308,Eduardo Marques,Em vigor,Lei Ordinária 18762/2020
"Lei Ordinária nº 18761, de 30/10/2020",https://publico.recife.pe.leg.br/consultas/norma_juridica/norma_juridica_mostrar_proc?cod_norma=168,PROÍBE O ACÚMULO DAS FUNÇÕES DE MOTORISTA DE ÔNIBUS E COBRADOR DE TARIFAS NO TRANSPORTE PÚBLICO COLETIVO DO MUNICÍPIO DO RECIFE.,PLO 5/2019,https://publico.recife.pe.leg.br/consultas/materia/materia_mostrar_proc?cod_materia=84204,Ivan Moraes,Em vigor,Lei Ordinária 18761/2020
"Lei Ordinária nº 18760, de 28/10/2020",https://publico.recife.pe.leg.br/consultas/norma_juridica/norma_juridica_mostrar_proc?cod_norma=170,"DENOMINA DE ""PRAÇA DE EVENTOS EDMILSON RODRIGUES DE FRANÇA"" A PRAÇA DE EVENTOS EXISTENTE NA LAGOA DO ARAÇÁ, NO MUNICÍPIO DO RECIFE.",,,,Em vigor,Lei Ordinária 18760/2020
"Lei Ordinária nº 18759, de 27/10/2020",https://publico.recife.pe.leg.br/consultas/norma_juridica/norma_juridica_mostrar_proc?cod_norma=171,"DECLARA DE UTILIDADE PÚBLICA, NO ÂMBITO DO MUNICÍPIO DO RECIFE, A FEDERAÇÃO DE ÓRGÃOS PARA ASSISTÊNCIA SOCIAL E EDUCACIONAL (FASE).",PLO 117/2020,https://publico.recife.pe.leg.br/consultas/materia/materia_mostrar_proc?cod_materia=97300,Ivan Moraes,Em vigor,Lei Ordinária 18759/2020
"Lei Ordinária nº 18758, de 27/10/2020",https://publico.recife.pe.leg.br/consultas/norma_juridica/norma_juridica_mostrar_proc?cod_norma=173,"INSTITUI, NO CALENDÁRIO OFICIAL DE EVENTOS DO MUNICÍPIO DO RECIFE, A ""SEMANA MUNICIPAL DE SENSIBILIZAÇÃO À PERDA GESTACIONAL, NEONATAL E INFANTIL"".",PLO 322/2019,https://publico.recife.pe.leg.br/consultas/materia/materia_mostrar_proc?cod_materia=93601,Samuel Salazar,Em vigor,Lei Ordinária 18758/2020
"Lei Ordinária nº 18757, de 30/09/2020",https://publico.recife.pe.leg.br/consultas/norma_juridica/norma_juridica_mostrar_proc?cod_norma=180,"DISPÕE SOBRE O ACOMPANHAMENTO PSICOLÓGICO PARA AS MÃES DE NATIMORTO E AS MÃES COM ÓBITO FETAL, NO ÂMBITO DA CIDADE DO RECIFE E DÁ OUTRAS PROVIDÊNCIAS.",PLO 96/2018,https://publico.recife.pe.leg.br/consultas/materia/materia_mostrar_proc?cod_materia=80001,Aline Mariano,Revogada,Lei Ordinária 18757/2020
"Lei Ordinária nº 18756, de 30/09/2020",https://publico.recife.pe.leg.br/consultas/norma_juridica/norma_juridica_mostrar_proc?cod_norma=184,OBRIGA OS CONDUTORES DOS VEÍCULOS DO SISTEMA DE TRANSPORTE PÚBLICO DE PASSAGEIROS DO RECIFE A SOCORRER DE IMEDIATO QUALQUER PASSAGEIRO COM SINAIS VITAIS COMPROMETIDOS OU MAL SÚBITO.,PLO 203/2019,https://publico.recife.pe.leg.br/consultas/materia/materia_mostrar_proc?cod_materia=89474,Almir Fernando,Em vigor,Lei Ordinária 18756/2020
"Lei Ordinária nº 18755, de 28/09/2020",https://publico.recife.pe.leg.br/consultas/norma_juridica/norma_juridica_mostrar_proc?cod_norma=186,DISPÕE SOBRE A PROIBIÇÃO DE ALIMENTAÇÃO E/OU MANUTENÇÃO DE ABRIGO PARA POMBOS URBANOS (COLUMBA LIVIA - VARIEDADE DOMÉSTICA) NO ÂMBITO DO MUNICÍPIO DO RECIFE E DÁ OUTRAS PROVIDÊNCIAS.,PLO 241/2019,https://publico.recife.pe.leg.br/consultas/materia/materia_mostrar_proc?cod_materia=90498,André Régis,Em vigor,Lei Ordinária 18755/2020
"Lei Ordinária nº 18754, de 28/09/2020",https://publico.recife.pe.leg.br/consultas/norma_juridica/norma_juridica_mostrar_proc?cod_norma=187,INSTITUI O MÊS “MAIO LARANJA” E O “DIA MUNICIPAL DE COMBATE AO ABUSO E À EXPLORAÇÃO SEXUAL DE CRIANÇAS E ADOLESCENTES” NO MUNICÍPIO DO RECIFE E DÁ OUTRAS PROVIDÊNCIAS.,PLO 164/2019,https://publico.recife.pe.leg.br/consultas/materia/materia_mostrar_proc?cod_materia=88384,Almir Fernando,Em vigor,Lei Ordinária 18754/2020
"Lei Ordinária nº 18753, de 28/09/2020",https://publico.recife.pe.leg.br/consultas/norma_juridica/norma_juridica_mostrar_proc?cod_norma=188,DISPÕE SOBRE A IDENTIFICAÇÃO DE PREPOSTOS DE EMPRESAS PRESTADORAS DE SERVIÇOS NO ÂMBITO DO MUNICÍPIO DO RECIFE.,PLO 317/2019,https://publico.recife.pe.leg.br/consultas/materia/materia_mostrar_proc?cod_materia=93370,Almir Fernando,Em vigor,Lei Ordinária 18753/2020
"Lei Ordinária nº 18752, de 17/09/2020",https://publico.recife.pe.leg.br/consultas/norma_juridica/norma_juridica_mostrar_proc?cod_norma=189,"PROÍBE O USO, A PRODUÇÃO, O FORNECIMENTO E A VENDA DE CEROL E LINHA CHILENA NO MUNICÍPIO DO RECIFE.",PLO 309/2019,https://publico.recife.pe.leg.br/consultas/materia/materia_mostrar_proc?cod_materia=93019,Aimee Carvalho,Em vigor,Lei Ordinária 18752/2020
"Lei Ordinária nº 18751, de 15/09/2020",https://publico.recife.pe.leg.br/consultas/norma_juridica/norma_juridica_mostrar_proc?cod_norma=190,"DETERMINA QUE ESTABELECIMENTOS PRIVADOS INSTALADOS NO MUNICÍPIO DO RECIFE CONSIDERADOS COMO DE SERVIÇOS ESSENCIAIS FORNEÇAM MÁSCARAS, ÁLCOOL 70% E DISPONHAM DE PIA COM ÁGUA E SABÃO EM LOCAL DE FÁCIL ACESSO AOS SEUS FUNCIONÁRIOS.",PLO 58/2020,https://publico.recife.pe.leg.br/consultas/materia/materia_mostrar_proc?cod_materia=95343,Ivan Moraes,Em vigor,Lei Ordinária 18751/2020
"Lei Ordinária nº 18750, de 26/08/2020",https://publico.recife.pe.leg.br/consultas/norma_juridica/norma_juridica_mostrar_proc?cod_norma=191,DISPÕE SOBRE A CRIAÇÃO DO PROJETO “SOM NA PRAÇA” NO MUNICÍPIO DO RECIFE.,PLO 54/2019,https://publico.recife.pe.leg.br/consultas/materia/materia_mostrar_proc?cod_materia=85500,Professora Ana Lúcia,Em vigor,Lei Ordinária 18750/2020
"Lei Ordinária nº 18749, de 26/08/2020",https://publico.recife.pe.leg.br/consultas/norma_juridica/norma_juridica_mostrar_proc?cod_norma=192,DISPÕE SOBRE A INSTITUIÇÃO DA “SEMANA MUNICIPAL DE COMBATE E PREVENÇÃO AO CÂNCER DE COLO DE ÚTERO” NO MUNICÍPIO DO RECIFE.,PLO 301/2019,https://publico.recife.pe.leg.br/consultas/materia/materia_mostrar_proc?cod_materia=92603,Professora Ana Lúcia,Em vigor,Lei Ordinária 18749/2020
"Lei Ordinária nº 18748, de 26/08/2020",https://publico.recife.pe.leg.br/consultas/norma_juridica/norma_juridica_mostrar_proc?cod_norma=193,"INSTITUI, NO CALENDÁRIO OFICIAL DE EVENTOS DO MUNICÍPIO DO RECIFE, A “SEMANA DE PREVENÇÃO AO CÂNCER DE INTESTINO”.",PLO 64/2020,https://publico.recife.pe.leg.br/consultas/materia/materia_mostrar_proc?cod_materia=95483,Goretti Queiroz,Em vigor,Lei Ordinária 18748/2020
"Lei Ordinária nº 18747, de 26/08/2020",https://publico.recife.pe.leg.br/consultas/norma_juridica/norma_juridica_mostrar_proc?cod_norma=194,"DISPÕE SOBRE AS VISITAS VIRTUAIS, POR MEIO DE VIDEOCHAMADAS DE FAMILIARES A PACIENTES INFECTADOS PELO NOVO CORONAVÍRUS (COVID-19) INTERNADOS EM UNIDADES DE TERAPIA INTENSIVA (UTIS) NO MUNICÍPIO DO RECIFE.",PLO 91/2020,https://publico.recife.pe.leg.br/consultas/materia/materia_mostrar_proc?cod_materia=96158,Samuel Salazar,Em vigor,Lei Ordinária 18747/2020
"Lei Ordinária nº 18746, de 30/07/2020",https://publico.recife.pe.leg.br/consultas/norma_juridica/norma_juridica_mostrar_proc?cod_norma=195,DISPÕE SOBRE O REGISTRO E A DIVULGAÇÃO SEMESTRAL DOS ÍNDICES DE VIOLÊNCIA CONTRA A POPULAÇÃO LGBT NO ÂMBITO DO MUNICÍPIO DO RECIFE.,PLO 150/2017,https://publico.recife.pe.leg.br/consultas/materia/materia_mostrar_proc?cod_materia=68959,Aline Mariano,Em vigor,Lei Ordinária 18746/2020
"Lei Ordinária nº 18745, de 27/07/2020",https://publico.recife.pe.leg.br/consultas/norma_juridica/norma_juridica_mostrar_proc?cod_norma=196,"INSTITUI, NO CALENDÁRIO OFICIAL DE EVENTOS DA CIDADE DO RECIFE, A “SEMANA MUNICIPAL DO AGENTE COMUNITÁRIO DE SAÚDE (ACS) E DO AGENTE DE COMBATE ÀS ENDEMIAS (ACE)”.",PLO 291/2019,https://publico.recife.pe.leg.br/consultas/materia/materia_mostrar_proc?cod_materia=92146,Benjamim da Saúde,Em vigor,Lei Ordinária 18745/2020
"Lei Ordinária nº 18744, de 27/07/2020",https://publico.recife.pe.leg.br/consultas/norma_juridica/norma_juridica_mostrar_proc?cod_norma=197,"INSTITUI NO CALENDÁRIO OFICIAL DE EVENTOS DO MUNICÍPIO DO RECIFE, A “SEMANA MUNICIPAL DE CONSCIENTIZAÇÃO E COMBATE À DISSEMINAÇÃO DE NOTÍCIAS FALSAS FAKE NEWS.",PLO 86/2020,https://publico.recife.pe.leg.br/consultas/materia/materia_mostrar_proc?cod_materia=96100,Hélio Guabiraba,Em vigor,Lei Ordinária 18744/2020
"Lei Ordinária nº 18743, de 27/07/2020",https://publico.recife.pe.leg.br/consultas/norma_juridica/norma_juridica_mostrar_proc?cod_norma=205,DENOMINAR-SE-Á DE DR. ENIO LUSTOSA CANTARELLI A   MAIS NOVA UNIDADE HOSPITALAR A SER CRIADA NA CIDADE DO RECIFE.,PLO 69/2020,https://publico.recife.pe.leg.br/consultas/materia/materia_mostrar_proc?cod_materia=95740,Antonio Luiz Neto,Em vigor,Lei Ordinária 18743/2020
"Lei Ordinária nº 18742, de 20/07/2020",https://publico.recife.pe.leg.br/consultas/norma_juridica/norma_juridica_mostrar_proc?cod_norma=259,DISPÕE SOBRE A LIBERAÇÃO DA ENTRADA DE ANIMAIS DE ESTIMAÇÃO EM CASAS DE REPOUSO DESTINADAS À POPULAÇÃO IDOSA NO MUNICÍPIO DO RECIFE E DÁ OUTRAS PROVIDÊNCIAS.,PLO 229/2019,https://publico.recife.pe.leg.br/consultas/materia/materia_mostrar_proc?cod_materia=90133,Aline Mariano,Em vigor,Lei Ordinária 18742/2020
"Lei Ordinária nº 18741, de 20/07/2020",https://publico.recife.pe.leg.br/consultas/norma_juridica/norma_juridica_mostrar_proc?cod_norma=261,"DENOMINA DE “CICLOFAIXA PROFESSOR JOSIAS ALBUQUERQUE” A ROTA CICLÁVEL EXISTENTE NAS RUAS BISPO CARDOSO AYRES E TREZE DE MAIO, NO MUNICÍPIO DO RECIFE.",PLO 34/2020,https://publico.recife.pe.leg.br/consultas/materia/materia_mostrar_proc?cod_materia=94742,Michele Collins,Em vigor,Lei Ordinária 18741/2020
"Lei Ordinária nº 18740, de 17/07/2020",https://publico.recife.pe.leg.br/consultas/norma_juridica/norma_juridica_mostrar_proc?cod_norma=262,"DISPÕE SOBRE A CONTRATAÇÃO DE ARTISTAS LOCAIS, ECONOMICAMENTE AFETADOS PELA PANDEMIA DO NOVO CORONAVÍRUS (COVID-19), PARA A REALIZAÇÃO DE SHOWS VIRTUAIS DURANTE O CICLO JUNINO NO MUNICÍPIO DO RECIFE.",PLO 70/2020,https://publico.recife.pe.leg.br/consultas/materia/materia_mostrar_proc?cod_materia=95741,Aline Mariano,Em vigor,Lei Ordinária 18740/2020
"Lei Ordinária nº 18739, de 15/07/2020",https://publico.recife.pe.leg.br/consultas/norma_juridica/norma_juridica_mostrar_proc?cod_norma=263,INSTITUI A “SEMANA MUNICIPAL DE ORIENTAÇÃO PROFISSIONAL PARA O PRIMEIRO EMPREGO” NO MUNICÍPIO DO RECIFE.,PLO 188/2019,https://publico.recife.pe.leg.br/consultas/materia/materia_mostrar_proc?cod_materia=89049,Almir Fernando,Em vigor,Lei Ordinária 18739/2020
"Lei Ordinária nº 18738, de 06/07/2020",https://publico.recife.pe.leg.br/consultas/norma_juridica/norma_juridica_mostrar_proc?cod_norma=264,"ALTERA O ART. 7°, ACRESCENTA O ART. 12-A E PRORROGA O PRAZO DO ART. 39 DA LEI MUNICIPAL Nº 17.537/2009 – QUE FIXA NORMAS PARA A EXPLORAÇÃO DO SISTEMA MUNICIPAL DE TÁXI NO MUNICÍPIO DO RECIFE - SMTX/RECIFE.",PLO 68/2020,https://publico.recife.pe.leg.br/consultas/materia/materia_mostrar_proc?cod_materia=95739,Aerto Luna,Em vigor,Lei Ordinária 18738/2020
"Lei Ordinária nº 18737, de 29/06/2020",https://publico.recife.pe.leg.br/consultas/norma_juridica/norma_juridica_mostrar_proc?cod_norma=265,INSTITUI NO CALENDÁRIO OFICIAL DE EVENTOS DO MUNICÍPIO DO RECIFE A “SEMANA DE CONSCIENTIZAÇÃO E COMBATE AOS CRIMES COMETIDOS POR MEIO DA INTERNET”.,PLO 32/2020,https://publico.recife.pe.leg.br/consultas/materia/materia_mostrar_proc?cod_materia=94725,Professora Ana Lúcia,Em vigor,Lei Ordinária 18737/2020
"Lei Ordinária nº 18736, de 29/06/2020",https://publico.recife.pe.leg.br/consultas/norma_juridica/norma_juridica_mostrar_proc?cod_norma=267,DISPÕE SOBRE A SUSPENSÃO DE CORTE DE ÁGUA E ENERGIA DURANTE 120 DIAS NO MUNICÍPIO DO RECIFE.,PLO 35/2020,https://publico.recife.pe.leg.br/consultas/materia/materia_mostrar_proc?cod_materia=94841,Rinaldo Júnior,Em vigor,Lei Ordinária 18736/2020
"Lei Ordinária nº 18735, de 26/06/2020",https://publico.recife.pe.leg.br/consultas/norma_juridica/norma_juridica_mostrar_proc?cod_norma=268,"DISPÕE SOBRE MENSAGENS EDUCATIVAS INFORMANDO OS MALEFÍCIOS DAS DROGAS E DO USO ABUSIVO DO ÁLCOOL EM SHOWS, EVENTOS CULTURAIS E ESPORTIVOS VOLTADOS PARA O PÚBLICO INFANTO-JUVENIL NO MUNICÍPIO DO RECIFE.",PLO 242/2019,https://publico.recife.pe.leg.br/consultas/materia/materia_mostrar_proc?cod_materia=90610,Aline Mariano,Em vigor,Lei Ordinária 18735/2020
"Lei Ordinária nº 18734, de 29/06/2020",https://publico.recife.pe.leg.br/consultas/norma_juridica/norma_juridica_mostrar_proc?cod_norma=270,"INSTITUI O “DIA MUNICIPAL DE PREVENÇÃO, ORIENTAÇÃO E COMBATE AO ACIDENTE VASCULAR CEREBRAL (AVC)” NO MUNICÍPIO DO RECIFE.",PLO 24/2020,https://publico.recife.pe.leg.br/consultas/materia/materia_mostrar_proc?cod_materia=94412,Professora Ana Lúcia,Em vigor,Lei Ordinária 18734/2020
"Lei Ordinária nº 18733, de 29/06/2020",https://publico.recife.pe.leg.br/consultas/norma_juridica/norma_juridica_mostrar_proc?cod_norma=272,"DENOMINA PROFESSOR FERNANDO FIGUEIRA A UNIDADE PÚBLICA AMBULATORIAL ESPECIALIZADA (UPA-E) A SER CONSTRUÍDA NO BAIRRO IBURA, LOCALIZADA NA AVENIDA DOIS RIOS, S/N, IBURA, RECIFE-PE.",PLO 15/2020,https://publico.recife.pe.leg.br/consultas/materia/materia_mostrar_proc?cod_materia=94333,Augusto Carreras,Em vigor,Lei Ordinária 18733/2020
"Lei Ordinária nº 18732, de 29/06/2020",https://publico.recife.pe.leg.br/consultas/norma_juridica/norma_juridica_mostrar_proc?cod_norma=276,INSTITUI NO CALENDÁRIO OFICIAL DE EVENTOS DO MUNICÍPIO DO RECIFE O “DIA MUNICIPAL DO CUIDADOR”.,PLO 28/2020,https://publico.recife.pe.leg.br/consultas/materia/materia_mostrar_proc?cod_materia=94551,Goretti Queiroz,Em vigor,Lei Ordinária 18732/2020
"Lei Ordinária nº 18731, de 29/06/2020",https://publico.recife.pe.leg.br/consultas/norma_juridica/norma_juridica_mostrar_proc?cod_norma=278,"INSTITUI O MÊS “JANEIRO BRANCO”, DEDICADO À CONSCIENTIZAÇÃO E À MOBILIZAÇÃO DA SOCIEDADE EM FAVOR DA SAÚDE MENTAL NO MUNICÍPIO DO RECIFE.",PLO 12/2020,https://publico.recife.pe.leg.br/consultas/materia/materia_mostrar_proc?cod_materia=94113,Goretti Queiroz,Em vigor,Lei Ordinária 18731/2020
"Lei Ordinária nº 18730, de 29/06/2020",https://publico.recife.pe.leg.br/consultas/norma_juridica/norma_juridica_mostrar_proc?cod_norma=281,"DENOMINA MAURÍCIO PEDROSA A PRAÇA A SER CONSTRUÍDA NA QUADRA ""A"" DO LOTEAMENTO NOVA MORADA, NO BAIRRO CAXANGÁ, NO MUNICÍPIO DO RECIFE.",PLO 9/2020,https://publico.recife.pe.leg.br/consultas/materia/materia_mostrar_proc?cod_materia=94106,Davi Muniz,Em vigor,Lei Ordinária 18730/2020
"Lei Ordinária nº 18729, de 29/06/2020",https://publico.recife.pe.leg.br/consultas/norma_juridica/norma_juridica_mostrar_proc?cod_norma=284,INSTITUI A “SEMANA DO AMBIENTALISMO CONSCIENTE” NO MUNICÍPIO DO RECIFE.,PLO 325/2019,https://publico.recife.pe.leg.br/consultas/materia/materia_mostrar_proc?cod_materia=93739,Rodrigo Coutinho,Em vigor,Lei Ordinária 18729/2020
"Lei Ordinária nº 18728, de 22/06/2020",https://publico.recife.pe.leg.br/consultas/norma_juridica/norma_juridica_mostrar_proc?cod_norma=293,"AUTORIZA, EM ATENDIMENTO AO § 2º DO ART. 9º DA LEI COMPLEMENTAR FEDERAL Nº 173, DE 27 DE MAIO DE 2020, A SUSPENSÃO DOS PAGAMENTOS DAS CONTRIBUIÇÕES PREVIDENCIÁRIAS PATRONAIS DO MUNICÍPIO DO RECIFE, DE SUAS AUTARQUIAS E FUNDAÇÕES DEVIDAS AO FUNDO PREVIDENCIÁRIO – RECIPREV, COM VENCIMENTO ENTRE 1º DE MARÇO E 31 DE DEZEMBRO DE 2020.",PLE 17/2020,https://publico.recife.pe.leg.br/consultas/materia/materia_mostrar_proc?cod_materia=97019,Prefeito do Recife,Em vigor,Lei Ordinária 18728/2020
"Lei Ordinária nº 18727, de 22/06/2020",https://publico.recife.pe.leg.br/consultas/norma_juridica/norma_juridica_mostrar_proc?cod_norma=301,"DENOMINA FRANCISCO BRENNAND O CENTRO COMUNITÁRIO DA PAZ (COMPAZ) A SER CONSTRUÍDO NO BAIRRO DA VÁRZEA, NO MUNICÍPIO DO RECIFE.",PLO 8/2020,https://publico.recife.pe.leg.br/consultas/materia/materia_mostrar_proc?cod_materia=94104,Davi Muniz,Em vigor,Lei Ordinária 18727/2020
"Lei Ordinária nº 18726, de 22/06/2020",https://publico.recife.pe.leg.br/consultas/norma_juridica/norma_juridica_mostrar_proc?cod_norma=308,INSTITUI NO CALENDÁRIO OFICIAL DE EVENTOS DO MUNICÍPIO DO RECIFE O “DIA MUNICIPAL DO OPTOMETRISTA”.,PLO 3/2020,https://publico.recife.pe.leg.br/consultas/materia/materia_mostrar_proc?cod_materia=93853,Almir Fernando,Em vigor,Lei Ordinária 18726/2020
"Lei Ordinária nº 18725, de 19/06/2020",https://publico.recife.pe.leg.br/consultas/norma_juridica/norma_juridica_mostrar_proc?cod_norma=506,DISPÕE SOBRE AS DIRETRIZES PARA ELABORAÇÃO E EXECUÇÃO DA LEI ORÇAMENTÁRIA DE 2021.,PLE 13/2020,https://publico.recife.pe.leg.br/consultas/materia/materia_mostrar_proc?cod_materia=95288,Prefeito do Recife,Em vigor,Lei Ordinária 18725/2020
"Lei Ordinária nº 18724, de 08/06/2020",https://publico.recife.pe.leg.br/consultas/norma_juridica/norma_juridica_mostrar_proc?cod_norma=514,"AUTORIZA A CRIAÇÃO, NO PLANO PLURIANUAL, DE OBJETIVO ESPECÍFICO RELACIONADO AO COMBATE DE SITUAÇÕES DE EMERGÊNCIA, COMO EPIDEMIAS E PANDEMIAS, E A CRIAÇÃO DE AÇÃO ORÇAMENTÁRIA ESPECÍFICA, EM FAVOR DA SECRETARIA DE SAÚDE E DO FUNDO MUNICIPAL DE SAÚDE.
""REGIME DE URGÊNCIA""",PLE 16/2020,https://publico.recife.pe.leg.br/consultas/materia/materia_mostrar_proc?cod_materia=96375,Prefeito do Recife,Em vigor,Lei Ordinária 18724/2020
"Lei Ordinária nº 18723, de 01/06/2020",https://publico.recife.pe.leg.br/consultas/norma_juridica/norma_juridica_mostrar_proc?cod_norma=518,"DISPÕE SOBRE A SUSPENSÃO DO PRAZO DE VALIDADE DOS CONCURSOS PÚBLICOS REALIZADOS NO ÂMBITO DO MUNICÍPIO DO RECIFE, ENQUANTO VIGENTE O “ESTADO DE CALAMIDADE PÚBLICA” DECORRENTE DA PANDEMIA DO CORONAVÍRUS (COVID-19).",PLO 50/2020,https://publico.recife.pe.leg.br/consultas/materia/materia_mostrar_proc?cod_materia=95134,Eriberto Rafael,Em vigor,Lei Ordinária 18723/2020
"Lei Ordinária nº 18722, de 25/05/2020",https://publico.recife.pe.leg.br/consultas/norma_juridica/norma_juridica_mostrar_proc?cod_norma=526,DISPÕE SOBRE A AFIXAÇÃO DE AVISOS QUE ORIENTEM SOBRE O CRIME DE ABUSO SEXUAL NO INTERIOR DOS VEÍCULOS DE TRANSPORTE PÚBLICO DO MUNICÍPIO DO RECIFE.,PLO 167/2019,https://publico.recife.pe.leg.br/consultas/materia/materia_mostrar_proc?cod_materia=88604,Almir Fernando,Em vigor,Lei Ordinária 18722/2020
"Lei Ordinária nº 18721, de 25/05/2020",https://publico.recife.pe.leg.br/consultas/norma_juridica/norma_juridica_mostrar_proc?cod_norma=527,PROÍBE A UTILIZAÇÃO DE CÃES DE GUARDA SEM A PRESENÇA DE UM PROFISSIONAL CAPACITADO NA PRESTAÇÃO DE SERVIÇOS DE VIGILÂNCIA A IMÓVEL E TERRENO DE ÓRGÃOS E ENTIDADES DA ADMINISTRAÇÃO PÚBLICA DO MUNICÍPIO DO RECIFE.,PLO 310/2019,https://publico.recife.pe.leg.br/consultas/materia/materia_mostrar_proc?cod_materia=93090,Goretti Queiroz,Em vigor,Lei Ordinária 18721/2020
"Lei Ordinária nº 18720, de 25/05/2020",https://publico.recife.pe.leg.br/consultas/norma_juridica/norma_juridica_mostrar_proc?cod_norma=528,"INSTITUI, NO CALENDÁRIO OFICIAL DE EVENTOS DO MUNICÍPIO DO RECIFE, O “DIA MUNICIPAL DE CONSCIENTIZAÇÃO SOBRE A EPILEPSIA”.",PLO 303/2019,https://publico.recife.pe.leg.br/consultas/materia/materia_mostrar_proc?cod_materia=92878,Michele Collins,Em vigor,Lei Ordinária 18720/2020
"Lei Ordinária nº 18719, de 25/05/2020",https://publico.recife.pe.leg.br/consultas/norma_juridica/norma_juridica_mostrar_proc?cod_norma=529,INSTITUI O DIA MUNICIPAL DO TRIATHLON NO CALENDÁRIO OFICIAL DE EVENTOS DO MUNICÍPIO DO RECIFE.,PLO 264/2019,https://publico.recife.pe.leg.br/consultas/materia/materia_mostrar_proc?cod_materia=91357,Almir Fernando,Em vigor,Lei Ordinária 18719/2020
"Lei Ordinária nº 18718, de 25/05/2020",https://publico.recife.pe.leg.br/consultas/norma_juridica/norma_juridica_mostrar_proc?cod_norma=530,"INSTITUI, NO CALENDÁRIO OFICIAL DE EVENTOS DO MUNICÍPIO DO RECIFE, O “DIA MUNICIPAL DO PROFISSIONAL DA IMPRENSA ESPORTIVA”.",PLO 110/2019,https://publico.recife.pe.leg.br/consultas/materia/materia_mostrar_proc?cod_materia=86969,Goretti Queiroz,Em vigor,Lei Ordinária 18718/2020
"Lei Ordinária nº 18717, de 25/05/2020",https://publico.recife.pe.leg.br/consultas/norma_juridica/norma_juridica_mostrar_proc?cod_norma=531,DECLARA UTILIDADE PÚBLICA O CENTRO DE EDUCAÇÃO COMUNITÁRIA GABRIELA FELIZ,PLO 14/2020,https://publico.recife.pe.leg.br/consultas/materia/materia_mostrar_proc?cod_materia=94305,Eriberto Rafael,Em vigor,Lei Ordinária 18717/2020
"Lei Ordinária nº 18716, de 13/05/2020",https://publico.recife.pe.leg.br/consultas/norma_juridica/norma_juridica_mostrar_proc?cod_norma=537,"ACRESCENTA NOVA ATRIBUIÇÃO À SECRETARIA DE EDUCAÇÃO, ALTERANDO A LEI Nº 17.108, DE 27 DE JULHO DE 2005.",PLE 15/2020,https://publico.recife.pe.leg.br/consultas/materia/materia_mostrar_proc?cod_materia=95477,Prefeito do Recife,Em vigor,Lei Ordinária 18716/2020
"Lei Ordinária nº 18715, de 06/05/2020",https://publico.recife.pe.leg.br/consultas/norma_juridica/norma_juridica_mostrar_proc?cod_norma=539,INSTITUI A “SEMANA DE PROTEÇÃO ANIMAL” NO MUNICÍPIO DO RECIFE.,PLO 302/2019,https://publico.recife.pe.leg.br/consultas/materia/materia_mostrar_proc?cod_materia=92809,Goretti Queiroz,Em vigor,Lei Ordinária 18715/2020
"Lei Ordinária nº 18714, de 06/05/2020",https://publico.recife.pe.leg.br/consultas/norma_juridica/norma_juridica_mostrar_proc?cod_norma=540,"CONCEDE ISENÇÃO DA CONTRIBUIÇÃO PARA O CUSTEIO DA ILUMINAÇÃO PÚBLICA – CIP PARA CONSUMIDORES DA CLASSE RESIDENCIAL ENQUADRADOS NA FAIXA DE CONSUMO ENTRE 80 (OITENTA) KWH E 220 (DUZENTOS E VINTE) KWH, DURANTE O PERÍODO COMPREENDIDO ENTRE 1º DE ABRIL E 30 DE JUNHO DE 2020.",PLE 14/2020,https://publico.recife.pe.leg.br/consultas/materia/materia_mostrar_proc?cod_materia=95454,Prefeito do Recife,Em vigor,Lei Ordinária 18714/2020
"Lei Ordinária nº 18713, de 30/03/2020",https://publico.recife.pe.leg.br/consultas/norma_juridica/norma_juridica_mostrar_proc?cod_norma=542,"INSTITUI, NO CALENDÁRIO OFICIAL DE EVENTOS DO MUNICÍPIO DO RECIFE, A “SEMANA MUNICIPAL DE CONSCIENTIZAÇÃO SOBRE A ALERGIA ALIMENTAR”.",PLO 235/2019,https://publico.recife.pe.leg.br/consultas/materia/materia_mostrar_proc?cod_materia=90246,Samuel Salazar,Em vigor,Lei Ordinária 18713/2020
"Lei Ordinária nº 18712, de 29/04/2020",https://publico.recife.pe.leg.br/consultas/norma_juridica/norma_juridica_mostrar_proc?cod_norma=543,INSTITUI O “DIA MUNICIPAL DO HISTORIADOR” NO CALENDÁRIO OFICIAL DE EVENTOS DO MUNICÍPIO DO RECIFE.,PLO 299/2019,https://publico.recife.pe.leg.br/consultas/materia/materia_mostrar_proc?cod_materia=92416,Almir Fernando,Em vigor,Lei Ordinária 18712/2020
"Lei Ordinária nº 18711, de 29/04/2020",https://publico.recife.pe.leg.br/consultas/norma_juridica/norma_juridica_mostrar_proc?cod_norma=544,"INSTITUI, NO CALENDÁRIO OFICIAL DE EVENTOS DA CIDADE DO RECIFE, O “DIA MUNICIPAL DE VALORIZAÇÃO DAS PRERROGATIVAS DA ADVOCACIA”.",PLO 269/2019,https://publico.recife.pe.leg.br/consultas/materia/materia_mostrar_proc?cod_materia=91561,Jayme Asfora,Em vigor,Lei Ordinária 18711/2020
"Lei Ordinária nº 18710, de 17/04/2020",https://publico.recife.pe.leg.br/consultas/norma_juridica/norma_juridica_mostrar_proc?cod_norma=545,"CONCEDE PENSÃO ESPECIAL COMPLEMENTAR AOS DEPENDENTES DOS SERVIDORES PÚBLICOS EFETIVOS, DA AREA DE SAÚDE, 
QUE VENHAM A FALECER NO EXERCÍCIO DAS SUAS ATIVIDADES ESSENCIAIS E PRESENCIAIS DE ENFRENTAMENTO À PANDEMIA DO COVID-19.",PLE 12/2020,https://publico.recife.pe.leg.br/consultas/materia/materia_mostrar_proc?cod_materia=95084,Prefeito do Recife,Em vigor,Lei Ordinária 18710/2020
"Lei Ordinária nº 18709, de 30/03/2020",https://publico.recife.pe.leg.br/consultas/norma_juridica/norma_juridica_mostrar_proc?cod_norma=546,INSTITUI NO CALENDÁRIO OFICIAL DE EVENTOS DO MUNICÍPIO DO RECIFE A “SEMANA MUNICIPAL DA JUVENTUDE”.,PLO 10/2020,https://publico.recife.pe.leg.br/consultas/materia/materia_mostrar_proc?cod_materia=94111,Rinaldo Júnior,Em vigor,Lei Ordinária 18709/2020
"Lei Ordinária nº 18708, de 06/04/2020",https://publico.recife.pe.leg.br/consultas/norma_juridica/norma_juridica_mostrar_proc?cod_norma=547,INSTITUI O DIA MUNICIPAL DO GRÊMIO ESTUDANTIL.,PLO 173/2018,https://publico.recife.pe.leg.br/consultas/materia/materia_mostrar_proc?cod_materia=82423,Rinaldo Júnior,Em vigor,Lei Ordinária 18708/2020
"Lei Ordinária nº 18707, de 03/04/2020",https://publico.recife.pe.leg.br/consultas/norma_juridica/norma_juridica_mostrar_proc?cod_norma=548,"REVOGA A LEI Nº 18.706, DE 1º DE ABRIL DE 2020 (LEI QUE DISPÕE SOBRE O REAJUSTE DA REMUNERAÇÃO DOS SERVIDORES DO PODER LEGISLATIVO MUNICIPAL E DÁ OUTRAS PROVIDÊNCIAS).",PLO 37/2020,https://publico.recife.pe.leg.br/consultas/materia/materia_mostrar_proc?cod_materia=94982,Comissão Executiva,Em vigor,Lei Ordinária 18707/2020
"Lei Ordinária nº 18706, de 01/04/2020",https://publico.recife.pe.leg.br/consultas/norma_juridica/norma_juridica_mostrar_proc?cod_norma=549,DISPÕE SOBRE O REAJUSTE DA REMUNERAÇÃO DOS SERVIDORES DO PODER LEGISLATIVO MUNICIPAL E DÁ OUTRAS PROVIDÊNCIAS.,PLO 27/2020,https://publico.recife.pe.leg.br/consultas/materia/materia_mostrar_proc?cod_materia=94536,Comissão Executiva,Revogada,Lei Ordinária 18706/2020
"Lei Ordinária nº 18705, de 30/03/2020",https://publico.recife.pe.leg.br/consultas/norma_juridica/norma_juridica_mostrar_proc?cod_norma=550,"DECLARA DE UTILIDADE PÚBLICA, NO ÂMBITO DO MUNICÍPIO DO RECIFE, O INSTITUTO DE APOIO SOCIOASSISTENCIAL DE PERNAMBUCO (IASPE).",PLO 18/2020,https://publico.recife.pe.leg.br/consultas/materia/materia_mostrar_proc?cod_materia=94340,Aerto Luna,Em vigor,Lei Ordinária 18705/2020
"Lei Ordinária nº 18704, de 30/03/2020",https://publico.recife.pe.leg.br/consultas/norma_juridica/norma_juridica_mostrar_proc?cod_norma=551,"REGULAMENTA OS PROCEDIMENTOS PARA CONTRATAÇÕES DESTINADAS AO FORNECIMENTO DE BENS, À PRESTAÇÃO DE SERVIÇOS, À LOCAÇÃO DE BENS E À EXECUÇÃO DE OBRAS NECESSÁRIAS AO ENFRENTAMENTO DA EMERGÊNCIA EM SAÚDE PÚBLICA DE IMPORTÂNCIA INTERNACIONAL, DECORRENTE DO CORONAVÍRUS, NO ÂMBITO DO PODER EXECUTIVO MUNICIPAL.",PLE 11/2020,https://publico.recife.pe.leg.br/consultas/materia/materia_mostrar_proc?cod_materia=94968,Prefeito do Recife,Em vigor,Lei Ordinária 18704/2020
"Lei Ordinária nº 18703, de 30/03/2020",https://publico.recife.pe.leg.br/consultas/norma_juridica/norma_juridica_mostrar_proc?cod_norma=552,INSTITUI O PROGRAMA EMERGENCIAL DE PAGAMENTO DO IPTU E DA TRSD REFERENTES AO EXERCÍCIO DE 2020.,PLE 10/2020,https://publico.recife.pe.leg.br/consultas/materia/materia_mostrar_proc?cod_materia=94964,Prefeito do Recife,Em vigor,Lei Ordinária 18703/2020
"Lei Ordinária nº 18702, de 30/03/2020",https://publico.recife.pe.leg.br/consultas/norma_juridica/norma_juridica_mostrar_proc?cod_norma=553,"CRIAÇÃO DO CONSELHO GESTOR DE CONFORMIDADE DOS CONTRATOS DE GESTÃO FIRMADOS COM AS ORGANIZAÇÕES SOCIAIS DE SAÚDE – OSS, NO ÂMBITO DA SECRETARIA DE SAÚDE DO RECIFE.",PLE 9/2020,https://publico.recife.pe.leg.br/consultas/materia/materia_mostrar_proc?cod_materia=94967,Prefeito do Recife,Em vigor,Lei Ordinária 18702/2020
"Lei Ordinária nº 18701, de 30/03/2020",https://publico.recife.pe.leg.br/consultas/norma_juridica/norma_juridica_mostrar_proc?cod_norma=554,"PRORROGA O PRAZO PARA ADESÃO PROGRAMA DE PARCELAMENTO INCENTIVADO (PPI) PREVISTO NA LEI N. 18.650, DE 30 DE OUTUBRO DE 2019, EM RAZÃO DE ESTADO DE EMERGÊNCIA DECORRENTE DA PANDEMIA DO COVID-19 (CORONAVÍRUS.",PLE 6/2020,https://publico.recife.pe.leg.br/consultas/materia/materia_mostrar_proc?cod_materia=94965,Prefeito do Recife,Em vigor,Lei Ordinária 18701/2020
"Lei Ordinária nº 18700, de 30/03/2020",https://publico.recife.pe.leg.br/consultas/norma_juridica/norma_juridica_mostrar_proc?cod_norma=555,"DENOMINAR-SE-Á RUA VICENTE FERREIRA DOS GUIMARÃES PEIXOTO A RUA FRANCISCO JACINTO, SITUADA NO BAIRRO DE SANTO AMARO.",PLO 29/2019,https://publico.recife.pe.leg.br/consultas/materia/materia_mostrar_proc?cod_materia=84905,Rogério de Lucca,Em vigor,Lei Ordinária 18700/2020
"Lei Ordinária nº 18699, de 30/03/2020",https://publico.recife.pe.leg.br/consultas/norma_juridica/norma_juridica_mostrar_proc?cod_norma=556,CRIA A “SEMANA MUNICIPAL DE PREVENÇÃO E CONSCIENTIZAÇÃO CONTRA VIOLÊNCIA E MAUS-TRATOS ÀS PESSOAS COM DEFICIÊNCIA”.,PLO 268/2019,https://publico.recife.pe.leg.br/consultas/materia/materia_mostrar_proc?cod_materia=91532,Professora Ana Lúcia,Em vigor,Lei Ordinária 18699/2020
"Lei Ordinária nº 18698, de 30/03/2020",https://publico.recife.pe.leg.br/consultas/norma_juridica/norma_juridica_mostrar_proc?cod_norma=558,"INSTITUI NO CALENDÁRIO OFICIAL DE EVENTOS DO MUNICÍPIO DO RECIFE O “DIA MUNICIPAL DO CAIAQUEIRO"".",PLO 276/2019,https://publico.recife.pe.leg.br/consultas/materia/materia_mostrar_proc?cod_materia=91627,Almir Fernando,Em vigor,Lei Ordinária 18698/2020
"Lei Ordinária nº 18697, de 30/03/2020",https://publico.recife.pe.leg.br/consultas/norma_juridica/norma_juridica_mostrar_proc?cod_norma=559,"DENOMINAR-SE-Á “ENGENHEIRO HÉLIO ALMEIDA ARAÚJO” A PRAÇA LOCALIZADA NA RUA DOS PALMARES, NO BAIRRO DE SANTO AMARO, NO MUNICÍPIO DO RECIFE.",PLO 283/2019,https://publico.recife.pe.leg.br/consultas/materia/materia_mostrar_proc?cod_materia=91838,João da Costa,Em vigor,Lei Ordinária 18697/2020
"Lei Ordinária nº 18696, de 30/03/2020",https://publico.recife.pe.leg.br/consultas/norma_juridica/norma_juridica_mostrar_proc?cod_norma=560,"DISPÕE SOBRE A INCLUSÃO NO CALENDÁRIO OFICIAL DE EVENTOS DO MUNICÍPIO DO RECIFE DO “DIA DA FAMÍLIA RECIFENSE”, A SER COMEMORADO NO PRIMEIRO DOMINGO APÓS O DIA INTERNACIONAL DA FAMÍLIA.",PLO 149/2018,https://publico.recife.pe.leg.br/consultas/materia/materia_mostrar_proc?cod_materia=81323,Fred Ferreira,Em vigor,Lei Ordinária 18696/2020
"Lei Ordinária nº 18695, de 30/03/2020",https://publico.recife.pe.leg.br/consultas/norma_juridica/norma_juridica_mostrar_proc?cod_norma=561,"DENOMINAR-SE-Á “VEREADOR GILBERTO LUNA” A CICLOVIA A SER INAUGURADA NA AV. MASCARENHAS DE MORAES, NO MUNICÍPIO DO RECIFE.",PLO 275/2019,https://publico.recife.pe.leg.br/consultas/materia/materia_mostrar_proc?cod_materia=91625,Almir Fernando,Em vigor,Lei Ordinária 18695/2020
"Lei Ordinária nº 18694, de 30/03/2020",https://publico.recife.pe.leg.br/consultas/norma_juridica/norma_juridica_mostrar_proc?cod_norma=717,"INSTITUI, NO CALENDÁRIO OFICIAL DE EVENTOS DO MUNICÍPIO DO RECIFE, O “DIA MUNICIPAL DO PROFISSIONAL DE GESTÃO EM QUALIDADE”.",PLO 288/2019,https://publico.recife.pe.leg.br/consultas/materia/materia_mostrar_proc?cod_materia=92100,Samuel Salazar,Em vigor,Lei Ordinária 18694/2020
"Lei Ordinária nº 18693, de 24/03/2020",https://publico.recife.pe.leg.br/consultas/norma_juridica/norma_juridica_mostrar_proc?cod_norma=718,INSTITUI O PROGRAMA EMERGENCIAL DE ANTECIPAÇÃO DO PAGAMENTO DO IPTU E DA TRSD REFERENTES AO EXERCÍCIO.,PLE 8/2020,https://publico.recife.pe.leg.br/consultas/materia/materia_mostrar_proc?cod_materia=94958,Prefeito do Recife,Em vigor,Lei Ordinária 18693/2020
"Lei Ordinária nº 18692, de 24/03/2020",https://publico.recife.pe.leg.br/consultas/norma_juridica/norma_juridica_mostrar_proc?cod_norma=719,DISPÕE SOBRE AUTORIZAÇÃO PARA CONTRATAÇÃO DE OPERAÇÃO DE CRÉDITO JUNTO AO BANCO DO BRASIL S.A.,PLE 7/2020,https://publico.recife.pe.leg.br/consultas/materia/materia_mostrar_proc?cod_materia=94929,Prefeito do Recife,Em vigor,Lei Ordinária 18692/2020
"Lei Ordinária nº 18691, de 20/03/2020",https://publico.recife.pe.leg.br/consultas/norma_juridica/norma_juridica_mostrar_proc?cod_norma=720,PROÍBE A COMERCIALIZAÇÃO E A OFERTA GRATUITA DE CANUDOS DE PLÁSTICO EM ESTABELECIMENTOS QUE MANIPULEM ALIMENTOS E BEBIDAS NO MUNICÍPIO DO RECIFE.,PLO 119/2019,https://publico.recife.pe.leg.br/consultas/materia/materia_mostrar_proc?cod_materia=87165,"Eriberto Rafael,                            Alcides Teixeira Neto,                            Rinaldo Júnior,                            Rodrigo Coutinho",Em vigor,Lei Ordinária 18691/2020
"Lei Ordinária nº 18690, de 16/03/2020",https://publico.recife.pe.leg.br/consultas/norma_juridica/norma_juridica_mostrar_proc?cod_norma=721,INSTITUI O FUNDO MUNICIPAL DE POLÍTICA PARA A MULHER - FMPM E DÁ OUTRAS PROVIDÊNCIAS.,PLE 40/2019,https://publico.recife.pe.leg.br/consultas/materia/materia_mostrar_proc?cod_materia=93791,Prefeito do Recife,Em vigor,Lei Ordinária 18690/2020
"Lei Ordinária nº 18689, de 16/03/2020",https://publico.recife.pe.leg.br/consultas/norma_juridica/norma_juridica_mostrar_proc?cod_norma=723,"REVOGA O § 3º DO ART. 2°DA LEI MUNICIPAL Nº 18.661, DE 14 DE NOVEMBRO DE 2019 E DÁ OUTRAS PROVIDÊNCIAS.
""REGIME DE URGÊNCIA""",PLE 1/2020,https://publico.recife.pe.leg.br/consultas/materia/materia_mostrar_proc?cod_materia=94608,Prefeito do Recife,Em vigor,Lei Ordinária 18689/2020
"Lei Ordinária nº 18688, de 16/03/2020",https://publico.recife.pe.leg.br/consultas/norma_juridica/norma_juridica_mostrar_proc?cod_norma=731,"ALTERA O ART.1°DA LEI MUNICIPAL Nº 18.615, DE 04 DE SETEMBRO DE 2019 E DÁ OUTRAS PROVIDÊNCIAS. 

""REGIME DE URGÊNCIA""",PLE 2/2020,https://publico.recife.pe.leg.br/consultas/materia/materia_mostrar_proc?cod_materia=94606,Prefeito do Recife,Em vigor,Lei Ordinária 18688/2020
"Lei Ordinária nº 18687, de 10/03/2020",https://publico.recife.pe.leg.br/consultas/norma_juridica/norma_juridica_mostrar_proc?cod_norma=735,DISPÕE SOBRE A AMPLIAÇÃO DA ZEIS CARANGUEJO TABAIARES.,PLE 21/2019,https://publico.recife.pe.leg.br/consultas/materia/materia_mostrar_proc?cod_materia=89267,Prefeito do Recife,Em vigor,Lei Ordinária 18687/2020
"Lei Ordinária nº 18686, de 11/03/2020",https://publico.recife.pe.leg.br/consultas/norma_juridica/norma_juridica_mostrar_proc?cod_norma=736,INSTITUI NO CALENDÁRIO OFICIAL DE EVENTOS DO MUNICÍPIO DO RECIFE O “DIA MUNICIPAL DO TRADUTOR E INTÉRPRETE DA LÍNGUA BRASILEIRA DE SINAIS (LIBRAS)”.,PLO 250/2019,https://publico.recife.pe.leg.br/consultas/materia/materia_mostrar_proc?cod_materia=90894,Professora Ana Lúcia,Em vigor,Lei Ordinária 18686/2020
"Lei Ordinária nº 18685, de 11/03/2020",https://publico.recife.pe.leg.br/consultas/norma_juridica/norma_juridica_mostrar_proc?cod_norma=737,"MODIFICA O ART. 1º DA LEI MUNICIPAL Nº 18.567, DE 9 DE ABRIL DE 2019, QUE INSTITUI NO CALENDÁRIO OFICIAL DE EVENTOS DO MUNICÍPIO DO RECIFE O ""DIA DA SECRETÁRIA"", A SER COMEMORADO, ANUALMENTE, NO DIA 30 DE SETEMBRO.",PLO 215/2019,https://publico.recife.pe.leg.br/consultas/materia/materia_mostrar_proc?cod_materia=89858,Almir Fernando,Em vigor,Lei Ordinária 18685/2020
"Lei Ordinária nº 18684, de 11/03/2020",https://publico.recife.pe.leg.br/consultas/norma_juridica/norma_juridica_mostrar_proc?cod_norma=740,CONSIDERA PATRIMÔNIO CULTURAL MATERIAL DO RECIFE O “PARQUE DAS ESCULTURAS”.,PLO 35/2019,https://publico.recife.pe.leg.br/consultas/materia/materia_mostrar_proc?cod_materia=84992,Samuel Salazar,Em vigor,Lei Ordinária 18684/2020
"Lei Ordinária nº 18683, de 11/03/2020",https://publico.recife.pe.leg.br/consultas/norma_juridica/norma_juridica_mostrar_proc?cod_norma=741,DENOMINAR-SE-Á “JEFFERSON ROBERTO DOS SANTOS” A PRÓXIMA ESCOLA MUNICIPAL A SER CONSTRUÍDA NO BAIRRO MANGABEIRA PELA PREFEITURA DA CIDADE DO RECIFE.,PLO 217/2019,https://publico.recife.pe.leg.br/consultas/materia/materia_mostrar_proc?cod_materia=89912,Almir Fernando,Em vigor,Lei Ordinária 18683/2020
"Lei Ordinária nº 18682, de 13/01/2020",https://publico.recife.pe.leg.br/consultas/norma_juridica/norma_juridica_mostrar_proc?cod_norma=742,"ESTABELECE NORMAS SUPLEMENTARES RELATIVAS À ATUAÇÃO DOS BOMBEIROS CIVIS NO MUNICÍPIO DO RECIFE, OBSERVADA A LEGISLAÇÃO FEDERAL E ESTADUAL EM VIGOR.",PLO 129/2019,https://publico.recife.pe.leg.br/consultas/materia/materia_mostrar_proc?cod_materia=87479,Gilberto Alves,Em vigor,Lei Ordinária 18682/2020
"Lei Ordinária nº 18681, de 13/01/2020",https://publico.recife.pe.leg.br/consultas/norma_juridica/norma_juridica_mostrar_proc?cod_norma=41,"INSTITUI, NO CALENDÁRIO OFICIAL DE EVENTOS DO MUNICÍPIO DO RECIFE, A SEMANA MUNICIPAL DO PROFISSIONAL DE EDUCAÇÃO FÍSICA.",PLO 32/2019,https://publico.recife.pe.leg.br/consultas/materia/materia_mostrar_proc?cod_materia=84945,Rinaldo Júnior,Em vigor,Lei Ordinária 18681/2020
"Lei Ordinária nº 18680, de 14/01/2020",https://publico.recife.pe.leg.br/consultas/norma_juridica/norma_juridica_mostrar_proc?cod_norma=927,DENOMINAR-SE-Á “JEFFERSON ROBERTO DOS SANTOS” A PRÓXIMA ESCOLA MUNICIPAL A SER CONSTRUÍDA NO BAIRRO MANGABEIRA PELA PREFEITURA DA CIDADE DO RECIFE.,PLO 217/2019,https://publico.recife.pe.leg.br/consultas/materia/materia_mostrar_proc?cod_materia=89912,Almir Fernando,Em vigor,Lei Ordinária 18680/2020
"Lei Ordinária nº 18679, de 04/01/2020",https://publico.recife.pe.leg.br/consultas/norma_juridica/norma_juridica_mostrar_proc?cod_norma=928,"DENOMINA “FLORANCE MARY FERREIRA MONT´ALVERNE” A PRAÇA SITUADA NO BAIRRO TORRE, MUNICÍPIO DO RECIFE.",PLO 296/2019,https://publico.recife.pe.leg.br/consultas/materia/materia_mostrar_proc?cod_materia=92279,Aderaldo Pinto,Em vigor,Lei Ordinária 18679/2020
"Lei Ordinária nº 18680, de 11/12/2019",https://publico.recife.pe.leg.br/consultas/norma_juridica/norma_juridica_mostrar_proc?cod_norma=1577,DENOMINAR-SE-Á “JEFFERSON ROBERTO DOS SANTOS” A PRÓXIMA ESCOLA MUNICIPAL A SER CONSTRUÍDA NO BAIRRO MANGABEIRA PELA PREFEITURA DA CIDADE DO RECIFE.,PLO 217/2019,https://publico.recife.pe.leg.br/consultas/materia/materia_mostrar_proc?cod_materia=89912,Almir Fernando,Em vigor,Lei Ordinária 18680/2019
"Lei Ordinária nº 18679, de 31/12/2019",https://publico.recife.pe.leg.br/consultas/norma_juridica/norma_juridica_mostrar_proc?cod_norma=1579,"DENOMINA “FLORANCE MARY FERREIRA MONT´ALVERNE” A PRAÇA SITUADA NO BAIRRO TORRE, MUNICÍPIO DO RECIFE.",PLO 296/2019,https://publico.recife.pe.leg.br/consultas/materia/materia_mostrar_proc?cod_materia=92279,Aderaldo Pinto,Em vigor,Lei Ordinária 18679/2019
"Lei Ordinária nº 18678, de 27/12/2019",https://publico.recife.pe.leg.br/consultas/norma_juridica/norma_juridica_mostrar_proc?cod_norma=933,"ALTERA ZONEAMENTO DA CIDADE, INSTITUINDO ZONA ESPECIAL DE INTERESSE SOCIAL II - ZEIS II",PLE 39/2019,https://publico.recife.pe.leg.br/consultas/materia/materia_mostrar_proc?cod_materia=92923,Prefeito do Recife,Em vigor,Lei Ordinária 18678/2019
"Lei Ordinária nº 18677, de 27/12/2019",https://publico.recife.pe.leg.br/consultas/norma_juridica/norma_juridica_mostrar_proc?cod_norma=937,"AUTORIZA O PREFEITO DA CIDADE DO RECIFE, ASSINAR ACORDOS COM ESCRITÓRIO DAS NAÇÕES UNIDAS SOBRE DROGAS E CRIME- UNODC.",PLE 38/2019,https://publico.recife.pe.leg.br/consultas/materia/materia_mostrar_proc?cod_materia=92922,Prefeito do Recife,Em vigor,Lei Ordinária 18677/2019
"Lei Ordinária nº 18676, de 27/12/2019",https://publico.recife.pe.leg.br/consultas/norma_juridica/norma_juridica_mostrar_proc?cod_norma=938,"DISPÕE SOBRE A ESTRUTURA ORGÂNICA DO PROCON RECIFE, O FUNDO MUNICIPAL DE DEFESA DO CONSUMIDOR – FUNDEC, REVOGA A LEI Nº 16.695, DE 5 DE OUTUBRO DE 2001, E DÁ OUTRAS PROVIDÊNCIAS.",PLE 37/2019,https://publico.recife.pe.leg.br/consultas/materia/materia_mostrar_proc?cod_materia=92908,Prefeito do Recife,Em vigor,Lei Ordinária 18676/2019
"Lei Ordinária nº 18675, de 27/12/2019",https://publico.recife.pe.leg.br/consultas/norma_juridica/norma_juridica_mostrar_proc?cod_norma=939,"DÁ NOVA REDAÇÃO AO ARTIGO 6º, DA LEI Nº 17.103, DE 06 DE JULHO DE 2005.(QUE DISPÕE SOBRE GRATIFICAÇÃO  A SERVIDORES MUNICIPAIS RESPONSÁVEIS POR ENTREGA DE DOCUMENTOS ORIUNDOS DA SECRETARIA DE FINANÇAS E PROCURADORIA GERAL DO MUNICÍPIO).",PLE 28/2019,https://publico.recife.pe.leg.br/consultas/materia/materia_mostrar_proc?cod_materia=91751,Prefeito do Recife,Em vigor,Lei Ordinária 18675/2019
"Lei Ordinária nº 18674, de 23/12/2019",https://publico.recife.pe.leg.br/consultas/norma_juridica/norma_juridica_mostrar_proc?cod_norma=940,"INSTITUI, NO CALENDÁRIO OFICIAL DE EVENTOS DO MUNICÍPIO DO RECIFE, O “DIA MUNICIPAL DE COMBATE À INTOLERÂNCIA RELIGIOSA”.",PLO 263/2019,https://publico.recife.pe.leg.br/consultas/materia/materia_mostrar_proc?cod_materia=91258,Aerto Luna,Em vigor,Lei Ordinária 18674/2019
"Lei Ordinária nº 18673, de 23/12/2019",https://publico.recife.pe.leg.br/consultas/norma_juridica/norma_juridica_mostrar_proc?cod_norma=942,"ALTERA DISPOSITIVOS DA LEI Nº 15.563, DE 27 DE DEZEMBRO DE 1991 - CÓDIGO TRIBUTÁRIO MUNICIPAL, DA LEI Nº 18.276, DE 2 DEZEMBRO DE 2016 E DA LEI Nº 17.944, DE 9 DEZEMBRO DE 2013.",PLE 36/2019,https://publico.recife.pe.leg.br/consultas/materia/materia_mostrar_proc?cod_materia=92909,Prefeito do Recife,Em vigor,Lei Ordinária 18673/2019
"Lei Ordinária nº 18672, de 16/12/2019",https://publico.recife.pe.leg.br/consultas/norma_juridica/norma_juridica_mostrar_proc?cod_norma=944,ESTIMA A RECEITA E FIXA A DESPESA DO MUNICÍPIO DO RECIFE PARA O EXERCÍCIO DE 2020.,PLE 25/2019,https://publico.recife.pe.leg.br/consultas/materia/materia_mostrar_proc?cod_materia=91424,Prefeito do Recife,Em vigor,Lei Ordinária 18672/2019
"Lei Ordinária nº 18670, de 13/12/2019",https://publico.recife.pe.leg.br/consultas/norma_juridica/norma_juridica_mostrar_proc?cod_norma=949,"ALTERA O NOME DA RUA CLETO PRAIA, NO BAIRRO DE NOVA DESCOBERTA, PARA “RUA MARIA JOSÉ DE SOUZA MENDONÇA""",PLO 187/2019,https://publico.recife.pe.leg.br/consultas/materia/materia_mostrar_proc?cod_materia=89047,Almir Fernando,Em vigor,Lei Ordinária 18670/2019
"Lei Ordinária nº 18669, de 05/12/2019",https://publico.recife.pe.leg.br/consultas/norma_juridica/norma_juridica_mostrar_proc?cod_norma=951,"INSTITUI, NO CALENDÁRIO OFICIAL DO RECIFE, O DIA 17 DE SETEMBRO COMO  DIA MUNICIPAL DA PESSOA COM DOENÇAS NEUROMUSCULAR.",PLO 191/2018,https://publico.recife.pe.leg.br/consultas/materia/materia_mostrar_proc?cod_materia=82942,Michele Collins,Em vigor,Lei Ordinária 18669/2019
"Lei Ordinária nº 18668, de 05/12/2019",https://publico.recife.pe.leg.br/consultas/norma_juridica/norma_juridica_mostrar_proc?cod_norma=978,ESTABELECE NORMAS BÁSICAS DE SEGURANÇA PARA O FUNCIONAMENTO DE KARTÓDROMOS NO MUNICÍPIO DO RECIFE.,PLO 212/2019,https://publico.recife.pe.leg.br/consultas/materia/materia_mostrar_proc?cod_materia=89691,Professora Ana Lúcia,Em vigor,Lei Ordinária 18668/2019
"Lei Ordinária nº 18667, de 03/12/2019",https://publico.recife.pe.leg.br/consultas/norma_juridica/norma_juridica_mostrar_proc?cod_norma=979,"TORNA OBRIGATÓRIA A AFIXAÇÃO DE PLACA EM BRAILE NAS ESCADAS E ESTEIRAS ROLANTES DE SHOPPINGS, CENTROS DE FEIRAS E GALERIAS COMERCIAIS BEM COMO DE LOJAS E CINEMAS DO MUNICÍPIO DO RECIFE.",PLO 179/2019,https://publico.recife.pe.leg.br/consultas/materia/materia_mostrar_proc?cod_materia=88946,Natália de Menudo,Em vigor,Lei Ordinária 18667/2019
"Lei Ordinária nº 18666, de 03/12/2019",https://publico.recife.pe.leg.br/consultas/norma_juridica/norma_juridica_mostrar_proc?cod_norma=980,"DENOMINAR-SE-Á “DESEMBARGADOR MÁRIO  MELO” A RUA SITUADA NO BAIRRO ILHA DO RETIRO, NO MUNICÍPIO DO RECIFE.",PLO 289/2019,https://publico.recife.pe.leg.br/consultas/materia/materia_mostrar_proc?cod_materia=92101,Samuel Salazar,Em vigor,Lei Ordinária 18666/2019
"Lei Ordinária nº 18665, de 02/12/2019",https://publico.recife.pe.leg.br/consultas/norma_juridica/norma_juridica_mostrar_proc?cod_norma=981,"MODIFICA A LEI Nº 18.258, DE 05 DE AGOSTO DE 2016, QUE REGULA O USO DE ALARMES SONOROS DE GARAGENS NO MUNICÍPIO DE RECIFE.",PLO 194/2018,https://publico.recife.pe.leg.br/consultas/materia/materia_mostrar_proc?cod_materia=83206,André Régis,Em vigor,Lei Ordinária 18665/2019
"Lei Ordinária nº 18664, de 02/12/2019",https://publico.recife.pe.leg.br/consultas/norma_juridica/norma_juridica_mostrar_proc?cod_norma=982,"INSTITUI, NO CALENDÁRIO OFICIAL DE EVENTOS DO MUNICÍPIO DO RECIFE, O “DIA MUNICIPAL DO RADIALISTA”.",PLO 234/2019,https://publico.recife.pe.leg.br/consultas/materia/materia_mostrar_proc?cod_materia=90200,Hélio Guabiraba,Em vigor,Lei Ordinária 18664/2019
"Lei Ordinária nº 18663, de 29/11/2019",https://publico.recife.pe.leg.br/consultas/norma_juridica/norma_juridica_mostrar_proc?cod_norma=983,"CRIA CARGOS PÚBLICOS EFETIVOS NO ÂMBITO DA SECRETARIA DE SAÚDE DO MUNICÍPIO DO RECIFE, ALTERA DISPOSITIVOS DA LEI Nº 18.592, DE 20 DE JUNHO DE 2019, DA LEI Nº 18.504, DE 5 DE JULHO DE 2018, DA LEI Nº 17.772, DE 16 DE JANEIRO DE 2012, DA LEI Nº 17.732, DE 29 DE AGOSTO DE 2011, INSTITUI A COMISSÃO PERMANENTE DE APURAÇÃO E APLICAÇÃO DE PENALIDADES, E DÁ OUTRAS PROVIDÊNCIAS.       
""REGIME DE URGÊNCIA""",PLE 35/2019,https://publico.recife.pe.leg.br/consultas/materia/materia_mostrar_proc?cod_materia=92910,Prefeito do Recife,Em vigor,Lei Ordinária 18663/2019
"Lei Ordinária nº 18662, de 18/11/2019",https://publico.recife.pe.leg.br/consultas/norma_juridica/norma_juridica_mostrar_proc?cod_norma=984,"INSTITUI, NO CALENDÁRIO OFICIAL DE EVENTOS DO MUNICÍPIO DO RECIFE, O “DIA MUNICIPAL DO PROFISSIONAL DE TECNOLOGIA DA INFORMAÇÃO”.",PLO 248/2019,https://publico.recife.pe.leg.br/consultas/materia/materia_mostrar_proc?cod_materia=90886,Eriberto Rafael,Em vigor,Lei Ordinária 18662/2019
"Lei Ordinária nº 18661, de 13/11/2019",https://publico.recife.pe.leg.br/consultas/norma_juridica/norma_juridica_mostrar_proc?cod_norma=985,"DISPÕE SOBRE AUTORIZAÇÃO PARA CONTRATAÇÃO DE OPERAÇÃO DE CRÉDITO JUNTO À CAIXA ECONÔMICA FEDERAL. NO ÂMBITO DO FINISA – FINANCIAMENTO A INFRAESTRUTURA E AO SANEAMENTO NO VALOR DE R$ 201.000.000,00.",PLE 34/2019,https://publico.recife.pe.leg.br/consultas/materia/materia_mostrar_proc?cod_materia=92440,Prefeito do Recife,Em vigor,Lei Ordinária 18661/2019
"Lei Ordinária nº 18660, de 13/11/2019",https://publico.recife.pe.leg.br/consultas/norma_juridica/norma_juridica_mostrar_proc?cod_norma=986,"DISPÕE SOBRE AUTORIZAÇÃO PARA CONTRATAÇÃO DE OPERAÇÃO DE CRÉDITO JUNTO AO BANCO DO BRASIL S.A. NO ÂMBITO DO PROGRAMA EFICIÊNCIA MUNICIPAL NO VALOR DE R$ 35.000.000,00.
""REGIME DE URGÊNCIA""",PLE 33/2019,https://publico.recife.pe.leg.br/consultas/materia/materia_mostrar_proc?cod_materia=92301,Prefeito do Recife,Em vigor,Lei Ordinária 18660/2019
"Lei Ordinária nº 18659, de 13/11/2019",https://publico.recife.pe.leg.br/consultas/norma_juridica/norma_juridica_mostrar_proc?cod_norma=987,"ALTERA A REDAÇÃO DA LEI MUNICIPAL Nº 17.105, DE 15 DE JULHO DE 2005, QUE REGE O CONSELHO MUNICIPAL DE POLÍTICA CULTURAL.",PLE 32/2019,https://publico.recife.pe.leg.br/consultas/materia/materia_mostrar_proc?cod_materia=91936,Prefeito do Recife,Em vigor,Lei Ordinária 18659/2019
"Lei Ordinária nº 18658, de 06/11/2019",https://publico.recife.pe.leg.br/consultas/norma_juridica/norma_juridica_mostrar_proc?cod_norma=988,DECLARA O RECIFENSE PAULO FREIRE PATRONO DA EDUCAÇÃO DO RECIFE.,PLO 199/2019,https://publico.recife.pe.leg.br/consultas/materia/materia_mostrar_proc?cod_materia=89253,Rinaldo Júnior,Em vigor,Lei Ordinária 18658/2019
"Lei Ordinária nº 18657, de 04/11/2019",https://publico.recife.pe.leg.br/consultas/norma_juridica/norma_juridica_mostrar_proc?cod_norma=1003,"INSTITUI O DIA MUNICIPAL DA SEGURANÇA URBANA NO CALENDÁRIO OFICIAL DE EVENTOS DO MUNICÍPIO DO RECIFE,  A SER CELEBRADO NO DIA 21 DE ABRIL E DÁ OUTRAS PROVIDÊNCIAS.",PLO 58/2019,https://publico.recife.pe.leg.br/consultas/materia/materia_mostrar_proc?cod_materia=85722,Almir Fernando,Em vigor,Lei Ordinária 18657/2019
"Lei Ordinária nº 18656, de 04/11/2019",https://publico.recife.pe.leg.br/consultas/norma_juridica/norma_juridica_mostrar_proc?cod_norma=1004,INSTITUI MULTA AO USUÁRIO DOS VEÍCULOS QUE OPERAM LINHAS DO SISTEMA DE TRANSPORTE PÚBLICO DE PASSAGEIROS DO RECIFE – STPP/RECIFE.,PLO 139/2019,https://publico.recife.pe.leg.br/consultas/materia/materia_mostrar_proc?cod_materia=87751,Michele Collins,Em vigor,Lei Ordinária 18656/2019
"Lei Ordinária nº 18655, de 04/11/2019",https://publico.recife.pe.leg.br/consultas/norma_juridica/norma_juridica_mostrar_proc?cod_norma=1005,"DENOMINAR-SE-Á “GOVERNADOR EDUARDO CAMPOS” O PARQUE PÚBLICO A SER INSTALADO NO ANTIGO TERRENO DO AEROCLUBE DE PERNAMBUCO, NO BAIRRO PINA, RECIFE/PE.",PLO 56/2019,https://publico.recife.pe.leg.br/consultas/materia/materia_mostrar_proc?cod_materia=85559,Rodrigo Coutinho,Em vigor,Lei Ordinária 18655/2019
"Lei Ordinária nº 18654, de 04/11/2019",https://publico.recife.pe.leg.br/consultas/norma_juridica/norma_juridica_mostrar_proc?cod_norma=1006,"AUTORIZA A ABERTURA DE CRÉDITO ESPECIAL AO ORÇAMENTO FISCAL DO MUNICÍPIO DO RECIFE, EM FAVOR DA AUTARQUIA DE TRÂNSITO E TRANSPORTES URBANOS – CTTU, NO VALOR DE R$ 100.000,00 (CEM MIL REAIS).",PLE 15/2019,https://publico.recife.pe.leg.br/consultas/materia/materia_mostrar_proc?cod_materia=88560,Prefeito do Recife,Em vigor,Lei Ordinária 18654/2019
"Lei Ordinária nº 18653, de 01/11/2019",https://publico.recife.pe.leg.br/consultas/norma_juridica/norma_juridica_mostrar_proc?cod_norma=1008,DISPÕE SOBRE RETRIBUIÇÃO PECUNIÁRIA A SERVIDORES NO ÂMBITO DA CÂMARA MUNICIPAL DO RECIFE E DÁ OUTRAS PROVIDENCIAS,PLO 261/2019,https://publico.recife.pe.leg.br/consultas/materia/materia_mostrar_proc?cod_materia=91467,Comissão Executiva,Em vigor,Lei Ordinária 18653/2019
"Lei Ordinária nº 18652, de 30/10/2019",https://publico.recife.pe.leg.br/consultas/norma_juridica/norma_juridica_mostrar_proc?cod_norma=1570,"AUTORIZA O PODER EXECUTIVO A CONTRATAR OPERAÇÃO DE CRÉDITO JUNTO AO BANCO NACIONAL DE DESENVOLVIMENTO ECONÔMICO E SOCIAL (BNDES) RELATIVA AO PROGRAMA DE MODERNIZAÇÃO DA ADMINISTRAÇÃO TRIBUTÁRIA E DA GESTÃO DOS SETORES SOCIAIS BÁSICOS (PMAT). 
 ""REGIME DE URGÊNCIA""",PLE 30/2019,https://publico.recife.pe.leg.br/consultas/materia/materia_mostrar_proc?cod_materia=91822,Prefeito do Recife,Em vigor,Lei Ordinária 18652/2019
"Lei Ordinária nº 18651, de 30/10/2019",https://publico.recife.pe.leg.br/consultas/norma_juridica/norma_juridica_mostrar_proc?cod_norma=1036,INSTITUI O PROGRAMA DE REGULARIZAÇÃO DO IPTU COMPLEMENTAR 2015/2016.,PLE 31/2019,https://publico.recife.pe.leg.br/consultas/materia/materia_mostrar_proc?cod_materia=91823,Prefeito do Recife,Em vigor,Lei Ordinária 18651/2019
"Lei Ordinária nº 18650, de 30/10/2019",https://publico.recife.pe.leg.br/consultas/norma_juridica/norma_juridica_mostrar_proc?cod_norma=1040,"INSTITUI O PROGRAMA DE PARCELAMENTO INCENTIVADO - PPI, NO MUNICÍPIO DO RECIFE.",PLE 29/2019,https://publico.recife.pe.leg.br/consultas/materia/materia_mostrar_proc?cod_materia=91821,Prefeito do Recife,Em vigor,Lei Ordinária 18650/2019
"Lei Ordinária nº 18649, de 28/10/2019",https://publico.recife.pe.leg.br/consultas/norma_juridica/norma_juridica_mostrar_proc?cod_norma=1045,"INSTITUI A DATA DE 15/01/1654 COMO MARCO INAUGURAL DE CRIAÇÃO DO BAIRRO DE SANTO AMARO E INCLUI, NO CALENDÁRIO OFICIAL DE EVENTOS DO MUNICÍPIO DO RECIFE, O DIA 15 DE JANEIRO COMO ANIVERSÁRIO DO BAIRRO.",PLO 201/2019,https://publico.recife.pe.leg.br/consultas/materia/materia_mostrar_proc?cod_materia=89376,Alcides Teixeira Neto,Em vigor,Lei Ordinária 18649/2019
"Lei Ordinária nº 18648, de 28/10/2019",https://publico.recife.pe.leg.br/consultas/norma_juridica/norma_juridica_mostrar_proc?cod_norma=1048,"DENOMINA “SEVERINO MIGUEL DE SOUZA (BIBIU)” A PRAÇA E A QUADRA DE ESPORTES LOCALIZADAS NA RUA ALTO JOSÉ BONIFÁCIO, NO BAIRRO ALTO JOSÉ BONIFÁCIO.",PLO 175/2019,https://publico.recife.pe.leg.br/consultas/materia/materia_mostrar_proc?cod_materia=88869,Almir Fernando,Em vigor,Lei Ordinária 18648/2019
"Lei Ordinária nº 18647, de 18/10/2019",https://publico.recife.pe.leg.br/consultas/norma_juridica/norma_juridica_mostrar_proc?cod_norma=1068,INSTITUI O “DIA MUNICIPAL DE CONSCIENTIZAÇÃO DA SÍNDROME DE TOURETTE” NO CALENDÁRIO OFICIAL DE EVENTOS DO MUNICÍPIO DO RECIFE.,PLO 151/2019,https://publico.recife.pe.leg.br/consultas/materia/materia_mostrar_proc?cod_materia=87958,Professora Ana Lúcia,Em vigor,Lei Ordinária 18647/2019
"Lei Ordinária nº 18646, de 18/10/2019",https://publico.recife.pe.leg.br/consultas/norma_juridica/norma_juridica_mostrar_proc?cod_norma=1569,"INSTITUI, NO CALENDÁRIO OFICIAL DE EVENTOS DO MUNICÍPIO DO RECIFE, O “DIA DE UMA ÁRVORE NA CALÇADA”.",PLO 162/2019,https://publico.recife.pe.leg.br/consultas/materia/materia_mostrar_proc?cod_materia=88302,Goretti Queiroz,Em vigor,Lei Ordinária 18646/2019
"Lei Ordinária nº 18645, de 18/10/2019",https://publico.recife.pe.leg.br/consultas/norma_juridica/norma_juridica_mostrar_proc?cod_norma=1086,INCLUI NO CALENDÁRIO OFICIAL DE EVENTOS DO MUNICÍPIO DO RECIFE O “DIA MUNICIPAL DO AGENTE DE SAÚDE AMBIENTAL E COMBATE ÀS ENDEMIAS (ASACE)”.,PLO 180/2019,https://publico.recife.pe.leg.br/consultas/materia/materia_mostrar_proc?cod_materia=88952,Almir Fernando,Em vigor,Lei Ordinária 18645/2019
"Lei Ordinária nº 18644, de 18/10/2019",https://publico.recife.pe.leg.br/consultas/norma_juridica/norma_juridica_mostrar_proc?cod_norma=1088,"DISPÕE SOBRE A OBRIGATORIEDADE DO FORNECIMENTO DE CARDÁPIO EM BRAILE NOS BARES, RESTAURANTES, LANCHONETES, HOTÉIS, CLUBES, CASAS DE SHOW E SIMILARES SITUADOS NO MUNICÍPIO DO RECIFE",PLO 22/2019,https://publico.recife.pe.leg.br/consultas/materia/materia_mostrar_proc?cod_materia=84683,André Régis,Em vigor,Lei Ordinária 18644/2019
"Lei Ordinária nº 18643, de 18/10/2019",https://publico.recife.pe.leg.br/consultas/norma_juridica/norma_juridica_mostrar_proc?cod_norma=1091,"ALTERA A REDAÇÃO DO ART. 1º DA LEI Nº 16.900, DE 17 DE OUTUBRO DE 2003.",PLO 79/2018,https://publico.recife.pe.leg.br/consultas/materia/materia_mostrar_proc?cod_materia=79369,Carlos Gueiros,Em vigor,Lei Ordinária 18643/2019
"Lei Ordinária nº 18642, de 18/10/2019",https://publico.recife.pe.leg.br/consultas/norma_juridica/norma_juridica_mostrar_proc?cod_norma=1093,INSTITUI O “DIA MUNICIPAL DO TÉCNICO EM SEGURANÇA DO TRABALHO” NO CALENDÁRIO OFICIAL DE EVENTOS DO MUNICÍPIO DO RECIFE.,PLO 174/2019,https://publico.recife.pe.leg.br/consultas/materia/materia_mostrar_proc?cod_materia=88865,Almir Fernando,Em vigor,Lei Ordinária 18642/2019
"Lei Ordinária nº 18641, de 18/10/2019",https://publico.recife.pe.leg.br/consultas/norma_juridica/norma_juridica_mostrar_proc?cod_norma=1095,"INSTITUI O MÊS “JUNHO BRANCO” PARA A PREVENÇÃO, CONSCIENTIZAÇÃO E EDUCAÇÃO QUANTO AOS MALEFÍCIOS DO CONSUMO DE DROGAS LÍCITAS E ILÍCITAS NO MUNICÍPIO DO RECIFE.",PLO 181/2019,https://publico.recife.pe.leg.br/consultas/materia/materia_mostrar_proc?cod_materia=88955,Almir Fernando,Em vigor,Lei Ordinária 18641/2019
"Lei Ordinária nº 18640, de 18/10/2019",https://publico.recife.pe.leg.br/consultas/norma_juridica/norma_juridica_mostrar_proc?cod_norma=1096,"DISPÕE SOBRE A COLOCAÇÃO DE INFORMAÇÕES SOBRE CAMPANHAS DE VACINAÇÃO NAS AGENDAS, CADERNOS E/OU QUALQUER MEIO DE COMUNICAÇÃO ESCRITO ESTABELECIDO COM OS PAIS DOS ALUNOS DA REDE PÚBLICA DE ENSINO NO ÂMBITO DO MUNICÍPIO DO RECIFE.",PLO 289/2017,https://publico.recife.pe.leg.br/consultas/materia/materia_mostrar_proc?cod_materia=72624,Eriberto Rafael,Em vigor,Lei Ordinária 18640/2019
"Lei Ordinária nº 18639, de 14/10/2019",https://publico.recife.pe.leg.br/consultas/norma_juridica/norma_juridica_mostrar_proc?cod_norma=1098,"DENOMINAR-SE-Á “NEM BARROCE”, O VESTIÁRIO DO PARQUE ARRAIAL NOVO DO BOM JESUS, LOCALIZADO NA ESTRADA DO FORTE DO ARRAIAL NOVO DO BOM JESUS, NO BAIRRO TORRÕES.",PLO 193/2019,https://publico.recife.pe.leg.br/consultas/materia/materia_mostrar_proc?cod_materia=89236,Júnior Bocão,Em vigor,Lei Ordinária 18639/2019
"Lei Ordinária nº 18638, de 11/10/2019",https://publico.recife.pe.leg.br/consultas/norma_juridica/norma_juridica_mostrar_proc?cod_norma=1104,CRIA O “DIA MUNICIPAL DE COMBATE À IMPORTUNAÇÃO SEXUAL – NÃO É NÃO” NO CALENDÁRIO OFICIAL DE EVENTOS DO MUNICÍPIO DO RECIFE.,PLO 134/2019,https://publico.recife.pe.leg.br/consultas/materia/materia_mostrar_proc?cod_materia=87612,Natália de Menudo,Em vigor,Lei Ordinária 18638/2019
"Lei Ordinária nº 18637, de 11/10/2019",https://publico.recife.pe.leg.br/consultas/norma_juridica/norma_juridica_mostrar_proc?cod_norma=1105,"INSTITUI, NO CALENDÁRIO OFICIAL DE EVENTOS DO MUNICÍPIO DO RECIFE, O “DIA DO CATADOR”.",PLO 132/2019,https://publico.recife.pe.leg.br/consultas/materia/materia_mostrar_proc?cod_materia=87610,Goretti Queiroz,Em vigor,Lei Ordinária 18637/2019
"Lei Ordinária nº 18636, de 11/10/2019",https://publico.recife.pe.leg.br/consultas/norma_juridica/norma_juridica_mostrar_proc?cod_norma=1109,"DENOMINA “CRECHE MIGUEL ARRAES”, O CENTRO MUNICIPAL DE EDUCAÇÃO INFANTIL (CMEI), LOCALIZADO NA RUA PINTOR HÉLIO FEIJÓ, NA COMUNIDADE RODA DE FOGO, NO BAIRRO TORRÕES.",PLO 194/2019,https://publico.recife.pe.leg.br/consultas/materia/materia_mostrar_proc?cod_materia=89237,Júnior Bocão,Em vigor,Lei Ordinária 18636/2019
"Lei Ordinária nº 18635, de 11/10/2019",https://publico.recife.pe.leg.br/consultas/norma_juridica/norma_juridica_mostrar_proc?cod_norma=1228,REESTRUTURA O PROGRAMA FAMÍLIA ACOLHEDORA DO RECIFE E REVOGA A LEI Nº. 17.255/2006.,PLE 19/2019,https://publico.recife.pe.leg.br/consultas/materia/materia_mostrar_proc?cod_materia=89264,Prefeito do Recife,Em vigor,Lei Ordinária 18635/2019
"Lei Ordinária nº 18634, de 02/10/2019",https://publico.recife.pe.leg.br/consultas/norma_juridica/norma_juridica_mostrar_proc?cod_norma=1230,DISPÕE SOBRE AS NORMAS GERAIS DE SEGURANÇA EM INSTITUIÇÕES FINANCEIRAS E AFINS SEDIADAS NO MUNICÍPIO DO RECIFE.,PLO 219/2019,https://publico.recife.pe.leg.br/consultas/materia/materia_mostrar_proc?cod_materia=89987,Samuel Salazar,Em vigor,Lei Ordinária 18634/2019
"Lei Ordinária nº 18633, de 02/10/2019",https://publico.recife.pe.leg.br/consultas/norma_juridica/norma_juridica_mostrar_proc?cod_norma=1232,DISPÕE SOBRE O GUIA MUNICIPAL DE SAÚDE DO RECIFE.,PLO 29/2018,https://publico.recife.pe.leg.br/consultas/materia/materia_mostrar_proc?cod_materia=77510,Michele Collins,Em vigor,Lei Ordinária 18633/2019
"Lei Ordinária nº 18632, de 30/09/2019",https://publico.recife.pe.leg.br/consultas/norma_juridica/norma_juridica_mostrar_proc?cod_norma=1237,INSTITUI NO CALENDÁRIO OFICIAL DE EVENTOS DO MUNICÍPIO DO RECIFE O “DIA MUNICIPAL DO TRABALHADOR DA CONSTRUÇÃO CIVIL”.,PLO 135/2019,https://publico.recife.pe.leg.br/consultas/materia/materia_mostrar_proc?cod_materia=87613,Almir Fernando,Em vigor,Lei Ordinária 18632/2019
"Lei Ordinária nº 18631, de 25/09/2019",https://publico.recife.pe.leg.br/consultas/norma_juridica/norma_juridica_mostrar_proc?cod_norma=1247,"ALTERA A LEI Nº 16.856, DE 16 DE ABRIL DE 2003, QUE DISPÕE SOBRE O SERVIÇO DE TRANSPORTE COMPLEMENTAR DE PASSAGEIROS DO MUNICÍPIO DO RECIFE – STCP/RECIFE.",PLE 23/2019,https://publico.recife.pe.leg.br/consultas/materia/materia_mostrar_proc?cod_materia=89699,Prefeito do Recife,Em vigor,Lei Ordinária 18631/2019
"Lei Ordinária nº 18630, de 30/09/2019",https://publico.recife.pe.leg.br/consultas/norma_juridica/norma_juridica_mostrar_proc?cod_norma=1252,DISPÕE SOBRE INSTRUÇÕES DE SEGURANÇA E SAÚDE NO TRABALHO PARA OS PROFISSIONAIS DA GUARDA MUNICIPAL DO RECIFE.,PLO 208/2019,https://publico.recife.pe.leg.br/consultas/materia/materia_mostrar_proc?cod_materia=89521,Michele Collins,Em vigor,Lei Ordinária 18630/2019
"Lei Ordinária nº 18629, de 25/09/2019",https://publico.recife.pe.leg.br/consultas/norma_juridica/norma_juridica_mostrar_proc?cod_norma=1258,"DENOMINAR-SE-Á COMPAZ GOVERNADOR MIGUEL ARRAES DE ALENCAR O COMPAZ LOCALIZADO NA ANTIGA FÁBRICA DE ESTOPA DO ZUMBI, NA AV. CAXANGÁ, Nº 653, NO BAIRRO DO ZUMBI.",PLO 214/2018,https://publico.recife.pe.leg.br/consultas/materia/materia_mostrar_proc?cod_materia=83953,Augusto Carreras,Em vigor,Lei Ordinária 18629/2019
"Lei Ordinária nº 18628, de 25/09/2019",https://publico.recife.pe.leg.br/consultas/norma_juridica/norma_juridica_mostrar_proc?cod_norma=1265,"INSTITUI, NO CALENDÁRIO OFICIAL DE EVENTOS DO MUNICÍPIO DO RECIFE, O DIA MUNICIPAL DA MERENDEIRA ESCOLAR.",PLO 78/2019,https://publico.recife.pe.leg.br/consultas/materia/materia_mostrar_proc?cod_materia=86114,Alcides Teixeira Neto,Em vigor,Lei Ordinária 18628/2019
"Lei Ordinária nº 18627, de 17/09/2019",https://publico.recife.pe.leg.br/consultas/norma_juridica/norma_juridica_mostrar_proc?cod_norma=1268,ESTABELECE O CONTROLE NA COMERCIALIZAÇÃO DE ÁCIDOS A PESSOAS FÍSICAS E JURÍDICAS NOS ESTABELECIMENTOS LOCALIZADOS NO MUNICÍPIO DO RECIFE E DÁ OUTRAS PROVIDÊNCIAS.,PLO 84/2019,https://publico.recife.pe.leg.br/consultas/materia/materia_mostrar_proc?cod_materia=86345,Goretti Queiroz,Em vigor,Lei Ordinária 18627/2019
"Lei Ordinária nº 18626, de 17/09/2019",https://publico.recife.pe.leg.br/consultas/norma_juridica/norma_juridica_mostrar_proc?cod_norma=1270,"ACRESCENTA DISPOSITIVOS AO ART. 81. E AO ART. 88. DA LEI MUNICIPAL Nº 14.985, DE 29 DE JULHO DE 1987, PARA OBRIGAR AS EMPRESAS PRESTADORAS DE SERVIÇOS TERCEIRIZADOS À ADMINISTRAÇÃO PÚBLICA MUNICIPAL À COMPROVAÇÃO MENSAL DAS OBRIGAÇÕES TRABALHISTAS E PREVIDENCIÁRIAS DA TOTALIDADE DE SEUS FUNCIONÁRIOS.",PLO 82/2019,https://publico.recife.pe.leg.br/consultas/materia/materia_mostrar_proc?cod_materia=86327,Rinaldo Júnior,Em vigor,Lei Ordinária 18626/2019
"Lei Ordinária nº 18625, de 17/09/2019",https://publico.recife.pe.leg.br/consultas/norma_juridica/norma_juridica_mostrar_proc?cod_norma=1271,LIMITA A QUANTIDADE DE VEZES QUE UMA MESMA PESSOA PODERÁ SER HOMENAGEADA POR MEIO DA ATRIBUIÇÃO DO NOME AOS ESPAÇOS E EQUIPAMENTOS PÚBLICOS MUNICIPAIS.,PLO 202/2019,https://publico.recife.pe.leg.br/consultas/materia/materia_mostrar_proc?cod_materia=89404,André Régis,Em vigor,Lei Ordinária 18625/2019
"Lei Ordinária nº 18624, de 17/09/2019",https://publico.recife.pe.leg.br/consultas/norma_juridica/norma_juridica_mostrar_proc?cod_norma=1273,DECLARA DE UTILIDADE PÚBLICA A ESCOLA DE PAIS DO BRASIL – SECCIONAL RECIFE.,PLO 96/2019,https://publico.recife.pe.leg.br/consultas/materia/materia_mostrar_proc?cod_materia=86594,Renato Antunes,Em vigor,Lei Ordinária 18624/2019
"Lei Ordinária nº 18623, de 17/09/2019",https://publico.recife.pe.leg.br/consultas/norma_juridica/norma_juridica_mostrar_proc?cod_norma=1275,"ALTERA O NOME DA RUA COSMORAMA, NO BAIRRO DE BOA VIAGEM, PARA RUA ARTHUR BRUNO SCHWAMBACH.",PLO 154/2019,https://publico.recife.pe.leg.br/consultas/materia/materia_mostrar_proc?cod_materia=88102,Carlos Gueiros,Em vigor,Lei Ordinária 18623/2019
"Lei Ordinária nº 18622, de 17/09/2019",https://publico.recife.pe.leg.br/consultas/norma_juridica/norma_juridica_mostrar_proc?cod_norma=1290,"REVOGA A LEI MUNICIPAL N. 18.308, DE 4 DE MAIO DE 2017.(QUE DISPÕE SOBRE PENALIDADE A SER APLICADA AOS PRATICANTES DE AÇÕES ANTI-CIDADÃS DE CHAMADAS DO SAMU - SERVIÇO DE ASSISTÊNCIA MÉDICA DE URGÊNCIA PARA ATENDIMENTOS INVERÍDICOS)",PLO 106/2019,https://publico.recife.pe.leg.br/consultas/materia/materia_mostrar_proc?cod_materia=86877,Carlos Gueiros,Em vigor,Lei Ordinária 18622/2019
"Lei Ordinária nº 18621, de 17/09/2019",https://publico.recife.pe.leg.br/consultas/norma_juridica/norma_juridica_mostrar_proc?cod_norma=1291,"DECLARA DE UTILIDADE PÚBLICA, NO ÂMBITO MUNICIPAL, O MOVIMENTO SOCIAL E CULTURAL CORES DO AMANHÃ.",PLO 34/2019,https://publico.recife.pe.leg.br/consultas/materia/materia_mostrar_proc?cod_materia=84991,Aline Mariano,Em vigor,Lei Ordinária 18621/2019
"Lei Ordinária nº 18620, de 17/09/2019",https://publico.recife.pe.leg.br/consultas/norma_juridica/norma_juridica_mostrar_proc?cod_norma=1292,"INSTITUI, NO CALENDÁRIO OFICIAL DE EVENTOS DO MUNICÍPIO DO RECIFE, O “DIA DO ENGENHEIRO”.",PLO 4/2019,https://publico.recife.pe.leg.br/consultas/materia/materia_mostrar_proc?cod_materia=84203,Rodrigo Coutinho,Em vigor,Lei Ordinária 18620/2019
"Lei Ordinária nº 18619, de 17/09/2019",https://publico.recife.pe.leg.br/consultas/norma_juridica/norma_juridica_mostrar_proc?cod_norma=1295,"INCLUI, NO CALENDÁRIO OFICIAL DE EVENTOS DO MUNICÍPIO DO RECIFE, O DIA MUNICIPAL DO TEATRO.",PLO 165/2018,https://publico.recife.pe.leg.br/consultas/materia/materia_mostrar_proc?cod_materia=82135,Ivan Moraes,Em vigor,Lei Ordinária 18619/2019
"Lei Ordinária nº 18618, de 17/09/2019",https://publico.recife.pe.leg.br/consultas/norma_juridica/norma_juridica_mostrar_proc?cod_norma=1297,INSTITUI O PROGRAMA “CHEGANDO JUNTO” E DÁ OUTRAS PROVIDÊNCIAS.,PLE 22/2019,https://publico.recife.pe.leg.br/consultas/materia/materia_mostrar_proc?cod_materia=89380,Prefeito do Recife,Em vigor,Lei Ordinária 18618/2019
"Lei Ordinária nº 18617, de 17/09/2019",https://publico.recife.pe.leg.br/consultas/norma_juridica/norma_juridica_mostrar_proc?cod_norma=1299,"CRIA O FUNDO DO TRABALHO DO MUNICÍPIO DO RECIFE/ FT-RECIFE E INSTITUI O CONSELHO MUNICIPAL DO TRABALHO, EMPREGO E RENDA - CTER/RECIFE, NOS TERMOS E PARA OS FINS QUE ESPECIFICA.",PLE 17/2019,https://publico.recife.pe.leg.br/consultas/materia/materia_mostrar_proc?cod_materia=89260,Prefeito do Recife,Em vigor,Lei Ordinária 18617/2019
"Lei Ordinária nº 18616, de 10/09/2019",https://publico.recife.pe.leg.br/consultas/norma_juridica/norma_juridica_mostrar_proc?cod_norma=1302,"DISPÕE SOBRE A PROIBIÇÃO DA PICHAÇÃO E A REGULAMENTAÇÃO DA PRÁTICA DO GRAFITE, BEM COMO SOBRE A RECUPERAÇÃO E PRESERVAÇÃO DO CONFORTO AMBIENTAL E ESTÉTICO NO MUNICÍPIO DO RECIFE, E DÁ OUTRAS PROVIDÊNCIAS.",PLO 222/2017,https://publico.recife.pe.leg.br/consultas/materia/materia_mostrar_proc?cod_materia=70385,"Rodrigo Coutinho,                            Romerinho Jatobá,                            Wanderson Florêncio",Em vigor,Lei Ordinária 18616/2019
"Lei Ordinária nº 18615, de 04/09/2019",https://publico.recife.pe.leg.br/consultas/norma_juridica/norma_juridica_mostrar_proc?cod_norma=1309,"AUTORIZA O PODER EXECUTIVO A CONTRATAR OPERAÇÃO DE CRÉDITO COM A CAIXA ECONÔMICA FEDERAL, E DÁ OUTRAS PROVIDÊNCIAS.   ""REGIME DE URGÊNCIA""",PLE 24/2019,https://publico.recife.pe.leg.br/consultas/materia/materia_mostrar_proc?cod_materia=89700,Prefeito do Recife,Em vigor,Lei Ordinária 18615/2019
"Lei Ordinária nº 18614, de 28/08/2019",https://publico.recife.pe.leg.br/consultas/norma_juridica/norma_juridica_mostrar_proc?cod_norma=1318,"AUTORIZA O MUNICÍPIO DO RECIFE A REALIZAR CESSÃO DE DIREITO REAL DE USO DA ÁREA DE DOMÍNIO PÚBLICO QUE MENCIONA, E DÁ OUTRAS PROVIDÊNCIAS.",PLE 20/2019,https://publico.recife.pe.leg.br/consultas/materia/materia_mostrar_proc?cod_materia=89265,Prefeito do Recife,Em vigor,Lei Ordinária 18614/2019
"Lei Ordinária nº 18613, de 30/07/2019",https://publico.recife.pe.leg.br/consultas/norma_juridica/norma_juridica_mostrar_proc?cod_norma=1322,DISPÕE SOBRE O AUMENTO DA REMUNERAÇÃO DOS SERVIDORES DO PODER LEGISLATIVO MUNICIPAL E DÁ OUTRAS PROVIDÊNCIAS.,PLO 171/2019,https://publico.recife.pe.leg.br/consultas/materia/materia_mostrar_proc?cod_materia=88827,Comissão Executiva,Em vigor,Lei Ordinária 18613/2019
"Lei Ordinária nº 18612, de 26/07/2019",https://publico.recife.pe.leg.br/consultas/norma_juridica/norma_juridica_mostrar_proc?cod_norma=1389,INSTITUI A “SEMANA MUNICIPAL DE CONSCIENTIZAÇÃO CONTRA A VIOLÊNCIA OBSTÉTRICA” NO ÂMBITO DO MUNICÍPIO DE RECIFE.,PLO 24/2019,https://publico.recife.pe.leg.br/consultas/materia/materia_mostrar_proc?cod_materia=84811,Goretti Queiroz,Em vigor,Lei Ordinária 18612/2019
"Lei Ordinária nº 18611, de 26/07/2019",https://publico.recife.pe.leg.br/consultas/norma_juridica/norma_juridica_mostrar_proc?cod_norma=1393,"DISPÕE SOBRE A LEGÍSTICA E A CONSOLIDAÇÃO DAS LEIS MUNICIPAIS, CONFORME DETERMINA O § 2º DO ART. 24 DA LEI ORGÂNICA DO MUNICÍPIO DO RECIFE.",PLC 1/2017,https://publico.recife.pe.leg.br/consultas/materia/materia_mostrar_proc?cod_materia=63353,Natália de Menudo,Sem efeito,Lei Ordinária 18611/2019
"Lei Ordinária nº 18610, de 24/07/2019",https://publico.recife.pe.leg.br/consultas/norma_juridica/norma_juridica_mostrar_proc?cod_norma=1397,"INSTITUI NO CALENDÁRIO OFICIAL DO MUNICÍPIO DO RECIFE A SEMANA MUNICIPAL DE PREVENÇÃO, CONSCIENTIZAÇÃO E COMBATE A AUTOMUTILAÇÃO, A SER REALIZADA ANUALMENTE.",PLO 37/2019,https://publico.recife.pe.leg.br/consultas/materia/materia_mostrar_proc?cod_materia=85022,Goretti Queiroz,Em vigor,Lei Ordinária 18610/2019
"Lei Ordinária nº 18609, de 24/07/2019",https://publico.recife.pe.leg.br/consultas/norma_juridica/norma_juridica_mostrar_proc?cod_norma=1398,CRIA O “PROGRAMA ESTUDANTE MULTIPLICADOR”.,PLE 5/2019,https://publico.recife.pe.leg.br/consultas/materia/materia_mostrar_proc?cod_materia=86064,Prefeito do Recife,Em vigor,Lei Ordinária 18609/2019
"Lei Ordinária nº 18608, de 24/07/2019",https://publico.recife.pe.leg.br/consultas/norma_juridica/norma_juridica_mostrar_proc?cod_norma=1399,"INSTITUI, NO CALENDÁRIO OFICIAL DE EVENTOS DO MUNICÍPIO DO RECIFE, A “NOITE DO DENDÊ”.",PLO 51/2019,https://publico.recife.pe.leg.br/consultas/materia/materia_mostrar_proc?cod_materia=85322,Aerto Luna,Em vigor,Lei Ordinária 18608/2019
"Lei Ordinária nº 18607, de 24/07/2019",https://publico.recife.pe.leg.br/consultas/norma_juridica/norma_juridica_mostrar_proc?cod_norma=1400,DENOMINAR-SE-Á “GRAÇA ARAÚJO” A PRÓXIMA CICLOVIA A SER INAUGURADA NO MUNICÍPIO DO RECIFE.,PLO 109/2019,https://publico.recife.pe.leg.br/consultas/materia/materia_mostrar_proc?cod_materia=86964,Goretti Queiroz,Em vigor,Lei Ordinária 18607/2019
"Lei Ordinária nº 18606, de 24/07/2019",https://publico.recife.pe.leg.br/consultas/norma_juridica/norma_juridica_mostrar_proc?cod_norma=1401,DENOMINAR-SE-Á “PAULO FREIRE” O COMPAZ A SER CONSTRUÍDO NO BAIRRO DO IBURA.,PLO 159/2019,https://publico.recife.pe.leg.br/consultas/materia/materia_mostrar_proc?cod_materia=88250,Wilton Brito,Em vigor,Lei Ordinária 18606/2019
"Lei Ordinária nº 18605, de 24/07/2019",https://publico.recife.pe.leg.br/consultas/norma_juridica/norma_juridica_mostrar_proc?cod_norma=1402,"INSTITUI, NO CALENDÁRIO OFICIAL DO MUNICÍPIO DO RECIFE, O DIA MUNICIPAL DA PESSOA COM ESCLERODERMIA.",PLO 88/2019,https://publico.recife.pe.leg.br/consultas/materia/materia_mostrar_proc?cod_materia=86437,Aimee Carvalho,Em vigor,Lei Ordinária 18605/2019
"Lei Ordinária nº 18604, de 24/07/2019",https://publico.recife.pe.leg.br/consultas/norma_juridica/norma_juridica_mostrar_proc?cod_norma=1407,AUTORIZA O PODER EXECUTIVO A PRORROGAR O COMODATO DO IMÓVEL QUE MENCIONA.,PLE 14/2019,https://publico.recife.pe.leg.br/consultas/materia/materia_mostrar_proc?cod_materia=88555,Prefeito do Recife,Em vigor,Lei Ordinária 18604/2019
"Lei Ordinária nº 18603, de 24/07/2019",https://publico.recife.pe.leg.br/consultas/norma_juridica/norma_juridica_mostrar_proc?cod_norma=1408,"ACRESCENTA O ART. 5º- A À LEI MUNICIPAL Nº 18.207, DE 30 DE DEZEMBRO DE 2015.(DISPÕE SOBRE IMPOSTO PREDIAL URBANO) ""REGIME DE URGÊNCIA""",PLE 16/2019,https://publico.recife.pe.leg.br/consultas/materia/materia_mostrar_proc?cod_materia=88713,Prefeito do Recife,Em vigor,Lei Ordinária 18603/2019
"Lei Ordinária nº 18602, de 09/07/2019",https://publico.recife.pe.leg.br/consultas/norma_juridica/norma_juridica_mostrar_proc?cod_norma=1562,TORNA OBRIGATÓRIO O ATENDIMENTO PREFERENCIAL ÀS PESSOAS COM SÍNDROME CONGÊNITA DA ZIKA VÍRUS (MICROCEFALIA) NOS ESTABELECIMENTOS PÚBLICOS E PRIVADOS DO MUNICÍPIO DO RECIFE.,PLO 47/2018,https://publico.recife.pe.leg.br/consultas/materia/materia_mostrar_proc?cod_materia=78162,Aline Mariano,Em vigor,Lei Ordinária 18602/2019
"Lei Ordinária nº 18601, de 09/07/2019",https://publico.recife.pe.leg.br/consultas/norma_juridica/norma_juridica_mostrar_proc?cod_norma=1563,INSTITUI NO CALENDÁRIO OFICIAL DE EVENTOS DO MUNICÍPIO DO RECIFE O ANIVERSÁRIO DA COMUNIDADE BOLA DA REDE.,PLO 75/2019,https://publico.recife.pe.leg.br/consultas/materia/materia_mostrar_proc?cod_materia=85988,Almir Fernando,Em vigor,Lei Ordinária 18601/2019
"Lei Ordinária nº 18600, de 09/07/2019",https://publico.recife.pe.leg.br/consultas/norma_juridica/norma_juridica_mostrar_proc?cod_norma=1564,"INSTITUI, NO CALENDÁRIO OFICIAL DE EVENTOS DO MUNICÍPIO DO RECIFE, O “DIA MUNICIPAL DE INFORMAÇÃO E CONSCIENTIZAÇÃO SOBRE A ENDOMETRIOSE”.",PLO 30/2019,https://publico.recife.pe.leg.br/consultas/materia/materia_mostrar_proc?cod_materia=84920,Samuel Salazar,Em vigor,Lei Ordinária 18600/2019
"Lei Ordinária nº 18599, de 09/07/2019",https://publico.recife.pe.leg.br/consultas/norma_juridica/norma_juridica_mostrar_proc?cod_norma=1565,"INSTITUÍ, NO CALENDÁRIO OFICIAL DE EVENTOS DO MUNICÍPIO DO RECIFE, O MÊS DO ARTESÃO.",PLO 70/2019,https://publico.recife.pe.leg.br/consultas/materia/materia_mostrar_proc?cod_materia=85898,Marcos di Bria,Em vigor,Lei Ordinária 18599/2019
"Lei Ordinária nº 18598, de 09/07/2019",https://publico.recife.pe.leg.br/consultas/norma_juridica/norma_juridica_mostrar_proc?cod_norma=1566,"DISPÕE SOBRE A OBRIGATORIEDADE DE COLOCAÇÃO DE PLACA INDICATIVA DE LOCAÇÃO NOS PRÉDIOS UTILIZADOS PELA ADMINISTRAÇÃO PÚBLICA DIRETA, INDIRETA E AUTÁRQUICA DO MUNICÍPIO DO RECIFE.",PLO 26/2019,https://publico.recife.pe.leg.br/consultas/materia/materia_mostrar_proc?cod_materia=84875,Rinaldo Júnior,Em vigor,Lei Ordinária 18598/2019
"Lei Ordinária nº 18597, de 03/07/2019",https://publico.recife.pe.leg.br/consultas/norma_juridica/norma_juridica_mostrar_proc?cod_norma=1567,DENOMINAR-SE-Á FERNANDO COELHO O COMPAZ A SER CONSTRUÍDO NO BAIRRO DO PINA LOCALIZADO A RUA MANOEL DE BRITO S/N PINA.,PLO 91/2019,https://publico.recife.pe.leg.br/consultas/materia/materia_mostrar_proc?cod_materia=86534,Augusto Carreras,Em vigor,Lei Ordinária 18597/2019
"Lei Ordinária nº 18596, de 03/07/2019",https://publico.recife.pe.leg.br/consultas/norma_juridica/norma_juridica_mostrar_proc?cod_norma=1568,"DENOMINA DOM HELDER CÂMARA O CENTRO COMUNITÁRIO PELA PAZ (COMPAZ) A SER INAUGURADO NA COMUNIDADE DO COQUE, LOCALIZADA NA ILHA DE JOANA BEZERRA, NO MUNICÍPIO DE RECIFE.",PLO 87/2019,https://publico.recife.pe.leg.br/consultas/materia/materia_mostrar_proc?cod_materia=86435,Aerto Luna,Em vigor,Lei Ordinária 18596/2019
"Lei Ordinária nº 18595, de 20/06/2019",https://publico.recife.pe.leg.br/consultas/norma_juridica/norma_juridica_mostrar_proc?cod_norma=926,"DENOMINAR-SE-Á “GOVERNADOR EDUARDO CAMPOS, A PRÓXIMA UNIDADE DE SAÚDE DO IDOSO, A SER CONSTRUÍDA NO BAIRRO DE AREIAS.",PLO 140/2019,https://publico.recife.pe.leg.br/consultas/materia/materia_mostrar_proc?cod_materia=87700,Chico Kiko,Em vigor,Lei Ordinária 18595/2019
"Lei Ordinária nº 18594, de 20/06/2019",https://publico.recife.pe.leg.br/consultas/norma_juridica/norma_juridica_mostrar_proc?cod_norma=929,DISPÕE SOBRE AS DIRETRIZES PARA ELABORAÇÃO E EXECUÇÃO DA LEI ORÇAMENTÁRIA DE 2020.,PLE 9/2019,https://publico.recife.pe.leg.br/consultas/materia/materia_mostrar_proc?cod_materia=86769,Prefeito do Recife,Em vigor,Lei Ordinária 18594/2019
"Lei Ordinária nº 18593, de 20/06/2019",https://publico.recife.pe.leg.br/consultas/norma_juridica/norma_juridica_mostrar_proc?cod_norma=930,"CRIA O ABONO ESPECIAL DESTINADO A SUBSIDIAR OS GASTOS COM INTERNET MÓVEL DOS SERVIDORES OCUPANTES DO CARGO DE AUXILIAR DE DESENVOLVIMENTO INFANTIL - ADI. ""REGIME DE URGÊNCIA""",PLE 13/2019,https://publico.recife.pe.leg.br/consultas/materia/materia_mostrar_proc?cod_materia=88267,Prefeito do Recife,Em vigor,Lei Ordinária 18593/2019
"Lei Ordinária nº 18591, de 20/06/2019",https://publico.recife.pe.leg.br/consultas/norma_juridica/norma_juridica_mostrar_proc?cod_norma=932,"DISPÕE SOBRE A REMUNERAÇÃO DOS CARGOS PÚBLICOS DE AGENTE COMUNITÁRIO DE SAÚDE E DE AGENTE DE SAÚDE E DE AGENTE DE SAÚDE E COMBATE ÀS ENDEMIAS. 
""REGIME DE URGÊNCIA""",PLE 11/2019,https://publico.recife.pe.leg.br/consultas/materia/materia_mostrar_proc?cod_materia=88266,Prefeito do Recife,Em vigor,Lei Ordinária 18591/2019
"Lei Ordinária nº 18590, de 19/06/2019",https://publico.recife.pe.leg.br/consultas/norma_juridica/norma_juridica_mostrar_proc?cod_norma=934,INSTITUI O DIA DO ADVOGADO NO ÂMBITO DO MUNICÍPIO DO RECIFE.,PLO 41/2019,https://publico.recife.pe.leg.br/consultas/materia/materia_mostrar_proc?cod_materia=85089,Rodrigo Coutinho,Em vigor,Lei Ordinária 18590/2019
"Lei Ordinária nº 18589, de 19/06/2019",https://publico.recife.pe.leg.br/consultas/norma_juridica/norma_juridica_mostrar_proc?cod_norma=936,DENOMINAR-SE-Á CONJUNTO HABITACIONAL JORNALISTA MARIA GRACILANE ARAÚJO DA SILVA – “JORNALISTA GRAÇA ARAÚJO” - O PRÓXIMO CONJUNTO HABITACIONAL A SER INAUGURADO NA CIDADE DO RECIFE.,PLO 7/2019,https://publico.recife.pe.leg.br/consultas/materia/materia_mostrar_proc?cod_materia=84299,Romerinho Jatobá,Em vigor,Lei Ordinária 18589/2019
"Lei Ordinária nº 18588, de 19/06/2019",https://publico.recife.pe.leg.br/consultas/norma_juridica/norma_juridica_mostrar_proc?cod_norma=941,"INSTITUI NO CALENDÁRIO OFICIAL DE EVENTOS DO MUNICÍPIO DO RECIFE O ""O DIA MUNICIPAL DA IMIGRAÇÃO CHINESA""",PLO 93/2019,https://publico.recife.pe.leg.br/consultas/materia/materia_mostrar_proc?cod_materia=86560,Eduardo Marques,Em vigor,Lei Ordinária 18588/2019
"Lei Ordinária nº 18587, de 19/06/2019",https://publico.recife.pe.leg.br/consultas/norma_juridica/norma_juridica_mostrar_proc?cod_norma=943,"INSTITUI A DATA DE 06/09/1853 COMO MARCO INAUGURAL DE CRIAÇÃO DO BAIRRO DO BONGI, E INCLUI, NO CALENDÁRIO DE EVENTOS DA CIDADE DO RECIFE, O DIA 6 DE SETEMBRO COMO ANIVERSÁRIO DO BAIRRO E DÁ OUTRAS PROVIDÊNCIAS.",PLO 116/2017,https://publico.recife.pe.leg.br/consultas/materia/materia_mostrar_proc?cod_materia=66862,Natália de Menudo,Em vigor,Lei Ordinária 18587/2019
"Lei Ordinária nº 18586, de 06/06/2019",https://publico.recife.pe.leg.br/consultas/norma_juridica/norma_juridica_mostrar_proc?cod_norma=945,DISPÕE SOBRE O RESTABELECIMENTO DOS EFEITOS DOS ARTIGOS QUE MENCIONA DA LEI MUNICIPAL Nº 18.508/2018.,PLO 111/2019,https://publico.recife.pe.leg.br/consultas/materia/materia_mostrar_proc?cod_materia=86979,Comissão Executiva,Em vigor,Lei Ordinária 18586/2019
"Lei Ordinária nº 18585, de 06/06/2019",https://publico.recife.pe.leg.br/consultas/norma_juridica/norma_juridica_mostrar_proc?cod_norma=946,"DISPÕE SOBRE A CRIAÇÃO DO PRÊMIO ""ESCOLA DO FUTURO"", QUE TEM O OBJETIVO DE VALORIZAR O TRABALHO REALIZADO PELOS PROFESSORES NO QUE DIZ RESPEITO AO DESEMPENHO DOS ESTUDANTES DO 6º (SEXTO) AO 9º (NONO) ANO DAS ESCOLAS MUNICIPAIS DE ENSINO FUNDAMENTAL - ANOS FINAIS DO RECIFE.",PLE 4/2019,https://publico.recife.pe.leg.br/consultas/materia/materia_mostrar_proc?cod_materia=86065,Prefeito do Recife,Em vigor,Lei Ordinária 18585/2019
"Lei Ordinária nº 18584, de 06/06/2019",https://publico.recife.pe.leg.br/consultas/norma_juridica/norma_juridica_mostrar_proc?cod_norma=948,CRIA A GRATIFICAÇÃO DE LOCALIZAÇÃO ESPECIAL DESTINADA AOS PROFESSORES LOTADOS NAS ESCOLAS MUNICIPAIS EM TEMPO INTEGRAL DE ANOS FINAIS.,PLE 3/2019,https://publico.recife.pe.leg.br/consultas/materia/materia_mostrar_proc?cod_materia=86062,Prefeito do Recife,Em vigor,Lei Ordinária 18584/2019
"Lei Ordinária nº 18583, de 07/06/2019",https://publico.recife.pe.leg.br/consultas/norma_juridica/norma_juridica_mostrar_proc?cod_norma=1231,DISPÕE SOBRE A REMUNERAÇÃO DA FUNÇÃO DE CONFIANÇA DE COORDENAÇÃO PEDAGÓGICA.,PLE 7/2019,https://publico.recife.pe.leg.br/consultas/materia/materia_mostrar_proc?cod_materia=86279,Prefeito do Recife,Em vigor,Lei Ordinária 18583/2019
"Lei Ordinária nº 18582, de 03/06/2019",https://publico.recife.pe.leg.br/consultas/norma_juridica/norma_juridica_mostrar_proc?cod_norma=1234,INSTITUI AS BASES PARA A ELABORAÇÃO DA POLÍTICA MUNICIPAL DE COMBATE À CORRUPÇÃO E À IMPUNIDADE DOS AGENTES PÚBLICOS NO MUNÍCIPIO DO RECIFE.,PLO 170/2018,https://publico.recife.pe.leg.br/consultas/materia/materia_mostrar_proc?cod_materia=82315,Rinaldo Júnior,Em vigor,Lei Ordinária 18582/2019
"Lei Ordinária nº 18580, de 29/05/2019",https://publico.recife.pe.leg.br/consultas/norma_juridica/norma_juridica_mostrar_proc?cod_norma=1241,INSTITUI O DIA MUNICIPAL DE COMBATE À CORRUPÇÃO NO MUNICÍPIO DO RECIFE,PLO 158/2018,https://publico.recife.pe.leg.br/consultas/materia/materia_mostrar_proc?cod_materia=81943,Rinaldo Júnior,Em vigor,Lei Ordinária 18580/2019
"Lei Ordinária nº 18579, de 29/05/2019",https://publico.recife.pe.leg.br/consultas/norma_juridica/norma_juridica_mostrar_proc?cod_norma=1250,"DENOMINAR-SE-Á O HOSPITAL VETERINÁRIO DO RECIFE, LOCALIZADO NO BAIRRO DO CORDEIRO, HOSPITAL VETERINÁRIO DO RECIFE ROBSON JOSÉ GOMES DE MELO.",PLE 2/2019,https://publico.recife.pe.leg.br/consultas/materia/materia_mostrar_proc?cod_materia=85570,Prefeito do Recife,Em vigor,Lei Ordinária 18579/2019
"Lei Ordinária nº 18577, de 27/05/2019",https://publico.recife.pe.leg.br/consultas/norma_juridica/norma_juridica_mostrar_proc?cod_norma=1263,"DENOMINAR-SE-Á “JARDIM SECRETO DO POÇO DA PANELA”, A ÁREA PÚBLICA LOCALIZADA AO FINAL DA RUA MARQUÊS DE TAMANDARÉ, ÀS MARGENS DO RIO CAPIBARIBE, NO BAIRRO DO POÇO DA PANELA.",PLO 9/2019,https://publico.recife.pe.leg.br/consultas/materia/materia_mostrar_proc?cod_materia=84407,Jayme Asfora,Em vigor,Lei Ordinária 18577/2019
"Lei Ordinária nº 18576, de 22/05/2019",https://publico.recife.pe.leg.br/consultas/norma_juridica/norma_juridica_mostrar_proc?cod_norma=1264,OBRIGA OS CONCESSIONÁRIOS E PERMISSIONÁRIOS DE SERVIÇOS PÚBLICOS QUE ATUAM NO MUNICÍPIO DO RECIFE A FIXAREM DATA E TURNO PARA ENTREGA DOS PRODUTOS OU PARA REALIZAÇÃO DOS SERVIÇOS AOS CONSUMIDORES.,PLO 10/2018,https://publico.recife.pe.leg.br/consultas/materia/materia_mostrar_proc?cod_materia=76872,Jayme Asfora,Em vigor,Lei Ordinária 18576/2019
"Lei Ordinária nº 18575, de 16/05/2019",https://publico.recife.pe.leg.br/consultas/norma_juridica/norma_juridica_mostrar_proc?cod_norma=1266,DETERMINA A HIGIENIZAÇÃO QUINZENAL DOS EQUIPAMENTOS DE USO CONTINUADO DE BAIXA CRITICIDADE NOS ESTABELECIMENTOS DE COMÉRCIO VAREJISTA EM GERAL E DÁ OUTRAS PROVIDÊNCIAS.,PLO 193/2017,https://publico.recife.pe.leg.br/consultas/materia/materia_mostrar_proc?cod_materia=70055,Michele Collins,Em vigor,Lei Ordinária 18575/2019
"Lei Ordinária nº 18574, de 10/05/2019",https://publico.recife.pe.leg.br/consultas/norma_juridica/norma_juridica_mostrar_proc?cod_norma=1267,"INCLUI, NO CALENDÁRIO OFICIAL DE EVENTOS DO MUNICÍPIO DO RECIFE, O DIA MUNICIPAL DE COMBATE AO ABUSO E À EXPLORAÇÃO SEXUAL DE CRIANÇAS E ADOLESCENTES E DÁ OUTRAS PROVIDÊNCIAS.",PLO 217/2018,https://publico.recife.pe.leg.br/consultas/materia/materia_mostrar_proc?cod_materia=84004,Michele Collins,Em vigor,Lei Ordinária 18574/2019
"Lei Ordinária nº 18573, de 10/05/2019",https://publico.recife.pe.leg.br/consultas/norma_juridica/norma_juridica_mostrar_proc?cod_norma=1269,"INSTITUI, NO CALENDÁRIO DE EVENTOS DO MUNICÍPIO DO RECIFE, O “DIA MUNICIPAL DO ESCOTISMO.",PLO 198/2018,https://publico.recife.pe.leg.br/consultas/materia/materia_mostrar_proc?cod_materia=83346,Alcides Teixeira Neto,Em vigor,Lei Ordinária 18573/2019
"Lei Ordinária nº 18572, de 10/05/2019",https://publico.recife.pe.leg.br/consultas/norma_juridica/norma_juridica_mostrar_proc?cod_norma=1272,"INSTITUI, NO CALENDÁRIO OFICIAL DE EVENTOS DO MUNICÍPIO DO RECIFE, O “DIA MUNICIPAL DO CONSUMO CONSCIENTE”.",PLO 16/2019,https://publico.recife.pe.leg.br/consultas/materia/materia_mostrar_proc?cod_materia=84549,Samuel Salazar,Em vigor,Lei Ordinária 18572/2019
"Lei Ordinária nº 18571, de 10/05/2019",https://publico.recife.pe.leg.br/consultas/norma_juridica/norma_juridica_mostrar_proc?cod_norma=1276,"INSTITUI, NO CALENDÁRIO OFICIAL DO MUNICÍPIO DO RECIFE, O DIA DO PROFISSIONAL DE EDUCAÇÃO FÍSICA, A SER COMEMORADO ANUALMENTE EM 1º DE SETEMBRO.",PLO 39/2018,https://publico.recife.pe.leg.br/consultas/materia/materia_mostrar_proc?cod_materia=77663,Benjamim da Saúde,Em vigor,Lei Ordinária 18571/2019
"Lei Ordinária nº 18570, de 12/04/2019",https://publico.recife.pe.leg.br/consultas/norma_juridica/norma_juridica_mostrar_proc?cod_norma=1277,"REVOGA O §1º DO ART. 14 DA LEI MUNICIPAL Nº 16.776, DE 19 DE JUNHO DE 2002 E DÁ OUTRAS PROVIDÊNCIAS.",PLE 6/2019,https://publico.recife.pe.leg.br/consultas/materia/materia_mostrar_proc?cod_materia=86060,Prefeito do Recife,Em vigor,Lei Ordinária 18570/2019
"Lei Ordinária nº 18569, de 12/04/2019",https://publico.recife.pe.leg.br/consultas/norma_juridica/norma_juridica_mostrar_proc?cod_norma=1279,"CRIA QUADRO PRÓPRIO DE SERVIDORES NA AUTARQUIA MUNICIPAL DE PREVIDÊNCIA E ASSISTÊNCIA À SAÚDE DOS SERVIDORES – AMPASS E INSTITUI O RESPECTIVO PLANO DE CARGOS, CARREIRAS E VENCIMENTOS – PCCV.",PLE 29/2018,https://publico.recife.pe.leg.br/consultas/materia/materia_mostrar_proc?cod_materia=84058,Prefeito do Recife,Em vigor,Lei Ordinária 18569/2019
"Lei Ordinária nº 18568, de 12/04/2019",https://publico.recife.pe.leg.br/consultas/norma_juridica/norma_juridica_mostrar_proc?cod_norma=1280,"FIXA O SUBSÍDIO DO PREFEITO, DO VICE-PREFEITO E DOS SECRETÁRIOS DO MUNICÍPIO DO RECIFE.",PLO 47/2019,https://publico.recife.pe.leg.br/consultas/materia/materia_mostrar_proc?cod_materia=85240,Comissão Executiva,Em vigor,Lei Ordinária 18568/2019
"Lei Ordinária nº 18567, de 09/04/2019",https://publico.recife.pe.leg.br/consultas/norma_juridica/norma_juridica_mostrar_proc?cod_norma=1281,"INSTITUI NO CALENDÁRIO OFICIAL DE EVENTOS DO MUNICÍPIO DO RECIFE O “DIA DA SECRETÁRIA”, A SER COMEMORADO, ANUALMENTE, NO DIA 30 DE SETEMBRO.",PLO 179/2018,https://publico.recife.pe.leg.br/consultas/materia/materia_mostrar_proc?cod_materia=82585,Almir Fernando,Em vigor,Lei Ordinária 18567/2019
"Lei Ordinária nº 18566, de 09/04/2019",https://publico.recife.pe.leg.br/consultas/norma_juridica/norma_juridica_mostrar_proc?cod_norma=1283,"DISPÕE SOBRE O CONSELHO MUNICIPAL DA MULHER – CMM E REVOGA A LEI MUNICIPAL Nº 16.849, DE 31 DE MARÇO DE 2003.",PLE 26/2018,https://publico.recife.pe.leg.br/consultas/materia/materia_mostrar_proc?cod_materia=83962,Prefeito do Recife,Em vigor,Lei Ordinária 18566/2019
"Lei Ordinária nº 18565, de 09/04/2019",https://publico.recife.pe.leg.br/consultas/norma_juridica/norma_juridica_mostrar_proc?cod_norma=1284,DISPÕE SOBRE A CRIAÇÃO DO CONSELHO MUNICIPAL DE ESPORTES DA CIDADE DO RECIFE.,PLE 25/2018,https://publico.recife.pe.leg.br/consultas/materia/materia_mostrar_proc?cod_materia=83961,Prefeito do Recife,Em vigor,Lei Ordinária 18565/2019
"Lei Ordinária nº 18564, de 29/03/2019",https://publico.recife.pe.leg.br/consultas/norma_juridica/norma_juridica_mostrar_proc?cod_norma=1606,"DISPÕE SOBRE A IMPLANTAÇÃO DE ASSISTÊNCIA PSICOPEDAGÓGICA EM TODA A REDE MUNICIPAL DE ENSINO, COM O OBJETIVO DE DIAGNOSTICAR, INTERVIR E PREVENIR PROBLEMAS DE APRENDIZAGEM, TENDO COMO ENFOQUE O EDUCANDO E AS INSTITUIÇÕES DE EDUCAÇÃO INFANTIL E ENSINO FUNDAMENTAL.",PLO 27/2018,https://publico.recife.pe.leg.br/consultas/materia/materia_mostrar_proc?cod_materia=77498,Michele Collins,Em vigor,Lei Ordinária 18564/2019
"Lei Ordinária nº 18563, de 22/03/2019",https://publico.recife.pe.leg.br/consultas/norma_juridica/norma_juridica_mostrar_proc?cod_norma=1286,DISPÕE SOBRE A INSTALAÇÃO DO FÓRUM MUNICIPAL PARA CULTURA DE PAZ E LIBERDADE DE CRENÇA NO MUNICÍPIO DO RECIFE E DÁ OUTRAS PROVIDÊNCIAS.,PLO 180/2017,https://publico.recife.pe.leg.br/consultas/materia/materia_mostrar_proc?cod_materia=69757,Michele Collins,Em vigor,Lei Ordinária 18563/2019
"Lei Ordinária nº 18562, de 15/03/2019",https://publico.recife.pe.leg.br/consultas/norma_juridica/norma_juridica_mostrar_proc?cod_norma=1288,INSTITUI NO CALENDÁRIO OFICIAL DO RECIFE A SEMANA MUNICIPAL DA VIVÊNCIA E PRÁTICA DA CULTURA AFRO-INDÍGENA PERNAMBUCANA.,PLO 371/2017,https://publico.recife.pe.leg.br/consultas/materia/materia_mostrar_proc?cod_materia=75424,Ivan Moraes,Em vigor,Lei Ordinária 18562/2019
"Lei Ordinária nº 18561, de 15/03/2019",https://publico.recife.pe.leg.br/consultas/norma_juridica/norma_juridica_mostrar_proc?cod_norma=1411,DENOMINAR-SE-Á “RINALDO BERNARDO MUNIZ” O MERCADO PÚBLICO A SER INSTALADO NO BAIRRO DA VÁRZEA.,PLO 383/2017,https://publico.recife.pe.leg.br/consultas/materia/materia_mostrar_proc?cod_materia=75604,Eriberto Rafael,Em vigor,Lei Ordinária 18561/2019
"Lei Ordinária nº 18560, de 13/03/2019",https://publico.recife.pe.leg.br/consultas/norma_juridica/norma_juridica_mostrar_proc?cod_norma=1412,DISPÕE SOBRE A OBRIGATORIEDADE DA IMPLANTAÇÃO DA “SEMANA DA ORIENTAÇÃO VOCACIONAL” NAS TURMAS DE 9° ANO DO ENSINO FUNDAMENTAL II DAS ESCOLAS PÚBLICAS MUNICIPAIS DA CIDADE DO RECIFE.,PLO 71/2018,https://publico.recife.pe.leg.br/consultas/materia/materia_mostrar_proc?cod_materia=79118,Alcides Teixeira Neto,Em vigor,Lei Ordinária 18560/2019
"Lei Ordinária nº 18559, de 13/03/2019",https://publico.recife.pe.leg.br/consultas/norma_juridica/norma_juridica_mostrar_proc?cod_norma=1413,DISPÕE SOBRE A OBRIGATORIEDADE DE FIXAÇÃO DE AVISO INFORMATIVO NOS CARTÓRIOS DE REGISTRO DE IMÓVEIS E IMOBILIÁRIAS COM SEDE NA CIDADE DO RECIFE E DÁ OUTRAS PROVIDÊNCIAS.,PLO 90/2018,https://publico.recife.pe.leg.br/consultas/materia/materia_mostrar_proc?cod_materia=79892,Michele Collins,Em vigor,Lei Ordinária 18559/2019
"Lei Ordinária nº 18558, de 13/03/2019",https://publico.recife.pe.leg.br/consultas/norma_juridica/norma_juridica_mostrar_proc?cod_norma=1414,"INSTITUI A CAMPANHA PERMANENTE DE ORIENTAÇÃO, CONSCIENTIZAÇÃO, PREVENÇÃO E COMBATE AO MOSQUITO AEDES AEGYPTI NAS ESCOLAS PÚBLICAS MUNICIPAIS DO RECIFE.",PLO 103/2018,https://publico.recife.pe.leg.br/consultas/materia/materia_mostrar_proc?cod_materia=80164,Alcides Teixeira Neto,Em vigor,Lei Ordinária 18558/2019
"Lei Ordinária nº 18557, de 16/05/2019",https://publico.recife.pe.leg.br/consultas/norma_juridica/norma_juridica_mostrar_proc?cod_norma=1417,DETERMINA A HIGIENIZAÇÃO QUINZENAL DOS EQUIPAMENTOS DE USO CONTINUADO DE BAIXA CRITICIDADE NOS ESTABELECIMENTOS DE COMÉRCIO VAREJISTA EM GERAL E DÁ OUTRAS PROVIDÊNCIAS.,PLO 193/2017,https://publico.recife.pe.leg.br/consultas/materia/materia_mostrar_proc?cod_materia=70055,Michele Collins,Em vigor,Lei Ordinária 18557/2019
"Lei Ordinária nº 18556, de 07/03/2019",https://publico.recife.pe.leg.br/consultas/norma_juridica/norma_juridica_mostrar_proc?cod_norma=1419,TORNA OBRIGATÓRIA A APRESENTAÇÃO DOS MATERIAIS UTILIZADOS EM PROCEDIMENTOS DE VACINAÇÃO AO PACIENTE OU SEU RESPONSÁVEL.,PLO 43/2018,https://publico.recife.pe.leg.br/consultas/materia/materia_mostrar_proc?cod_materia=77901,Alcides Teixeira Neto,Em vigor,Lei Ordinária 18556/2019
"Lei Ordinária nº 18555, de 12/02/2019",https://publico.recife.pe.leg.br/consultas/norma_juridica/norma_juridica_mostrar_proc?cod_norma=1422,"EXTINGUE CARGOS COMISSIONADOS, PROMOVE A REESTRUTURAÇÃO DA ADMINISTRAÇÃO DIRETA E INDIRETA DO MUNICÍPIO DO RECIFE E DÁ OUTRAS PROVIDÊNCIAS.",PLE 1/2019,https://publico.recife.pe.leg.br/consultas/materia/materia_mostrar_proc?cod_materia=84229,Prefeito do Recife,Em vigor,Lei Ordinária 18555/2019
"Lei Ordinária nº 18554, de 14/01/2019",https://publico.recife.pe.leg.br/consultas/norma_juridica/norma_juridica_mostrar_proc?cod_norma=1423,"DISPÕE SOBRE A OBRIGAÇÃO DE REALIZAR A LIMPEZA E A REMOÇÃO E DE DAR DESTINO ADEQUADO ÀS FEZES GERADAS POR ANIMAIS EM PRAÇAS, PARQUES E LOGRADOUROS PÚBLICOS NO ÂMBITO DO RECIFE.",PLO 187/2017,https://publico.recife.pe.leg.br/consultas/materia/materia_mostrar_proc?cod_materia=69911,Romero Albuquerque,Em vigor,Lei Ordinária 18554/2019
"Lei Ordinária nº 18553, de 14/01/2019",https://publico.recife.pe.leg.br/consultas/norma_juridica/norma_juridica_mostrar_proc?cod_norma=1424,"DENOMINAR-SE-Á “LARGO DO HOLANDÊS”, A ÁREA LOCALIZADA NA CONFLUÊNCIA DA RUA DA HARMONIA COM A RUA DR. SAMUEL LINS NO BAIRRO DE CASA FORTE.",PLO 123/2018,https://publico.recife.pe.leg.br/consultas/materia/materia_mostrar_proc?cod_materia=80875,Jayme Asfora,Em vigor,Lei Ordinária 18553/2019
"Lei Ordinária nº 18551, de 24/12/2018",https://publico.recife.pe.leg.br/consultas/norma_juridica/norma_juridica_mostrar_proc?cod_norma=1664,ESTABELECE MEDIDAS E PROCEDIMENTOS PARA OS CASOS DE VIOLÊNCIA CONTRA PROFISSIONAIS DA EDUCAÇÃO OCORRIDOS NO ÂMBITO DAS UNIDADES DE ENSINO DA REDE PÚBLICA MUNICIPAL E DA REDE PARTICULAR LOCALIZADAS NO MUNICÍPIO DO RECIFE E DÁ OUTRAS PROVIDÊNCIAS.,PLO 22/2018,https://publico.recife.pe.leg.br/consultas/materia/materia_mostrar_proc?cod_materia=77277,Renato Antunes,Em vigor,Lei Ordinária 18551/2018
"Lei Ordinária nº 18550, de 24/12/2018",https://publico.recife.pe.leg.br/consultas/norma_juridica/norma_juridica_mostrar_proc?cod_norma=1663,DISPÕE SOBRE OBRIGATORIEDADE DAS INSTITUIÇÕES PARTICULARES DE ENSINO EM POSSUIR E DISPONIBILIZAR DE CADEIRA DE RODAS PARA ALUNOS COM DEFICIÊNCIA OU COM MOBILIDADE REDUZIDA.,PLO 83/2018,https://publico.recife.pe.leg.br/consultas/materia/materia_mostrar_proc?cod_materia=79550,Wanderson Florêncio,Em vigor,Lei Ordinária 18550/2018
"Lei Ordinária nº 18549, de 24/12/2018",https://publico.recife.pe.leg.br/consultas/norma_juridica/norma_juridica_mostrar_proc?cod_norma=1662,OBRIGA OS ESTABELECIMENTOS PRIVADOS DO MUNICÍPIO DO RECIFE A INSERIREM O SÍMBOLO MUNDIAL DO TRANSTORNO DO ESPECTRO AUTISTA (TEA) NAS PLACAS DE ATENDIMENTO PRIORITÁRIO E DÁ OUTRAS PROVIDÊNCIAS.,PLO 34/2018,https://publico.recife.pe.leg.br/consultas/materia/materia_mostrar_proc?cod_materia=77608,André Régis,Em vigor,Lei Ordinária 18549/2018
"Lei Ordinária nº 18548, de 24/12/2018",https://publico.recife.pe.leg.br/consultas/norma_juridica/norma_juridica_mostrar_proc?cod_norma=1661,"INSTITUIR NO CALENDÁRIO DO MUNICÍPIO O DIA DO SOCORRO AOS ANIMAIS, DEDICADO AO ATIVISTAS DA CAUSA ANIMAL",PLO 121/2018,https://publico.recife.pe.leg.br/consultas/materia/materia_mostrar_proc?cod_materia=80843,Ricardo Cruz,Em vigor,Lei Ordinária 18548/2018
"Lei Ordinária nº 18547, de 24/12/2018",https://publico.recife.pe.leg.br/consultas/norma_juridica/norma_juridica_mostrar_proc?cod_norma=1660,"DENOMINAR-SE-À ""ALUÍZIO CABRAL DA SILVA"" A PRAÇA LOCALIZADA NA RUA RIO NOVO DO SUL, NO BAIRRO IBURA DE BAIXO, NA CIDADE DO RECIFE.",PLO 115/2018,https://publico.recife.pe.leg.br/consultas/materia/materia_mostrar_proc?cod_materia=80541,Benjamim da Saúde,Em vigor,Lei Ordinária 18547/2018
"Lei Ordinária nº 18546, de 24/12/2018",https://publico.recife.pe.leg.br/consultas/norma_juridica/norma_juridica_mostrar_proc?cod_norma=1659,"DISPÕE SOBRE INSTITUIR O ""DIA MUNICIPAL DO DEFENSOR PÚBLICO”, A SER COMEMORADO ANUALMENTE NO DIA 19 (DEZENOVE) DE MAIO.",PLO 64/2018,https://publico.recife.pe.leg.br/consultas/materia/materia_mostrar_proc?cod_materia=78815,Michele Collins,Em vigor,Lei Ordinária 18546/2018
"Lei Ordinária nº 18545, de 24/12/2018",https://publico.recife.pe.leg.br/consultas/norma_juridica/norma_juridica_mostrar_proc?cod_norma=1658,"DISPÕE SOBRE A INSTITUIÇÃO DO ""DIA MUNICIPAL DA ZUMBA” NO CALENDÁRIO OFICIAL DE EVENTOS DO MUNICÍPIO DO RECIFE E DÁ OUTRAS PROVIDÊNCIAS.",PLO 120/2018,https://publico.recife.pe.leg.br/consultas/materia/materia_mostrar_proc?cod_materia=80711,Wanderson Florêncio,Em vigor,Lei Ordinária 18545/2018
"Lei Ordinária nº 18544, de 24/12/2018",https://publico.recife.pe.leg.br/consultas/norma_juridica/norma_juridica_mostrar_proc?cod_norma=1657,"DISPÕE SOBRE A OBRIGATORIEDADE DAS FACULDADES, CENTROS UNIVERSITÁRIOS E UNIVERSIDADES PRIVADAS DO MUNICÍPIO DO RECIFE DE MINISTRAREM TREINAMENTO ADEQUADO DE EVACUAÇÃO EM CASO DE INCÊNDIO AOS SEUS FUNCIONÁRIOS, PROFESSORES E ESTUDANTES.",PLO 386/2017,https://publico.recife.pe.leg.br/consultas/materia/materia_mostrar_proc?cod_materia=75660,André Régis,Em vigor,Lei Ordinária 18544/2018
"Lei Ordinária nº 18543, de 21/12/2018",https://publico.recife.pe.leg.br/consultas/norma_juridica/norma_juridica_mostrar_proc?cod_norma=1656,"DISPÕE SOBRE A POLÍTICA MUNICIPAL DE APROVEITAMENTO DOS ESPAÇOS PÚBLICOS OCIOSOS OU DEGRADADOS DA CIDADE DO RECIFE, E DÁ OUTRAS PROVIDÊNCIAS.",PLE 24/2018,https://publico.recife.pe.leg.br/consultas/materia/materia_mostrar_proc?cod_materia=83355,Prefeito do Recife,Em vigor,Lei Ordinária 18543/2018
"Lei Ordinária nº 18542, de 21/12/2018",https://publico.recife.pe.leg.br/consultas/norma_juridica/norma_juridica_mostrar_proc?cod_norma=1655,"EXTINGUE O FUNDO DE VIAS PÚBLICAS E REVOGA AS LEIS MUNICIPAIS NOS. 16.356, DE 29 DE DEZEMBRO DE 1997 E 16.380, DE 15 DE ABRIL DE 1998.",PLE 23/2018,https://publico.recife.pe.leg.br/consultas/materia/materia_mostrar_proc?cod_materia=83354,Prefeito do Recife,Em vigor,Lei Ordinária 18542/2018
"Lei Ordinária nº 18541, de 21/12/2018",https://publico.recife.pe.leg.br/consultas/norma_juridica/norma_juridica_mostrar_proc?cod_norma=1610,ALTERA A REDAÇÃO DO ART. 1º DA LEI MUNICIPAL Nº. 17.813 DE 03 DE JULHO DE 2012 E DÁ OUTRAS PROVIDÊNCIAS.,PLE 22/2018,https://publico.recife.pe.leg.br/consultas/materia/materia_mostrar_proc?cod_materia=83353,Prefeito do Recife,Em vigor,Lei Ordinária 18541/2018
"Lei Ordinária nº 18540, de 21/12/2018",https://publico.recife.pe.leg.br/consultas/norma_juridica/norma_juridica_mostrar_proc?cod_norma=1609,AUTORIZA A PARTICIPAÇÃO DO MUNICÍPIO DO RECIFE NO CONSÓRCIO DE INFORMÁTICA NA GESTÃO PÚBLICA MUNICIPAL (CIGA).,PLE 21/2018,https://publico.recife.pe.leg.br/consultas/materia/materia_mostrar_proc?cod_materia=83352,Prefeito do Recife,Em vigor,Lei Ordinária 18540/2018
"Lei Ordinária nº 18539, de 21/12/2018",https://publico.recife.pe.leg.br/consultas/norma_juridica/norma_juridica_mostrar_proc?cod_norma=1608,"ALTERA DISPOSITIVO DA LEI Nº 14.512, DE 17 DE JANEIRO DE 1983 - CÓDIGO DE ADMINISTRAÇÃO FINANCEIRA DO MUNICÍPIO DO RECIFE.",PLE 20/2018,https://publico.recife.pe.leg.br/consultas/materia/materia_mostrar_proc?cod_materia=83351,Prefeito do Recife,Em vigor,Lei Ordinária 18539/2018
"Lei Ordinária nº 18538, de 21/12/2018",https://publico.recife.pe.leg.br/consultas/norma_juridica/norma_juridica_mostrar_proc?cod_norma=1607,"INSTITUI OS NÚCLEOS DE PROCESSO ADMINISTRATIVO E SINDICÂNCIA NO ÂMBITO DAS SECRETARIAS DE EDUCAÇÃO E DE SAÚDE, FIXANDO GRATIFICAÇÕES PARA OS SEUS MEMBROS.",PLE 19/2018,https://publico.recife.pe.leg.br/consultas/materia/materia_mostrar_proc?cod_materia=83350,Prefeito do Recife,Em vigor,Lei Ordinária 18538/2018
"Lei Ordinária nº 18537, de 21/12/2018",https://publico.recife.pe.leg.br/consultas/norma_juridica/norma_juridica_mostrar_proc?cod_norma=1605,"ALTERA DISPOSITIVOS DA LEI Nº 14.512, DE 17 DE JANEIRO DE 1983 – CÓDIGO DE ADMINISTRAÇÃO FINANCEIRA DO MUNICÍPIO DO RECIFE.",PLE 18/2018,https://publico.recife.pe.leg.br/consultas/materia/materia_mostrar_proc?cod_materia=83349,Prefeito do Recife,Em vigor,Lei Ordinária 18537/2018
"Lei Ordinária nº 18536, de 10/12/2018",https://publico.recife.pe.leg.br/consultas/norma_juridica/norma_juridica_mostrar_proc?cod_norma=1602,ESTIMA A RECEITA E FIXA A DESPESA DO MUNICÍPIO DO RECIFE PARA O EXERCÍCIO DE 2019.(LOA),PLE 17/2018,https://publico.recife.pe.leg.br/consultas/materia/materia_mostrar_proc?cod_materia=82571,Prefeito do Recife,Em vigor,Lei Ordinária 18536/2018
"Lei Ordinária nº 18535, de 10/12/2018",https://publico.recife.pe.leg.br/consultas/norma_juridica/norma_juridica_mostrar_proc?cod_norma=1599,"DISPÕE SOBRE A REVISÃO DO PLANO PLURIANUAL 2018-2021 DO MUNICÍPIO DO RECIFE, PARA O EXERCÍCIO DE 2019. (PPA)",PLE 16/2018,https://publico.recife.pe.leg.br/consultas/materia/materia_mostrar_proc?cod_materia=82572,Prefeito do Recife,Em vigor,Lei Ordinária 18535/2018
"Lei Ordinária nº 18534, de 10/12/2018",https://publico.recife.pe.leg.br/consultas/norma_juridica/norma_juridica_mostrar_proc?cod_norma=1597,INSTITUI NO CALENDÁRIO OFICIAL DE EVENTOS DO MUNICÍPIO DO RECIFE O DIA DA CULTURA POPULAR DO RECIFE.,PLO 102/2018,https://publico.recife.pe.leg.br/consultas/materia/materia_mostrar_proc?cod_materia=80163,Rinaldo Júnior,Em vigor,Lei Ordinária 18534/2018
"Lei Ordinária nº 18533, de 06/12/2018",https://publico.recife.pe.leg.br/consultas/norma_juridica/norma_juridica_mostrar_proc?cod_norma=1806,"DISPÕE SOBRE A OBRIGATORIEDADE DA UTILIZAÇÃO DE CRACHÁ DE IDENTIFICAÇÃO POR FUNCIONÁRIOS QUE PRESTAM SERVIÇOS DE SEGURANÇA EM EVENTOS, CASAS NOTURNAS, BARES, CASAS DE SHOWS, TEATROS, BOATES, RESTAURANTES E SIMILARES NO MUNICÍPIO DO RECIFE.",PLO 195/2017,https://publico.recife.pe.leg.br/consultas/materia/materia_mostrar_proc?cod_materia=70123,Rodrigo Coutinho,Em vigor,Lei Ordinária 18533/2018
"Lei Ordinária nº 18532, de 06/12/2018",https://publico.recife.pe.leg.br/consultas/norma_juridica/norma_juridica_mostrar_proc?cod_norma=1596,DISPÕE SOBRE A CRIAÇÃO DE FÓRUM MUNICIPAL DE PROTEÇÃO E DEFESA ANIMAL.,PLO 214/2017,https://publico.recife.pe.leg.br/consultas/materia/materia_mostrar_proc?cod_materia=70318,Romero Albuquerque,Em vigor,Lei Ordinária 18532/2018
"Lei Ordinária nº 18531, de 06/12/2018",https://publico.recife.pe.leg.br/consultas/norma_juridica/norma_juridica_mostrar_proc?cod_norma=1595,"DISPÕE SOBRE A OBRIGATORIEDADE DA CONSTRUÇÃO OU ADAPTAÇÃO DE FRALDÁRIOS ACESSÍVEIS A FREQUENTADORES MASCULINOS EM SHOPPING CENTERS E ESTABELECIMENTOS SIMILARES, E DÁ OUTRAS PROVIDÊNCIAS.",PLO 396/2017,https://publico.recife.pe.leg.br/consultas/materia/materia_mostrar_proc?cod_materia=76160,Ivan Moraes,Em vigor,Lei Ordinária 18531/2018
"Lei Ordinária nº 18530, de 04/12/2018",https://publico.recife.pe.leg.br/consultas/norma_juridica/norma_juridica_mostrar_proc?cod_norma=1805,INSTITUI A SEMANA MUNICIPAL DE INCENTIVO A ADOÇÃO DE CRIANÇAS E ADOLESCENTES.,PLO 395/2017,https://publico.recife.pe.leg.br/consultas/materia/materia_mostrar_proc?cod_materia=76141,Benjamim da Saúde,Em vigor,Lei Ordinária 18530/2018
"Lei Ordinária nº 18529, de 14/12/2018",https://publico.recife.pe.leg.br/consultas/norma_juridica/norma_juridica_mostrar_proc?cod_norma=1591,"DENOMINAR-SE-Á DE NICOLA PEDULLA A RUA LOCALIZADA NA VILA  SANTO ANTONIO, EM FRENTE AO NÚMERO 348 DA AV. HILDEBRANDO DE VASCONCELOS NO BAIRRO DE DOIS UNIDOS.",PLO 68/2018,https://publico.recife.pe.leg.br/consultas/materia/materia_mostrar_proc?cod_materia=78938,Antonio Luiz Neto,Em vigor,Lei Ordinária 18529/2018
"Lei Ordinária nº 18528, de 21/11/2018",https://publico.recife.pe.leg.br/consultas/norma_juridica/norma_juridica_mostrar_proc?cod_norma=1590,"DISPÕE SOBRE A INSERÇÃO DE INSTITUIÇÕES DE LONGA PERMANÊNCIA E CRECHES NOS SERVIÇOS OFERECIDOS PELAS REGIÕES POLÍTICO-ADMINISTRATIVAS(RPAS), NO ÂMBITO DO MUNICÍPIO DO RECIFE.",PLO 11/2018,https://publico.recife.pe.leg.br/consultas/materia/materia_mostrar_proc?cod_materia=76884,Fred Ferreira,Em vigor,Lei Ordinária 18528/2018
"Lei Ordinária nº 18527, de 19/11/2018",https://publico.recife.pe.leg.br/consultas/norma_juridica/norma_juridica_mostrar_proc?cod_norma=1588,INSTITUI A “SEMANA  DA GUARDA MUNICIPAL DO RECIFE” NO CALENDÁRIO OFICIAL DE EVENTOS DO MUNICÍPIO.,PLO 61/2018,https://publico.recife.pe.leg.br/consultas/materia/materia_mostrar_proc?cod_materia=78777,Ricardo Cruz,Em vigor,Lei Ordinária 18527/2018
"Lei Ordinária nº 18526, de 13/11/2018",https://publico.recife.pe.leg.br/consultas/norma_juridica/norma_juridica_mostrar_proc?cod_norma=1586,INSTITUI A SEMANA DA PAZ NO CALENDÁRIO DE COMEMORAÇÕES OFICIAIS DO MUNICÍPIO DO RECIFE.,PLO 310/2017,https://publico.recife.pe.leg.br/consultas/materia/materia_mostrar_proc?cod_materia=73135,Rinaldo Júnior,Em vigor,Lei Ordinária 18526/2018
"Lei Ordinária nº 18525, de 13/11/2018",https://publico.recife.pe.leg.br/consultas/norma_juridica/norma_juridica_mostrar_proc?cod_norma=1583,"INSTITUI A DATA DE 15/11/1825 COMO MARCO INAUGURAL DE CRIAÇÃO DO BAIRRO DA MUSTARDINHA, INCLUI, NO CALENDÁRIO DE EVENTOS DA CIDADE DO RECIFE, O DIA 15 DE NOVEMBRO COMO ANIVERSÁRIO DO BAIRRO E DÁ OUTRAS PROVIDÊNCIAS.",PLO 134/2017,https://publico.recife.pe.leg.br/consultas/materia/materia_mostrar_proc?cod_materia=67918,Natália de Menudo,Em vigor,Lei Ordinária 18525/2018
"Lei Ordinária nº 18524, de 13/11/2018",https://publico.recife.pe.leg.br/consultas/norma_juridica/norma_juridica_mostrar_proc?cod_norma=1581,"INSTITUI, NO CALENDÁRIO OFICIAL DE EVENTOS DO MUNICÍPIO DO RECIFE, A SEMANA MUNICIPAL DE CONSCIENTIZAÇÃO SOBRE DIAGNÓSTICO, ACOMPANHAMENTO E TRATAMENTO DA SÍNDROME DA DEFICIÊNCIA IMUNOLÓGICA ADQUIRIDA (AIDS) E DÁ OUTRAS PROVIDÊNCIAS.",PLO 294/2017,https://publico.recife.pe.leg.br/consultas/materia/materia_mostrar_proc?cod_materia=72729,Michele Collins,Em vigor,Lei Ordinária 18524/2018
"Lei Ordinária nº 18523, de 07/07/2018",https://publico.recife.pe.leg.br/consultas/norma_juridica/norma_juridica_mostrar_proc?cod_norma=1571,"INSTITUI, NO MUNICÍPIO DO RECIFE, O PROGRAMA DE COMBATE AOS CRIMES CONTRA A DIGNIDADE SEXUAL NO SISTEMA DE TRANSPORTE PÚBLICO.",PLO 77/2018,https://publico.recife.pe.leg.br/consultas/materia/materia_mostrar_proc?cod_materia=79326,Hélio Guabiraba,Em vigor,Lei Ordinária 18523/2018
"Lei Ordinária nº 18522, de 17/10/2018",https://publico.recife.pe.leg.br/consultas/norma_juridica/norma_juridica_mostrar_proc?cod_norma=1421,"INSTITUI, NO CALENDÁRIO OFICIAL DE EVENTOS DO MUNICÍPIO DO RECIFE, O “DIA MUNICIPAL DO ROCK”.",PLO 110/2018,https://publico.recife.pe.leg.br/consultas/materia/materia_mostrar_proc?cod_materia=80380,Hélio Guabiraba,Em vigor,Lei Ordinária 18522/2018
"Lei Ordinária nº 18521, de 08/10/2018",https://publico.recife.pe.leg.br/consultas/norma_juridica/norma_juridica_mostrar_proc?cod_norma=1420,"INSTITUI O ""MÊS DE PREVENÇÃO E CONSCIENTIZAÇÃO SOBRE A MICROCEFALIA"", A SER CELEBRADO NO MÊS DE MARÇO, E DÁ OUTRAS PROVIDÊNCIAS.",PLO 361/2017,https://publico.recife.pe.leg.br/consultas/materia/materia_mostrar_proc?cod_materia=75246,Alcides Teixeira Neto,Em vigor,Lei Ordinária 18521/2018
"Lei Ordinária nº 18520, de 08/10/2018",https://publico.recife.pe.leg.br/consultas/norma_juridica/norma_juridica_mostrar_proc?cod_norma=1416,"INSTITUI, NO CALENDÁRIO OFICIAL DE EVENTOS DO MUNICÍPIO DE RECIFE, O “DIA DAS MÃES” E O “DIA DOS PAIS”, E DÁ OUTRAS PROVIDÊNCIAS.",PLO 88/2018,https://publico.recife.pe.leg.br/consultas/materia/materia_mostrar_proc?cod_materia=79811,Renato Antunes,Em vigor,Lei Ordinária 18520/2018
"Lei Ordinária nº 18519, de 08/10/2018",https://publico.recife.pe.leg.br/consultas/norma_juridica/norma_juridica_mostrar_proc?cod_norma=1415,CONSIDERA PATRIMÔNIO CULTURAL IMATERIAL A  ORQUESTRA SINFÔNICA DO RECIFE (OSR).,PLO 74/2018,https://publico.recife.pe.leg.br/consultas/materia/materia_mostrar_proc?cod_materia=79231,Professora Ana Lúcia,Em vigor,Lei Ordinária 18519/2018
"Lei Ordinária nº 18518, de 01/10/2018",https://publico.recife.pe.leg.br/consultas/norma_juridica/norma_juridica_mostrar_proc?cod_norma=1108,INSTITUI O PROJETO “CULTURA NAS PRAÇAS” NO ÂMBITO DO MUNICÍPIO DO RECIFE.,PLO 350/2017,https://publico.recife.pe.leg.br/consultas/materia/materia_mostrar_proc?cod_materia=74904,Alcides Teixeira Neto,Em vigor,Lei Ordinária 18518/2018
"Lei Ordinária nº 18517, de 01/10/2018",https://publico.recife.pe.leg.br/consultas/norma_juridica/norma_juridica_mostrar_proc?cod_norma=1107,"DENOMINAR-SE-Á “ARNALDO FRANCISCO DAS NEVES (CORUJA)” A PRAÇA LOCALIZADA NA ESQUINA DA AVENIDA NORTE COM A RUA BUARQUE DE MACÊDO, NO BAIRRO DE SANTO AMARO.",PLO 72/2018,https://publico.recife.pe.leg.br/consultas/materia/materia_mostrar_proc?cod_materia=79119,Alcides Teixeira Neto,Em vigor,Lei Ordinária 18517/2018
"Lei Ordinária nº 18516, de 18/09/2018",https://publico.recife.pe.leg.br/consultas/norma_juridica/norma_juridica_mostrar_proc?cod_norma=1106,INSTITUI A SEMANA MUNICIPAL PARA CONSCIENTIZAÇÃO E APOIO AOS PORTADORES DA DOENÇA DE PARKINSON NO MUNICÍPIO DO RECIFE E DÁ OUTRAS PROVIDÊNCIAS.,PLO 59/2018,https://publico.recife.pe.leg.br/consultas/materia/materia_mostrar_proc?cod_materia=78763,Aline Mariano,Em vigor,Lei Ordinária 18516/2018
"Lei Ordinária nº 18515, de 28/08/2018",https://publico.recife.pe.leg.br/consultas/norma_juridica/norma_juridica_mostrar_proc?cod_norma=1103,INSTITUI A SEMANA MUNICIPAL DO MOVIMENTO CULTURAL HIP HOP E DÁ OUTRAS PROVIDENCIAS.,PLO 252/2017,https://publico.recife.pe.leg.br/consultas/materia/materia_mostrar_proc?cod_materia=71173,Natália de Menudo,Em vigor,Lei Ordinária 18515/2018
"Lei Ordinária nº 18514, de 28/08/2018",https://publico.recife.pe.leg.br/consultas/norma_juridica/norma_juridica_mostrar_proc?cod_norma=1102,INSTITUI A SEMANA MUNICIPAL DO MOVIMENTO CULTURAL MANGUE BEAT.,PLO 15/2017,https://publico.recife.pe.leg.br/consultas/materia/materia_mostrar_proc?cod_materia=63348,Natália de Menudo,Em vigor,Lei Ordinária 18514/2018
"Lei Ordinária nº 18513, de 18/08/2018",https://publico.recife.pe.leg.br/consultas/norma_juridica/norma_juridica_mostrar_proc?cod_norma=1101,"DISPÕE SOBRE AUTORIZAÇÃO PARA CONTRATAÇÃO DE OPERAÇÃO DE CRÉDITO JUNTO AO BANCO DO BRASIL S.A. NO ÂMBITO DO PROGRAMA EFICIÊNCIA MUNICIPAL, NO VALOR DE R$ 4.025.336,24.   ""REGIME DE URGÊNCIA""",PLE 15/2018,https://publico.recife.pe.leg.br/consultas/materia/materia_mostrar_proc?cod_materia=80953,Prefeito do Recife,Em vigor,Lei Ordinária 18513/2018
"Lei Ordinária nº 18512, de 04/07/2018",https://publico.recife.pe.leg.br/consultas/norma_juridica/norma_juridica_mostrar_proc?cod_norma=1100,"REVOGA O ART. 4º E SEUS PARÁGRAFOS DA LEI Nº 18.457, DE 1º DE DEZEMBRO DE 2017, QUE ALTERA A ESTRUTURA ADMINISTRATIVA DO QUADRO DE PESSOAL COMISSIONADO - QCP DA CÂMARA MUNICIPAL DO RECIFE, E DÁ OUTRAS PROVIDÊNCIAS.",PLO 139/2018,https://publico.recife.pe.leg.br/consultas/materia/materia_mostrar_proc?cod_materia=81165,Comissão Executiva,Em vigor,Lei Ordinária 18512/2018
"Lei Ordinária nº 18511, de 25/07/2018",https://publico.recife.pe.leg.br/consultas/norma_juridica/norma_juridica_mostrar_proc?cod_norma=1085,DISPÕE SOBRE A PROIBIÇÃO DE INCENTIVOS FISCAIS A EMPRESAS QUE TENHAM ENVOLVIMENTO EM CORRUPÇÃO DE QUALQUER ESPÉCIE OU EM ATO DE IMPROBIDADE ADMINISTRATIVA NO MUNICÍPIO DO RECIFE.,PLO 75/2018,https://publico.recife.pe.leg.br/consultas/materia/materia_mostrar_proc?cod_materia=79281,Rinaldo Júnior,Em vigor,Lei Ordinária 18511/2018
"Lei Ordinária nº 18510, de 23/07/2018",https://publico.recife.pe.leg.br/consultas/norma_juridica/norma_juridica_mostrar_proc?cod_norma=1083,"DISPÕE SOBRE A REVISÃO DO PLANO DE CARGOS, CARREIRA E VENCIMENTOS (PCCV) DO GRUPO OCUPACIONAL SEGURANÇA MUNICIPAL. ""REGIME DE URGÊNCIA""",PLE 14/2018,https://publico.recife.pe.leg.br/consultas/materia/materia_mostrar_proc?cod_materia=80932,Prefeito do Recife,Em vigor,Lei Ordinária 18510/2018
"Lei Ordinária nº 18509, de 23/07/2018",https://publico.recife.pe.leg.br/consultas/norma_juridica/norma_juridica_mostrar_proc?cod_norma=1081,"INSTITUI O PLANO DE CARGOS, CARREIRA DESENVOLVIMENTO E VENCIMENTOS – PCCDV DO GRUPO OCUPACIONAL DE APOIO AO MAGISTÉRIO, E DÁ OUTRAS PROVIDÊNCIAS.   ""REGIME DE URGÊNCIA""",PLE 13/2018,https://publico.recife.pe.leg.br/consultas/materia/materia_mostrar_proc?cod_materia=80931,Prefeito do Recife,Em vigor,Lei Ordinária 18509/2018
"Lei Ordinária nº 18508, de 19/07/2018",https://publico.recife.pe.leg.br/consultas/norma_juridica/norma_juridica_mostrar_proc?cod_norma=1079,DISPÕE SOBRE O REAJUSTE DA REMUNERAÇÃO DOS SERVIDORES DO PODER LEGISLATIVO MUNICIPAL.,PLO 129/2018,https://publico.recife.pe.leg.br/consultas/materia/materia_mostrar_proc?cod_materia=81004,Comissão Executiva,Em vigor,Lei Ordinária 18508/2018
"Lei Ordinária nº 18507, de 16/07/2018",https://publico.recife.pe.leg.br/consultas/norma_juridica/norma_juridica_mostrar_proc?cod_norma=1078,"INSTITUI, NO CALENDÁRIO OFICIAL DE EVENTOS DO MUNICÍPIO DO RECIFE, A SEMANA MUNICIPAL DE CONSCIENTIZAÇÃO SOBRE AS DOENÇAS RARAS.",PLO 25/2018,https://publico.recife.pe.leg.br/consultas/materia/materia_mostrar_proc?cod_materia=77486,Michele Collins,Em vigor,Lei Ordinária 18507/2018
"Lei Ordinária nº 18506, de 16/07/2018",https://publico.recife.pe.leg.br/consultas/norma_juridica/norma_juridica_mostrar_proc?cod_norma=1076,DENOMINAR-SE-Á “ESTAÇÃO DE TRATAMENTO DE ESGOTO PAULO AUGUSTO DO NASCIMENTO FEITOSA” A ESTAÇÃO DE TRATAMENTO DE ESGOTO EM CONSTRUÇÃO NO BAIRRO CORDEIRO.,PLO 19/2018,https://publico.recife.pe.leg.br/consultas/materia/materia_mostrar_proc?cod_materia=77114,Rodrigo Coutinho,Em vigor,Lei Ordinária 18506/2018
"Lei Ordinária nº 18505, de 12/07/2018",https://publico.recife.pe.leg.br/consultas/norma_juridica/norma_juridica_mostrar_proc?cod_norma=1075,"INSTITUI A VIRADA ANIMAL, NO MUNICÍPIO DO RECIFE, E DÁ OUTRAS PROVIDÊNCIAS",PLO 174/2017,https://publico.recife.pe.leg.br/consultas/materia/materia_mostrar_proc?cod_materia=69618,Romero Albuquerque,Em vigor,Lei Ordinária 18505/2018
"Lei Ordinária nº 18504, de 05/07/2018",https://publico.recife.pe.leg.br/consultas/norma_juridica/norma_juridica_mostrar_proc?cod_norma=1074,DISPÕE SOBRE A REMUNERAÇÃO DOS SERVIDORES E EMPREGADOS PÚBLICOS QUE INDICA.,PLE 12/2018,https://publico.recife.pe.leg.br/consultas/materia/materia_mostrar_proc?cod_materia=80675,Prefeito do Recife,Em vigor,Lei Ordinária 18504/2018
"Lei Ordinária nº 18503, de 05/07/2018",https://publico.recife.pe.leg.br/consultas/norma_juridica/norma_juridica_mostrar_proc?cod_norma=1073,INSTITUI O COMITÊ INTERSETORIAL DE ACOMPANHAMENTO E MONITORAMENTO DA POLÍTICA MUNICIPAL PARA A POPULAÇÃO EM SITUAÇÃO DE RUA DO RECIFE.,PLE 4/2018,https://publico.recife.pe.leg.br/consultas/materia/materia_mostrar_proc?cod_materia=79017,Prefeito do Recife,Em vigor,Lei Ordinária 18503/2018
"Lei Ordinária nº 18502, de 25/06/2018",https://publico.recife.pe.leg.br/consultas/norma_juridica/norma_juridica_mostrar_proc?cod_norma=1072,DISPÕE SOBRE AS DIRETRIZES PARA ELABORAÇÃO E EXECUÇÃO DA LEI ORÇAMENTÁRIA DE 2019.,PLE 7/2018,https://publico.recife.pe.leg.br/consultas/materia/materia_mostrar_proc?cod_materia=79304,Prefeito do Recife,Em vigor,Lei Ordinária 18502/2018
"Lei Ordinária nº 18501, de 14/06/2018",https://publico.recife.pe.leg.br/consultas/norma_juridica/norma_juridica_mostrar_proc?cod_norma=536,"INSTITUI NO CALENDÁRIO OFICIAL DO MUNICÍPIO DO RECIFE O DIA DO TÉCNICO EM SAÚDE BUCAL E DO AUXILIAR EM SAÚDE BUCAL, A SER COMEMORADO ANUALMENTE EM 24 DE DEZEMBRO.",PLO 40/2018,https://publico.recife.pe.leg.br/consultas/materia/materia_mostrar_proc?cod_materia=77667,Benjamim da Saúde,Em vigor,Lei Ordinária 18501/2018
"Lei Ordinária nº 18500, de 14/06/2018",https://publico.recife.pe.leg.br/consultas/norma_juridica/norma_juridica_mostrar_proc?cod_norma=535,"DENOMINAR-SE-Á “DEPUTADO ALCIDES TEIXEIRA” O PRÓXIMO EQUIPAMENTO A SER CONSTRUÍDO E INAUGURADO NO BAIRRO DE SANTO AMARO, NA CIDADE DO RECIFE/PE.",PLO 23/2018,https://publico.recife.pe.leg.br/consultas/materia/materia_mostrar_proc?cod_materia=77452,Benjamim da Saúde,Em vigor,Lei Ordinária 18500/2018
"Lei Ordinária nº 18499, de 06/06/2018",https://publico.recife.pe.leg.br/consultas/norma_juridica/norma_juridica_mostrar_proc?cod_norma=534,"ALTERA A LEI Nº 18.426, DE 11 DE DEZEMBRO 2017, QUE DISPÕE SOBRE A INSTITUIÇÃO DA ""BRIGADA MARIA DA PENHA"" NO MUNICÍPIO DO RECIFE.",PLE 5/2018,https://publico.recife.pe.leg.br/consultas/materia/materia_mostrar_proc?cod_materia=79018,Prefeito do Recife,Em vigor,Lei Ordinária 18499/2018
"Lei Ordinária nº 18498, de 06/06/2018",https://publico.recife.pe.leg.br/consultas/norma_juridica/norma_juridica_mostrar_proc?cod_norma=533,DISPÕE SOBRE A ORGANIZAÇÃO DA UNIDADE DE PERÍCIAS MÉDICAS E SAÚDE DO TRABALHADOR DO MUNICÍPIO DO RECIFE.,PLE 6/2018,https://publico.recife.pe.leg.br/consultas/materia/materia_mostrar_proc?cod_materia=79019,Prefeito do Recife,Em vigor,Lei Ordinária 18498/2018
"Lei Ordinária nº 18497, de 06/06/2018",https://publico.recife.pe.leg.br/consultas/norma_juridica/norma_juridica_mostrar_proc?cod_norma=532,"INSTITUI, NO CALENDÁRIO OFICIAL DE EVENTOS DO MUNICÍPIO DO RECIFE, O DIA MUNICIPAL DAS PONTES.",PLO 356/2017,https://publico.recife.pe.leg.br/consultas/materia/materia_mostrar_proc?cod_materia=75144,Wanderson Florêncio,Em vigor,Lei Ordinária 18497/2018
"Lei Ordinária nº 18496, de 04/06/2018",https://publico.recife.pe.leg.br/consultas/norma_juridica/norma_juridica_mostrar_proc?cod_norma=510,"DISPÕE SOBRE A INSTALAÇÃO E DISPONIBILIZAÇÃO DE ""GUICHÊS DE CAIXA RÁPIDO"" NAS AGÊNCIAS BANCÁRIAS NO MUNICÍPIO DO RECIFE, NA FORMA QUE ESPECIFICA, E DÁ OUTRAS PROVIDÊNCIAS.",PLO 38/2017,https://publico.recife.pe.leg.br/consultas/materia/materia_mostrar_proc?cod_materia=63877,Romerinho Jatobá,Em vigor,Lei Ordinária 18496/2018
"Lei Ordinária nº 18495, de 04/06/2018",https://publico.recife.pe.leg.br/consultas/norma_juridica/norma_juridica_mostrar_proc?cod_norma=504,"ALTERA A LEI MUNICIPAL Nº 17.537, DE 26 DE MAIO DE 2009, QUE FIXA NORMAS PARA A EXPLORAÇÃO DO SISTEMA MUNICIPAL DE TÁXI NO MUNICÍPIO DO RECIFE - SMTX/RECIFE.",PLO 368/2017,https://publico.recife.pe.leg.br/consultas/materia/materia_mostrar_proc?cod_materia=75328,Fred Ferreira,Em vigor,Lei Ordinária 18495/2018
"Lei Ordinária nº 18494, de 01/06/2018",https://publico.recife.pe.leg.br/consultas/norma_juridica/norma_juridica_mostrar_proc?cod_norma=503,"DISPÕE SOBRE A ALTERAÇÃO DAS LEIS Nº 18.432, DE 18 DE DEZEMBRO DE 2017 (PPA 2018-2021), Nº 18.327, DE 03 DE JULHO DE 2017 (LDO 2018) E Nº 18.433, DE 18 DE DEZEMBRO DE 2017 (LOA 2018), CRIA UNIDADE ORÇAMENTÁRIA E AUTORIZA A ABERTURA DE CRÉDITO ESPECIAL, POR ANULAÇÃO PARCIAL DE DOTAÇÃO NO ORÇAMENTO DO CORRENTE EXERCÍCIO.",PLE 8/2018,https://publico.recife.pe.leg.br/consultas/materia/materia_mostrar_proc?cod_materia=79351,Prefeito do Recife,Vigência Esgotada,Lei Ordinária 18494/2018
"Lei Ordinária nº 18493, de 25/05/2018",https://publico.recife.pe.leg.br/consultas/norma_juridica/norma_juridica_mostrar_proc?cod_norma=502,INSTITUI A “CAMPANHA DE INTEGRAÇÃO DOS CICLISTAS NO TRÂNSITO” NO MUNICÍPIO DO RECIFE.,PLO 263/2017,https://publico.recife.pe.leg.br/consultas/materia/materia_mostrar_proc?cod_materia=71217,Romero Albuquerque,Em vigor,Lei Ordinária 18493/2018
"Lei Ordinária nº 18492, de 25/05/2018",https://publico.recife.pe.leg.br/consultas/norma_juridica/norma_juridica_mostrar_proc?cod_norma=501,"ACRESCENTA PARÁGRAFO ÚNICO AO ART. 1º DA LEI MUNICIPAL Nº 17.339, DE 15 DE SETEMBRO DE 2007, QUE DISPÕE SOBRE A INSTALAÇÃO DE SINAIS SONOROS NOS SEMÁFOROS DEFRONTE DE HOSPITAIS E ESCOLAS LOCALIZADAS NO MUNICÍPIO DO RECIFE.",PLO 379/2017,https://publico.recife.pe.leg.br/consultas/materia/materia_mostrar_proc?cod_materia=75482,Michele Collins,Em vigor,Lei Ordinária 18492/2018
"Lei Ordinária nº 18491, de 25/05/2018",https://publico.recife.pe.leg.br/consultas/norma_juridica/norma_juridica_mostrar_proc?cod_norma=133,INSTITUI O MARCO LEGAL DA PRIMEIRA INFÂNCIA DO RECIFE E DÁ OUTRAS PROVIDÊNCIAS.,PLE 9/2018,https://publico.recife.pe.leg.br/consultas/materia/materia_mostrar_proc?cod_materia=79775,Prefeito do Recife,Em vigor,Lei Ordinária 18491/2018
"Lei Ordinária nº 18490, de 23/05/2018",https://publico.recife.pe.leg.br/consultas/norma_juridica/norma_juridica_mostrar_proc?cod_norma=132,"ACRESCENTA PARÁGRAFO ÚNICO AO ART. 21 E O §5º AO ART. 23 DA LEI Nº 17.239, DE 7 DE JULHO DE 2016. (LEI QUE DISPÕE SOBRE REMUNERAÇÃO E VANTAGENS DOS SERVIDORES MUNICIPAIS)
""REGIME DE URGÊNCIA""",PLE 10/2018,https://publico.recife.pe.leg.br/consultas/materia/materia_mostrar_proc?cod_materia=79798,Prefeito do Recife,Em vigor,Lei Ordinária 18490/2018
"Lei Ordinária nº 18489, de 23/05/2018",https://publico.recife.pe.leg.br/consultas/norma_juridica/norma_juridica_mostrar_proc?cod_norma=131,"DENOMINAR-SE-Á CAMILO SIMÕES À “PRAÇA”, LOCALIZADA NA AV. BEBERIBE, S/N, NO BAIRRO DE ÁGUA FRIA.",PLE 1/2018,https://publico.recife.pe.leg.br/consultas/materia/materia_mostrar_proc?cod_materia=76743,Prefeito do Recife,Em vigor,Lei Ordinária 18489/2018
"Lei Ordinária nº 18488, de 11/05/2018",https://publico.recife.pe.leg.br/consultas/norma_juridica/norma_juridica_mostrar_proc?cod_norma=130,"ACRESCENTA OS ARTS. 8º-A, 8º-B E 8º-C À LEI Nº 16.737, DE 28 DE DEZEMBRO DE 2001, PARA OBRIGAR A REMOÇÃO DOS CABOS E DA FIAÇÃO AÉREA EXCEDENTES OU SEM USO INSTALADOS POR EMPRESAS PUBLICAS E PRIVADAS, CONCESSIONÁRIAS DE SERVIÇOS PÚBLICOS E PRESTADORES DE SERVIÇO NO MUNICÍPIO DO RECIFE E DÁ OUTRAS PROVIDÊNCIAS.",PLO 124/2017,https://publico.recife.pe.leg.br/consultas/materia/materia_mostrar_proc?cod_materia=67108,Eriberto Rafael,Em vigor,Lei Ordinária 18488/2018
"Lei Ordinária nº 18487, de 11/05/2018",https://publico.recife.pe.leg.br/consultas/norma_juridica/norma_juridica_mostrar_proc?cod_norma=129,INSTITUI A SEMANA EDUCATIVA DA NUTRIÇÃO INFANTIL NO MUNICÍPIO DO RECIFE.,PLO 206/2017,https://publico.recife.pe.leg.br/consultas/materia/materia_mostrar_proc?cod_materia=70310,Romero Albuquerque,Em vigor,Lei Ordinária 18487/2018
"Lei Ordinária nº 18486, de 04/04/2018",https://publico.recife.pe.leg.br/consultas/norma_juridica/norma_juridica_mostrar_proc?cod_norma=128,"ALTERA O §2º DO ART. 3º DA LEI Nº 17.159, DE 21 DE DEZEMBRO DE 2005.",PLO 42/2018,https://publico.recife.pe.leg.br/consultas/materia/materia_mostrar_proc?cod_materia=77831,Carlos Gueiros,Em vigor,Lei Ordinária 18486/2018
"Lei Ordinária nº 18485, de 08/05/2018",https://publico.recife.pe.leg.br/consultas/norma_juridica/norma_juridica_mostrar_proc?cod_norma=127,"INSTITUI, NO CALENDÁRIO OFICIAL DE EVENTOS DO MUNICÍPIO DO RECIFE, O “DIA MUNICIPAL DA COMUNICAÇÃO POPULAR”.",PLO 340/2017,https://publico.recife.pe.leg.br/consultas/materia/materia_mostrar_proc?cod_materia=74239,Ivan Moraes,Em vigor,Lei Ordinária 18485/2018
"Lei Ordinária nº 18484, de 03/05/2018",https://publico.recife.pe.leg.br/consultas/norma_juridica/norma_juridica_mostrar_proc?cod_norma=126,DECLARA DE UTILIDADE PÚBLICA A ASSOCIAÇÃO GRUPO HUMANIZAR.,PLO 389/2017,https://publico.recife.pe.leg.br/consultas/materia/materia_mostrar_proc?cod_materia=75778,Jayme Asfora,Em vigor,Lei Ordinária 18484/2018
"Lei Ordinária nº 18483, de 03/05/2018",https://publico.recife.pe.leg.br/consultas/norma_juridica/norma_juridica_mostrar_proc?cod_norma=123,DECLARA DE UTILIDADE PÚBLICA A PROVÍNCIA NOSSA SENHORA DA PENHA DO NORDESTE DO BRASIL PRONEB.,PLO 390/2017,https://publico.recife.pe.leg.br/consultas/materia/materia_mostrar_proc?cod_materia=75779,Jayme Asfora,Em vigor,Lei Ordinária 18483/2018
"Lei Ordinária nº 18482, de 03/05/2018",https://publico.recife.pe.leg.br/consultas/norma_juridica/norma_juridica_mostrar_proc?cod_norma=122,"DENOMINAR-SE-Á “ZECA BARBOSA DE LIMA” A PRAÇA LOCALIZADA ENTRE ASRUAS SÃO VICENTE E ALFREDO OSÓRIO, EM FRENTE AO SUPERMERCADO EXTRA E DO COLÉGIO SANTA CATARINA, NO BAIRRO DA TAMARINEIRA, NA CIDADE DO RECIFE/PE.",PLO 385/2017,https://publico.recife.pe.leg.br/consultas/materia/materia_mostrar_proc?cod_materia=75641,Rinaldo Júnior,Em vigor,Lei Ordinária 18482/2018
"Lei Ordinária nº 18481, de 03/05/2018",https://publico.recife.pe.leg.br/consultas/norma_juridica/norma_juridica_mostrar_proc?cod_norma=121,"INCLUI NO CALENDÁRIO OFICIAL DE EVENTOS DO MUNICÍPIO DO RECIFE, O “PRÊMIO DA MÚSICA DE PERNAMBUCO.",PLO 315/2017,https://publico.recife.pe.leg.br/consultas/materia/materia_mostrar_proc?cod_materia=73173,Romero Albuquerque,Em vigor,Lei Ordinária 18481/2018
"Lei Ordinária nº 18480, de 03/05/2018",https://publico.recife.pe.leg.br/consultas/norma_juridica/norma_juridica_mostrar_proc?cod_norma=120,"DENOMINAR-SE-Á “RUA DESEMBARGADOR OTÍLIO NEIVA” O PROLONGAMENTO EM CURVA DA AV. DESEMBARGADOR GUERRA BARRETO, ANTIGA AV. BEIRA RIO, NO BAIRRO DA ILHA JOANA BEZERRA.",PLO 346/2017,https://publico.recife.pe.leg.br/consultas/materia/materia_mostrar_proc?cod_materia=74459,Rodrigo Coutinho,Em vigor,Lei Ordinária 18480/2018
"Lei Ordinária nº 18479, de 03/05/2018",https://publico.recife.pe.leg.br/consultas/norma_juridica/norma_juridica_mostrar_proc?cod_norma=119,"INSTITUI O DIA MUNICIPAL DO SINDICALISTA NO RECIFE, A SER COMEMORADO ANUALMENTE EM 30 DE ABRIL.",PLO 125/2017,https://publico.recife.pe.leg.br/consultas/materia/materia_mostrar_proc?cod_materia=67230,Rinaldo Júnior,Em vigor,Lei Ordinária 18479/2018
"Lei Ordinária nº 18478, de 23/04/2018",https://publico.recife.pe.leg.br/consultas/norma_juridica/norma_juridica_mostrar_proc?cod_norma=118,"CRIA NO CALENDÁRIO OFICIAL DE EVENTOS DO MUNICÍPIO DO RECIFE, O MÊS DO DOADOR DE SANGUE E DÁ OUTRAS PROVIDÊNCIAS.",PLO 251/2017,https://publico.recife.pe.leg.br/consultas/materia/materia_mostrar_proc?cod_materia=71168,Michele Collins,Em vigor,Lei Ordinária 18478/2018
"Lei Ordinária nº 18477, de 23/04/2018",https://publico.recife.pe.leg.br/consultas/norma_juridica/norma_juridica_mostrar_proc?cod_norma=117,"INSTITUI, NO CALENDÁRIO OFICIAL DE EVENTOS DO MUNICÍPIO DO RECIFE, A SEMANA MUNICIPAL DE COMBATE AO FEMINICÍDIO.",PLO 343/2017,https://publico.recife.pe.leg.br/consultas/materia/materia_mostrar_proc?cod_materia=74401,Michele Collins,Em vigor,Lei Ordinária 18477/2018
"Lei Ordinária nº 18476, de 23/04/2018",https://publico.recife.pe.leg.br/consultas/norma_juridica/norma_juridica_mostrar_proc?cod_norma=116,DISPÕE SOBRE A CRIAÇÃO DO “DIA MUNICIPAL DE COMBATE À EXPLORAÇÃO SEXUAL DE MULHERES” E DÁ OUTRAS PROVIDÊNCIAS.,PLO 331/2017,https://publico.recife.pe.leg.br/consultas/materia/materia_mostrar_proc?cod_materia=74006,Professora Ana Lúcia,Em vigor,Lei Ordinária 18476/2018
"Lei Ordinária nº 18475, de 18/04/2018",https://publico.recife.pe.leg.br/consultas/norma_juridica/norma_juridica_mostrar_proc?cod_norma=115,DENOMINAR-SE-Á NANÁ VASCONCELOS A PRÓXIMA ESCOLA MUNICIPAL A SER CONSTRUÍDA PELA PREFEITURA DA CIDADE DO RECIFE.,PLO 169/2017,https://publico.recife.pe.leg.br/consultas/materia/materia_mostrar_proc?cod_materia=69582,Chico Kiko,Em vigor,Lei Ordinária 18475/2018
"Lei Ordinária nº 18474, de 18/04/2018",https://publico.recife.pe.leg.br/consultas/norma_juridica/norma_juridica_mostrar_proc?cod_norma=114,"INSTITUI, NO CALENDÁRIO OFICIAL DE EVENTOS DO MUNICÍPIO DO RECIFE, O DIA MUNICIPAL DA MÚSICA BREGA.",PLO 351/2017,https://publico.recife.pe.leg.br/consultas/materia/materia_mostrar_proc?cod_materia=74907,Wanderson Florêncio,Em vigor,Lei Ordinária 18474/2018
"Lei Ordinária nº 18473, de 18/04/2018",https://publico.recife.pe.leg.br/consultas/norma_juridica/norma_juridica_mostrar_proc?cod_norma=113,"DENOMINAR-SE-Á “MIGUEL BATISTA” A PRAÇA LOCALIZADA NA RUA ARLINDO GOUVEIA, NO BAIRRO DA MADALENA.",PLO 319/2017,https://publico.recife.pe.leg.br/consultas/materia/materia_mostrar_proc?cod_materia=73278,Wanderson Florêncio,Em vigor,Lei Ordinária 18473/2018
"Lei Ordinária nº 18472, de 18/04/2018",https://publico.recife.pe.leg.br/consultas/norma_juridica/norma_juridica_mostrar_proc?cod_norma=112,INSTITUI A SEMANA MUNICIPAL DE COMBATE À ESCLEROSE MÚLTIPLA E A INCLUI NO CALENDÁRIO OFICIAL DE EVENTOS DO MUNICÍPIO DO RECIFE.,PLO 281/2017,https://publico.recife.pe.leg.br/consultas/materia/materia_mostrar_proc?cod_materia=72229,Wanderson Florêncio,Em vigor,Lei Ordinária 18472/2018
"Lei Ordinária nº 18471, de 27/03/2018",https://publico.recife.pe.leg.br/consultas/norma_juridica/norma_juridica_mostrar_proc?cod_norma=59,"DISPÕE SOBRE A CONTRATAÇÃO POR TEMPO DETERMINADO PARA ATENDER ÀS NECESSIDADES TEMPORÁRIAS DE EXCEPCIONAL INTERESSE PÚBLICO DE QUE TRATA O ART. 63, INCISO IX, ALÍNEA ""B"", DA LEI ORGÂNICA DO MUNICÍPIO DO RECIFE.",PLE 3/2018,https://publico.recife.pe.leg.br/consultas/materia/materia_mostrar_proc?cod_materia=77203,Prefeito do Recife,Em vigor,Lei Ordinária 18471/2018
"Lei Ordinária nº 18470, de 21/03/2018",https://publico.recife.pe.leg.br/consultas/norma_juridica/norma_juridica_mostrar_proc?cod_norma=58,CONSIDERA PATRIMÔNIO CULTURAL IMATERIAL O BALÉ POPULAR DO RECIFE.,PLO 321/2017,https://publico.recife.pe.leg.br/consultas/materia/materia_mostrar_proc?cod_materia=73512,Professora Ana Lúcia,Em vigor,Lei Ordinária 18470/2018
"Lei Ordinária nº 18469, de 19/03/2018",https://publico.recife.pe.leg.br/consultas/norma_juridica/norma_juridica_mostrar_proc?cod_norma=57,INSTITUI A SEMANA MUNICIPAL DA ASTRONOMIA E A INCLUI NO CALENDÁRIO OFICIAL DE EVENTOS DO MUNICÍPIO DO RECIFE.,PLO 329/2017,https://publico.recife.pe.leg.br/consultas/materia/materia_mostrar_proc?cod_materia=73914,Wanderson Florêncio,Em vigor,Lei Ordinária 18469/2018
"Lei Ordinária nº 18468, de 05/03/2018",https://publico.recife.pe.leg.br/consultas/norma_juridica/norma_juridica_mostrar_proc?cod_norma=56,"DECLARA DE UTILIDADE PÚBLICA, NO ÂMBITO MUNICIPAL, O INSTITUTO ARQUEOLÓGICO, HISTÓRICO E GEOGRÁFICO PERNAMBUCANO (IAHGP) E DÁ OUTRAS PROVIDÊNCIAS.",PLO 363/2017,https://publico.recife.pe.leg.br/consultas/materia/materia_mostrar_proc?cod_materia=75321,Jayme Asfora,Em vigor,Lei Ordinária 18468/2018
"Lei Ordinária nº 18467, de 28/02/2018",https://publico.recife.pe.leg.br/consultas/norma_juridica/norma_juridica_mostrar_proc?cod_norma=55,DISPÕE SOBRE A REMUNERAÇÃO DOS SERVIDORES PÚBLICOS QUE INDICA E DÁ OUTRAS PROVIDÊNCIAS.,PLE 2/2018,https://publico.recife.pe.leg.br/consultas/materia/materia_mostrar_proc?cod_materia=77116,Prefeito do Recife,Em vigor,Lei Ordinária 18467/2018
"Lei Ordinária nº 18466, de 16/01/2018",https://publico.recife.pe.leg.br/consultas/norma_juridica/norma_juridica_mostrar_proc?cod_norma=54,DECLARA PATRIMÔNIO ARTÍSTICO E CULTURAL DO RECIFE OS BLOCOS LÍRICOS EXISTENTES NA CIDADE DO RECIFE.,PLO 12/2017,https://publico.recife.pe.leg.br/consultas/materia/materia_mostrar_proc?cod_materia=63305,Natália de Menudo,Em vigor,Lei Ordinária 18466/2018
"Lei Ordinária nº 18465, de 16/01/2018",https://publico.recife.pe.leg.br/consultas/norma_juridica/norma_juridica_mostrar_proc?cod_norma=53,DISPÕE SOBRE AS GARANTIAS DE ACESSIBILIDADE NAS ESTRUTURAS TEMPORÁRIAS PARA EVENTOS.,PLO 99/2017,https://publico.recife.pe.leg.br/consultas/materia/materia_mostrar_proc?cod_materia=66405,Aline Mariano,Em vigor,Lei Ordinária 18465/2018
"Lei Ordinária nº 18464, de 16/01/2018",https://publico.recife.pe.leg.br/consultas/norma_juridica/norma_juridica_mostrar_proc?cod_norma=52,"DISPÕE SOBRE A PROIBIÇÃO DA COMERCIALIZAÇÃO DO CACHIMBO DE ÁGUA EGÍPCIO, CONHECIDO COMO NARGUILÉ, AOS MENORES DE DEZOITO ANOS DE IDADE NO ÂMBITO DO MUNICÍPIO DO RECIFE.",PLO 264/2017,https://publico.recife.pe.leg.br/consultas/materia/materia_mostrar_proc?cod_materia=71283,Aimee Carvalho,Em vigor,Lei Ordinária 18464/2018
"Lei Ordinária nº 18463, de 16/01/2018",https://publico.recife.pe.leg.br/consultas/norma_juridica/norma_juridica_mostrar_proc?cod_norma=51,"DISPÕE SOBRE A OBRIGATORIEDADE DE CASAS DE SHOWS, BOATES, SALÕES DE FESTAS, E ESTABELECIMENTOS SIMILARES EXIBIREM, EM SUAS DEPENDÊNCIAS, ADVERTÊNCIA SOBRE O PERIGO DA ASSOCIAÇÃO ENTRE BEBIDA ALCOÓLICA E DIREÇÃO NO TRÂNSITO.",PLO 128/2017,https://publico.recife.pe.leg.br/consultas/materia/materia_mostrar_proc?cod_materia=67636,Benjamim da Saúde,Em vigor,Lei Ordinária 18463/2018
"Lei Ordinária nº 18462, de 16/01/2018",https://publico.recife.pe.leg.br/consultas/norma_juridica/norma_juridica_mostrar_proc?cod_norma=50,"OBRIGA OS BARES, RESTAURANTES E SIMILARES QUE APRESENTEM MÚSICA AO VIVO A DIVULGAR ESTE SERVIÇO NA FORMA DESTA LEI, E DÁ OUTRAS PROVIDÊNCIAS.",PLO 30/2017,https://publico.recife.pe.leg.br/consultas/materia/materia_mostrar_proc?cod_materia=63773,Aderaldo Pinto,Em vigor,Lei Ordinária 18462/2018
"Lei Ordinária nº 18461, de 10/01/2018",https://publico.recife.pe.leg.br/consultas/norma_juridica/norma_juridica_mostrar_proc?cod_norma=49,DECLARA PATRIMÔNIO ARTÍSTICO E CULTURAL DO RECIFE AS QUADRILHAS JUNINAS EXISTENTES NA CIDADE.,PLO 142/2017,https://publico.recife.pe.leg.br/consultas/materia/materia_mostrar_proc?cod_materia=68471,Almir Fernando,Em vigor,Lei Ordinária 18461/2018
"Lei Ordinária nº 18460, de 10/01/2018",https://publico.recife.pe.leg.br/consultas/norma_juridica/norma_juridica_mostrar_proc?cod_norma=48,DECLARA PATRIMÔNIO ARTÍSTICO E CULTURAL DO RECIFE OS CABOCLINHOS E AS TRIBOS DE ÍNDIOS EXISTENTES NA CIDADE.,PLO 127/2017,https://publico.recife.pe.leg.br/consultas/materia/materia_mostrar_proc?cod_materia=67363,Almir Fernando,Em vigor,Lei Ordinária 18460/2018
"Lei Ordinária nº 18459, de 10/01/2018",https://publico.recife.pe.leg.br/consultas/norma_juridica/norma_juridica_mostrar_proc?cod_norma=47,INSTITUI O DIA MUNICIPAL DO ASSESSOR PARLAMENTAR.,PLO 148/2017,https://publico.recife.pe.leg.br/consultas/materia/materia_mostrar_proc?cod_materia=68746,Benjamim da Saúde,Em vigor,Lei Ordinária 18459/2018
"Lei Ordinária nº 18458, de 10/01/2018",https://publico.recife.pe.leg.br/consultas/norma_juridica/norma_juridica_mostrar_proc?cod_norma=46,"DENOMINA RUA MAESTRO JOÃO VIEIRA DE ARAÚJO O LOGRADOURO PÚBLICO EXISTENTE NA CIDADE DO
RECIFE.",PLO 308/2017,https://publico.recife.pe.leg.br/consultas/materia/materia_mostrar_proc?cod_materia=73131,Aimee Carvalho,Em vigor,Lei Ordinária 18458/2018
"Lei Ordinária nº 18457, de 08/01/2018",https://publico.recife.pe.leg.br/consultas/norma_juridica/norma_juridica_mostrar_proc?cod_norma=45,"ALTERA A ESTRUTURA ADMINISTRATIVA DO QUADRO DE PESSOAL COMISSIONADO – QPC DA CÂMARA MUNICIPAL DO RECIFE, CRIANDO CARGOS, INSTITUI REPRESENTAÇÃO E DÁ OUTRAS PROVIDÊNCIAS.",PLO 391/2017,https://publico.recife.pe.leg.br/consultas/materia/materia_mostrar_proc?cod_materia=76063,Comissão Executiva,Em vigor,Lei Ordinária 18457/2018
"Lei Ordinária nº 18456, de 27/12/2017",https://publico.recife.pe.leg.br/consultas/norma_juridica/norma_juridica_mostrar_proc?cod_norma=72,"ALTERA A LEI N.º 15.563, DE 27 DE DEZEMBRO DE 1991, A LEI N.º 17.399, DE 28 DE DEZEMBRO DE 2007, A LEI N.º 18.276, DE 02 DE DEZEMBRO DE 2016, E A LEI N.º 17.244, DE 27 DE JULHO DE 2006.",PLE 68/2017,https://publico.recife.pe.leg.br/consultas/materia/materia_mostrar_proc?cod_materia=75346,Prefeito do Recife,Em vigor,Lei Ordinária 18456/2017
"Lei Ordinária nº 18455, de 27/12/2017",https://publico.recife.pe.leg.br/consultas/norma_juridica/norma_juridica_mostrar_proc?cod_norma=71,"ALTERA O INCISO V DO ARTIGO 4º, DA LEI Nº 18.093/2014, PUBLICADA NO DIÁRIO OFICIAL DO MUNICÍPIO Nº 144, DE 18 DE DEZEMBRO DE 2014, QUE ALTERA O ZONEAMENTO DA CIDADE – ZEIS II.",PLE 54/2017,https://publico.recife.pe.leg.br/consultas/materia/materia_mostrar_proc?cod_materia=75343,Prefeito do Recife,Em vigor,Lei Ordinária 18455/2017
"Lei Ordinária nº 18454, de 27/12/2017",https://publico.recife.pe.leg.br/consultas/norma_juridica/norma_juridica_mostrar_proc?cod_norma=70,INSTITUI NO MUNICÍPIO DO RECIFE O CADASTRO TÉCNICO AMBIENTAL DE ATIVIDADES POTENCIALMENTE POLUIDORAS OU UTILIZADORAS DE RECURSOS AMBIENTAIS (CTAA) E A TAXA DE CONTROLE E FISCALIZAÇÃO AMBIENTAL DO MUNICÍPIO DE RECIFE (TCFA-REC).,PLE 62/2017,https://publico.recife.pe.leg.br/consultas/materia/materia_mostrar_proc?cod_materia=75345,Prefeito do Recife,Em vigor,Lei Ordinária 18454/2017
"Lei Ordinária nº 18453, de 27/12/2017",https://publico.recife.pe.leg.br/consultas/norma_juridica/norma_juridica_mostrar_proc?cod_norma=69,"ALTERA A REDAÇÃO DO ARTIGO 48, DA LEI MUNICIPAL Nº 16.290/1997, DE 29 DE JANEIRO DE 1997, QUE ""APROVA O PLANO ESPECÍFICO DE REVITALIZAÇÃO DA ZONA ESPECIAL DE PRESERVAÇÃO DO PATRIMÔNIO HISTÓRICO-CULTURAL 09 - SÍTIO HISTÓRICO DO BAIRRO DO RECIFE, ESTABELECE CONDIÇÕES ESPECIAIS DE USO E OCUPAÇÃO DO SOLO, CRIA MECANISMOS DE PLANEJAMENTO E GESTÃO, E DÁ OUTRAS PROVIDÊNCIAS"".",PLE 67/2017,https://publico.recife.pe.leg.br/consultas/materia/materia_mostrar_proc?cod_materia=75352,Prefeito do Recife,Em vigor,Lei Ordinária 18453/2017
"Lei Ordinária nº 18452, de 27/12/2017",https://publico.recife.pe.leg.br/consultas/norma_juridica/norma_juridica_mostrar_proc?cod_norma=68,"ALTERA A LEI MUNICIPAL Nº 18.043, DE 23 DE JULHO DE 2014, AMPLIANDO O ROL DE BENEFICIÁRIOS DA GRATUIDADE DO SISTEMA DE TRANSPORTE PÚBLICO DE PASSAGEIROS (PASSE LIVRE) E INCLUINDO NORMAS SOBRE A SUA UTILIZAÇÃO.",PLE 57/2017,https://publico.recife.pe.leg.br/consultas/materia/materia_mostrar_proc?cod_materia=75339,Prefeito do Recife,Em vigor,Lei Ordinária 18452/2017
"Lei Ordinária nº 18451, de 27/12/2017",https://publico.recife.pe.leg.br/consultas/norma_juridica/norma_juridica_mostrar_proc?cod_norma=67,"ACRESCENTA OS §§ 1º A 6º AO ART. 27 DA LEI Nº 18.014, DE 09 DE MAIO DE 2014, QUE DISPÕE SOBRE O SISTEMA MUNICIPAL DE UNIDADES PROTEGIDAS DO RECIFE - SMUP RECIFE.",PLE 53/2017,https://publico.recife.pe.leg.br/consultas/materia/materia_mostrar_proc?cod_materia=75350,Prefeito do Recife,Em vigor,Lei Ordinária 18451/2017
"Lei Ordinária nº 18450, de 27/12/2017",https://publico.recife.pe.leg.br/consultas/norma_juridica/norma_juridica_mostrar_proc?cod_norma=65,ALTERA A LEI Nº 17.765/2012 E DÁ OUTRAS PROVIDÊNCIAS.,PLE 51/2017,https://publico.recife.pe.leg.br/consultas/materia/materia_mostrar_proc?cod_materia=75347,Prefeito do Recife,Em vigor,Lei Ordinária 18450/2017
"Lei Ordinária nº 18449, de 27/12/2017",https://publico.recife.pe.leg.br/consultas/norma_juridica/norma_juridica_mostrar_proc?cod_norma=63,"DECLARA DE UTILIDADE PUBLICA NO ÂMBITO MUNICIPAL A ASSOCIAÇÃO AFETO, A ASSOCIAÇÃO DE FAMÍLIAS PARA O BEM-ESTAR E TRATAMENTO DA PESSOA COM AUTISMO - AFETO.",PLO 373/2017,https://publico.recife.pe.leg.br/consultas/materia/materia_mostrar_proc?cod_materia=75334,Aerto Luna,Em vigor,Lei Ordinária 18449/2017
"Lei Ordinária nº 18448, de 27/12/2017",https://publico.recife.pe.leg.br/consultas/norma_juridica/norma_juridica_mostrar_proc?cod_norma=61,ALTERA A LEI MUNICIPAL Nº 18.137 DE 23 DE JUNHO DE 2017.,PLE 58/2017,https://publico.recife.pe.leg.br/consultas/materia/materia_mostrar_proc?cod_materia=75340,Prefeito do Recife,Em vigor,Lei Ordinária 18448/2017
"Lei Ordinária nº 18447, de 27/12/2017",https://publico.recife.pe.leg.br/consultas/norma_juridica/norma_juridica_mostrar_proc?cod_norma=44,"ALTERA O ART. 16 DA LEI MUNICIPAL Nº 16.856, DE 16 DE ABRIL DE 2003, PARA AUTORIZAR, EXCEPCIONALMENTE E MEDIANTE DETERMINADAS CONDIÇÕES, VEÍCULOS DE 21 (VINTE E UM) LUGARES NAS LINHAS ALIMENTADORAS DO SERVIÇO DE TRANSPORTE COMPLEMENTAR DE PASSAGEIROS DO MUNICÍPIO DO RECIFE - STCP/RECIFE.",PLE 56/2017,https://publico.recife.pe.leg.br/consultas/materia/materia_mostrar_proc?cod_materia=75336,Prefeito do Recife,Em vigor,Lei Ordinária 18447/2017
"Lei Ordinária nº 18446, de 27/12/2017",https://publico.recife.pe.leg.br/consultas/norma_juridica/norma_juridica_mostrar_proc?cod_norma=73,AUTORIZA O MUNICÍPIO DO RECIFE A CUSTEAR AS DESPESAS CARTORÁRIAS DOS CONSELHOS ESCOLARES/UNIDADES EXECUTORAS PRÓPRIAS.,PLE 66/2017,https://publico.recife.pe.leg.br/consultas/materia/materia_mostrar_proc?cod_materia=75353,Prefeito do Recife,Em vigor,Lei Ordinária 18446/2017
"Lei Ordinária nº 18445, de 27/12/2017",https://publico.recife.pe.leg.br/consultas/norma_juridica/norma_juridica_mostrar_proc?cod_norma=74,INSTITUI A SEMANA MUNICIPAL DO BRINCAR DO RECIFE E DÁ OUTRAS PROVIDÊNCIAS.,PLE 60/2017,https://publico.recife.pe.leg.br/consultas/materia/materia_mostrar_proc?cod_materia=75337,Prefeito do Recife,Em vigor,Lei Ordinária 18445/2017
"Lei Ordinária nº 18444, de 27/12/2017",https://publico.recife.pe.leg.br/consultas/norma_juridica/norma_juridica_mostrar_proc?cod_norma=75,INSTITUI O FUNDO MUNICIPAL DOS DIREITOS DA PESSOA COM DEFICIÊNCIA.,PLE 59/2017,https://publico.recife.pe.leg.br/consultas/materia/materia_mostrar_proc?cod_materia=75342,Prefeito do Recife,Em vigor,Lei Ordinária 18444/2017
"Lei Ordinária nº 18443, de 27/12/2017",https://publico.recife.pe.leg.br/consultas/norma_juridica/norma_juridica_mostrar_proc?cod_norma=76,"DISPÕE SOBRE A APLICAÇÃO DO ART. 46 DA LEI Nº 18.217, DE 23 DE MARÇO DE 2016.",PLE 47/2017,https://publico.recife.pe.leg.br/consultas/materia/materia_mostrar_proc?cod_materia=75226,Prefeito do Recife,Em vigor,Lei Ordinária 18443/2017
"Lei Ordinária nº 18442, de 27/12/2017",https://publico.recife.pe.leg.br/consultas/norma_juridica/norma_juridica_mostrar_proc?cod_norma=78,"ALTERA O ART. 2º DA LEI MUNICIPAL Nº 16.856, DE 16 DE ABRIL DE 2003.",PLE 52/2017,https://publico.recife.pe.leg.br/consultas/materia/materia_mostrar_proc?cod_materia=75344,Prefeito do Recife,Em vigor,Lei Ordinária 18442/2017
"Lei Ordinária nº 18441, de 27/12/2017",https://publico.recife.pe.leg.br/consultas/norma_juridica/norma_juridica_mostrar_proc?cod_norma=80,DISPÕE SOBRE A REESTRUTURAÇÃO DO INQUÉRITO ADMINISTRATIVO DISCIPLINAR E DA COMISSÃO CENTRAL DE INQUÉRITO – CCI.,PLE 50/2017,https://publico.recife.pe.leg.br/consultas/materia/materia_mostrar_proc?cod_materia=75341,Prefeito do Recife,Em vigor,Lei Ordinária 18441/2017
"Lei Ordinária nº 18440, de 27/12/2017",https://publico.recife.pe.leg.br/consultas/norma_juridica/norma_juridica_mostrar_proc?cod_norma=81,DENOMINAR-SE-Á KÁTIA MARCELINO DE SOUZA A PRÓXIMA ESCOLA MUNICIPAL A SER CONSTRUÍDA PELA PREFEITURA DA CIDADE DO RECIFE.,PLO 280/2017,https://publico.recife.pe.leg.br/consultas/materia/materia_mostrar_proc?cod_materia=72227,Professora Ana Lúcia,Em vigor,Lei Ordinária 18440/2017
"Lei Ordinária nº 18439, de 22/12/2017",https://publico.recife.pe.leg.br/consultas/norma_juridica/norma_juridica_mostrar_proc?cod_norma=82,"DENOMINAR-SE-Á PE. JOSÉ EDWALDO GOMES A PRÓXIMA RUA OU LOGRADOURO A SER INAUGURADA NO BAIRRO DE CASA FORTE, NESTE MUNICÍPIO.",PLO 257/2017,https://publico.recife.pe.leg.br/consultas/materia/materia_mostrar_proc?cod_materia=71205,Jayme Asfora,Em vigor,Lei Ordinária 18439/2017
"Lei Ordinária nº 18438, de 20/12/2017",https://publico.recife.pe.leg.br/consultas/norma_juridica/norma_juridica_mostrar_proc?cod_norma=83,"DISPÕE SOBRE O PREÇO DO SERVIÇO DEVIDO PELA REMOÇÃO E RECOLHIMENTO DE VEÍCULOS POR DESCUMPRIMENTO DAS NORMAS DO CÓDIGO DE TRÂNSITO BRASILEIRO – CTB E DA LEGISLAÇÃO MUNICIPAL, REVOGA A LEI MUNICIPAL 16.828/2002 E DÁ OUTRAS PROVIDÊNCIAS.",PLE 61/2017,https://publico.recife.pe.leg.br/consultas/materia/materia_mostrar_proc?cod_materia=75338,Prefeito do Recife,Em vigor,Lei Ordinária 18438/2017
"Lei Ordinária nº 18437, de 20/12/2017",https://publico.recife.pe.leg.br/consultas/norma_juridica/norma_juridica_mostrar_proc?cod_norma=84,"INSTITUI, NO ÂMBITO DO MUNICÍPIO DO RECIFE, A SEMANA DA CASTRAÇÃO DE CÃES E GATOS, NA FORMA QUE INDICA.",PLO 226/2017,https://publico.recife.pe.leg.br/consultas/materia/materia_mostrar_proc?cod_materia=70574,Wanderson Florêncio,Em vigor,Lei Ordinária 18437/2017
"Lei Ordinária nº 18436, de 20/12/2017",https://publico.recife.pe.leg.br/consultas/norma_juridica/norma_juridica_mostrar_proc?cod_norma=86,"DENOMINAR-SE-Á CONJUNTO HABITACIONAL PADRE JOSÉ EDWALDO GOMES, O CONJUNTO HABITACIONAL LOCALIZADO NA RUA LEMOS TORRES, CASA FORTE, RECIFE - PE",PLO 279/2017,https://publico.recife.pe.leg.br/consultas/materia/materia_mostrar_proc?cod_materia=71917,Augusto Carreras,Em vigor,Lei Ordinária 18436/2017
"Lei Ordinária nº 18435, de 20/12/2017",https://publico.recife.pe.leg.br/consultas/norma_juridica/norma_juridica_mostrar_proc?cod_norma=88,REAJUSTA AS GRATIFICAÇÕES DE FUNÇÃO DOS ADMINISTRADORES E DIRIGENTES DAS UNIDADES EDUCACIONAIS DA REDE MUNICIPAL DE ENSINO.,PLE 65/2017,https://publico.recife.pe.leg.br/consultas/materia/materia_mostrar_proc?cod_materia=75351,Prefeito do Recife,Em vigor,Lei Ordinária 18435/2017
"Lei Ordinária nº 18434, de 20/12/2017",https://publico.recife.pe.leg.br/consultas/norma_juridica/norma_juridica_mostrar_proc?cod_norma=91,CRIA A GRATIFICAÇÃO DE COORDENAÇÃO E EXECUÇÃO DE PROGRAMAS EDUCACIONAIS ESTRATÉGICOS PARA OS COORDENADORES DE CRECHE NO ÂMBITO DA SECRETARIA DE EDUCAÇÃO.,PLE 64/2017,https://publico.recife.pe.leg.br/consultas/materia/materia_mostrar_proc?cod_materia=75349,Prefeito do Recife,Em vigor,Lei Ordinária 18434/2017
"Lei Ordinária nº 18433, de 18/12/2017",https://publico.recife.pe.leg.br/consultas/norma_juridica/norma_juridica_mostrar_proc?cod_norma=95,ESTIMA A RECEITA E FIXA A DESPESA DO MUNICÍPIO DO RECIFE PARA O EXERCÍCIO DE 2018.,PLE 46/2017,https://publico.recife.pe.leg.br/consultas/materia/materia_mostrar_proc?cod_materia=73275,Prefeito do Recife,Em vigor,Lei Ordinária 18433/2017
"Lei Ordinária nº 18432, de 18/12/2017",https://publico.recife.pe.leg.br/consultas/norma_juridica/norma_juridica_mostrar_proc?cod_norma=97,DISPÕE SOBRE O PLANO PLURIANUAL PARA O PERÍODO 2018-2021.,PLE 45/2017,https://publico.recife.pe.leg.br/consultas/materia/materia_mostrar_proc?cod_materia=73274,Prefeito do Recife,Em vigor,Lei Ordinária 18432/2017
"Lei Ordinária nº 18431, de 18/12/2017",https://publico.recife.pe.leg.br/consultas/norma_juridica/norma_juridica_mostrar_proc?cod_norma=100,INSTITUI O DIA DO CAPELÃO NO MUNICÍPIO DO RECIFE.,PLO 293/2017,https://publico.recife.pe.leg.br/consultas/materia/materia_mostrar_proc?cod_materia=72728,Professora Ana Lúcia,Em vigor,Lei Ordinária 18431/2017
"Lei Ordinária nº 18430, de 13/12/2017",https://publico.recife.pe.leg.br/consultas/norma_juridica/norma_juridica_mostrar_proc?cod_norma=101,"REAJUSTA A AJUDA DE CUSTO PERCEBIDA PELOS REPRESENTANTES DO SEGMENTO COMUNITÁRIO DO FÓRUM PREZEIS, DAS COMISSÕES DE URBANIZAÇÃO E LEGALIZAÇÃO DAS ZEIS E DOS GRUPOS DE APOIO DE MOBILIZAÇÃO E FISCALIZAÇÃO DO PLANO DE REGULARIZAÇÃO FUNDIÁRIA DAS ZEIS",PLE 48/2017,https://publico.recife.pe.leg.br/consultas/materia/materia_mostrar_proc?cod_materia=75219,Prefeito do Recife,Em vigor,Lei Ordinária 18430/2017
"Lei Ordinária nº 18429, de 13/12/2017",https://publico.recife.pe.leg.br/consultas/norma_juridica/norma_juridica_mostrar_proc?cod_norma=103,"AMPLIA A ZONA ESPECIAL DE INTERESSE SOCIAL – ZEIS ENTRA APULSO, DESCRITA NO ANEXO 13 DA LEI Nº 16.176/96.",PLE 55/2017,https://publico.recife.pe.leg.br/consultas/materia/materia_mostrar_proc?cod_materia=75335,Prefeito do Recife,Em vigor,Lei Ordinária 18429/2017
"Lei Ordinária nº 18428, de 11/12/2017",https://publico.recife.pe.leg.br/consultas/norma_juridica/norma_juridica_mostrar_proc?cod_norma=107,"ALTERA A LEI Nº 14.985, DE 29 DE JULHO DE 1987, PARA OBRIGAR A INCLUSÃO DE CLÁUSULA DE GARANTIA NOS EDITAIS DE LICITAÇÃO PARA CONTRATAÇÃO DE OBRAS E SERVIÇOS NO MUNICÍPIO DO RECIFE.",PLO 86/2017,https://publico.recife.pe.leg.br/consultas/materia/materia_mostrar_proc?cod_materia=66101,Eriberto Rafael,Em vigor,Lei Ordinária 18428/2017
"Lei Ordinária nº 18427, de 11/12/2017",https://publico.recife.pe.leg.br/consultas/norma_juridica/norma_juridica_mostrar_proc?cod_norma=935,"NOMEIA E CONSTITUI A RUA CONHECIDA POPULARMENTE COMO RUA ESPERANÇA COMO LOGRADOURO PÚBLICO, NO BAIRRO DO PASSARINHO E DÁ OUTRAS PROVIDÊNCIAS.",PLO 136/2016,https://publico.recife.pe.leg.br/consultas/materia/materia_mostrar_proc?cod_materia=62200,Aline Mariano,Em vigor,Lei Ordinária 18427/2017
"Lei Ordinária nº 18426, de 12/12/2017",https://publico.recife.pe.leg.br/consultas/norma_juridica/norma_juridica_mostrar_proc?cod_norma=166,"DISPÕE SOBRE A INSTITUIÇÃO DA ""BRIGADA MARIA DA PENHA"" NO MUNICÍPIO DO RECIFE.",PLE 63/2017,https://publico.recife.pe.leg.br/consultas/materia/materia_mostrar_proc?cod_materia=75348,Prefeito do Recife,Em vigor,Lei Ordinária 18426/2017
"Lei Ordinária nº 18424, de 04/12/2017",https://publico.recife.pe.leg.br/consultas/norma_juridica/norma_juridica_mostrar_proc?cod_norma=1094,"DISPÕE SOBRE A RESERVA DE VAGAS PARA AS PESSOAS COM DEFICIÊNCIAS VISUAL, AUDITIVA, MOTORA, COGNITIVA E COM TRANSTORNO DO ESPECTRO DO AUTISMO NAS CONTRATAÇÕES PARA PRESTAÇÃO DE SERVIÇOS COM FORNECIMENTO DE MÃO-DE-OBRA NO MUNICÍPIO DO RECIFE.",PLO 116/2016,https://publico.recife.pe.leg.br/consultas/materia/materia_mostrar_proc?cod_materia=61542,Jayme Asfora,Em vigor,Lei Ordinária 18424/2017
"Lei Ordinária nº 18423, de 27/11/2017",https://publico.recife.pe.leg.br/consultas/norma_juridica/norma_juridica_mostrar_proc?cod_norma=172,"CRIA GRATIFICAÇÕES E ADICIONAIS PARA CATEGORIAS ESPECÍFICAS DE AGENTES PÚBLICOS MUNICIPAIS, ALTERA O REGRAMENTO DE PARCELAS REMUNERATÓRIAS E INDENIZATÓRIAS EXISTENTES, INSTITUI REGRA ESPECÍFICA DE INCORPORAÇÃO DE VERBA PERCEBIDA EM REGIME DE CESSÃO NO ÂMBITO DO PODER EXECUTIVO MUNICIPAL E DÁ OUTRAS PROVIDÊNCIAS. ""REGIME DE URGÊNCIA""",PLE 49/2017,https://publico.recife.pe.leg.br/consultas/materia/materia_mostrar_proc?cod_materia=75241,Prefeito do Recife,Em vigor,Lei Ordinária 18423/2017
"Lei Ordinária nº 18422, de 22/11/2017",https://publico.recife.pe.leg.br/consultas/norma_juridica/norma_juridica_mostrar_proc?cod_norma=174,"DISCIPLINA A ATIVIDADE DE COMERCIALIZAÇÃO DE ALIMENTOS EM VEÍCULOS AUTOMOTORES DE MÉDIO PORTE E DÁ OUTRAS PROVIDÊNCIAS.
""REGIME DE URGÊNCIA""",PLE 6/2017,https://publico.recife.pe.leg.br/consultas/materia/materia_mostrar_proc?cod_materia=68657,Prefeito do Recife,Em vigor,Lei Ordinária 18422/2017
"Lei Ordinária nº 18420, de 27/12/2017",https://publico.recife.pe.leg.br/consultas/norma_juridica/norma_juridica_mostrar_proc?cod_norma=199,DISPÕE SOBRE A REESTRUTURAÇÃO DO INQUÉRITO ADMINISTRATIVO DISCIPLINAR E DA COMISSÃO CENTRAL DE INQUÉRITO – CCI.,PLE 50/2017,https://publico.recife.pe.leg.br/consultas/materia/materia_mostrar_proc?cod_materia=75341,Prefeito do Recife,Em vigor,Lei Ordinária 18420/2017
"Lei Ordinária nº 18419, de 20/11/2017",https://publico.recife.pe.leg.br/consultas/norma_juridica/norma_juridica_mostrar_proc?cod_norma=203,"DISPÕE SOBRE A PRORROGAÇÃO EXTRAORDINÁRIA DO PRAZO PREVISTO NO ART. 7º DA LEI MUNICIPAL Nº 17.537/2009, COM INCIDÊNCIA, EXCLUSIVAMENTE, SOBRE PERMISSIONÁRIOS AUTÔNOMOS DE TÁXI (PESSOA FÍSICA) E, ESTABELECE AS CONDIÇÕES GERAIS DE USO DOS VEÍCULOS DE TÁXI.",PLO 184/2017,https://publico.recife.pe.leg.br/consultas/materia/materia_mostrar_proc?cod_materia=69864,Aerto Luna,Em vigor,Lei Ordinária 18419/2017
"Lei Ordinária nº 18418, de 20/11/2017",https://publico.recife.pe.leg.br/consultas/norma_juridica/norma_juridica_mostrar_proc?cod_norma=206,"FICA INSTITUÍDA A CAMPANHA “JUNHO VERMELHO”, DE CONSCIENTIZAÇÃO SOBRE A DOAÇÃO DE SANGUE.",PLO 164/2017,https://publico.recife.pe.leg.br/consultas/materia/materia_mostrar_proc?cod_materia=69341,Marcos di Bria,Em vigor,Lei Ordinária 18418/2017
"Lei Ordinária nº 18417, de 20/11/2017",https://publico.recife.pe.leg.br/consultas/norma_juridica/norma_juridica_mostrar_proc?cod_norma=266,"DISPÕE SOBRE A OBRIGATORIEDADE DAS ESCOLAS DA REDE PRIVADA DE ENSINO DO RECIFE DE MINISTRAREM TREINAMENTO ADEQUADO AO CORPO DOCENTE, AOS FUNCIONÁRIOS E AOS ALUNOS, PARA SIMULAÇÕES DE EVACUAÇÃO EM CASOS DE INCÊNDIO E DÁ OUTRAS PROVIDÊNCIAS",PLO 72/2016,https://publico.recife.pe.leg.br/consultas/materia/materia_mostrar_proc?cod_materia=59565,André Régis,Em vigor,Lei Ordinária 18417/2017
"Lei Ordinária nº 18416, de 08/11/2017",https://publico.recife.pe.leg.br/consultas/norma_juridica/norma_juridica_mostrar_proc?cod_norma=209,"DISPÕE SOBRE A CRIAÇÃO DA MEDALHA DE MÉRITO EDUCACIONAL PAULO FREIRE COMO PRÊMIO AO “PROFESSOR DO ANO”, NO MUNICÍPIO DO RECIFE, E DÁ OUTRAS PROVIDÊNCIAS.",PLO 95/2017,https://publico.recife.pe.leg.br/consultas/materia/materia_mostrar_proc?cod_materia=66315,Professora Ana Lúcia,Em vigor,Lei Ordinária 18416/2017
"Lei Ordinária nº 18415, de 07/11/2017",https://publico.recife.pe.leg.br/consultas/norma_juridica/norma_juridica_mostrar_proc?cod_norma=210,"INSTITUI O DIA DO ADVOGADO TRABALHISTA, A SER COMEMORADO ANUALMENTE EM 20 DE JUNHO.",PLO 229/2017,https://publico.recife.pe.leg.br/consultas/materia/materia_mostrar_proc?cod_materia=70728,Jayme Asfora,Em vigor,Lei Ordinária 18415/2017
"Lei Ordinária nº 18414, de 07/11/2017",https://publico.recife.pe.leg.br/consultas/norma_juridica/norma_juridica_mostrar_proc?cod_norma=211,"DISPÕE SOBRE A ALTERAÇÃO DO NOME DA UNIDADE DE SAÚDE DA FAMÍLIA GUABIRABA, NO BAIRRO DA GUABIRABA, PARA UNIDADE DE SAÚDE DA FAMÍLIA TEREZA RAMOS.",PLO 161/2017,https://publico.recife.pe.leg.br/consultas/materia/materia_mostrar_proc?cod_materia=69295,Hélio Guabiraba,Em vigor,Lei Ordinária 18414/2017
"Lei Ordinária nº 18413, de 07/11/2017",https://publico.recife.pe.leg.br/consultas/norma_juridica/norma_juridica_mostrar_proc?cod_norma=273,"ALTERA DISPOSITIVO DA LEI Nº 18.126, DE 30 DE MARÇO DE 2015 E INCLUI O ANEXO I (MEMORIAL DESCRITIVO E LEVANTAMENTO TOPOGRÁFICO)",PLE 35/2017,https://publico.recife.pe.leg.br/consultas/materia/materia_mostrar_proc?cod_materia=69067,Prefeito do Recife,Em vigor,Lei Ordinária 18413/2017
"Lei Ordinária nº 18412, de 07/11/2017",https://publico.recife.pe.leg.br/consultas/norma_juridica/norma_juridica_mostrar_proc?cod_norma=275,AUTORIZA A DESTINAÇÃO DE RECURSOS FINANCEIROS PARA CUSTEAR EXPANSÃO DO PORTO DIGITAL E AMPLIAÇÃO DA OFERTA DE SERVIÇOS QUALIFICADOS EM FAVOR DE ENTIDADE QUE ESPECIFICA E DÁ OUTRAS PROVIDÊNCIAS.,PLE 34/2017,https://publico.recife.pe.leg.br/consultas/materia/materia_mostrar_proc?cod_materia=69066,Prefeito do Recife,Em vigor,Lei Ordinária 18412/2017
"Lei Ordinária nº 18411, de 03/11/2017",https://publico.recife.pe.leg.br/consultas/norma_juridica/norma_juridica_mostrar_proc?cod_norma=277,"ALTERA A LEI N.º 17.174, DE 30 DE DEZEMBRO DE 2005.(LEI QUE INSTITUI PROGRAMA DE GERAÇÃO DE EMPREGOS E AUMENTO DE ARRECADAÇÃO TRIBUTÁRIA DO MUNICÍPIO DO RECIFE)",PLE 42/2017,https://publico.recife.pe.leg.br/consultas/materia/materia_mostrar_proc?cod_materia=72351,Prefeito do Recife,Em vigor,Lei Ordinária 18411/2017
"Lei Ordinária nº 18410, de 31/10/2017",https://publico.recife.pe.leg.br/consultas/norma_juridica/norma_juridica_mostrar_proc?cod_norma=280,"INSTITUI, NO CALENDÁRIO OFICIAL DO MUNICÍPIO DO RECIFE, O “ABRIL LARANJA”, MÊS DE PREVENÇÃO E COMBATE AO BULLYING ESCOLAR, E DÁ OUTRAS PROVIDÊNCIAS.",PLO 154/2017,https://publico.recife.pe.leg.br/consultas/materia/materia_mostrar_proc?cod_materia=68971,Aline Mariano,Revogada,Lei Ordinária 18410/2017
"Lei Ordinária nº 18409, de 31/10/2017",https://publico.recife.pe.leg.br/consultas/norma_juridica/norma_juridica_mostrar_proc?cod_norma=283,DISPÕE SOBRE A IMPLANTAÇÃO DE UM SERVIÇO DE REFERÊNCIA DE DOENÇAS RARAS NO MUNICÍPIO DO RECIFE.,PLO 52/2017,https://publico.recife.pe.leg.br/consultas/materia/materia_mostrar_proc?cod_materia=64559,Michele Collins,Em vigor,Lei Ordinária 18409/2017
"Lei Ordinária nº 18408, de 31/10/2017",https://publico.recife.pe.leg.br/consultas/norma_juridica/norma_juridica_mostrar_proc?cod_norma=286,"DENOMINAR-SE-Á “PRAÇA MAESTRO MILTOM RODRIGUES” A PRAÇA LOCALIZADA NA RUA NUMA POMPILHO, NO BAIRRO DE SANTO AMARO.",PLO 160/2017,https://publico.recife.pe.leg.br/consultas/materia/materia_mostrar_proc?cod_materia=69293,Alcides Teixeira Neto,Em vigor,Lei Ordinária 18408/2017
"Lei Ordinária nº 18407, de 31/10/2017",https://publico.recife.pe.leg.br/consultas/norma_juridica/norma_juridica_mostrar_proc?cod_norma=287,"INSTITUI, NO CALENDÁRIO OFICIAL DO MUNICÍPIO DO RECIFE, O DIA MUNICIPAL DE LUTA CONTRA O ENCARCERAMENTO DA JUVENTUDE NEGRA, A SER COMEMORADO ANUALMENTE NO DIA 20 DE JUNHO.",PLO 228/2017,https://publico.recife.pe.leg.br/consultas/materia/materia_mostrar_proc?cod_materia=70722,Ivan Moraes,Em vigor,Lei Ordinária 18407/2017
"Lei Ordinária nº 18406, de 31/10/2017",https://publico.recife.pe.leg.br/consultas/norma_juridica/norma_juridica_mostrar_proc?cod_norma=290,INSTITUI A SEMANA MUNICIPAL DE INCENTIVO AO CICLISMO NO CALENDÁRIO OFICIAL DO MUNICÍPIO DO RECIFE.,PLO 167/2017,https://publico.recife.pe.leg.br/consultas/materia/materia_mostrar_proc?cod_materia=69433,Fred Ferreira,Em vigor,Lei Ordinária 18406/2017
"Lei Ordinária nº 18405, de 31/10/2017",https://publico.recife.pe.leg.br/consultas/norma_juridica/norma_juridica_mostrar_proc?cod_norma=292,"INCLUI, NO CALENDÁRIO OFICIAL DO RECIFE, O DIA MUNICIPAL DE ENFRENTAMENTO À VIOLÊNCIA CONTRA A PESSOA IDOSA.",PLO 29/2017,https://publico.recife.pe.leg.br/consultas/materia/materia_mostrar_proc?cod_materia=63711,Michele Collins,Em vigor,Lei Ordinária 18405/2017
"Lei Ordinária nº 18404, de 31/10/2017",https://publico.recife.pe.leg.br/consultas/norma_juridica/norma_juridica_mostrar_proc?cod_norma=295,"INSTITUI E INCLUI NO CALENDÁRIO OFICIAL DE EVENTOS DO MUNICÍPIO DO RECIFE A  ""SEMANA MUNICIPAL DA CONSCIENTIZAÇÃO SOBRE O TRANSTORNO DO ESPECTRO AUTISTA"".",PLO 60/2017,https://publico.recife.pe.leg.br/consultas/materia/materia_mostrar_proc?cod_materia=64928,Aline Mariano,Em vigor,Lei Ordinária 18404/2017
"Lei Ordinária nº 18403, de 31/10/2017",https://publico.recife.pe.leg.br/consultas/norma_juridica/norma_juridica_mostrar_proc?cod_norma=298,"INCLUI, NO CALENDÁRIO OFICIAL DO MUNICÍPIO DO RECIFE, A “SEMANA DO LIXO ZERO”.",PLO 110/2017,https://publico.recife.pe.leg.br/consultas/materia/materia_mostrar_proc?cod_materia=66675,Marcos di Bria,Em vigor,Lei Ordinária 18403/2017
"Lei Ordinária nº 18402, de 31/10/2017",https://publico.recife.pe.leg.br/consultas/norma_juridica/norma_juridica_mostrar_proc?cod_norma=302,CRIA A SEMANA MUNICIPAL DE APOIO E CONSCIENTIZAÇÃO SOBRE O PARTO HUMANIZADO E DÁ OUTRAS PROVIDÊNCIAS.,PLO 28/2017,https://publico.recife.pe.leg.br/consultas/materia/materia_mostrar_proc?cod_materia=63710,Michele Collins,Em vigor,Lei Ordinária 18402/2017
"Lei Ordinária nº 18401, de 31/10/2017",https://publico.recife.pe.leg.br/consultas/norma_juridica/norma_juridica_mostrar_proc?cod_norma=304,"DISPÕE SOBRE CONCESSÃO DE ISENÇÃO TRIBUTÁRIA, AOS PERMISSIONÁRIOS DO SERVIÇO DE TRANSPORTE COMPLEMENTAR DE PASSAGEIROS DO MUNICÍPIO DO RECIFE – STCP/RECIFE.",PLE 39/2017,https://publico.recife.pe.leg.br/consultas/materia/materia_mostrar_proc?cod_materia=71407,Prefeito do Recife,Em vigor,Lei Ordinária 18401/2017
"Lei Ordinária nº 18400, de 26/10/2017",https://publico.recife.pe.leg.br/consultas/norma_juridica/norma_juridica_mostrar_proc?cod_norma=305,"INCLUI, NO CALENDÁRIO OFICIAL DO RECIFE, O DIA MUNICIPAL DE CONSCIENTIZAÇÃO E PREVENÇÃO DO MAL DE ALZHEIMER.",PLO 91/2017,https://publico.recife.pe.leg.br/consultas/materia/materia_mostrar_proc?cod_materia=66130,Michele Collins,Em vigor,Lei Ordinária 18400/2017
"Lei Ordinária nº 18399, de 26/10/2017",https://publico.recife.pe.leg.br/consultas/norma_juridica/norma_juridica_mostrar_proc?cod_norma=307,"DENOMINA DE RUA PASTOR CÍCERO LOURENÇO VIANA, A 5ª (QUINTA) TRAVESSA DA RUA MANOEL DE ABREU, NO MUNICÍPIO DO RECIFE.",PLO 58/2017,https://publico.recife.pe.leg.br/consultas/materia/materia_mostrar_proc?cod_materia=64831,Renato Antunes,Em vigor,Lei Ordinária 18399/2017
"Lei Ordinária nº 18398, de 26/10/2017",https://publico.recife.pe.leg.br/consultas/norma_juridica/norma_juridica_mostrar_proc?cod_norma=309,"DISPÕE SOBRE A GARANTIA DA REALIZAÇÃO DO EXAME DE CARIÓTIPO EM TODOS OS RECÉM-NASCIDOS QUE APRESENTAREM SINAIS INDICATIVOS DA SÍNDROME DE DOWN, NOS HOSPITAIS E MATERNIDADES PARTICULARES DO MUNICÍPIO DO RECIFE.",PLO 25/2017,https://publico.recife.pe.leg.br/consultas/materia/materia_mostrar_proc?cod_materia=63619,Aline Mariano,Em vigor,Lei Ordinária 18398/2017
"Lei Ordinária nº 18397, de 23/10/2017",https://publico.recife.pe.leg.br/consultas/norma_juridica/norma_juridica_mostrar_proc?cod_norma=312,"DISPÕE SOBRE A OBRIGATORIEDADE DOS ESTABELECIMENTOS COMERCIAIS E DE PRESTAÇÃO DE SERVIÇOS AFIXAREM INFORMATIVO NA FORMA DE PLACA OU CARTAZ, CONTENDO OS DEZ ""DIREITOS ESSENCIAIS"" DO CONSUMIDOR.",PLO 70/2017,https://publico.recife.pe.leg.br/consultas/materia/materia_mostrar_proc?cod_materia=65284,Rodrigo Coutinho,Em vigor,Lei Ordinária 18397/2017
"Lei Ordinária nº 18396, de 23/10/2017",https://publico.recife.pe.leg.br/consultas/norma_juridica/norma_juridica_mostrar_proc?cod_norma=316,DISPÕE SOBRE A OBRIGATORIEDADE DE DIVULGAÇÃO DE INFORMAÇÕE S ACERCA DOS DIREITOS DA PESSOA PORTADORA DE CÂNCER E DÁ OUTRAS PROVIDENCIAS.,PLO 68/2017,https://publico.recife.pe.leg.br/consultas/materia/materia_mostrar_proc?cod_materia=65184,Natália de Menudo,Em vigor,Lei Ordinária 18396/2017
"Lei Ordinária nº 18395, de 20/10/2017",https://publico.recife.pe.leg.br/consultas/norma_juridica/norma_juridica_mostrar_proc?cod_norma=320,"DISPÕE SOBRE A TRANSFORMAÇÃO E A CRIAÇÃO DE CARGOS EFETIVOS NO ÂMBITO DA ADMINISTRAÇÃO DIRETA, NA ESTRUTURA DA SECRETARIA DE DESENVOLVIMENTO SOCIAL, JUVENTUDE, POLÍTICAS SOBRE DROGAS E DIREITOS HUMANOS E DÁ OUTRAS PROVIDÊNCIAS.",PLE 38/2017,https://publico.recife.pe.leg.br/consultas/materia/materia_mostrar_proc?cod_materia=71324,Prefeito do Recife,Em vigor,Lei Ordinária 18395/2017
"Lei Ordinária nº 18394, de 20/10/2017",https://publico.recife.pe.leg.br/consultas/norma_juridica/norma_juridica_mostrar_proc?cod_norma=329,"DÁ NOVA REDAÇÃO AO §4º DO ARTIGO 20, DA LEI Nº 17.955, DE 23 DE DEZEMBRO DE 2013.",PLE 43/2017,https://publico.recife.pe.leg.br/consultas/materia/materia_mostrar_proc?cod_materia=73006,Prefeito do Recife,Em vigor,Lei Ordinária 18394/2017
"Lei Ordinária nº 18393, de 17/10/2017",https://publico.recife.pe.leg.br/consultas/norma_juridica/norma_juridica_mostrar_proc?cod_norma=330,"ALTERA O ANEXO ÚNICO DA LEI Nº 18.177, DE 05.11.2015.",PLO 256/2017,https://publico.recife.pe.leg.br/consultas/materia/materia_mostrar_proc?cod_materia=71203,Comissão Executiva,Em vigor,Lei Ordinária 18393/2017
"Lei Ordinária nº 18392, de 17/10/2017",https://publico.recife.pe.leg.br/consultas/norma_juridica/norma_juridica_mostrar_proc?cod_norma=331,DISPÕE SOBRE A OBRIGATORIEDADE DAS INSTITUIÇÕES BANCÁRIAS DISPONIBILIZAREM ASSENTOS PARA O USO DOS CLIENTES NAS SALAS DE ATENDIMENTO DOS CAIXAS E DÁ OUTRAS PROVIDÊNCIAS.,PLO 9/2017,https://publico.recife.pe.leg.br/consultas/materia/materia_mostrar_proc?cod_materia=63354,Jairo Britto,Em vigor,Lei Ordinária 18392/2017
"Lei Ordinária nº 18391, de 18/10/2017",https://publico.recife.pe.leg.br/consultas/norma_juridica/norma_juridica_mostrar_proc?cod_norma=332,"ALTERA O ZONEAMENTO DA CIDADE, INSTITUINDO A ZONA ESPECIAL DE INTERESSE SOCIAL II – ZEIS II BARBALHO E AUTORIZA O MUNICÍPIO DO RECIFE A REALIZAR DESMEMBRAMENTO E EDIFICAÇÃO NA ZONA ESPECIAL DE PRESERVAÇÃO DO PATRIMÔNIO HISTÓRICO-CULTURAL – ZEPH 15, NO SETOR DE PRESERVAÇÃO RIGOROSA – SPR, PARA O FIM ESPECÍFICO DE REGULARIZAÇÃO DO “CONJUNTO HABITACIONAL CASARÃO DO BARBALHO”.",PLE 41/2017,https://publico.recife.pe.leg.br/consultas/materia/materia_mostrar_proc?cod_materia=72352,Prefeito do Recife,Em vigor,Lei Ordinária 18391/2017
"Lei Ordinária nº 18390, de 13/10/2017",https://publico.recife.pe.leg.br/consultas/norma_juridica/norma_juridica_mostrar_proc?cod_norma=333,"DISPÕE SOBRE A ALTERAÇÃO DO NOME DA RUA AGROLÂNDIA, NO BAIRRO DO ALTO DO REFÚGIO, PARA RUA MARIA FRANCISCA DA CONCEIÇÃO (MARIA GRANDE).",PLO 111/2017,https://publico.recife.pe.leg.br/consultas/materia/materia_mostrar_proc?cod_materia=66679,Romerinho Jatobá,Em vigor,Lei Ordinária 18390/2017
"Lei Ordinária nº 18389, de 11/10/2017",https://publico.recife.pe.leg.br/consultas/norma_juridica/norma_juridica_mostrar_proc?cod_norma=334,"DISPÕE SOBRE A IMPLANTAÇÃO DO PROGRAMA DE PREVENÇÃO E COMBATE ÀS DOENÇAS RENAIS CRÔNICAS NO MUNICÍPIO RECIFE, E DÁ OUTRAS PROVIDÊNCIAS.",PLO 140/2017,https://publico.recife.pe.leg.br/consultas/materia/materia_mostrar_proc?cod_materia=68160,Michele Collins,Em vigor,Lei Ordinária 18389/2017
"Lei Ordinária nº 18388, de 11/10/2017",https://publico.recife.pe.leg.br/consultas/norma_juridica/norma_juridica_mostrar_proc?cod_norma=335,"ALTERA A LEI MUNICIPAL N° 18.002, DE 10 DE ABRIL DE 2014, QUE ESTABELECE DIRETRIZES A SEREM OBSERVADAS NA FORMULAÇÃO DA POLÍTICA MUNICIPAL DE ATENDIMENTO ÀS PESSOAS COM TRANSTORNO INVASIVO DO DESENVOLVIMENTO - AUTISMO NO MUNICÍPIO DO RECIFE, E DÁ OUTRAS PROVIDÊNCIAS.",PLO 80/2017,https://publico.recife.pe.leg.br/consultas/materia/materia_mostrar_proc?cod_materia=65641,Michele Collins,Em vigor,Lei Ordinária 18388/2017
"Lei Ordinária nº 18387, de 11/10/2017",https://publico.recife.pe.leg.br/consultas/norma_juridica/norma_juridica_mostrar_proc?cod_norma=336,"FIXA, PARA O MÊS DE OUTUBRO DE 2017, O VALOR DO ABONO PECUNIÁRIO PREVISTO NO ART. 10 DA LEI MUNICIPAL Nº 17.239, DE 7 DE JULHO DE 2006, E DO ABONO EDUCADOR PREVISTO NO ART. 42, CAPUT, DA LEI MUNICIPAL Nº 16.520, DE 20 DE OUTUBRO DE 1999, CONFERE NOVA EXTENSÃO AO BÔNUS PREVISTO NO ART. 5º, PARÁGRAFO ÚNICO, DA LEI MUNICIPAL Nº 17.626, DE 4 DE JUNHO DE 2010.   'REGIME DE URGÊNCIA""",PLE 44/2017,https://publico.recife.pe.leg.br/consultas/materia/materia_mostrar_proc?cod_materia=73175,Prefeito do Recife,Em vigor,Lei Ordinária 18387/2017
"Lei Ordinária nº 18386, de 10/10/2017",https://publico.recife.pe.leg.br/consultas/norma_juridica/norma_juridica_mostrar_proc?cod_norma=337,"DISPÕE SOBRE A INCLUSÃO, NO CALENDÁRIO DE EVENTOS DO MUNICÍPIO DO RECIFE, DO “DIA DO FUTEVÔLEI”, A SER COMEMORADO NO DIA 24 DE NOVEMBRO, E DÁ OUTRAS PROVIDÊNCIAS.",PLO 163/2017,https://publico.recife.pe.leg.br/consultas/materia/materia_mostrar_proc?cod_materia=69339,Fred Ferreira,Em vigor,Lei Ordinária 18386/2017
"Lei Ordinária nº 18385, de 10/10/2017",https://publico.recife.pe.leg.br/consultas/norma_juridica/norma_juridica_mostrar_proc?cod_norma=338,"INSTITUI O DIA DA ECONOMIA SOLIDÁRIA NO MUNICÍPIO DO RECIFE, A SER COMEMORADO ANUALMENTE EM 15 DE DEZEMBRO.",PLO 50/2017,https://publico.recife.pe.leg.br/consultas/materia/materia_mostrar_proc?cod_materia=64552,Rinaldo Júnior,Em vigor,Lei Ordinária 18385/2017
"Lei Ordinária nº 18384, de 03/10/2017",https://publico.recife.pe.leg.br/consultas/norma_juridica/norma_juridica_mostrar_proc?cod_norma=339,INSTITUI O EVENTO DEZEMBRO VERMELHO E O INCLUI NO CALENDÁRIO OFICIAL DO MUNICÍPIO DO RECIFE.,PLO 84/2017,https://publico.recife.pe.leg.br/consultas/materia/materia_mostrar_proc?cod_materia=65913,Wanderson Florêncio,Em vigor,Lei Ordinária 18384/2017
"Lei Ordinária nº 18383, de 03/10/2017",https://publico.recife.pe.leg.br/consultas/norma_juridica/norma_juridica_mostrar_proc?cod_norma=340,"DENOMINAR-SE-Á “RUA PE. JOSÉ EDWALDO GOMES”  A RUA CONHECIDA COMO RUA CASA FORTE, NO BAIRRO DE CASA FORTE.  ""REGIME DE URGÊNCIA""",PLO 258/2017,https://publico.recife.pe.leg.br/consultas/materia/materia_mostrar_proc?cod_materia=71206,Rodrigo Coutinho,Em vigor,Lei Ordinária 18383/2017
"Lei Ordinária nº 18382, de 25/09/2017",https://publico.recife.pe.leg.br/consultas/norma_juridica/norma_juridica_mostrar_proc?cod_norma=341,"DISPÕE SOBRE A DENOMINAÇÃO DA CRECHE ESCOLA QUE FUNCIONARÁ NA AVENIDA PRESIDENTE MÉDICI, S/N, BARRO, RECIFE – PE.",PLE 16/2017,https://publico.recife.pe.leg.br/consultas/materia/materia_mostrar_proc?cod_materia=68666,Prefeito do Recife,Em vigor,Lei Ordinária 18382/2017
"Lei Ordinária nº 18381, de 25/09/2017",https://publico.recife.pe.leg.br/consultas/norma_juridica/norma_juridica_mostrar_proc?cod_norma=342,"DISPÕE SOBRE A DENOMINAÇÃO DA CRECHE-ESCOLA LOCALIZADA NA AVENIDA 12 DE JUNHO, S/N, COHAB, IBURA, RECIFE-PE.",PLE 33/2017,https://publico.recife.pe.leg.br/consultas/materia/materia_mostrar_proc?cod_materia=68685,Prefeito do Recife,Em vigor,Lei Ordinária 18381/2017
"Lei Ordinária nº 18380, de 19/09/2017",https://publico.recife.pe.leg.br/consultas/norma_juridica/norma_juridica_mostrar_proc?cod_norma=343,"ALTERA A LEI MUNICIPAL N° 18.002, DE 10 DE ABRIL DE 2014, QUE ESTABELECE DIRETRIZES A SEREM OBSERVADAS NA FORMULAÇÃO DA POLÍTICA MUNICIPAL DE ATENDIMENTO ÀS PESSOAS COM TRANSTORNO INVASIVO DO DESENVOLVIMENTO - AUTISMO NO MUNICÍPIO DO RECIFE, E DÁ OUTRAS PROVIDÊNCIAS.",PLO 80/2017,https://publico.recife.pe.leg.br/consultas/materia/materia_mostrar_proc?cod_materia=65641,Michele Collins,Em vigor,Lei Ordinária 18380/2017
"Lei Ordinária nº 18379, de 18/09/2017",https://publico.recife.pe.leg.br/consultas/norma_juridica/norma_juridica_mostrar_proc?cod_norma=347,DISPÕE SOBRE O REAJUSTE DA REMUNERAÇÃO DOS SERVIDORES DO PODER LEGISLATIVO E DÁ OUTRAS PROVIDÊNCIAS.,PLO 259/2017,https://publico.recife.pe.leg.br/consultas/materia/materia_mostrar_proc?cod_materia=71979,Comissão Executiva,Em vigor,Lei Ordinária 18379/2017
"Lei Ordinária nº 18378, de 18/09/2017",https://publico.recife.pe.leg.br/consultas/norma_juridica/norma_juridica_mostrar_proc?cod_norma=349,DISPÕE SOBRE A OBRIGATORIEDADE DE INSTALAÇÃO DE SISTEMA DE COMPARTILHAMENTO DE VEÍCULOS OFICIAIS PELA ADMINISTRAÇÃO PÚBLICA DO MUNICÍPIO DO RECIFE.,PLO 221/2017,https://publico.recife.pe.leg.br/consultas/materia/materia_mostrar_proc?cod_materia=70332,Rodrigo Coutinho,Em vigor,Lei Ordinária 18378/2017
"Lei Ordinária nº 18377, de 18/09/2017",https://publico.recife.pe.leg.br/consultas/norma_juridica/norma_juridica_mostrar_proc?cod_norma=351,"TORNA OBRIGATÓRIA A FIXAÇÃO DE QUADRO DE AVISO ALERTANDO SER CRIME A VIOLÊNCIA, O ABUSO E A EXPLORAÇÃO SEXUAL CONTRA A MULHER, TORNANDO PÚBLICO O TELEFONE DO DISQUE DENÚNCIA.",PLO 112/2016,https://publico.recife.pe.leg.br/consultas/materia/materia_mostrar_proc?cod_materia=61475,Antonio Luiz Neto,Em vigor,Lei Ordinária 18377/2017
"Lei Ordinária nº 18376, de 18/09/2017",https://publico.recife.pe.leg.br/consultas/norma_juridica/norma_juridica_mostrar_proc?cod_norma=353,"INSTITUI NO CALENDÁRIO OFICIAL DE EVENTOS DO MUNICÍPIO DO RECIFE, O DIA MUNICIPAL DE HOMENAGEM AOS DESAPARECIDOS POLÍTICOS QUE LUTARAM CONTRA A DITADURA MILITAR DO BRASIL.",PLO 124/2016,https://publico.recife.pe.leg.br/consultas/materia/materia_mostrar_proc?cod_materia=61714,Marília Arraes,Em vigor,Lei Ordinária 18376/2017
"Lei Ordinária nº 18375, de 15/09/2017",https://publico.recife.pe.leg.br/consultas/norma_juridica/norma_juridica_mostrar_proc?cod_norma=356,DENOMINA PRAÇA MONSENHOR GUEDES O ESPAÇO PÚBLICO EXISTENTE EM VIA PÚBLICA DA CIDADE DO RECIFE,PLO 218/2017,https://publico.recife.pe.leg.br/consultas/materia/materia_mostrar_proc?cod_materia=70322,Carlos Gueiros,Em vigor,Lei Ordinária 18375/2017
"Lei Ordinária nº 18374, de 11/09/2017",https://publico.recife.pe.leg.br/consultas/norma_juridica/norma_juridica_mostrar_proc?cod_norma=359,CRIA O “SELO ESCOLA VERDE” NA REDE MUNICIPAL DE ENSINO.,PLO 36/2016,https://publico.recife.pe.leg.br/consultas/materia/materia_mostrar_proc?cod_materia=58372,André Régis,Em vigor,Lei Ordinária 18374/2017
"Lei Ordinária nº 18372, de 08/09/2017",https://publico.recife.pe.leg.br/consultas/norma_juridica/norma_juridica_mostrar_proc?cod_norma=360,"INSTITUI, NO CALENDÁRIO OFICIAL DO RECIFE, O DIA 22 DE ABRIL COMO O DIA MUNICIPAL DA ADOÇÃO ANIMAL E DÁ OUTRAS PROVIDÊNCIAS.",PLO 120/2017,https://publico.recife.pe.leg.br/consultas/materia/materia_mostrar_proc?cod_materia=66945,Romero Albuquerque,Em vigor,Lei Ordinária 18372/2017
"Lei Ordinária nº 18371, de 08/09/2017",https://publico.recife.pe.leg.br/consultas/norma_juridica/norma_juridica_mostrar_proc?cod_norma=363,"DISPÕE SOBRE O ACRÉSCIMO DE NOME DA RUA CANASTRA, NO BAIRRO DE ÁGUA FRIA, PARA RUA CANASTRA SEVERINO AUGUSTO DE OLIVEIRA.",PLO 79/2017,https://publico.recife.pe.leg.br/consultas/materia/materia_mostrar_proc?cod_materia=65530,Romero Albuquerque,Em vigor,Lei Ordinária 18371/2017
"Lei Ordinária nº 18370, de 08/09/2017",https://publico.recife.pe.leg.br/consultas/norma_juridica/norma_juridica_mostrar_proc?cod_norma=1089,DISPÕE SOBRE A UTILIZAÇÃO DE PULSEIRA DE IDENTIFICAÇÃO NOS EVENTOS QUE ESPECIFICA E DÁ OUTRAS PROVIDÊNCIAS.,PLO 120/2016,https://publico.recife.pe.leg.br/consultas/materia/materia_mostrar_proc?cod_materia=61645,Michele Collins,Em vigor,Lei Ordinária 18370/2017
"Lei Ordinária nº 18369, de 28/08/2017",https://publico.recife.pe.leg.br/consultas/norma_juridica/norma_juridica_mostrar_proc?cod_norma=365,"DISPÕE SOBRE O CONSELHO MUNICIPAL DE ASSISTÊNCIA SOCIAL – CMAS, REVOGA AS LEIS MUNICIPAIS Nº 17.538/2009 E Nº 17.892/2013, E DÁ OUTRAS PROVIDÊNCIAS.",PLE 17/2017,https://publico.recife.pe.leg.br/consultas/materia/materia_mostrar_proc?cod_materia=68667,Prefeito do Recife,Em vigor,Lei Ordinária 18369/2017
"Lei Ordinária nº 18368, de 28/08/2017",https://publico.recife.pe.leg.br/consultas/norma_juridica/norma_juridica_mostrar_proc?cod_norma=366,"DISPÕE SOBRE A REMUNERAÇÃO DOS SERVIDORES E EMPREGADOS PÚBLICOS DA ADMINISTRAÇÃO DIRETA, AUTÁRQUICA E FUNDACIONAL DO MUNICÍPIO DO RECIFE E DÁ OUTRAS PROVIDÊNCIAS.
""REGIME DE URGÊNCIA""",PLE 40/2017,https://publico.recife.pe.leg.br/consultas/materia/materia_mostrar_proc?cod_materia=71740,Prefeito do Recife,Em vigor,Lei Ordinária 18368/2017
"Lei Ordinária nº 18367, de 28/09/2017",https://publico.recife.pe.leg.br/consultas/norma_juridica/norma_juridica_mostrar_proc?cod_norma=367,"DISPÕE SOBRE AUTORIZAÇÃO PARA CONTRATAÇÃO DE OPERAÇÃO DE CRÉDITO JUNTO À CAIXA ECONÔMICA FEDERAL NO PROGRAMA FINISA – FINANCIAMENTO À INFRAESTRUTURA E AO SANEAMENTO NO VALOR DE R$ 200.000.000,00.",PLE 37/2017,https://publico.recife.pe.leg.br/consultas/materia/materia_mostrar_proc?cod_materia=71325,Prefeito do Recife,Em vigor,Lei Ordinária 18367/2017
"Lei Ordinária nº 18365, de 01/08/2017",https://publico.recife.pe.leg.br/consultas/norma_juridica/norma_juridica_mostrar_proc?cod_norma=369,DISPÕE SOBRE A OBRIGATORIEDADE DAS INSTITUIÇÕES DE ENSINO PÚBLICO E PRIVADO DO MUNICÍPIO DO RECIFE DE MANTEREM CADASTRO DE CRIANÇAS OU ADOLESCENTES REGULARMENTE MATRICULADOS QUE NECESSITAM DE MEDICAMENTOS A SEREM MINISTRADOS NO HORÁRIO LETIVO E DÁ OUTRAS PROVIDÊNCIAS,PLO 58/2016,https://publico.recife.pe.leg.br/consultas/materia/materia_mostrar_proc?cod_materia=58888,Michele Collins,Em vigor,Lei Ordinária 18365/2017
"Lei Ordinária nº 18364, de 27/07/2017",https://publico.recife.pe.leg.br/consultas/norma_juridica/norma_juridica_mostrar_proc?cod_norma=380,"DISPÕE SOBRE A TRANSAÇÃO JUDICIAL E ADMINISTRATIVA, DA ADJUDICAÇÃO DE BENS MÓVEIS E IMÓVEIS, DA COMPENSAÇÃO DE CRÉDITOS INSCRITOS EM PRECATÓRIOS E DAS REQUISIÇÕES DE PEQUENO VALOR NO ÂMBITO DA ADMINISTRAÇÃO DIRETA, DAS AUTARQUIAS E DAS FUNDAÇÕES NO MUNICÍPIO DO RECIFE E ALTERA O ART. 1º DA LEI Nº 17.973, DE 10 DE JANEIRO DE 2014.",PLE 29/2017,https://publico.recife.pe.leg.br/consultas/materia/materia_mostrar_proc?cod_materia=68681,Prefeito do Recife,Em vigor,Lei Ordinária 18364/2017
"Lei Ordinária nº 18363, de 26/07/2017",https://publico.recife.pe.leg.br/consultas/norma_juridica/norma_juridica_mostrar_proc?cod_norma=381,"ALTERA O TEXTO DA LEI N.º 17.944, DE 09 DE DEZEMBRO DE 2013, QUE AUTORIZA O PODER EXECUTIVO A CONCEDER ISENÇÃO DO IMPOSTO PREDIAL E TERRITORIAL URBANO - IPTU E DA TAXA DE LIMPEZA PÚBLICA - TLP INCIDENTES SOBRE IMÓVEIS EDIFICADOS INTERDITADOS ADMINISTRATIVAMENTE POR RISCO DE DESABAMENTO.",PLE 30/2017,https://publico.recife.pe.leg.br/consultas/materia/materia_mostrar_proc?cod_materia=68682,Prefeito do Recife,Em vigor,Lei Ordinária 18363/2017
"Lei Ordinária nº 18362, de 26/07/2017",https://publico.recife.pe.leg.br/consultas/norma_juridica/norma_juridica_mostrar_proc?cod_norma=382,"DISPÕE SOBRE O HORÁRIO ESPECIAL DE TRABALHO PARA SERVIDORES COM DEFICIÊNCIA OU QUE TENHAM DEPENDENTES NA MESMA SITUAÇÃO, NO ÂMBITO DA ADMINISTRAÇÃO DIRETA, AUTÁRQUICA E FUNDACIONAL DO MUNICÍPIO DO RECIFE.",PLE 27/2017,https://publico.recife.pe.leg.br/consultas/materia/materia_mostrar_proc?cod_materia=68679,Prefeito do Recife,Em vigor,Lei Ordinária 18362/2017
"Lei Ordinária nº 18361, de 26/07/2017",https://publico.recife.pe.leg.br/consultas/norma_juridica/norma_juridica_mostrar_proc?cod_norma=383,CONCEDE REMISSÃO E ISENÇÃO DO IMPOSTO SOBRE A PROPRIEDADE PREDIAL E TERRITORIAL URBANA (IPTU) E TAXAS IMOBILIÁRIAS AO IMÓVEL UTILIZADO COMO “ESPAÇO CULTURAL DA MOEDA”.,PLE 20/2017,https://publico.recife.pe.leg.br/consultas/materia/materia_mostrar_proc?cod_materia=68670,Prefeito do Recife,Em vigor,Lei Ordinária 18361/2017
"Lei Ordinária nº 18360, de 26/07/2017",https://publico.recife.pe.leg.br/consultas/norma_juridica/norma_juridica_mostrar_proc?cod_norma=384,"ALTERA A LEI N.º 18.116, DE 12 DE JANEIRO DE 2015, QUE DISPÕE SOBRE A INSTALAÇÃO DE PASSAGENS AÉREAS SOBRE LOGRADOURO PÚBLICO.",PLE 19/2017,https://publico.recife.pe.leg.br/consultas/materia/materia_mostrar_proc?cod_materia=68669,Prefeito do Recife,Em vigor,Lei Ordinária 18360/2017
"Lei Ordinária nº 18359, de 26/07/2017",https://publico.recife.pe.leg.br/consultas/norma_juridica/norma_juridica_mostrar_proc?cod_norma=385,"DISPÕE A LICENÇA PATERNIDADE NO ÂMBITO DA ADMINISTRAÇÃO DIRETA, AUTÁRQUICA E FUNDACIONAL DO MUNICÍPIO DO RECIFE.",PLE 24/2017,https://publico.recife.pe.leg.br/consultas/materia/materia_mostrar_proc?cod_materia=68676,Prefeito do Recife,Em vigor,Lei Ordinária 18359/2017
"Lei Ordinária nº 18358, de 26/07/2017",https://publico.recife.pe.leg.br/consultas/norma_juridica/norma_juridica_mostrar_proc?cod_norma=386,"DISPÕE SOBRE A OBRIGATORIEDADE, POR PARTE DOS HOSPITAIS PÚBLICOS E PRIVADOS, DO REGISTRO E DA COMUNICAÇÃO DE RECÉM-NASCIDOS COM SÍNDROME DE DOWN ÀS INSTITUIÇÕES, ENTIDADES E ASSOCIAÇÕES ESPECIALIZADAS QUE DESENVOLVEM ATIVIDADES EM BENEFÍCIO DE PESSOAS COM ESSA CONDIÇÃO NO MUNICÍPIO DO RECIFE.",PLE 26/2017,https://publico.recife.pe.leg.br/consultas/materia/materia_mostrar_proc?cod_materia=68678,Prefeito do Recife,Em vigor,Lei Ordinária 18358/2017
"Lei Ordinária nº 18357, de 26/07/2017",https://publico.recife.pe.leg.br/consultas/norma_juridica/norma_juridica_mostrar_proc?cod_norma=388,"ACRESCENTA INCISOS AOS ARTS. 2º E 3º DA LEI N. 17.869, DE 15 DE MAIO DE 2013, QUE DISPÕE SOBRE A REESTRUTURAÇÃO DAS COMISSÕES DE LICITAÇÃO DA ADMINISTRAÇÃO DIRETA MUNICIPAL.",PLE 28/2017,https://publico.recife.pe.leg.br/consultas/materia/materia_mostrar_proc?cod_materia=68680,Prefeito do Recife,Em vigor,Lei Ordinária 18357/2017
"Lei Ordinária nº 18356, de 19/07/2017",https://publico.recife.pe.leg.br/consultas/norma_juridica/norma_juridica_mostrar_proc?cod_norma=389,"ALTERA DISPOSITIVOS DA LEI N.º 15.563, DE 27 DE DEZEMBRO DE 1991.",PLE 22/2017,https://publico.recife.pe.leg.br/consultas/materia/materia_mostrar_proc?cod_materia=68674,Prefeito do Recife,Em vigor,Lei Ordinária 18356/2017
"Lei Ordinária nº 18355, de 19/07/2017",https://publico.recife.pe.leg.br/consultas/norma_juridica/norma_juridica_mostrar_proc?cod_norma=390,"DISPÕE SOBRE AS NORMAS QUE REGULAM A ANUÊNCIA E A FISCALIZAÇÃO DA EXECUÇÃO DE OBRAS QUE INTERFIRAM NO PAVIMENTO DOS LOGRADOUROS PÚBLICOS E DAS OBRAS DE PAVIMENTAÇÃO DAS VIAS PÚBLICAS, E DÁ OUTRAS PROVIDÊNCIAS.",PLE 31/2017,https://publico.recife.pe.leg.br/consultas/materia/materia_mostrar_proc?cod_materia=68683,Prefeito do Recife,Em vigor,Lei Ordinária 18355/2017
"Lei Ordinária nº 18354, de 19/07/2017",https://publico.recife.pe.leg.br/consultas/norma_juridica/norma_juridica_mostrar_proc?cod_norma=391,"ALTERA AS NORMAS RELATIVAS AO CONSELHO MUNICIPAL DE SEGURANÇA ALIMENTAR E NUTRICIONAL DO MUNICÍPIO DO RECIFE - COMSEA/RECIFE E REVOGA A LEI Nº 17.019/2004.
""REGIME DE URGÊNCIA""",PLE 10/2017,https://publico.recife.pe.leg.br/consultas/materia/materia_mostrar_proc?cod_materia=68655,Prefeito do Recife,Em vigor,Lei Ordinária 18354/2017
"Lei Ordinária nº 18353, de 19/07/2017",https://publico.recife.pe.leg.br/consultas/norma_juridica/norma_juridica_mostrar_proc?cod_norma=392,"ALTERA A REDAÇÃO DO §3º DO ART. 5º DA LEI MUNICIPAL Nº 16.934, DE 29 DE DEZEMBRO DE 2003, QUE DISPÕE SOBRE AS CONSIGNAÇÕES EM FOLHA DE PAGAMENTO DA ADMINISTRAÇÃO DIRETA E INDIRETA DA PREFEITURA DO RECIFE.",PLE 18/2017,https://publico.recife.pe.leg.br/consultas/materia/materia_mostrar_proc?cod_materia=68668,Prefeito do Recife,Em vigor,Lei Ordinária 18353/2017
"Lei Ordinária nº 18352, de 19/07/2017",https://publico.recife.pe.leg.br/consultas/norma_juridica/norma_juridica_mostrar_proc?cod_norma=393,DISPÕE SOBRE A DEFESA DOS AUTOS DE INFRAÇÃO ADMINISTRATIVA DE QUE RESULTE A APLICAÇÃO DE PENALIDADE PECUNIÁRIA LAVRADOS PELOS ÓRGÃOS E ENTIDADES MUNICIPAIS.,PLE 15/2017,https://publico.recife.pe.leg.br/consultas/materia/materia_mostrar_proc?cod_materia=68665,Prefeito do Recife,Em vigor,Lei Ordinária 18352/2017
"Lei Ordinária nº 18351, de 19/07/2017",https://publico.recife.pe.leg.br/consultas/norma_juridica/norma_juridica_mostrar_proc?cod_norma=395,"INSTITUI O ""MÊS DE MOBILIZAÇÃO DE TODOS PELO FIM DA VIOLÊNCIA CONTRA AS MULHERES (CAMPANHA DO LAÇO BRANCO) E DÁ OUTRAS PROVIDÊNCIAS”.",PLO 73/2017,https://publico.recife.pe.leg.br/consultas/materia/materia_mostrar_proc?cod_materia=65379,Professora Ana Lúcia,Em vigor,Lei Ordinária 18351/2017
"Lei Ordinária nº 18350, de 19/07/2017",https://publico.recife.pe.leg.br/consultas/norma_juridica/norma_juridica_mostrar_proc?cod_norma=397,"INSTITUI O DIA MUNICIPAL DO PORTEIRO NO RECIFE, A SER COMEMORADO ANUALMENTE EM 09 DE JUNHO.",PLO 49/2017,https://publico.recife.pe.leg.br/consultas/materia/materia_mostrar_proc?cod_materia=64484,Rinaldo Júnior,Em vigor,Lei Ordinária 18350/2017
"Lei Ordinária nº 18349, de 19/07/2017",https://publico.recife.pe.leg.br/consultas/norma_juridica/norma_juridica_mostrar_proc?cod_norma=402,"INSTITUI, NO CALENDÁRIO OFICIAL DE EVENTOS DO MUNICÍPIO DO RECIFE, A SEMANA MUNICIPAL DE CONSCIENTIZAÇÃO SOBRE A SÍNDROME DE DOWN.",PLO 83/2017,https://publico.recife.pe.leg.br/consultas/materia/materia_mostrar_proc?cod_materia=65895,Michele Collins,Em vigor,Lei Ordinária 18349/2017
"Lei Ordinária nº 18348, de 21/06/2017",https://publico.recife.pe.leg.br/consultas/norma_juridica/norma_juridica_mostrar_proc?cod_norma=404,"OBRIGA A INSTALAÇÃO DE RECIPIENTES COM ÁLCOOL GEL ANTI-SÉPTICO, NOS ESTABELECIMENTOS QUE MENCIONA E DÁ OUTRAS PROVIDÊNCIAS.",PLO 204/2013,https://publico.recife.pe.leg.br/consultas/materia/materia_mostrar_proc?cod_materia=35149,André Régis,Em vigor,Lei Ordinária 18348/2017
"Lei Ordinária nº 18347, de 12/06/2017",https://publico.recife.pe.leg.br/consultas/norma_juridica/norma_juridica_mostrar_proc?cod_norma=406,"ALTERA DISPOSITIVOS DA LEI Nº 17.853, DE 28 DE DEZEMBRO DE 2012, E DÁ OUTRAS PROVIDÊNCIAS.",PLO 135/2017,https://publico.recife.pe.leg.br/consultas/materia/materia_mostrar_proc?cod_materia=68101,Comissão Executiva,Em vigor,Lei Ordinária 18347/2017
"Lei Ordinária nº 18346, de 07/07/2017",https://publico.recife.pe.leg.br/consultas/norma_juridica/norma_juridica_mostrar_proc?cod_norma=408,"ALTERA O ART. 1º DA LEI MUNICIPAL Nº 18.246, DE 22 DE JULHO DE 2016, QUE INCLUI NO CALENDÁRIO OFICIAL DO RECIFE A SEMANA MUNICIPAL DA PESSOA COM DEFICIÊNCIA.",PLO 130/2016,https://publico.recife.pe.leg.br/consultas/materia/materia_mostrar_proc?cod_materia=62128,Michele Collins,Em vigor,Lei Ordinária 18346/2017
"Lei Ordinária nº 18345, de 07/07/2017",https://publico.recife.pe.leg.br/consultas/norma_juridica/norma_juridica_mostrar_proc?cod_norma=411,INCLUIR NO CALENDÁRIO OFICIAL DO MUNICÍPIO DO RECIFE A SEMANA MUNICIPAL DO CICLISTA RECIFENSE.,PLO 78/2017,https://publico.recife.pe.leg.br/consultas/materia/materia_mostrar_proc?cod_materia=65524,Marcos di Bria,Em vigor,Lei Ordinária 18345/2017
"Lei Ordinária nº 18344, de 07/07/2017",https://publico.recife.pe.leg.br/consultas/norma_juridica/norma_juridica_mostrar_proc?cod_norma=413,"INSTITUI, NO CALENDÁRIO OFICIAL DE EVENTOS DO MUNICÍPIO DO RECIFE, O DIA MUNICIPAL DO RIO CAPIBARIBE.",PLO 53/2017,https://publico.recife.pe.leg.br/consultas/materia/materia_mostrar_proc?cod_materia=64560,Michele Collins,Em vigor,Lei Ordinária 18344/2017
"Lei Ordinária nº 18343, de 07/07/2017",https://publico.recife.pe.leg.br/consultas/norma_juridica/norma_juridica_mostrar_proc?cod_norma=417,"ACRESCENTA PARÁGRAFO ÚNICO AO ART. 1º DA LEI 18.135 DE 20 DE ABRIL DE 2015, QUE TORNA OBRIGATÓRIO A EMBALAGEM INDIVIDUALIZADA, EM CONJUNTO OU UNITÁRIAS, COM MATERIAL APROPRIADO, DOS TALHERES A SEREM UTILIZADOS POR CLIENTES, NOS RESTAURANTES E LANCHONETES DA CIDADE DO RECIFE.",PLO 75/2016,https://publico.recife.pe.leg.br/consultas/materia/materia_mostrar_proc?cod_materia=59658,Antonio Luiz Neto,Em vigor,Lei Ordinária 18343/2017
"Lei Ordinária nº 18342, de 07/07/2017",https://publico.recife.pe.leg.br/consultas/norma_juridica/norma_juridica_mostrar_proc?cod_norma=418,"INSTITUI O DIA MUNICIPAL DO GARI NO RECIFE, A SER COMEMORADO ANUALMENTE EM 16 DE MAIO.",PLO 51/2017,https://publico.recife.pe.leg.br/consultas/materia/materia_mostrar_proc?cod_materia=64557,Rinaldo Júnior,Em vigor,Lei Ordinária 18342/2017
"Lei Ordinária nº 18341, de 07/07/2017",https://publico.recife.pe.leg.br/consultas/norma_juridica/norma_juridica_mostrar_proc?cod_norma=419,"INSTITUI NO CALENDÁRIO OFICIAL DE EVENTOS DO MUNICÍPIO DO RECIFE, O DIA DA CULTURA DE PAZ E DA MEDIAÇÃO DE CONFLITOS, A SER COMEMORADO ANUALMENTE NO DIA 21 DE SETEMBRO E DÁ OUTRAS PROVIDÊNCIAS.",PLO 32/2017,https://publico.recife.pe.leg.br/consultas/materia/materia_mostrar_proc?cod_materia=63815,Aline Mariano,Em vigor,Lei Ordinária 18341/2017
"Lei Ordinária nº 18340, de 07/06/2017",https://publico.recife.pe.leg.br/consultas/norma_juridica/norma_juridica_mostrar_proc?cod_norma=420,"DISPÕE SOBRE VANTAGENS E BENEFÍCIOS DOS COMISSIONADOS SEM VÍNCULO E DOS SERVIDORES EFETIVOS E EMPREGADOS PÚBLICOS POSTOS À DISPOSIÇÃO DAS AUTARQUIAS MUNICIPAIS QUE ESPECIFICA, E DÁ OUTRAS PROVIDÊNCIAS.
  ""REGIME DE URGÊNCIA""",PLE 36/2017,https://publico.recife.pe.leg.br/consultas/materia/materia_mostrar_proc?cod_materia=69065,Prefeito do Recife,Em vigor,Lei Ordinária 18340/2017
"Lei Ordinária nº 18339, de 07/07/2017",https://publico.recife.pe.leg.br/consultas/norma_juridica/norma_juridica_mostrar_proc?cod_norma=421,AUTORIZA O MUNICÍPIO A ASSOCIAR-SE À UNIÃO DOS DIRIGENTES MUNICIPAIS DE EDUCAÇÃO DE PERNAMBUCO.,PLE 25/2017,https://publico.recife.pe.leg.br/consultas/materia/materia_mostrar_proc?cod_materia=68677,Prefeito do Recife,Em vigor,Lei Ordinária 18339/2017
"Lei Ordinária nº 18337, de 05/07/2017",https://publico.recife.pe.leg.br/consultas/norma_juridica/norma_juridica_mostrar_proc?cod_norma=423,"ALTERA O TEXTO DA LEI N.º 17.244, DE 27 DE JULHO DE 2006, QUE INSTITUI O PROGRAMA DE INCENTIVO AO PORTO DIGITAL.",PLE 23/2017,https://publico.recife.pe.leg.br/consultas/materia/materia_mostrar_proc?cod_materia=68675,Prefeito do Recife,Em vigor,Lei Ordinária 18337/2017
"Lei Ordinária nº 18336, de 05/07/2017",https://publico.recife.pe.leg.br/consultas/norma_juridica/norma_juridica_mostrar_proc?cod_norma=424,"DISPÕE SOBRE O PROCEDIMENTO DESTINADO À FISCALIZAÇÃO E AO EXERCÍCIO DO PODER DE POLÍCIA E DEFINE AS INFRAÇÕES E SANÇÕES A SEREM IMPOSTAS ´PARA O FIEL CUMPRIMENTO DAS NORMAS URBANÍSTICA MUNICIPAIS E DÁ OUTRAS PROVIDÊNCIAS.
""REGIME DE URGÊNCIA""",PLE 13/2017,https://publico.recife.pe.leg.br/consultas/materia/materia_mostrar_proc?cod_materia=68663,Prefeito do Recife,Em vigor,Lei Ordinária 18336/2017
"Lei Ordinária nº 18335, de 05/07/2017",https://publico.recife.pe.leg.br/consultas/norma_juridica/norma_juridica_mostrar_proc?cod_norma=427,"ESTABELECE PROCEDIMENTOS PARA APROVAÇÃO DE PROJETOS ARQUITETÔNICOS INICIAIS, DE REFORMA, LEGALIZAÇÃO OU DE ALTERAÇÃO DURANTE A OBRA E PARA A EMISSÃO DE HABITE-SE E ACEITE-SE, NO ÂMBITO DO MUNICÍPIO DO RECIFE.""REGIME DE URGÊNCIA""",PLE 12/2017,https://publico.recife.pe.leg.br/consultas/materia/materia_mostrar_proc?cod_materia=68661,Prefeito do Recife,Em vigor,Lei Ordinária 18335/2017
"Lei Ordinária nº 18334, de 05/05/2017",https://publico.recife.pe.leg.br/consultas/norma_juridica/norma_juridica_mostrar_proc?cod_norma=505,"DISPÕE SOBRE A PRORROGAÇÃO EXTRAORDINÁRIA DOS PRAZOS RELATIVOS À APROVAÇÃO DE PROJETOS DE CONSTRUÇÃO, ALVARÁS DE CONSTRUÇÃO E LICENÇAS AMBIENTAIS NO MUNICÍPIO DO RECIFE.
""REGIME DE URGÊNCIA""",PLE 11/2017,https://publico.recife.pe.leg.br/consultas/materia/materia_mostrar_proc?cod_materia=69415,Prefeito do Recife,Em vigor,Lei Ordinária 18334/2017
"Lei Ordinária nº 18333, de 05/05/2017",https://publico.recife.pe.leg.br/consultas/norma_juridica/norma_juridica_mostrar_proc?cod_norma=509,"AUTORIZA A ABERTURA DE CRÉDITO ESPECIAL AO ORÇAMENTO DE 2017, ALTERA AS LEIS MUNICIPAIS 18.281, DE 19 DE NOVEMBRO DE 2016(LOA), 18.882, DE 19 DE NOVEMBRO DE 2016 (PPA), 18237, DE 17 DE JUNHO DE 2016(LDO) E INCLUI OS NOVOS PROGRAMAS E AÇÕES AO PLANO PLURIANUAL REVISADO (LEI 18882, DE 19 DE DEZEMBRO DE 2016), CRIA E MODIFICA UNIDADES ORÇAMENTÁRIAS, NOS TERMOS QUE ESPECIFICA. ""REGIME DE URGÊNCIA""",PLE 9/2017,https://publico.recife.pe.leg.br/consultas/materia/materia_mostrar_proc?cod_materia=68660,Prefeito do Recife,Em vigor,Lei Ordinária 18333/2017
"Lei Ordinária nº 18332, de 05/05/2017",https://publico.recife.pe.leg.br/consultas/norma_juridica/norma_juridica_mostrar_proc?cod_norma=511,"DISPÕE SOBRE A REMUNERAÇÃO DOS SERVIDORES PERTENCENTES AO QUADRO PERMANENTE DO GRUPO OCUPACIONAL MAGISTÉRIO DA ADMINISTRAÇÃO DIRETA MUNICIPAL.
""REGIME DE URGÊNCIA""",PLE 4/2017,https://publico.recife.pe.leg.br/consultas/materia/materia_mostrar_proc?cod_materia=68650,Prefeito do Recife,Em vigor,Lei Ordinária 18332/2017
"Lei Ordinária nº 18331, de 05/07/2017",https://publico.recife.pe.leg.br/consultas/norma_juridica/norma_juridica_mostrar_proc?cod_norma=513,"INTRODUZ ALTERAÇÃO NA LEI MUNICIPAL N° 17.142-2005, QUE TRATA DO REGIME PRÓPRIO DE PREVIDÊNCIA SOCIAL DO MUNICÍPIO DO RECIFE.
""REGIME DE URGÊNCIA""",PLE 14/2017,https://publico.recife.pe.leg.br/consultas/materia/materia_mostrar_proc?cod_materia=68664,Prefeito do Recife,Em vigor,Lei Ordinária 18331/2017
"Lei Ordinária nº 18330, de 05/07/2017",https://publico.recife.pe.leg.br/consultas/norma_juridica/norma_juridica_mostrar_proc?cod_norma=515,"AUTORIZA O MUNICÍPIO DO RECIFE A DOAR COM ENCARGO À AUTARQUIA DE URBANIZAÇÃO DO RECIFE - URB RECIFE.
""REGIME DE URGÊNCIA""",PLE 8/2017,https://publico.recife.pe.leg.br/consultas/materia/materia_mostrar_proc?cod_materia=68658,Prefeito do Recife,Em vigor,Lei Ordinária 18330/2017
"Lei Ordinária nº 18329, de 05/07/2017",https://publico.recife.pe.leg.br/consultas/norma_juridica/norma_juridica_mostrar_proc?cod_norma=516,"ALTERA O TEXTO DA LEI N.º 18.207, DE 30 DE DEZEMBRO DE 2015 E DA A LEI N.º 15.563, DE 27 DE DEZEMBRO DE 1991, QUE DISPÕE SOBRE O PLANO DE INCENTIVOS A PROJETOS HABITACIONAIS POPULARES DE INTERESSE SOCIAL, VINCULADO AO PROGRAMA FEDERAL ""MINHA CASA, MINHA VIDA"".
""REGIME DE URGÊNCIA""",PLE 7/2017,https://publico.recife.pe.leg.br/consultas/materia/materia_mostrar_proc?cod_materia=68659,Prefeito do Recife,Em vigor,Lei Ordinária 18329/2017
"Lei Ordinária nº 18328, de 05/07/2017",https://publico.recife.pe.leg.br/consultas/norma_juridica/norma_juridica_mostrar_proc?cod_norma=517,"ESTABELECE NOVAS REGRAS QUANTO A OBRIGATORIEDADE DE INSTALAÇÃO DE ELEVADORES EM EDIFÍCIOS HABITACIONAIS E DÁ OUTRAS PROVIDÊNCIAS.
""REGIME DE URGENCIA""",PLE 5/2017,https://publico.recife.pe.leg.br/consultas/materia/materia_mostrar_proc?cod_materia=68653,Prefeito do Recife,Em vigor,Lei Ordinária 18328/2017
"Lei Ordinária nº 18327, de 03/07/2017",https://publico.recife.pe.leg.br/consultas/norma_juridica/norma_juridica_mostrar_proc?cod_norma=667,DISPÕE SOBRE AS DIRETRIZES PARA A ELABORAÇÃO E EXECUÇÃO DA LEI ORÇAMENTÁRIA DE 2018.,PLE 3/2017,https://publico.recife.pe.leg.br/consultas/materia/materia_mostrar_proc?cod_materia=66331,Prefeito do Recife,Em vigor,Lei Ordinária 18327/2017
"Lei Ordinária nº 18326, de 28/06/2017",https://publico.recife.pe.leg.br/consultas/norma_juridica/norma_juridica_mostrar_proc?cod_norma=668,"IMPÕE CRITÉRIOS HIGIÊNICOS DE CANUDOS, PALITO DENTAL, SAL E AÇÚCAR EM BARES, LANCHONETES, RESTAURANTES, HOTÉIS E ESTABELECIMENTOS AFINS INSTALADOS NO MUNICÍPIO DO RECIFE.",PLO 103/2013,https://publico.recife.pe.leg.br/consultas/materia/materia_mostrar_proc?cod_materia=33126,Almir Fernando,Em vigor,Lei Ordinária 18326/2017
"Lei Ordinária nº 18325, de 28/06/2017",https://publico.recife.pe.leg.br/consultas/norma_juridica/norma_juridica_mostrar_proc?cod_norma=669,DENOMINAR-SE-Á SENADOR JARBAS MARANHÃO O PRÓXIMO LOGRADOURO PÚBLICO OU IMÓVEL INAUGURADO PELA PREFEITURA DA CIDADE DO RECIFE.,PLO 83/2015,https://publico.recife.pe.leg.br/consultas/materia/materia_mostrar_proc?cod_materia=52130,Romildo Gomes Neto,Em vigor,Lei Ordinária 18325/2017
"Lei Ordinária nº 18324, de 28/06/2017",https://publico.recife.pe.leg.br/consultas/norma_juridica/norma_juridica_mostrar_proc?cod_norma=670,"INCLUI NO CALENDÁRIO  MUNICIPAL DO RECIFE,O DIA 19 DE ABRIL, COMO O DIA MUNICIPAL DO CABOCLINHO E DA TRIBO DE ÍNDIO.",PLO 145/2016,https://publico.recife.pe.leg.br/consultas/materia/materia_mostrar_proc?cod_materia=62647,Almir Fernando,Em vigor,Lei Ordinária 18324/2017
"Lei Ordinária nº 18323, de 28/06/2017",https://publico.recife.pe.leg.br/consultas/norma_juridica/norma_juridica_mostrar_proc?cod_norma=671,DISPÕE SOBRE A OBRIGATORIEDADE DA DIVULGAÇÃO SONORA DAS NORMAS DE SEGURANÇA E PROCEDIMENTOS DE EMERGÊNCIA DURANTE A REALIZAÇÃO DE EVENTOS NO MUNICÍPIO DO RECIFE E DÁ OUTRAS PROVIDÊNCIAS.,PLO 238/2014,https://publico.recife.pe.leg.br/consultas/materia/materia_mostrar_proc?cod_materia=49193,Michele Collins,Em vigor,Lei Ordinária 18323/2017
"Lei Ordinária nº 18322, de 23/06/2017",https://publico.recife.pe.leg.br/consultas/norma_juridica/norma_juridica_mostrar_proc?cod_norma=673,"DISPÕE SOBRE A RESERVA DE, 2% (DOIS POR CENTO) DE VAGAS DE CURSOS PROFISSIONALIZANTES PARA JOVENS NEGROS E DE BAIXA RENDA, ENTRE 16 E 29 ANOS, NAS EMPRESAS QUE FOREM BENEFICIADAS DE POLÍTICA DE INCENTIVO, SUBSÍDIO OU ISENÇÃO FISCAL NO MUNICÍPIO DO RECIFE, E DÁ OUTRAS PROVIDÊNCIAS.",PLO 79/2016,https://publico.recife.pe.leg.br/consultas/materia/materia_mostrar_proc?cod_materia=59942,Aline Mariano,Em vigor,Lei Ordinária 18322/2017
"Lei Ordinária nº 18321, de 23/06/2017",https://publico.recife.pe.leg.br/consultas/norma_juridica/norma_juridica_mostrar_proc?cod_norma=676,"DISPÕE SOBRE A AFIXAÇÃO DE CARTAZES NOS ESTABELECIMENTOS COMERCIAIS, INDUSTRIAIS E DE PRESTAÇÃO DE SERVIÇOS INFORMANDO ACERCA DA VEDAÇÃO DE EXIGÊNCIA DE CONSUMAÇÃO MÍNIMA NAS COMPRAS COM CARTÃO DE CRÉDITO OU DÉBITO.",PLO 248/2013,https://publico.recife.pe.leg.br/consultas/materia/materia_mostrar_proc?cod_materia=36538,Almir Fernando,Em vigor,Lei Ordinária 18321/2017
"Lei Ordinária nº 18320, de 23/06/2017",https://publico.recife.pe.leg.br/consultas/norma_juridica/norma_juridica_mostrar_proc?cod_norma=679,"CRIA O SELO ""ADOTE UMA CRIANÇA OU ADOLESCENTE EM SITUAÇÃO DE VULNERABILIDADE NO MUNICÍPIO DO RECIFE"" E DÁ OUTRAS PROVIDÊNCIAS.",PLO 242/2014,https://publico.recife.pe.leg.br/consultas/materia/materia_mostrar_proc?cod_materia=49228,Michele Collins,Em vigor,Lei Ordinária 18320/2017
"Lei Ordinária nº 18319, de 23/06/2017",https://publico.recife.pe.leg.br/consultas/norma_juridica/norma_juridica_mostrar_proc?cod_norma=683,"INSTITUI NO CALENDÁRIO OFICIAL DE EVENTOS DA CIDADE DO RECIFE, A “SEMANA MUNICIPAL DE PREVENÇÃO, CONSCIENTIZAÇÃO E ERRADICAÇÃO DO TRABALHO INFANTIL E DE PROTEÇÃO AO ADOLESCENTE TRABALHADOR”, E DÁ OUTRAS PROVIDÊNCIAS.",PLO 329/2013,https://publico.recife.pe.leg.br/consultas/materia/materia_mostrar_proc?cod_materia=38988,Aimee Carvalho,Em vigor,Lei Ordinária 18319/2017
"Lei Ordinária nº 18318, de 23/06/2017",https://publico.recife.pe.leg.br/consultas/norma_juridica/norma_juridica_mostrar_proc?cod_norma=687,DISPÕE SOBRE A CRIAÇÃO DO BANCO DE EMPREGOS PARA AS MULHERES VÍTIMAS DE VIOLÊNCIA DOMÉSTICA E FAMILIAR NO ÂMBITO DO MUNICÍPIO DO RECIFE.,PLO 84/2016,https://publico.recife.pe.leg.br/consultas/materia/materia_mostrar_proc?cod_materia=60462,Aline Mariano,Em vigor,Lei Ordinária 18318/2017
"Lei Ordinária nº 18317, de 23/06/2017",https://publico.recife.pe.leg.br/consultas/norma_juridica/norma_juridica_mostrar_proc?cod_norma=691,"DISPÕE SOBRE A OBRIGATORIEDADE DE SER DESTINADO LOCAL EXCLUSIVO NAS PRAÇAS DE ALIMENTAÇÃO, CENTROS COMERCIAIS, ESTABELECIMENTOS DE ENSINO, SHOPPING CENTERS, HIPERMERCADOS E SUPERMERCADOS PARA DEFICIENTES FÍSICOS, IDOSOS E GESTANTES E DÁ OUTRAS PROVIDÊNCIAS.",PLO 30/2013,https://publico.recife.pe.leg.br/consultas/materia/materia_mostrar_proc?cod_materia=30822,Almir Fernando,Em vigor,Lei Ordinária 18317/2017
"Lei Ordinária nº 18316, de 23/06/2017",https://publico.recife.pe.leg.br/consultas/norma_juridica/norma_juridica_mostrar_proc?cod_norma=692,"INSTITUI NO CALENDÁRIO OFICIAL DO RECIFE, O DIA MUNICIPAL DA DOULA.",PLO 119/2016,https://publico.recife.pe.leg.br/consultas/materia/materia_mostrar_proc?cod_materia=61644,Michele Collins,Em vigor,Lei Ordinária 18316/2017
"Lei Ordinária nº 18315, de 23/06/2017",https://publico.recife.pe.leg.br/consultas/norma_juridica/norma_juridica_mostrar_proc?cod_norma=693,"DISPÕE SOBRE A HIGIENE NAS ACADEMIAS DE GINÁSTICA, “SPORT CENTER”, “FITNESS” E SIMILARES, E DÁ OUTRAS PROVIDÊNCIAS.",PLO 15/2014,https://publico.recife.pe.leg.br/consultas/materia/materia_mostrar_proc?cod_materia=40879,Aderaldo Pinto,Em vigor,Lei Ordinária 18315/2017
"Lei Ordinária nº 18314, de 18/05/2017",https://publico.recife.pe.leg.br/consultas/norma_juridica/norma_juridica_mostrar_proc?cod_norma=694,"INSTITUI NO CALENDÁRIO OFICIAL DE EVENTOS DO MUNICÍPIO DO RECIFE A CORRIDA DA CONSCIÊNCIA NEGRA, A SER COMEMORADA ANUALMENTE NO 3º SÁBADO DO MÊS DE NOVEMBRO, NO MUNICÍPIO DO RECIFE E DÁ OUTRAS PROVIDÊNCIAS.",PLO 138/2016,https://publico.recife.pe.leg.br/consultas/materia/materia_mostrar_proc?cod_materia=62311,Alfredo Santana,Em vigor,Lei Ordinária 18314/2017
"Lei Ordinária nº 18313, de 18/05/2017",https://publico.recife.pe.leg.br/consultas/norma_juridica/norma_juridica_mostrar_proc?cod_norma=695,"NOMEIA E CONSTITUI A RUA CONHECIDA POPULARMENTE COMO RUA DA PAZ COMO LOGRADOURO PÚBLICO, NO BAIRRO DO PASSARINHO E DÁ OUTRAS PROVIDÊNCIAS.",PLO 137/2016,https://publico.recife.pe.leg.br/consultas/materia/materia_mostrar_proc?cod_materia=62201,Aline Mariano,Em vigor,Lei Ordinária 18313/2017
"Lei Ordinária nº 18312, de 18/05/2017",https://publico.recife.pe.leg.br/consultas/norma_juridica/norma_juridica_mostrar_proc?cod_norma=697,DENOMINAR-SE-Á CAMILO SIMÕES A PRÓXIMA ACADEMIA RECIFE A SER INAUGURADA NO MUNICÍPIO.,PLO 133/2016,https://publico.recife.pe.leg.br/consultas/materia/materia_mostrar_proc?cod_materia=62242,Jayme Asfora,Em vigor,Lei Ordinária 18312/2017
"Lei Ordinária nº 18311, de 18/05/2017",https://publico.recife.pe.leg.br/consultas/norma_juridica/norma_juridica_mostrar_proc?cod_norma=698,"NOMEIA E CONSTITUI O NOME DA RUA CONHECIDA COMO RUA PROJETADA, PARA RUA PROJETADA TEÓFILO AMARO DA SILVA, NO BAIRRO DA MACAXEIRA.",PLO 38/2016,https://publico.recife.pe.leg.br/consultas/materia/materia_mostrar_proc?cod_materia=58374,Felipe Francismar,Em vigor,Lei Ordinária 18311/2017
"Lei Ordinária nº 18310, de 18/05/2017",https://publico.recife.pe.leg.br/consultas/norma_juridica/norma_juridica_mostrar_proc?cod_norma=699,INSTITUI O DIA MUNICIPAL DE CONSCIENTIZAÇÃO E APOIO AOS PORTADORES DE DOENÇAS RARAS.,PLO 28/2016,https://publico.recife.pe.leg.br/consultas/materia/materia_mostrar_proc?cod_materia=57827,Estefano Menudo,Em vigor,Lei Ordinária 18310/2017
"Lei Ordinária nº 18309, de 18/05/2017",https://publico.recife.pe.leg.br/consultas/norma_juridica/norma_juridica_mostrar_proc?cod_norma=792,INSTITUI A “SEMANA DE CONSCIENTIZAÇÃO E COMBATE À AUTOMEDICAÇÃO” E DÁ OUTRAS PROVIDÊNCIAS.,PLO 82/2016,https://publico.recife.pe.leg.br/consultas/materia/materia_mostrar_proc?cod_materia=60461,Aline Mariano,Em vigor,Lei Ordinária 18309/2017
"Lei Ordinária nº 18308, de 04/05/2017",https://publico.recife.pe.leg.br/consultas/norma_juridica/norma_juridica_mostrar_proc?cod_norma=793,DISPÕE SOBRE PENALIDADE A SER APLICADA AOS PRATICANTES DE AÇÕES ANTI-CIDADÃS DE CHAMADAS DO SAMU - SERVIÇO DE ASSISTÊNCIA MÉDICA DE URGÊNCIA PARA ATENDIMENTOS INVERÍDICOS E DÁ OUTRAS PROVIDÊNCIAS.,PLO 127/2016,https://publico.recife.pe.leg.br/consultas/materia/materia_mostrar_proc?cod_materia=61864,Carlos Gueiros,Em vigor,Lei Ordinária 18308/2017
"Lei Ordinária nº 18307, de 28/04/2017",https://publico.recife.pe.leg.br/consultas/norma_juridica/norma_juridica_mostrar_proc?cod_norma=794,DENOMINAR-SE-Á DE “MARIA DA PENHA” A PRÓXIMA ESCOLA MUNICIPAL OU O PRÓXIMO CENTRO MUNICIPAL DE EDUCAÇÃO INFANTIL-CMEI A SER INAUGURADO NA CIDADE DO RECIFE,PLO 101/2016,https://publico.recife.pe.leg.br/consultas/materia/materia_mostrar_proc?cod_materia=60967,Jayme Asfora,Em vigor,Lei Ordinária 18307/2017
"Lei Ordinária nº 18306, de 28/04/2017",https://publico.recife.pe.leg.br/consultas/norma_juridica/norma_juridica_mostrar_proc?cod_norma=795,DENOMINAR-SE-Á BIBLIOTECA JORNALISTA CARLOS PERCOL A BIBLIOTECA DO COMPAZ ARIANO VILAR SUASSUNA.,PLE 1/2017,https://publico.recife.pe.leg.br/consultas/materia/materia_mostrar_proc?cod_materia=63412,Prefeito do Recife,Em vigor,Lei Ordinária 18306/2017
"Lei Ordinária nº 18305, de 26/04/2017",https://publico.recife.pe.leg.br/consultas/norma_juridica/norma_juridica_mostrar_proc?cod_norma=796,INSTITUI O RECIFE COMO A CAPITAL DA TOLERÂNCIA.,PLO 286/2013,https://publico.recife.pe.leg.br/consultas/materia/materia_mostrar_proc?cod_materia=37859,Wanderson Florêncio,Em vigor,Lei Ordinária 18305/2017
"Lei Ordinária nº 18304, de 26/04/2017",https://publico.recife.pe.leg.br/consultas/norma_juridica/norma_juridica_mostrar_proc?cod_norma=797,"DISPÕE SOBRE A OBRIGATORIEDADE DE DISPONIBILIZAR AO PÚBLICO A LISTA DE MEDICAMENTOS GRATUITOS FORNECIDA PELO MINISTÉRIO DA SAÚDE NAS FARMÁCIAS DO MUNICÍPIO DO RECIFE, E DÁ OUTRAS PROVIDÊNCIAS.",PLO 135/2013,https://publico.recife.pe.leg.br/consultas/materia/materia_mostrar_proc?cod_materia=34058,Wanderson Florêncio,Em vigor,Lei Ordinária 18304/2017
"Lei Ordinária nº 18303, de 20/04/2017",https://publico.recife.pe.leg.br/consultas/norma_juridica/norma_juridica_mostrar_proc?cod_norma=798,"ALTERA A LEI MUNICIPAL N° 16.215/96, QUE INSTITUI O SISTEMA DE INCENTIVO À CULTURA (SIC), CONCEDE INCENTIVOS FISCAIS A PROJETOS CULTURAIS E DÁ OUTRAS PROVIDÊNCIAS.",PLO 419/2013,https://publico.recife.pe.leg.br/consultas/materia/materia_mostrar_proc?cod_materia=40338,Michele Collins,Em vigor,Lei Ordinária 18303/2017
"Lei Ordinária nº 18302, de 20/04/2017",https://publico.recife.pe.leg.br/consultas/norma_juridica/norma_juridica_mostrar_proc?cod_norma=799,"INSTITUI O DIA DO PROCURADOR DO MUNICÍPIO DO RECIFE, A SER COMEMORADO ANUALMENTE EM 27 DE MAIO.",PLO 126/2016,https://publico.recife.pe.leg.br/consultas/materia/materia_mostrar_proc?cod_materia=61855,Jayme Asfora,Em vigor,Lei Ordinária 18302/2017
"Lei Ordinária nº 18301, de 20/04/2017",https://publico.recife.pe.leg.br/consultas/norma_juridica/norma_juridica_mostrar_proc?cod_norma=800,"DISPÕE SOBRE A FIXAÇÃO DE PLACA NOS ESTABELECIMENTOS COMERCIAIS DA CIDADE DO RECIFE, QUE NÃO ACEITAM PAGAMENTO POR MEIO DE CHEQUES OU CARTÕES DE DÉBITO OU CRÉDITO, E DÁ OUTRAS PROVIDÊNCIAS.",PLO 188/2014,https://publico.recife.pe.leg.br/consultas/materia/materia_mostrar_proc?cod_materia=46726,Michele Collins,Em vigor,Lei Ordinária 18301/2017
"Lei Ordinária nº 18300, de 07/04/2017",https://publico.recife.pe.leg.br/consultas/norma_juridica/norma_juridica_mostrar_proc?cod_norma=802,"ALTERA A LEI MUNICIPAL Nº 16.215/96, QUE INSTITUI O SISTEMA DE INCENTIVO À CULTURA (SIC), CONCEDE INCENTIVOS FISCAIS A PROJETOS CULTURAIS E DÁ OUTRAS PROVIDÊNCIAS.",PLO 90/2014,https://publico.recife.pe.leg.br/consultas/materia/materia_mostrar_proc?cod_materia=43727,Michele Collins,Em vigor,Lei Ordinária 18300/2017
"Lei Ordinária nº 18299, de 07/04/2017",https://publico.recife.pe.leg.br/consultas/norma_juridica/norma_juridica_mostrar_proc?cod_norma=804,DISPÕE SOBRE A DIVULGAÇÃO DA LEI FEDERAL Nº 11.108/2005 NAS MATERNIDADES DA CIDADE DO RECIFE CONVENIADAS AO SUS.,PLO 168/2014,https://publico.recife.pe.leg.br/consultas/materia/materia_mostrar_proc?cod_materia=46244,Michele Collins,Em vigor,Lei Ordinária 18299/2017
"Lei Ordinária nº 18298, de 03/04/2017",https://publico.recife.pe.leg.br/consultas/norma_juridica/norma_juridica_mostrar_proc?cod_norma=1886,ADEQUA AO SALÁRIO MÍNIMO E ATUALIZA O VENCIMENTO BÁSICO DOS CARGOS QUE ESPECIFICA,PLO 27/2017,https://publico.recife.pe.leg.br/consultas/materia/materia_mostrar_proc?cod_materia=63866,Comissão Executiva,Em vigor,Lei Ordinária 18298/2017
"Lei Ordinária nº 18297, de 22/03/2017",https://publico.recife.pe.leg.br/consultas/norma_juridica/norma_juridica_mostrar_proc?cod_norma=805,DISPÕE SOBRE A MEDALHA DE MÉRITO DO JUDICIÁRIO MINISTRO DJACI FALCÃO.,PLO 176/2015,https://publico.recife.pe.leg.br/consultas/materia/materia_mostrar_proc?cod_materia=54770,Marco Aurélio Medeiros,Em vigor,Lei Ordinária 18297/2017
"Lei Ordinária nº 18296, de 17/03/2017",https://publico.recife.pe.leg.br/consultas/norma_juridica/norma_juridica_mostrar_proc?cod_norma=808,"INSTITUI ABONO PECUNIÁRIO PELA EXCELÊNCIA DAS AÇÕES DE COMBATE AO AEDES AEGYPTI DURANTE A EPIDEMIA DAS ARBOVIROSES NO MUNICÍPIO DO RECIFE.   ""REGIME DE URGÊNCIA""",PLE 2/2017,https://publico.recife.pe.leg.br/consultas/materia/materia_mostrar_proc?cod_materia=63818,Prefeito do Recife,Em vigor,Lei Ordinária 18296/2017
"Lei Ordinária nº 18295, de 23/01/2017",https://publico.recife.pe.leg.br/consultas/norma_juridica/norma_juridica_mostrar_proc?cod_norma=809,"DENOMINA DE JORNALISTA RONILDO MAIA LEITE, A BIBLIOTECA DO COMPAZ ARIANO SUASSUNA.",PLO 142/2016,https://publico.recife.pe.leg.br/consultas/materia/materia_mostrar_proc?cod_materia=62565,Comissão Executiva,Em vigor,Lei Ordinária 18295/2017
"Lei Ordinária nº 18294, de 02/01/2017",https://publico.recife.pe.leg.br/consultas/norma_juridica/norma_juridica_mostrar_proc?cod_norma=813,"DENOMINA-SE-A RUA ANTONIO VITAL MARTINS RIBEIRO, A PRÓXIMA RUA A SER INAUGURADA NO MUNICÍPIO.",PLO 144/2016,https://publico.recife.pe.leg.br/consultas/materia/materia_mostrar_proc?cod_materia=62645,Comissão Executiva,Em vigor,Lei Ordinária 18294/2017
"Lei Ordinária nº 18293, de 02/01/2017",https://publico.recife.pe.leg.br/consultas/norma_juridica/norma_juridica_mostrar_proc?cod_norma=814,"ESTABELECE A OBRIGATORIEDADE DA FIXAÇÃO DE PLACA DE AVISO DE FÁCIL LEITURA NA ENTRADA OU, O ANÚNCIO NAS CANCELAS DE ACESSO E ENTRADAS DOTADAS DE EQUIPAMENTO DE SOM, NOS ESTACIONAMENTOS PARTICULARES E PÚBLICOS, INFORMANDO AOS FREQUENTADORES DOS ESTABELECIMENTOS E ARTÉRIAS OU VIAS, PÚBLICAS OU PRIVADAS, DA CIDADE DO RECIFE QUE,“É PROIBIDO ABANDONAR OU DEIXAR DESACOMPANHADAS DE RESPONSÁVEL  CAPAZ, NO INTERIOR DOS VEÍCULOS, CRIANÇAS E PESSOAS CONSIDERADAS INCAPAZES, NA FORMA DA LEI”.",PLO 34/2015,https://publico.recife.pe.leg.br/consultas/materia/materia_mostrar_proc?cod_materia=50764,Antonio Luiz Neto,Em vigor,Lei Ordinária 18293/2017
"Lei Ordinária nº 18292, de 02/01/2017",https://publico.recife.pe.leg.br/consultas/norma_juridica/norma_juridica_mostrar_proc?cod_norma=25,"ALTERA O ART. 7º DA LEI MUNICIPAL Nº 15.604, DE 18 DE FEVEREIRO DE 1992, QUE DISPÕE SOBRE A POLÍTICA MUNICIPAL DOS DIREITOS DA CRIANÇA E DO ADOLESCENTE, CRIA UM CONSELHO MUNICIPAL DE DEFESA E PROMOÇÃO DOS DIREITOS DA CRIANÇA E DO ADOLESCENTE E DÁ OUTRAS PROVIDÊNCIAS.",PLE 1/2016,https://publico.recife.pe.leg.br/consultas/materia/materia_mostrar_proc?cod_materia=58182,Prefeito do Recife,Em vigor,Lei Ordinária 18292/2017
"Lei Ordinária nº 18291, de 30/12/2016",https://publico.recife.pe.leg.br/consultas/norma_juridica/norma_juridica_mostrar_proc?cod_norma=240,"DISPÕE SOBRE A ADEQUAÇÃO DA ESTRUTURA DA ADMINISTRAÇÃO DIRETA E INDIRETA DO MUNICÍPIO DO RECIFE, AS NOVAS DIRETRIZES ADMINISTRATIVAS. ""REGIME DE URGÊNCIA""",PLE 29/2016,https://publico.recife.pe.leg.br/consultas/materia/materia_mostrar_proc?cod_materia=62987,Prefeito do Recife,Em vigor,Lei Ordinária 18291/2016
"Lei Ordinária nº 18290, de 21/12/2016",https://publico.recife.pe.leg.br/consultas/norma_juridica/norma_juridica_mostrar_proc?cod_norma=239,"MODIFICA A COMPOSIÇÃO DA CÂMARA DO FUNDEB DO CONSELHO MUNICIPAL DE EDUCAÇÃO PREVISTA NO ART. 12 DA LEI Nº 17.325/2007.   ""REGIME DE URGÊNCIA""",PLE 27/2016,https://publico.recife.pe.leg.br/consultas/materia/materia_mostrar_proc?cod_materia=62472,Prefeito do Recife,Em vigor,Lei Ordinária 18290/2016
"Lei Ordinária nº 18289, de 21/12/2016",https://publico.recife.pe.leg.br/consultas/norma_juridica/norma_juridica_mostrar_proc?cod_norma=238,"CRIA O GRUPO OCUPACIONAL EM ACESSIBILIDADE  E RESPECTIVOS CARGOS EFETIVOS NO ÂMBITO DA ADMINISTRAÇÃO DIRETA NA ESTRUTURA DA SECRETARIA DE DESENVOLVIMENTO SOCIAL E DIREITOS HUMANOS E DÁ OUTRAS PROVIDÊNCIAS.    ""REGIME DE URGÊNCIA""",PLE 26/2016,https://publico.recife.pe.leg.br/consultas/materia/materia_mostrar_proc?cod_materia=62471,Prefeito do Recife,Em vigor,Lei Ordinária 18289/2016
"Lei Ordinária nº 18288, de 21/12/2016",https://publico.recife.pe.leg.br/consultas/norma_juridica/norma_juridica_mostrar_proc?cod_norma=237,"ALTERA AS LEIS Nº 16.960/2004 E Nº 16.701/2001 QUE TRATAM, RESPECTIVAMENTE, DO FUNDO MUNICIPAL DE DIREITOS HUMANOS E DO CONSELHO DE DIREITOS HUMANOS E SEGURANÇA CIDADÃ.
""REGIME DE URGÊNCIA""",PLE 23/2016,https://publico.recife.pe.leg.br/consultas/materia/materia_mostrar_proc?cod_materia=62466,Prefeito do Recife,Em vigor,Lei Ordinária 18288/2016
"Lei Ordinária nº 18287, de 21/12/2016",https://publico.recife.pe.leg.br/consultas/norma_juridica/norma_juridica_mostrar_proc?cod_norma=236,"DISPÕE SOBRE AUTORIZAÇÃO PARA A COMPANHIA DE TRANSITO E TRANSPORTE URBANO - CTTU/RECIFE COBRAR OS CUSTOS OPERACIONAIS DE SERVIÇOS PRESTADOS EM EVENTOS, RELATIVOS À OPERAÇÃO DO SISTEMA VIÁRIO.  ""REGIME DE URGÊNCIA""",PLE 22/2016,https://publico.recife.pe.leg.br/consultas/materia/materia_mostrar_proc?cod_materia=62464,Prefeito do Recife,Em vigor,Lei Ordinária 18287/2016
"Lei Ordinária nº 18286, de 21/12/2016",https://publico.recife.pe.leg.br/consultas/norma_juridica/norma_juridica_mostrar_proc?cod_norma=235,"ALTERA O ARTIGO 4º DA LEI MUNICIPAL Nº 17.936/2013, DE 18 DE NOVEMBRO DE 2013 PARA DAR NOVA REDAÇÃO AO SEU § 2º.  ""REGIME DE URGÊNCIA""",PLE 21/2016,https://publico.recife.pe.leg.br/consultas/materia/materia_mostrar_proc?cod_materia=62462,Prefeito do Recife,Em vigor,Lei Ordinária 18286/2016
"Lei Ordinária nº 18285, de 21/12/2016",https://publico.recife.pe.leg.br/consultas/norma_juridica/norma_juridica_mostrar_proc?cod_norma=234,"ESTABELECE NORMAS PARA O LICENCIAMENTO E INSTALAÇÃO DE ESTAÇÕES TRANSMISSORAS DE RADIOCOMUNICAÇÕES E EQUIPAMENTOS AFINS DO SERVIÇO MÓVEL CELULAR, NO TERRITÓRIO DO MUNICÍPIO E DÁ OUTRAS PROVIDÊNCIAS.  ""REGIME DE URGÊNCIA""",PLE 19/2016,https://publico.recife.pe.leg.br/consultas/materia/materia_mostrar_proc?cod_materia=62458,Prefeito do Recife,Em vigor,Lei Ordinária 18285/2016
"Lei Ordinária nº 18284, de 21/12/2016",https://publico.recife.pe.leg.br/consultas/norma_juridica/norma_juridica_mostrar_proc?cod_norma=233,"DENOMINAR-SE-Á CONJUNTO HABITACIONAL VEREADOR MIGUEL BAPTISTA, O CONJUNTO HABITACIONAL LOCALIZADO NA RUA PASTOR ISRAEL VIEIRA FERREIRA, Nº 70, ARRUDA, RECIFE - PE 
""REGIME DE URGÊNCIA""",PLE 13/2016,https://publico.recife.pe.leg.br/consultas/materia/materia_mostrar_proc?cod_materia=60421,Prefeito do Recife,Em vigor,Lei Ordinária 18284/2016
"Lei Ordinária nº 18283, de 21/12/2016",https://publico.recife.pe.leg.br/consultas/norma_juridica/norma_juridica_mostrar_proc?cod_norma=232,"DENOMINAR-SE-Á CONJUNTO HABITACIONAL NANÁ VASCONCELOS, O CONJUNTO HABITACIONAL LOCALIZADO NA RUA GUARAJÁ, Nº 56, LINHA DO TIRO, RECIFE - PE.   ""REGIME DE URGÊNCIA""",PLE 12/2016,https://publico.recife.pe.leg.br/consultas/materia/materia_mostrar_proc?cod_materia=59956,Prefeito do Recife,Em vigor,Lei Ordinária 18283/2016
"Lei Ordinária nº 18282, de 19/12/2016",https://publico.recife.pe.leg.br/consultas/norma_juridica/norma_juridica_mostrar_proc?cod_norma=231,"DISPÕE SOBRE A REVISÃO DO PLANO PLURIANUAL 2014 – 2017, DO MUNICÍPIO DO RECIFE, PARA O EXERCÍCIO DE 2017.",PLE 16/2016,https://publico.recife.pe.leg.br/consultas/materia/materia_mostrar_proc?cod_materia=62053,Prefeito do Recife,Vigência Esgotada,Lei Ordinária 18282/2016
"Lei Ordinária nº 18281, de 19/12/2016",https://publico.recife.pe.leg.br/consultas/norma_juridica/norma_juridica_mostrar_proc?cod_norma=229,ESTIMA A RECEITA E FIXA A DESPESA DO MUNICÍPIO DO RECIFE PARA O EXERCÍCIO DE 2017.,PLE 15/2016,https://publico.recife.pe.leg.br/consultas/materia/materia_mostrar_proc?cod_materia=62052,Prefeito do Recife,Vigência Esgotada,Lei Ordinária 18281/2016
"Lei Ordinária nº 18280, de 16/12/2016",https://publico.recife.pe.leg.br/consultas/norma_juridica/norma_juridica_mostrar_proc?cod_norma=228,"ALTERA E ACRESCE DISPOSITIVOS À LEI MUNIIPAL Nº 15.906/1994, QUE DISPÕE SOBRE A ADOÇÃO DE SÍTIOS E PARQUES ECOLÓGICOS POR PESSOAS FISICAS, PESSOAS JURÍDICAS DE DIREITOS PRIVADOS, INCLUSIVE INSTITUIÇÕES COM FINS LUCRATIVOS.  ""REGIME DE URGÊNCIA""",PLE 18/2016,https://publico.recife.pe.leg.br/consultas/materia/materia_mostrar_proc?cod_materia=62457,Prefeito do Recife,Em vigor,Lei Ordinária 18280/2016
"Lei Ordinária nº 18279, de 16/12/2016",https://publico.recife.pe.leg.br/consultas/norma_juridica/norma_juridica_mostrar_proc?cod_norma=230,CRIA O PLANO MUNICIPAL DE JUVENTUDE.,PLE 14/2016,https://publico.recife.pe.leg.br/consultas/materia/materia_mostrar_proc?cod_materia=60943,Prefeito do Recife,Em vigor,Lei Ordinária 18279/2016
"Lei Ordinária nº 18278, de 14/12/2016",https://publico.recife.pe.leg.br/consultas/norma_juridica/norma_juridica_mostrar_proc?cod_norma=207,DECLARA DE UTILIDADE PÚBLICA A ASSOCIAÇÃO OÁSIS DA LIBERDADE.,PLO 135/2016,https://publico.recife.pe.leg.br/consultas/materia/materia_mostrar_proc?cod_materia=62185,Luiz Eustáquio,Em vigor,Lei Ordinária 18278/2016
"Lei Ordinária nº 18277, de 12/12/2016",https://publico.recife.pe.leg.br/consultas/norma_juridica/norma_juridica_mostrar_proc?cod_norma=204,DENOMINA PARCÃO CAMILO SIMÕES O EQUIPAMENTO QUE INTEGRA O PARQUE SANTANA.,PLO 131/2016,https://publico.recife.pe.leg.br/consultas/materia/materia_mostrar_proc?cod_materia=62165,Comissão Executiva,Em vigor,Lei Ordinária 18277/2016
"Lei Ordinária nº 18276, de 02/12/2016",https://publico.recife.pe.leg.br/consultas/norma_juridica/norma_juridica_mostrar_proc?cod_norma=201,"DISPÕE SOBRE A ORGANIZAÇÃO, ESTRUTURA E COMPETÊNCIA DO CONTENCIOSO ADMINISTRATIVO TRIBUTÁRIO DO MUNICÍPIO DO RECIFE E DÁ OUTRAS PROVIDÊNCIAS. ""REGIME DE URGÊNCIA""",PLE 28/2016,https://publico.recife.pe.leg.br/consultas/materia/materia_mostrar_proc?cod_materia=62497,Prefeito do Recife,Em vigor,Lei Ordinária 18276/2016
"Lei Ordinária nº 18275, de 02/12/2016",https://publico.recife.pe.leg.br/consultas/norma_juridica/norma_juridica_mostrar_proc?cod_norma=200,"ALTERA DISPOSITIVOS DA LEI N.º 14.512, DE 17 DE JANEIRO DE 1983, E DA LEI N.º 17.142, DE 2 DE DEZEMBRO DE 2005. ""REGIME DE URGÊNCIA""",PLE 20/2016,https://publico.recife.pe.leg.br/consultas/materia/materia_mostrar_proc?cod_materia=62460,Prefeito do Recife,Em vigor,Lei Ordinária 18275/2016
"Lei Ordinária nº 18274, de 25/11/2016",https://publico.recife.pe.leg.br/consultas/norma_juridica/norma_juridica_mostrar_proc?cod_norma=512,"ALTERA DISPOSITIVOS DA LEI N.º 15.563, DE 27 DE DEZEMBRO DE 1991. (QUE DISPÕE SOBRE CÓDIGO TRIBUTÁRIO) 
""REGIME DE URGÊNCIA""",PLE 17/2016,https://publico.recife.pe.leg.br/consultas/materia/materia_mostrar_proc?cod_materia=62454,Prefeito do Recife,Em vigor,Lei Ordinária 18274/2016
"Lei Ordinária nº 18273, de 26/09/2016",https://publico.recife.pe.leg.br/consultas/norma_juridica/norma_juridica_mostrar_proc?cod_norma=178,INCLUI NO CALENDÁRIO OFICIAL DA CIDADE O DIA 11 DE SETEMBRO DIA MUNICIPAL DOS DIREITOS DOS ANIMAIS.,PLO 86/2015,https://publico.recife.pe.leg.br/consultas/materia/materia_mostrar_proc?cod_materia=52200,Estefano Menudo,Em vigor,Lei Ordinária 18273/2016
"Lei Ordinária nº 18272, de 15/09/2016",https://publico.recife.pe.leg.br/consultas/norma_juridica/norma_juridica_mostrar_proc?cod_norma=258,"DISPÕE SOBRE A PRESENÇA DE “DOULAS” DURANTE O PARTO, NAS MATERNIDADES SITUADAS NO MUNICÍPIO DO RECIFE E DÁ OUTRAS PROVIDÊNCIAS.",PLO 115/2015,https://publico.recife.pe.leg.br/consultas/materia/materia_mostrar_proc?cod_materia=53482,Isabella de Roldão,Em vigor,Lei Ordinária 18272/2016
"Lei Ordinária nº 18271, de 15/09/2016",https://publico.recife.pe.leg.br/consultas/norma_juridica/norma_juridica_mostrar_proc?cod_norma=177,"DISPÕE SOBRE A OBRIGATORIEDADE DE IMPLANTAÇÃO DE PROTEÇÃO DE VIDRO OU SIMILAR, NOS BALCÕES DE ALIMENTOS DOS BARES E RESTAURANTES QUE POSSUEM SISTEMA SELF-SERVICE E DÁ OUTRAS PROVIDÊNCIAS.",PLO 109/2015,https://publico.recife.pe.leg.br/consultas/materia/materia_mostrar_proc?cod_materia=53283,Eriberto Rafael,Em vigor,Lei Ordinária 18271/2016
"Lei Ordinária nº 18270, de 15/09/2016",https://publico.recife.pe.leg.br/consultas/norma_juridica/norma_juridica_mostrar_proc?cod_norma=175,"PROÍBE A SEGREGAÇÃO DO DIREITO AO ALEITAMENTO MATERNO NO MUNICÍPIO DO RECIFE, E DÁ OUTRAS PROVIDÊNCIAS.",PLO 180/2015,https://publico.recife.pe.leg.br/consultas/materia/materia_mostrar_proc?cod_materia=54828,Antonio Luiz Neto,Em vigor,Lei Ordinária 18270/2016
"Lei Ordinária nº 18269, de 15/09/2016",https://publico.recife.pe.leg.br/consultas/norma_juridica/norma_juridica_mostrar_proc?cod_norma=164,ASSEGURA A DIVULGAÇÃO DA LISTA DE ESPERA PARA VAGAS NAS CRECHES DO MUNICÍPIO E DÁ OUTRAS PROVIDÊNCIAS.,PLO 212/2014,https://publico.recife.pe.leg.br/consultas/materia/materia_mostrar_proc?cod_materia=47786,Eriberto Rafael,Em vigor,Lei Ordinária 18269/2016
"Lei Ordinária nº 18268, de 15/09/2016",https://publico.recife.pe.leg.br/consultas/norma_juridica/norma_juridica_mostrar_proc?cod_norma=163,DECLARAÇÃO DE UTILIDADE PÚBLICA AO GALPÃO DOS MENINOS E MENINAS DE SANTO AMARO E DÁ OUTRAS PROVIDÊNCIAS.,PLO 235/2015,https://publico.recife.pe.leg.br/consultas/materia/materia_mostrar_proc?cod_materia=56860,Isabella de Roldão,Em vigor,Lei Ordinária 18268/2016
"Lei Ordinária nº 18267, de 15/09/2016",https://publico.recife.pe.leg.br/consultas/norma_juridica/norma_juridica_mostrar_proc?cod_norma=162,"DISPÕE SOBRE A OBRIGATORIEDADE DE FERROS VELHOS, EMPRESAS DE TRANSPORTE DE CARGA, LOJAS DE MATERIAL DE CONSTRUÇÃO, BORRACHARIAS, RECAUCHUTADORAS E AFINS NO MUNICÍPIO DO RECIFE A ADOTAREM MEDIDAS PARA EVITAR A EXISTÊNCIA DE FOCOS DE AEDES AEGYPTI E AEDES ALBOPICTUS, E DÁ OUTRAS PROVIDÊNCIAS.",PLO 212/2015,https://publico.recife.pe.leg.br/consultas/materia/materia_mostrar_proc?cod_materia=56051,Almir Fernando,Em vigor,Lei Ordinária 18267/2016
"Lei Ordinária nº 18266, de 15/09/2016",https://publico.recife.pe.leg.br/consultas/norma_juridica/norma_juridica_mostrar_proc?cod_norma=161,"TORNA OBRIGATÓRIA A FIXAÇÃO DE PLACA DE ADVERTÊNCIA CONTRA A PROSTITUIÇÃO E A EXPLORAÇÃO SEXUAL DE CRIANÇAS E ADOLESCENTES EM HOTÉIS, MOTÉIS, CASAS DE MASSAGENS, POUSADAS, PENSÕES, BOATES, CINEMAS, CASAS DE ESPETÁCULOS, BARES E RESTAURANTES EM FUNCIONAMENTO NA CIDADE DO RECIFE.",PLO 190/2014,https://publico.recife.pe.leg.br/consultas/materia/materia_mostrar_proc?cod_materia=46730,Michele Collins,Em vigor,Lei Ordinária 18266/2016
"Lei Ordinária nº 18265, de 15/09/2016",https://publico.recife.pe.leg.br/consultas/norma_juridica/norma_juridica_mostrar_proc?cod_norma=160,FICA INCLUÍDO NO CALENDÁRIO OFICIAL DO MUNICÍPIO DE RECIFE O DIA DO IMIGRANTE PORTUGUÊS.,PLO 120/2015,https://publico.recife.pe.leg.br/consultas/materia/materia_mostrar_proc?cod_materia=53839,Almir Fernando,Em vigor,Lei Ordinária 18265/2016
"Lei Ordinária nº 18264, de 15/09/2016",https://publico.recife.pe.leg.br/consultas/norma_juridica/norma_juridica_mostrar_proc?cod_norma=159,"DECLARA DE UTILIDADE PÚBLICA, NO ÂMBITO MUNICIPAL, A ASSOCIAÇÃO PERNAMBUCANA DE CEGOS - APEC.",PLO 102/2016,https://publico.recife.pe.leg.br/consultas/materia/materia_mostrar_proc?cod_materia=61012,Augusto Carreras,Em vigor,Lei Ordinária 18264/2016
"Lei Ordinária nº 18263, de 31/08/2016",https://publico.recife.pe.leg.br/consultas/norma_juridica/norma_juridica_mostrar_proc?cod_norma=158,INSTITUI O DIA 25 DE NOVEMBRO NO CALENDÁRIO DE EVENTOS OFICIAIS DO MUNICÍPIO DE RECIFE A CAMPANHA 'PELA PAZ E NÃO A VIOLÊNCIA,PLO 145/2015,https://publico.recife.pe.leg.br/consultas/materia/materia_mostrar_proc?cod_materia=53907,Osmar Ricardo,Em vigor,Lei Ordinária 18263/2016
"Lei Ordinária nº 18262, de 31/08/2016",https://publico.recife.pe.leg.br/consultas/norma_juridica/norma_juridica_mostrar_proc?cod_norma=157,"Inclui no Calendário Oficial de Eventos do Município do Recife, o Dia Municipal do Taekwondo.",PLO 368/2013,https://publico.recife.pe.leg.br/consultas/materia/materia_mostrar_proc?cod_materia=39332,Almir Fernando,Em vigor,Lei Ordinária 18262/2016
"Lei Ordinária nº 18261, de 31/08/2016",https://publico.recife.pe.leg.br/consultas/norma_juridica/norma_juridica_mostrar_proc?cod_norma=156,DENOMINAR-SE-Á ROSILDA ALVES MENDES O PRÓXIMO CRAS CENTRO DE REFERÊNCIA EM ASSISTÊNCIA SOCIAL A SER CONSTRUÍDO NO TERRENO DA ANTIGA FÁBRICA DE ESTOPA NO BAIRRO DO ZUMBI.,PLO 187/2015,https://publico.recife.pe.leg.br/consultas/materia/materia_mostrar_proc?cod_materia=55058,Davi Muniz,Em vigor,Lei Ordinária 18261/2016
"Lei Ordinária nº 18260, de 31/08/2016",https://publico.recife.pe.leg.br/consultas/norma_juridica/norma_juridica_mostrar_proc?cod_norma=155,DENOMINAR-SE-Á INDUSTRIAL ARTHUR CARNEIRO DA CUNHA A PRAÇA DE ESPORTE E DA CULTURA A SER CONSTRUÍDO NO TERRENO DA ANTIGA FÁBRICA DE ESTOPA DO ZUMBI.,PLO 188/2015,https://publico.recife.pe.leg.br/consultas/materia/materia_mostrar_proc?cod_materia=55059,Davi Muniz,Em vigor,Lei Ordinária 18260/2016
"Lei Ordinária nº 18259, de 05/08/2016",https://publico.recife.pe.leg.br/consultas/norma_juridica/norma_juridica_mostrar_proc?cod_norma=557,"OBRIGA AS MATERNIDADES SITUADAS NO MUNICÍPIO DO RECIFE, A ADAPTAREM-SE ÀS NECESSIDADES DA MULHER GESTANTE USUÁRIA DE CADEIRA DE RODAS.",PLO 396/2013,https://publico.recife.pe.leg.br/consultas/materia/materia_mostrar_proc?cod_materia=39866,Aline Mariano,Em vigor,Lei Ordinária 18259/2016
"Lei Ordinária nº 18258, de 05/08/2016",https://publico.recife.pe.leg.br/consultas/norma_juridica/norma_juridica_mostrar_proc?cod_norma=257,REGULA O USO DE ALARMES SONOROS DE GARAGENS NO MUNICÍPIO DO RECIFE.,PLO 265/2013,https://publico.recife.pe.leg.br/consultas/materia/materia_mostrar_proc?cod_materia=36937,Jayme Asfora,Em vigor,Lei Ordinária 18258/2016
"Lei Ordinária nº 18257, de 05/08/2016",https://publico.recife.pe.leg.br/consultas/norma_juridica/norma_juridica_mostrar_proc?cod_norma=256,"DISPÕE SOBRE A PRESENÇA DE INTÉRPRETE DE LIBRAS (LINGUA BRASILEIRA DE SINAIS) NA ADMINISTRAÇÃO DIRETA E INDIRETA DA CIDADE DO RECIFE, E DÁ OUTRAS PROVIDÊNCIAS.",PLO 225/2013,https://publico.recife.pe.leg.br/consultas/materia/materia_mostrar_proc?cod_materia=35666,Michele Collins,Em vigor,Lei Ordinária 18257/2016
"Lei Ordinária nº 18256, de 05/08/2016",https://publico.recife.pe.leg.br/consultas/norma_juridica/norma_juridica_mostrar_proc?cod_norma=255,ESTABELECE CRITÉRIOS PARA A PLENA FRUIÇÃO DOS DIREITOS PREVISTOS NA LEGISLAÇÃO DO MUNICÍPIO PARA AS PESSOAS COM DEFICIÊNCIA.,PLO 377/2013,https://publico.recife.pe.leg.br/consultas/materia/materia_mostrar_proc?cod_materia=39352,Michele Collins,Em vigor,Lei Ordinária 18256/2016
"Lei Ordinária nº 18255, de 05/08/2016",https://publico.recife.pe.leg.br/consultas/norma_juridica/norma_juridica_mostrar_proc?cod_norma=254,"ALTERA A REDAÇÃO DO ART. 1º DA LEI 18.146, DE 17 DE JUNHO DE 2015(LEI QUE DISPÕE SOBRE DENOMINAÇÃO DE NOME DE ESCOLA EM SANTO AMARO)",PLO 81/2016,https://publico.recife.pe.leg.br/consultas/materia/materia_mostrar_proc?cod_materia=60160,Carlos Gueiros,Em vigor,Lei Ordinária 18255/2016
"Lei Ordinária nº 18254, de 05/08/2016",https://publico.recife.pe.leg.br/consultas/norma_juridica/norma_juridica_mostrar_proc?cod_norma=253,"DENOMINA “PRAÇA DO TERÇO” A ÁREA DELIMITADA PELAS RUAS CAPITÃO DOMINGOS DA COSTA, CAPITÃO AMARO CERQUEIRA E SD- 5096, NO BAIRRO DE AREIAS, NESTA CIDADE.",PLO 243/2015,https://publico.recife.pe.leg.br/consultas/materia/materia_mostrar_proc?cod_materia=57087,Eurico Freire,Em vigor,Lei Ordinária 18254/2016
"Lei Ordinária nº 18253, de 05/08/2016",https://publico.recife.pe.leg.br/consultas/norma_juridica/norma_juridica_mostrar_proc?cod_norma=252,"OBRIGA OS ESTABELECIMENTOS QUE COMERCIALIZAM ANIMAIS, PET SHOPS, CLÍNICAS VETERINÁRIAS E AFINS, NO MUNICÍPIO DO RECIFE, A AFIXAREM CARTAZ INFORMANDO OS LOCAIS QUE POSSIBILITAM A ADOÇÃO DE ANIMAIS E DÁ OUTRAS PROVIDÊNCIAS.",PLO 33/2014,https://publico.recife.pe.leg.br/consultas/materia/materia_mostrar_proc?cod_materia=41597,Aline Mariano,Em vigor,Lei Ordinária 18253/2016
"Lei Ordinária nº 18252, de 05/08/2016",https://publico.recife.pe.leg.br/consultas/norma_juridica/norma_juridica_mostrar_proc?cod_norma=251,INSTITUI A SEMANA DO BEBÊ E DE PROTEÇÃO A PRIMEIRA INFÂNCIA DO RECIFE E DÁ OUTRAS PROVIDÊNCIAS.,PLE 11/2016,https://publico.recife.pe.leg.br/consultas/materia/materia_mostrar_proc?cod_materia=59265,Prefeito do Recife,Em vigor,Lei Ordinária 18252/2016
"Lei Ordinária nº 18251, de 01/08/2016",https://publico.recife.pe.leg.br/consultas/norma_juridica/norma_juridica_mostrar_proc?cod_norma=250,"ALTERA O PARÁGRAFO 2º, DO ART. 1º, DA LEI Nº 18.133/15 E DÁ OUTRAS PROVIDÊNCIAS.(LEI QUE DISPÕE SOBRE REGULAMENTAÇÃO DE OPERAÇÃO DE CARGA E DESCARGA POR VEÍCULOS)",PLO 30/2016,https://publico.recife.pe.leg.br/consultas/materia/materia_mostrar_proc?cod_materia=58249,Augusto Carreras,Em vigor,Lei Ordinária 18251/2016
"Lei Ordinária nº 18250, de 25/07/2016",https://publico.recife.pe.leg.br/consultas/norma_juridica/norma_juridica_mostrar_proc?cod_norma=248,"DENOMINAR-SE-Á ESCOLA MUNICIPAL CONTRAMESTRE TECELÃO ADALBERTO DA SILVA, A SER CONSTRUÍDA NO TERRENO DA ANTIGA FÁBRICA DE ESTOPA NO BAIRRO DO ZUMBI.",PLO 192/2015,https://publico.recife.pe.leg.br/consultas/materia/materia_mostrar_proc?cod_materia=55112,Davi Muniz,Em vigor,Lei Ordinária 18250/2016
"Lei Ordinária nº 18249, de 25/07/2016",https://publico.recife.pe.leg.br/consultas/norma_juridica/norma_juridica_mostrar_proc?cod_norma=247,"DENOMINAR-SE-Á   RUA GOVERNADOR EDUARDO HENRIQUE DE ACIOLY CAMPOS A “PRINCIPAL” RUA LOCALIZADA NO LOTEAMENTO CAFEEIRO III, NO BAIRRO DO PASSARINHO, NESTA CIDADE.",PLO 5/2016,https://publico.recife.pe.leg.br/consultas/materia/materia_mostrar_proc?cod_materia=57531,Almir Fernando,Em vigor,Lei Ordinária 18249/2016
"Lei Ordinária nº 18248, de 25/07/2016",https://publico.recife.pe.leg.br/consultas/norma_juridica/norma_juridica_mostrar_proc?cod_norma=246,"INCLUI NO CALENDÁRIO OFICIAL DE EVENTOS DO MUNICÍPIO DO RECIFE O EVENTO RELIGIOSO EVANGELIZAR É PRECISO, NA FORMA QUE INDICA.",PLO 77/2016,https://publico.recife.pe.leg.br/consultas/materia/materia_mostrar_proc?cod_materia=59695,Aerto Luna,Em vigor,Lei Ordinária 18248/2016
"Lei Ordinária nº 18247, de 22/07/2016",https://publico.recife.pe.leg.br/consultas/norma_juridica/norma_juridica_mostrar_proc?cod_norma=245,INSTITUI O “DIA DO CORPO CONSULAR” NO ÂMBITO DA CIDADE DO RECIFE.,PLO 49/2016,https://publico.recife.pe.leg.br/consultas/materia/materia_mostrar_proc?cod_materia=58551,André Régis,Em vigor,Lei Ordinária 18247/2016
"Lei Ordinária nº 18246, de 22/07/2016",https://publico.recife.pe.leg.br/consultas/norma_juridica/norma_juridica_mostrar_proc?cod_norma=249,"INCLUI NO CALENDÁRIO OFICIAL DO RECIFE, A SEMANA MUNICIPAL DA PESSOA COM DEFICIÊNCIA.",PLO 250/2015,https://publico.recife.pe.leg.br/consultas/materia/materia_mostrar_proc?cod_materia=57282,Michele Collins,Em vigor,Lei Ordinária 18246/2016
"Lei Ordinária nº 18245, de 22/07/2016",https://publico.recife.pe.leg.br/consultas/norma_juridica/norma_juridica_mostrar_proc?cod_norma=244,"DECLARA DE UTILIDADE PÚBLICA NO ÂMBITO MUNICIPAL, O GRUPO PARTILHAR ILUMINANDO CAMINHOS NO MUNICÍPIO DO RECIFE E DÁ OUTRAS PROVIDÊNCIAS.",PLO 34/2016,https://publico.recife.pe.leg.br/consultas/materia/materia_mostrar_proc?cod_materia=58255,Wanderson Florêncio,Em vigor,Lei Ordinária 18245/2016
"Lei Ordinária nº 18244, de 22/07/2016",https://publico.recife.pe.leg.br/consultas/norma_juridica/norma_juridica_mostrar_proc?cod_norma=243,"INCLUI NO CALENDÁRIO MUNICIPAL DO RECIFE, O DIA 12 DE JUNHO, COMO O DIA MUNICIPAL DO FORROZEIRO.",PLO 237/2015,https://publico.recife.pe.leg.br/consultas/materia/materia_mostrar_proc?cod_materia=56876,Almir Fernando,Em vigor,Lei Ordinária 18244/2016
"Lei Ordinária nº 18243, de 22/07/2016",https://publico.recife.pe.leg.br/consultas/norma_juridica/norma_juridica_mostrar_proc?cod_norma=242,"INSTITUI O DIA DO ""MORGANTI JU JITSU"" NO MUNICÍPIO DA CIDADE DO RECIFE",PLO 10/2016,https://publico.recife.pe.leg.br/consultas/materia/materia_mostrar_proc?cod_materia=57626,Wilton Brito,Em vigor,Lei Ordinária 18243/2016
"Lei Ordinária nº 18242, de 22/07/2016",https://publico.recife.pe.leg.br/consultas/norma_juridica/norma_juridica_mostrar_proc?cod_norma=241,DENOMINAR-SE-Á DE TOTA FIGUEIRA O PRÓXIMO HOSPITAL OU UNIDADE DE PRONTO ATENDIMENTO A SER INAUGURADO NA CIDADE DO RECIFE.,PLO 13/2016,https://publico.recife.pe.leg.br/consultas/materia/materia_mostrar_proc?cod_materia=57656,Isabella de Roldão,Em vigor,Lei Ordinária 18242/2016
"Lei Ordinária nº 18241, de 13/07/2016",https://publico.recife.pe.leg.br/consultas/norma_juridica/norma_juridica_mostrar_proc?cod_norma=154,DISPÕE SOBRE O PROGRAMA DE APOIO ÀS MULHERES VÍTIMAS DE VIOLÊNCIA E DÁ OUTRAS PROVIDÊNCIAS.,PLO 403/2013,https://publico.recife.pe.leg.br/consultas/materia/materia_mostrar_proc?cod_materia=39978,Michele Collins,Em vigor,Lei Ordinária 18241/2016
"Lei Ordinária nº 18240, de 27/06/2016",https://publico.recife.pe.leg.br/consultas/norma_juridica/norma_juridica_mostrar_proc?cod_norma=153,INSTITUI A SEMANA DO ARTESÃO NA CIDADE DO RECIFE E DÁ OUTRAS PROVIDÊNCIAS.,PLO 222/2015,https://publico.recife.pe.leg.br/consultas/materia/materia_mostrar_proc?cod_materia=56325,Osmar Ricardo,Em vigor,Lei Ordinária 18240/2016
"Lei Ordinária nº 18239, de 27/06/2016",https://publico.recife.pe.leg.br/consultas/norma_juridica/norma_juridica_mostrar_proc?cod_norma=152,"DISPÕE SOBRE A CRIAÇÃO DO ""DIA MUNICIPAL DO COMBATE AO RACISMO"", A SER COMEMORADO NO DIA 6 DE FEVEREIRO, ANUALMENTE.",PLO 22/2016,https://publico.recife.pe.leg.br/consultas/materia/materia_mostrar_proc?cod_materia=57730,Almir Fernando,Em vigor,Lei Ordinária 18239/2016
"Lei Ordinária nº 18238, de 20/06/2016",https://publico.recife.pe.leg.br/consultas/norma_juridica/norma_juridica_mostrar_proc?cod_norma=151,"INSTITUI NO CALENDÁRIO DE EVENTOS DO MUNICÍPIO DO RECIFE, O DIA MUNICIPAL DO MOVIMENTO COMPRE DO PEQUENO NEGÓCIO, E DÁ OUTRAS PROVIDÊNCIAS.",PLO 202/2015,https://publico.recife.pe.leg.br/consultas/materia/materia_mostrar_proc?cod_materia=55613,Erivaldo da Silva,Em vigor,Lei Ordinária 18238/2016
"Lei Ordinária nº 18237, de 17/06/2016",https://publico.recife.pe.leg.br/consultas/norma_juridica/norma_juridica_mostrar_proc?cod_norma=150,DISPÕE SOBRE AS DIRETRIZES PARA A ELABORAÇÃO DA LEI ORÇAMENTÁRIA DE 2017.,PLE 9/2016,https://publico.recife.pe.leg.br/consultas/materia/materia_mostrar_proc?cod_materia=59083,Prefeito do Recife,Em vigor,Lei Ordinária 18237/2016
"Lei Ordinária nº 18236, de 14/06/2016",https://publico.recife.pe.leg.br/consultas/norma_juridica/norma_juridica_mostrar_proc?cod_norma=149,"INSTITUI O ""DIA DE CONSCIENTIZAÇÃO E ENFRENTAMENTO DA FIBROMIALGIA"" E DÁ OUTRAS PROVIDÊNCIAS.",PLO 51/2016,https://publico.recife.pe.leg.br/consultas/materia/materia_mostrar_proc?cod_materia=58612,Osmar Ricardo,Em vigor,Lei Ordinária 18236/2016
"Lei Ordinária nº 18235, de 14/06/2016",https://publico.recife.pe.leg.br/consultas/norma_juridica/norma_juridica_mostrar_proc?cod_norma=148,"DÁ NOVA REDAÇÃO A LETRA “A”, DO INCISO I, DO ART. 1º DA LEI Nº16.478, DE 22 DE FEVEREIRO DE 1999.",PLO 2/2016,https://publico.recife.pe.leg.br/consultas/materia/materia_mostrar_proc?cod_materia=57518,Carlos Gueiros,Em vigor,Lei Ordinária 18235/2016
"Lei Ordinária nº 18234, de 06/06/2016",https://publico.recife.pe.leg.br/consultas/norma_juridica/norma_juridica_mostrar_proc?cod_norma=147,DISPÕE SOBRE A CONCESSÃO DE ELEVAÇÃO DE CARGA HORÁRIA AOS PROFESSORES E ESPECIALISTAS EM EDUCAÇÃO DO GRUPO OCUPACIONAL MAGISTÉRIO NA SECRETARIA DE EDUCAÇÃO E DÁ OUTRAS PROVIDÊNCIAS,PLE 8/2016,https://publico.recife.pe.leg.br/consultas/materia/materia_mostrar_proc?cod_materia=58720,Prefeito do Recife,Em vigor,Lei Ordinária 18234/2016
"Lei Ordinária nº 18233, de 06/06/2016",https://publico.recife.pe.leg.br/consultas/norma_juridica/norma_juridica_mostrar_proc?cod_norma=146,AUTORIZA O AUMENTO DE CARGA HORÁRIA DE COORDENADOR PEDAGÓGICO E DÁ OUTRAS PROVIDÊNCIAS.,PLE 7/2016,https://publico.recife.pe.leg.br/consultas/materia/materia_mostrar_proc?cod_materia=58719,Prefeito do Recife,Em vigor,Lei Ordinária 18233/2016
"Lei Ordinária nº 18232, de 25/05/2016",https://publico.recife.pe.leg.br/consultas/norma_juridica/norma_juridica_mostrar_proc?cod_norma=145,"ALTERA A ALÍQUOTA DA CONTRIBUIÇÃO PREVIDENCIÁRIA DEVIDA PELO MUNICÍPIO DO RECIFE AO FUNDO FINANCEIRO - RECIFIN.
""REGIME DE URGÊNCIA""",PLE 6/2016,https://publico.recife.pe.leg.br/consultas/materia/materia_mostrar_proc?cod_materia=58669,Prefeito do Recife,Em vigor,Lei Ordinária 18232/2016
"Lei Ordinária nº 18231, de 23/05/2016",https://publico.recife.pe.leg.br/consultas/norma_juridica/norma_juridica_mostrar_proc?cod_norma=144,INSTITUI O DIA 21 DE SETEMBRO COMO DATA SIMBÓLICA PARA COMEMORAÇÃO DA CRIAÇÃO DO BAIRRO DE BRASÍLIA TEIMOSA E DÁ OUTRAS PROVIDÊNCIAS.,PLO 96/2015,https://publico.recife.pe.leg.br/consultas/materia/materia_mostrar_proc?cod_materia=52738,Eduardo Chera,Em vigor,Lei Ordinária 18231/2016
"Lei Ordinária nº 18230, de 23/05/2016",https://publico.recife.pe.leg.br/consultas/norma_juridica/norma_juridica_mostrar_proc?cod_norma=143,INSTITUI O DIA 26 DE JANEIRO COMO DATA SIMBÓLICA PARA COMEMORAÇÃO DA CRIAÇÃO DO PINA E DÁ OUTRAS PROVIDÊNCIAS,PLO 161/2015,https://publico.recife.pe.leg.br/consultas/materia/materia_mostrar_proc?cod_materia=54368,Eduardo Chera,Em vigor,Lei Ordinária 18230/2016
"Lei Ordinária nº 18229, de 23/05/2016",https://publico.recife.pe.leg.br/consultas/norma_juridica/norma_juridica_mostrar_proc?cod_norma=142,DECLARAÇÃO DE UTILIDADE PÚBLICA A ESCOLA PERNAMBUCANA DE CIRCO.,PLO 48/2016,https://publico.recife.pe.leg.br/consultas/materia/materia_mostrar_proc?cod_materia=58548,Isabella de Roldão,Em vigor,Lei Ordinária 18229/2016
"Lei Ordinária nº 18228, de 16/05/2016",https://publico.recife.pe.leg.br/consultas/norma_juridica/norma_juridica_mostrar_proc?cod_norma=141,DENOMINAR-SE-Á DE RUA PEDRO BELO O PRIMEIRO ACESSO DE ESCADARIA NO CÓRREGO JOSÉ IDALINO NO BAIRRO DO BREJO DA GUABIRABA.,PLO 84/2015,https://publico.recife.pe.leg.br/consultas/materia/materia_mostrar_proc?cod_materia=52169,Luiz Eustáquio,Em vigor,Lei Ordinária 18228/2016
"Lei Ordinária nº 18227, de 16/05/2016",https://publico.recife.pe.leg.br/consultas/norma_juridica/norma_juridica_mostrar_proc?cod_norma=140,"DENOMINA “PRAÇA DO IPÊ”, A ÁREA DELIMITADA PELAS RUAS FRANCISCO BARRETO,  DR. RAPOSO PINTO E IRAPUAN - IPSEP.",PLO 111/2015,https://publico.recife.pe.leg.br/consultas/materia/materia_mostrar_proc?cod_materia=53346,Eurico Freire,Em vigor,Lei Ordinária 18227/2016
"Lei Ordinária nº 18226, de 10/05/2016",https://publico.recife.pe.leg.br/consultas/norma_juridica/norma_juridica_mostrar_proc?cod_norma=139,"SUBSTITUIÇÃO DO NOME DA RUA SEBASTIÃO CONSTANTINO DA SILVA PARA RUA RIO POMBA, NOME ORIGINAL.",PLO 244/2015,https://publico.recife.pe.leg.br/consultas/materia/materia_mostrar_proc?cod_materia=57088,Jurandir Liberal,Em vigor,Lei Ordinária 18226/2016
"Lei Ordinária nº 18225, de 06/05/2016",https://publico.recife.pe.leg.br/consultas/norma_juridica/norma_juridica_mostrar_proc?cod_norma=138,"DENOMINAR-SE-Á COMPAZ ARIANO VILAR SUASSUNA, O COMPAZ LOCALIZADO NA AV. GENERAL SAN MARTIN, Nº 1083, CORDEIRO, RECIFE - PE.",PLE 2/2016,https://publico.recife.pe.leg.br/consultas/materia/materia_mostrar_proc?cod_materia=58178,Prefeito do Recife,Em vigor,Lei Ordinária 18225/2016
"Lei Ordinária nº 18224, de 06/05/2016",https://publico.recife.pe.leg.br/consultas/norma_juridica/norma_juridica_mostrar_proc?cod_norma=137,"DENOMINAR-SE-Á DRA MARIA DAS MERCÊS CUNHA O HOSPITAL DA MULHER, QUE SERÁ CONSTRUÍDO NO BAIRRO DO CURADO, NA CIDADE DO RECIFE.",PLO 45/2016,https://publico.recife.pe.leg.br/consultas/materia/materia_mostrar_proc?cod_materia=58503,Aimee Carvalho,Em vigor,Lei Ordinária 18224/2016
"Lei Ordinária nº 18223, de 25/04/2016",https://publico.recife.pe.leg.br/consultas/norma_juridica/norma_juridica_mostrar_proc?cod_norma=136,"INSTITUI DIA MUNICIPAL DA SUKIO MAHIKARI, A SER COMEMORADO ANUALMENTE NO DIA 27 DE FEVEREIRO.",PLO 118/2015,https://publico.recife.pe.leg.br/consultas/materia/materia_mostrar_proc?cod_materia=53526,Wilton Brito,Em vigor,Lei Ordinária 18223/2016
"Lei Ordinária nº 18222, de 15/04/2016",https://publico.recife.pe.leg.br/consultas/norma_juridica/norma_juridica_mostrar_proc?cod_norma=135,DECLARA DE UTILIDADE PÚBLICA NO ÂMBITO MUNICIPAL O INSTITUTO DE ASSISTÊNCIA SOCIAL DOM CAMPELO - IASDOC.,PLO 229/2015,https://publico.recife.pe.leg.br/consultas/materia/materia_mostrar_proc?cod_materia=56532,Aerto Luna,Em vigor,Lei Ordinária 18222/2016
"Lei Ordinária nº 18221, de 04/04/2016",https://publico.recife.pe.leg.br/consultas/norma_juridica/norma_juridica_mostrar_proc?cod_norma=134,CRIA A SEMANA MUNICIPAL DA MULHER EMPREENDEDORA NA CIDADE DO RECIFE.,PLO 191/2015,https://publico.recife.pe.leg.br/consultas/materia/materia_mostrar_proc?cod_materia=55104,Michele Collins,Em vigor,Lei Ordinária 18221/2016
"Lei Ordinária nº 18220, de 01/04/2016",https://publico.recife.pe.leg.br/consultas/norma_juridica/norma_juridica_mostrar_proc?cod_norma=111,DISPÕE SOBRE O REAJUSTE DOS SERVIDORES DO PODER LEGISLATIVO MUNICIPAL E DÁ OUTRAS PROVIDÊNCIAS,PLO 47/2016,https://publico.recife.pe.leg.br/consultas/materia/materia_mostrar_proc?cod_materia=58601,Comissão Executiva,Em vigor,Lei Ordinária 18220/2016
"Lei Ordinária nº 18219, de 30/03/2016",https://publico.recife.pe.leg.br/consultas/norma_juridica/norma_juridica_mostrar_proc?cod_norma=109,"ALTERA AS LEIS NOS 18.217 DE 23 DE MARÇO DE 2016 E 18.033 DE 03 DE JULHO DE 2014. 
""REGIME DE URGÊNCIA""",PLE 5/2016,https://publico.recife.pe.leg.br/consultas/materia/materia_mostrar_proc?cod_materia=58540,Prefeito do Recife,Em vigor,Lei Ordinária 18219/2016
"Lei Ordinária nº 18218, de 23/03/2016",https://publico.recife.pe.leg.br/consultas/norma_juridica/norma_juridica_mostrar_proc?cod_norma=106,"INSTITUI DIRETRIZES COMPLEMENTARES AO PROGRAMA DE SAÚDE AMBIENTAL; AUTORIZA O ABONO EMERGENCIAL PECUNIÁRIO PARA OS AGENTES COMUNITÁRIOS DE SAÚDE – ACS, DE SAÚDE AMBIENTAL E COMBATE ÀS ENDEMIAS – ASACE E OS DE CONTROLE SANITÁRIO; CRIA O INCENTIVO FINANCEIRO DE CAMPO NO ÂMBITO DO PROGRAMA DE SAÚDE AMBIENTAL E DÁ OUTRAS PROVIDÊNCIAS. 
""REGIME DE URGÊNCIA""",PLE 4/2016,https://publico.recife.pe.leg.br/consultas/materia/materia_mostrar_proc?cod_materia=58257,Prefeito do Recife,Em vigor,Lei Ordinária 18218/2016
"Lei Ordinária nº 18217, de 23/03/2016",https://publico.recife.pe.leg.br/consultas/norma_juridica/norma_juridica_mostrar_proc?cod_norma=104,"DISPÕE SOBRE A REMUNERAÇÃO DOS SERVIDORES EFETIVOS DA ADMINISTRAÇÃO DIRETA, AUTÁRQUICA E FUNDACIONAL DO MUNICÍPIO DO RECIFE E DÁ OUTRAS PROVIDÊNCIAS.
""REGIME DE URGÊNCIA""",PLE 3/2016,https://publico.recife.pe.leg.br/consultas/materia/materia_mostrar_proc?cod_materia=58256,Prefeito do Recife,Em vigor,Lei Ordinária 18217/2016
"Lei Ordinária nº 18216, de 11/03/2016",https://publico.recife.pe.leg.br/consultas/norma_juridica/norma_juridica_mostrar_proc?cod_norma=98,"DENOMINAR-SE-Á COMPAZ GOVERNADOR EDUARDO CAMPOS, O COMPAZ LOCALIZADA NA AV. ANÍBAL BENÉVOLO, S/N, ALTO SANTA TEREZINHA, RECIFE - PE.",PLE 18/2015,https://publico.recife.pe.leg.br/consultas/materia/materia_mostrar_proc?cod_materia=54376,Prefeito do Recife,Em vigor,Lei Ordinária 18216/2016
"Lei Ordinária nº 18215, de 28/01/2016",https://publico.recife.pe.leg.br/consultas/norma_juridica/norma_juridica_mostrar_proc?cod_norma=105,"AUTORIZA O PODER EXECUTIVO A ALIENAR, MEDIANTE VENDA, IMÓVEIS DE TITULARIDADE DO MUNICÍPIO DO RECIFE, VINCULADOS A ADMINISTRAÇÃO DIRETA E INDIRETA, ATRAVÉS DA ADOÇÃO DO COMPETENTE PROCEDIMENTO LICITATÓRIO E DÁ OUTRAS PROVIDÊNCIAS. ""REGIME DE URGÊNCIA""",PLE 40/2015,https://publico.recife.pe.leg.br/consultas/materia/materia_mostrar_proc?cod_materia=56592,Prefeito do Recife,Em vigor,Lei Ordinária 18215/2016
"Lei Ordinária nº 18214, de 15/01/2016",https://publico.recife.pe.leg.br/consultas/norma_juridica/norma_juridica_mostrar_proc?cod_norma=92,"ALTERA A LEI Nº 17.310/2007, DE 28 DE MARÇO DE 2007, ACRESCENTANDO DISPOSITIVO QUE MENCIONA.",PLE 41/2015,https://publico.recife.pe.leg.br/consultas/materia/materia_mostrar_proc?cod_materia=56593,Prefeito do Recife,Em vigor,Lei Ordinária 18214/2016
"Lei Ordinária nº 18213, de 15/01/2016",https://publico.recife.pe.leg.br/consultas/norma_juridica/norma_juridica_mostrar_proc?cod_norma=90,INSTITUI O SISTEMA MUNICIPAL DE SEGURANÇA ALIMENTAR E NUTRICIONAL (SMSAN/RECIFE).,PLE 31/2015,https://publico.recife.pe.leg.br/consultas/materia/materia_mostrar_proc?cod_materia=56583,Prefeito do Recife,Em vigor,Lei Ordinária 18213/2016
"Lei Ordinária nº 18212, de 15/01/2016",https://publico.recife.pe.leg.br/consultas/norma_juridica/norma_juridica_mostrar_proc?cod_norma=87,"INSTITUI PROCEDIMENTOS PARA LICENCIAMENTO, CONSTRUÇÃO E INSTALAÇÃO DE POSTOS DE ABASTECIMENTO DE COMBUSTÍVEIS AUTOMOTIVOS NO MUNICÍPIO DO RECIFE E ALTERA A LEI Nº 16.786, DE 22 DE JULHO DE 2002.",PLE 23/2015,https://publico.recife.pe.leg.br/consultas/materia/materia_mostrar_proc?cod_materia=55859,Prefeito do Recife,Em vigor,Lei Ordinária 18212/2016
"Lei Ordinária nº 18211, de 15/01/2016",https://publico.recife.pe.leg.br/consultas/norma_juridica/norma_juridica_mostrar_proc?cod_norma=42,"ESTABELECE INFRAÇÕES E SANÇÕES ADMINISTRATIVAS RELATIVAS A ATIVIDADES LESIVAS AO MEIO AMBIENTE, BEM COMO O PROCEDIMENTO PARA APURAÇÃO DESSAS INFRAÇÕES E REVOGA OS DISPOSITIVOS CONTIDOS NO TÍTULO V DENOMINADO ""DAS INFRAÇÕES, PENALIDADES E APURAÇÃO DAS INFRAÇÕES"", CONSTANTE DA LEI MUNICIPAL N° 16.243 DE 1996.  ""REGIME DE URGÊNCIA""",PLE 39/2015,https://publico.recife.pe.leg.br/consultas/materia/materia_mostrar_proc?cod_materia=56591,Prefeito do Recife,Em vigor,Lei Ordinária 18211/2016
"Lei Ordinária nº 18210, de 15/01/2016",https://publico.recife.pe.leg.br/consultas/norma_juridica/norma_juridica_mostrar_proc?cod_norma=33,PROMOVE A EXTINÇÃO E A CRIAÇÃO DE CARGOS PÚBLICOS MUNICIPAIS E REGULAMENTA A CARREIRA DE ASSISTENTE DE GESTÃO PÚBLICA NO ÂMBITO DA SECRETARIA DE ADMINISTRAÇÃO E GESTÃO DE PESSOAS.,PLE 29/2015,https://publico.recife.pe.leg.br/consultas/materia/materia_mostrar_proc?cod_materia=56581,Prefeito do Recife,Em vigor,Lei Ordinária 18210/2016
"Lei Ordinária nº 18209, de 15/01/2016",https://publico.recife.pe.leg.br/consultas/norma_juridica/norma_juridica_mostrar_proc?cod_norma=24,"ALTERA A LEI Nº 18.092, DE 17 DE DEZEMBRO DE 2014, PARA COMPATIBILIZÁ-LA À REFORMA ADMINISTRATIVA INSTITUÍDA PELA LEI 18.120, DE 25 DE FEVEREIRO DE 2015, E AUTORIZA ABERTURA DE CRÉDITO ADICIONAL NO VALOR QUE MENCIONA. ""REGIME DE URGÊNCIA""",PLE 44/2015,https://publico.recife.pe.leg.br/consultas/materia/materia_mostrar_proc?cod_materia=56596,Prefeito do Recife,Em vigor,Lei Ordinária 18209/2016
"Lei Ordinária nº 18208, de 30/12/2015",https://publico.recife.pe.leg.br/consultas/norma_juridica/norma_juridica_mostrar_proc?cod_norma=1529,"DISPÕE SOBRE A POLÍTICA MUNICIPAL DE SANEAMENTO BÁSICO, CRIA O SISTEMA MUNICIPAL DE SANEAMENTO BÁSICO E INSTITUI OS ELEMENTOS PARA ELABORAÇÃO DO PLANO MUNICIPAL DE SANEAMENTO BÁSICO DO RECIFE, DESTINADO A PROMOVER A SAÚDE, A QUALIDADE DE VIDA E DO MEIO AMBIENTE, A ORGANIZAR A GESTÃO E ESTABELECER AS CONDIÇÕES PARA PRESTAÇÃO DOS SERVIÇOS PÚBLICOS DE SANEAMENTO BÁSICO E SUA UNIVERSALIZAÇÃO.  ""REGIME DE URGÊNCIA""",PLE 47/2015,https://publico.recife.pe.leg.br/consultas/materia/materia_mostrar_proc?cod_materia=56599,Prefeito do Recife,Em vigor,Lei Ordinária 18208/2015
"Lei Ordinária nº 18207, de 30/12/2015",https://publico.recife.pe.leg.br/consultas/norma_juridica/norma_juridica_mostrar_proc?cod_norma=1528,"DISPÕE SOBRE O PLANO DE INCENTIVOS A PROJETOS HABITACIONAIS POPULARES DE INTERESSE SOCIAL, VINCULADO AO PROGRAMA FEDERAL “MINHA CASA, MINHA VIDA” – RECURSOS DO FUNDO DE ARRENDAMENTO RESIDENCIAL – FAR – E FUNDO DE DESENVOLVIMENTO SOCIAL – FDS. ""REGIME DE URGÊNCIA""",PLE 33/2015,https://publico.recife.pe.leg.br/consultas/materia/materia_mostrar_proc?cod_materia=56585,Prefeito do Recife,Em vigor,Lei Ordinária 18207/2015
"Lei Ordinária nº 18206, de 30/12/2015",https://publico.recife.pe.leg.br/consultas/norma_juridica/norma_juridica_mostrar_proc?cod_norma=1527,"ESTABELECE NOVOS PROCEDIMENTOS RELATIVOS AO LICENCIAMENTO URBANÍSTICO, NO ÂMBITO DO MUNICÍPIO DO RECIFE.  ""REGIME DE URGÊNCIA""",PLE 45/2015,https://publico.recife.pe.leg.br/consultas/materia/materia_mostrar_proc?cod_materia=56597,Prefeito do Recife,Em vigor,Lei Ordinária 18206/2015
"Lei Ordinária nº 18205, de 30/12/2015",https://publico.recife.pe.leg.br/consultas/norma_juridica/norma_juridica_mostrar_proc?cod_norma=1526,"DISCIPLINA A REQUISIÇÃO E O FORNECIMENTO DAS INFORMAÇÕES NECESSÁRIAS AO PLANEJAMENTO DA POLÍTICA E SISTEMA DE MOBILIDADE URBANA DO RECIFE, COM FULCRO NOS ARTIGOS 70, 71 E 74 DO PLANO DIRETOR DO MUNICÍPIO DO RECIFE – LEI MUNICIPAL Nº 17.511, DE 29 DEZEMBRO DE 2008, E DÁ OUTRAS PROVIDÊNCIAS.   ""REGIME DE URGÊNCIA""",PLE 46/2015,https://publico.recife.pe.leg.br/consultas/materia/materia_mostrar_proc?cod_materia=56598,Prefeito do Recife,Em vigor,Lei Ordinária 18205/2015
"Lei Ordinária nº 18203, de 28/12/2015",https://publico.recife.pe.leg.br/consultas/norma_juridica/norma_juridica_mostrar_proc?cod_norma=1525,DISPÕE SOBRE A EXTINÇÃO DA COMISSÃO MUNICIPAL DO MOBRAL.,PLE 25/2015,https://publico.recife.pe.leg.br/consultas/materia/materia_mostrar_proc?cod_materia=56114,Prefeito do Recife,Em vigor,Lei Ordinária 18203/2015
"Lei Ordinária nº 18202, de 28/12/2015",https://publico.recife.pe.leg.br/consultas/norma_juridica/norma_juridica_mostrar_proc?cod_norma=1524,"ALTERA A LEI MUNICIPAL Nº 15.627, DE 28 DE ABRIL DE 1992, QUE DISPÕE SOBRE SUBVENÇÕES DAS AGREMIAÇÕES CARNAVALESCAS, ASSOCIAÇÕES, ALÉM DA PARTICIPAÇÃO DESTAS ENTIDADES EM EVENTOS DA CIDADE. ""REGIME DE URGÊNCIA""",PLE 43/2015,https://publico.recife.pe.leg.br/consultas/materia/materia_mostrar_proc?cod_materia=56595,Prefeito do Recife,Em vigor,Lei Ordinária 18202/2015
"Lei Ordinária nº 18201, de 28/12/2015",https://publico.recife.pe.leg.br/consultas/norma_juridica/norma_juridica_mostrar_proc?cod_norma=1523,AUTORIZA O PODER EXECUTIVO A CONTRIBUIR FINANCEIRAMENTE COM A ENTIDADE QUE ESPECIFICA.,PLE 32/2015,https://publico.recife.pe.leg.br/consultas/materia/materia_mostrar_proc?cod_materia=56584,Prefeito do Recife,Em vigor,Lei Ordinária 18201/2015
"Lei Ordinária nº 18200, de 28/12/2015",https://publico.recife.pe.leg.br/consultas/norma_juridica/norma_juridica_mostrar_proc?cod_norma=1522,"DENOMINAR-SE-Á CRECHE ESCOLA RECIFE GOVERNADOR EDUARDO CAMPOS, A CRECHE ESCOLA LOCALIZADA NA RUA VALE DO CARIRI, UR-5, IBURA, RECIFE - PE.",PLE 16/2015,https://publico.recife.pe.leg.br/consultas/materia/materia_mostrar_proc?cod_materia=54378,Prefeito do Recife,Em vigor,Lei Ordinária 18200/2015
"Lei Ordinária nº 18199, de 28/12/2015",https://publico.recife.pe.leg.br/consultas/norma_juridica/norma_juridica_mostrar_proc?cod_norma=1521,DISPÕE SOBRE OBRIGATORIEDADE DE INSTALAÇÃO DE PAINEL NOS EDIFÍCIOS RESIDENCIAIS E COMERCIAIS NO MUNICÍPIO DO RECIFE PARA AFIXAÇÃO DE PLACAS EM FAVOR DOS PROPRIETÁRIOS E DOS CORRETORES DE IMÓVEIS.,PLO 106/2015,https://publico.recife.pe.leg.br/consultas/materia/materia_mostrar_proc?cod_materia=53217,Wilton Brito,Em vigor,Lei Ordinária 18199/2015
"Lei Ordinária nº 18198, de 28/12/2015",https://publico.recife.pe.leg.br/consultas/norma_juridica/norma_juridica_mostrar_proc?cod_norma=1520,DISPÕE SOBRE O PRÊMIO MÉRITO À CULTURA MESTRE ARIANO SUASSUNA.,PLO 93/2015,https://publico.recife.pe.leg.br/consultas/materia/materia_mostrar_proc?cod_materia=52646,Wilton Brito,Em vigor,Lei Ordinária 18198/2015
"Lei Ordinária nº 18197, de 23/12/2015",https://publico.recife.pe.leg.br/consultas/norma_juridica/norma_juridica_mostrar_proc?cod_norma=1519,"INTRODUZ MODIFICAÇÕES À LEI MUNICIPAL Nº 17.142, DE 2 DE DEZEMBRO DE 2005, QUE DISCIPLINA O REGIME PRÓPRIO DE PREVIDÊNCIA SOCIAL DO MUNICÍPIO DO RECIFE.  REGIME DE URGÊNCIA""",PLE 30/2015,https://publico.recife.pe.leg.br/consultas/materia/materia_mostrar_proc?cod_materia=56582,Prefeito do Recife,Em vigor,Lei Ordinária 18197/2015
"Lei Ordinária nº 18196, de 22/12/2015",https://publico.recife.pe.leg.br/consultas/norma_juridica/norma_juridica_mostrar_proc?cod_norma=1518,"DISCIPLINA A OBRIGATORIEDADE DOS MERCADOS, SUPERMERCADOS E OUTROS ESTABELECIMENTOS CONGENERES A SUBSTITUIR PRODUTO ADQUIRIDO POR CONSUMIDOR FORA DA VALIDADE E DA OUTRAS PROVIDENCIAS.",PLO 194/2014,https://publico.recife.pe.leg.br/consultas/materia/materia_mostrar_proc?cod_materia=47041,Almir Fernando,Em vigor,Lei Ordinária 18196/2015
"Lei Ordinária nº 18195, de 16/12/2015",https://publico.recife.pe.leg.br/consultas/norma_juridica/norma_juridica_mostrar_proc?cod_norma=1517,"DISPÕE SOBRE A INSTITUIÇÃO DA OBRIGATORIEDADE DA EXPOSIÇÃO DOS CARDÁPIOS DOS RESTAURANTES E LANCHONETES, COM OS RESPECTIVOS PREÇOS, AO LADO DE FORA DOS MESMOS NO MUNICÍPIO DO RECIFE.",PLO 139/2013,https://publico.recife.pe.leg.br/consultas/materia/materia_mostrar_proc?cod_materia=34061,Wanderson Florêncio,Em vigor,Lei Ordinária 18195/2015
"Lei Ordinária nº 18194, de 16/12/2015",https://publico.recife.pe.leg.br/consultas/norma_juridica/norma_juridica_mostrar_proc?cod_norma=1516,"DISPÕE SOBRE A PROIBIÇÃO DE ESTABELECIMENTOS COMERCIAIS, INDUSTRIAIS E PRESTADORES DE SERVIÇOS DE DESCARTAREM ÓLEOS OU GORDURAS EM GERAL NO MEIO AMBIENTE.",PLO 110/2014,https://publico.recife.pe.leg.br/consultas/materia/materia_mostrar_proc?cod_materia=44335,Almir Fernando,Em vigor,Lei Ordinária 18194/2015
"Lei Ordinária nº 18193, de 16/12/2015",https://publico.recife.pe.leg.br/consultas/norma_juridica/norma_juridica_mostrar_proc?cod_norma=1515,"ALTERA A LEI MUNICIPAL Nº 16.695, DE 05 DE OUTUBRO DE 2001, MODIFICADA PELA LEI MUNICIPAL Nº 	17.907, DE 27 DE SETEMBRO DE 2013.  ""REGIME DE URGÊNCIA""",PLE 35/2015,https://publico.recife.pe.leg.br/consultas/materia/materia_mostrar_proc?cod_materia=56587,Prefeito do Recife,Em vigor,Lei Ordinária 18193/2015
"Lei Ordinária nº 18192, de 14/12/2015",https://publico.recife.pe.leg.br/consultas/norma_juridica/norma_juridica_mostrar_proc?cod_norma=1514,"OBRIGA OS USUÁRIOS DAS MOTOS CONHECIDAS COMO ""CINQUENTINHAS"" - COM MOTORIZAÇÃO DE ATÉ 50 CILINDRADAS - A TEREM REGISTRO DE LICENCIAMENTO DE CICLOMOTORES.",PLO 56/2013,https://publico.recife.pe.leg.br/consultas/materia/materia_mostrar_proc?cod_materia=31688,Eurico Freire,Em vigor,Lei Ordinária 18192/2015
"Lei Ordinária nº 18191, de 14/12/2015",https://publico.recife.pe.leg.br/consultas/norma_juridica/norma_juridica_mostrar_proc?cod_norma=1513,"INSTITUI O DIA EM HOMENAGEM A ACESSIBILIDADE CULTURAL NO MUNICÍPIO DO RECIFE, E DÁ OUTRAS PROVIDÊNCIAS.",PLO 107/2015,https://publico.recife.pe.leg.br/consultas/materia/materia_mostrar_proc?cod_materia=53218,Wanderson Florêncio,Em vigor,Lei Ordinária 18191/2015
"Lei Ordinária nº 18190, de 14/12/2015",https://publico.recife.pe.leg.br/consultas/norma_juridica/norma_juridica_mostrar_proc?cod_norma=1512,TORNA OBRIGATÓRIA A IMPRESSÃO DO CALENDÁRIO OFICIAL DE VACINAÇÃO NAS CONTRACAPAS DOS CADERNOS DISTRIBUÍDOS GRATUITAMENTE AOS ALUNOS DAS ESCOLAS DA REDE MUNICIPAL DE ENSINO DO RECIFE.,PLO 269/2013,https://publico.recife.pe.leg.br/consultas/materia/materia_mostrar_proc?cod_materia=37068,Estefano Menudo,Em vigor,Lei Ordinária 18190/2015
"Lei Ordinária nº 18189, de 14/12/2015",https://publico.recife.pe.leg.br/consultas/norma_juridica/norma_juridica_mostrar_proc?cod_norma=1511,"DISPÕE SOBRE O PROGRAMA DE MELHORIA HABITACIONAL, QUE TRATA DA REALIZAÇÃO DE MELHORIAS DE UNIDADES HABITACIONAIS, PARA PROMOÇÃO DA DIGNIDADE DA PESSOA HUMANA E DA FUNÇÃO SOCIAL DA CIDADE, DAQUELES QUE TÊM PERFIL SOCIOECONÔMICO PARA HABITAÇÃO DE INTERESSE SOCIAL, LOCALIZADAS NO MUNICÍPIO DE RECIFE.  ""REGIME DE URGÊNCIA""",PLE 49/2015,https://publico.recife.pe.leg.br/consultas/materia/materia_mostrar_proc?cod_materia=56601,Prefeito do Recife,Em vigor,Lei Ordinária 18189/2015
"Lei Ordinária nº 18188, de 11/12/2015",https://publico.recife.pe.leg.br/consultas/norma_juridica/norma_juridica_mostrar_proc?cod_norma=1510,"DISPÕE SOBRE A REVISÃO DO PLANO PLURIANUAL 2014 – 2017, DO MUNICÍPIO DO RECIFE, PARA O EXERCÍCIO DE 2016.",PLE 22/2015,https://publico.recife.pe.leg.br/consultas/materia/materia_mostrar_proc?cod_materia=55663,Prefeito do Recife,Em vigor,Lei Ordinária 18188/2015
"Lei Ordinária nº 18187, de 11/12/2015",https://publico.recife.pe.leg.br/consultas/norma_juridica/norma_juridica_mostrar_proc?cod_norma=1509,ESTIMA A RECEITA E FIXA A DESPESA DO MUNICÍPIO DO RECIFE PARA O EXERCÍCIO DE 2016.,PLE 21/2015,https://publico.recife.pe.leg.br/consultas/materia/materia_mostrar_proc?cod_materia=55662,Prefeito do Recife,Em vigor,Lei Ordinária 18187/2015
"Lei Ordinária nº 18186, de 07/12/2015",https://publico.recife.pe.leg.br/consultas/norma_juridica/norma_juridica_mostrar_proc?cod_norma=1508,DISPÕE SOBRE A IMPLANTAÇÃO OBRIGATÓRIA DE SEMÁFOROS FUNCIONANDO À BASE DE ENERGIA SOLAR NA CIDADE DO RECIFE.,PLO 27/2015,https://publico.recife.pe.leg.br/consultas/materia/materia_mostrar_proc?cod_materia=50503,Alfredo Santana,Em vigor,Lei Ordinária 18186/2015
"Lei Ordinária nº 18185, de 07/12/2015",https://publico.recife.pe.leg.br/consultas/norma_juridica/norma_juridica_mostrar_proc?cod_norma=1507,"OBRIGA OS HOSPITAIS, PRONTO-SOCORROS, CLÍNICAS MÉDICAS, CENTROS MÉDICOS E DE DIAGNÓSTICOS, LOCALIZADOS NA CIDADE DO RECIFE A COLOCAR “BANNERS” OU CARTAZES DIVULGANDO A POPULAÇÃO O NÚMERO DE TELEFONE, “SITE”, “E-MAIL” E ENDEREÇO DE CENTROS DE REMOÇÃO DE ÓRGÃOS, TECIDOS E PARTES DO CORPO HUMANO PARA FINS DE TRANSPLANTES E TRATAMENTO, E DÁ OUTRAS PROVIDÊNCIAS.",PLO 61/2013,https://publico.recife.pe.leg.br/consultas/materia/materia_mostrar_proc?cod_materia=31904,Aderaldo Pinto,Em vigor,Lei Ordinária 18185/2015
"Lei Ordinária nº 18184, de 07/12/2015",https://publico.recife.pe.leg.br/consultas/norma_juridica/norma_juridica_mostrar_proc?cod_norma=1506,INSTITUI O DIA MUNICIPAL DA EDUCAÇÃO NO ÂMBITO DO MUNICÍPIO DO RECIFE E DÁ OUTRAS PROVIDÊNCIAS.,PLO 6/2015,https://publico.recife.pe.leg.br/consultas/materia/materia_mostrar_proc?cod_materia=49712,Isabella de Roldão,Em vigor,Lei Ordinária 18184/2015
"Lei Ordinária nº 18183, de 07/12/2015",https://publico.recife.pe.leg.br/consultas/norma_juridica/norma_juridica_mostrar_proc?cod_norma=1505,"DENOMINAR-SE-Á UPINHA GOVERNADOR EDUARDO CAMPOS, A UPINHA LOCALIZADA NA RUA JACOB, 160, MANGABEIRA, RECIFE - PE.",PLE 17/2015,https://publico.recife.pe.leg.br/consultas/materia/materia_mostrar_proc?cod_materia=54380,Prefeito do Recife,Em vigor,Lei Ordinária 18183/2015
"Lei Ordinária nº 18182, de 07/12/2015",https://publico.recife.pe.leg.br/consultas/norma_juridica/norma_juridica_mostrar_proc?cod_norma=1504,"DISPÕE SOBRE A OBRIGATORIEDADE DE FARMÁCIAS E DROGARIAS MANTEREM A DISPOSIÇÃO DO PÚBLICO, PARA CONSULTA, LISTA DE MEDICAMENTOS GENÉRICOS EM CARACTERES BRAILLE, NO ÂMBITO DO MUNICÍPIO DO RECIFE.",PLO 246/2013,https://publico.recife.pe.leg.br/consultas/materia/materia_mostrar_proc?cod_materia=36536,Romerinho Jatobá,Em vigor,Lei Ordinária 18182/2015
"Lei Ordinária nº 18181, de 30/11/2015",https://publico.recife.pe.leg.br/consultas/norma_juridica/norma_juridica_mostrar_proc?cod_norma=1503,"INSTITUI O PROGRAMA DE PARCELAMENTO INCENTIVADO (PPI) – EM DIA COM A CIDADE, NO MUNICÍPIO DO RECIFE, E ALTERA DISPOSITIVOS DA LEI N.º 15.563, DE 27 DE DEZEMBRO DE 1991.  
""REGIME DE URGÊNCIA""",PLE 28/2015,https://publico.recife.pe.leg.br/consultas/materia/materia_mostrar_proc?cod_materia=56580,Prefeito do Recife,Em vigor,Lei Ordinária 18181/2015
"Lei Ordinária nº 18180, de 25/11/2015",https://publico.recife.pe.leg.br/consultas/norma_juridica/norma_juridica_mostrar_proc?cod_norma=1502,"AUTORIZA A INSTITUIÇÃO DE FUNDO DE RESERVA DOS DEPÓSITOS JUDICIAIS E ADMINISTRATIVOS DESTINADO A GARANTIR A RESTITUIÇÃO DA PARCELA TRANSFERIDA À CONTA ÚNICA DO TESOURO, NOS TERMOS DO DISPOSTO NA LEI COMPLEMENTAR N.º 151, DE 5 DE AGOSTO DE 2015. ""REGIME DE URGÊNCIA""",PLE 26/2015,https://publico.recife.pe.leg.br/consultas/materia/materia_mostrar_proc?cod_materia=56117,Prefeito do Recife,Em vigor,Lei Ordinária 18180/2015
"Lei Ordinária nº 18179, de 12/11/2015",https://publico.recife.pe.leg.br/consultas/norma_juridica/norma_juridica_mostrar_proc?cod_norma=1501,"DISPÕE SOBRE A OBRIGAÇÃO DE EXPOSIÇÃO, AOS CONSUMIDORES, DAS INSTALAÇÕES DAS COZINHAS DOS RESTAURANTES, HOTÉIS, MOTÉIS, BARES, LANCHONETES E SIMILARES SITUADOS NO ÂMBITO DO MUNICÍPIO E DÁ OUTRAS PROVIDÊNCIAS.",PLO 201/2015,https://publico.recife.pe.leg.br/consultas/materia/materia_mostrar_proc?cod_materia=55565,Carlos Gueiros,Em vigor,Lei Ordinária 18179/2015
"Lei Ordinária nº 18178, de 28/10/2015",https://publico.recife.pe.leg.br/consultas/norma_juridica/norma_juridica_mostrar_proc?cod_norma=1500,INSTITUI O DIA 23 (VINTE E TRÊS) DE FEVEREIRO COMO O DIA MUNICIPAL DO DEFICIENTE AUDITIVO NO ÂMBITO DO MUNICÍPIO DO RECIFE.,PLO 60/2015,https://publico.recife.pe.leg.br/consultas/materia/materia_mostrar_proc?cod_materia=51617,Isabella de Roldão,Em vigor,Lei Ordinária 18178/2015
"Lei Ordinária nº 18177, de 29/09/2015",https://publico.recife.pe.leg.br/consultas/norma_juridica/norma_juridica_mostrar_proc?cod_norma=1499,EMENTA: ALTERA A REDAÇÃO DO ARTIGO 3º DA LEI Nº 18.152/15.,PLO 181/2015,https://publico.recife.pe.leg.br/consultas/materia/materia_mostrar_proc?cod_materia=55587,Comissão Executiva,Em vigor,Lei Ordinária 18177/2015
"Lei Ordinária nº 18175, de 28/10/2015",https://publico.recife.pe.leg.br/consultas/norma_juridica/norma_juridica_mostrar_proc?cod_norma=1498,"INSTITUI O PROGRAMA DE RECUPERAÇÃO FISCAL PARA O SETOR DE REGISTROS PÚBLICOS, CARTORÁRIOS E NOTARIAIS NO MUNICÍPIO DO RECIFE, E INTRODUZ ALTERAÇÕES NAS LEIS N.º 15.563, DE 27 DE DEZEMBRO DE 1991, E N.º 17.399, DE 28 DE DEZEMBRO DE 2007. ""REGIME DE URGÊNCIA""",PLE 19/2015,https://publico.recife.pe.leg.br/consultas/materia/materia_mostrar_proc?cod_materia=54821,Prefeito do Recife,Em vigor,Lei Ordinária 18175/2015
"Lei Ordinária nº 18174, de 16/09/2015",https://publico.recife.pe.leg.br/consultas/norma_juridica/norma_juridica_mostrar_proc?cod_norma=1497,DENOMINA A AVENIDA SANTA CRUZ FUTEBOL CLUBE A AVENIDA BEBERIBE.,PLO 415/2013,https://publico.recife.pe.leg.br/consultas/materia/materia_mostrar_proc?cod_materia=40261,Romerinho Jatobá,Em vigor,Lei Ordinária 18174/2015
"Lei Ordinária nº 18173, de 21/10/2015",https://publico.recife.pe.leg.br/consultas/norma_juridica/norma_juridica_mostrar_proc?cod_norma=1496,INSTITUI O FUNDO MUNICIPAL DOS DIREITOS DA PESSOA IDOSA.,PLE 14/2015,https://publico.recife.pe.leg.br/consultas/materia/materia_mostrar_proc?cod_materia=53522,Prefeito do Recife,Em vigor,Lei Ordinária 18173/2015
"Lei Ordinária nº 18172, de 19/10/2015",https://publico.recife.pe.leg.br/consultas/norma_juridica/norma_juridica_mostrar_proc?cod_norma=1495,"ESTABELECE A PROIBIÇÃO DO USO DE FOGOS DE ARTIFÍCIO E A REALIZAÇÃO DE SHOWS PIROTÉCNICOS DENTRO DE BARES, BOATES, TEATROS, CINEMAS, AUDITÓRIOS, CLUBES E OUTROS RECINTOS FECHADOS DESTINADOS A EVENTOS, NO ÂMBITO DA CIDADE DO RECIFE.",PLO 259/2013,https://publico.recife.pe.leg.br/consultas/materia/materia_mostrar_proc?cod_materia=36687,André Régis,Em vigor,Lei Ordinária 18172/2015
"Lei Ordinária nº 18170, de 13/10/2015",https://publico.recife.pe.leg.br/consultas/norma_juridica/norma_juridica_mostrar_proc?cod_norma=1494,"DISPÕE SOBRE A FIXAÇÃO DE CARTAZ NAS DROGARIAS, FARMÁCIAS DE MANIPULAÇÃO E ESTABELECIMENTOS SIMILARES DO MUNICÍPIO DO RECIFE, SOBRE OS RISCOS DO USO INDISCRIMINADO DE ANFETAMINAS E DÁ OUTRAS PROVIDÊNCIAS.",PLO 187/2014,https://publico.recife.pe.leg.br/consultas/materia/materia_mostrar_proc?cod_materia=46728,Michele Collins,Em vigor,Lei Ordinária 18170/2015
"Lei Ordinária nº 18169, de 13/10/2015",https://publico.recife.pe.leg.br/consultas/norma_juridica/norma_juridica_mostrar_proc?cod_norma=1493,"TORNA OBRIGATÓRIA, EM ESTABELECIMENTOS DENOMINADOS “PET’ SHOP” E/OU CLÍNICAS VETERINÁRIAS, A AFIXAÇÃO DE CARTAZ CONTENDO O NOME, CREDENCIAMENTO, TELEFONE DO PROFISSIONAL VETERINÁRIO E DO(A) PROPRIETÁRIO(A) DO ESTABELECIMENTO.",PLO 7/2014,https://publico.recife.pe.leg.br/consultas/materia/materia_mostrar_proc?cod_materia=40724,Estefano Menudo,Em vigor,Lei Ordinária 18169/2015
"Lei Ordinária nº 18168, de 09/10/2015",https://publico.recife.pe.leg.br/consultas/norma_juridica/norma_juridica_mostrar_proc?cod_norma=1492,"ALTERA DISPOSITIVOS DA LEI N.º 17.244, DE 27 DE JULHO DE 2006, MODIFICADA PELA LEI Nº 17.762, DE 28 DE DEZEMBRO DE 2011. ""REGIME DE URGÊNCIA""",PLE 20/2015,https://publico.recife.pe.leg.br/consultas/materia/materia_mostrar_proc?cod_materia=55054,Prefeito do Recife,Em vigor,Lei Ordinária 18168/2015
"Lei Ordinária nº 18167, de 07/10/2015",https://publico.recife.pe.leg.br/consultas/norma_juridica/norma_juridica_mostrar_proc?cod_norma=1491,"INSTITUI O DIA 9 (NOVE) DE MAIO COMO DIA MUNICIPAL DE BIKE AO TRABALHO, NO ÂMBITO DO MUNICÍPIO DO RECIFE E DÁ OUTRAS PROVIDÊNCIAS.",PLO 113/2014,https://publico.recife.pe.leg.br/consultas/materia/materia_mostrar_proc?cod_materia=44490,Isabella de Roldão,Em vigor,Lei Ordinária 18167/2015
"Lei Ordinária nº 18165, de 28/09/2015",https://publico.recife.pe.leg.br/consultas/norma_juridica/norma_juridica_mostrar_proc?cod_norma=1490,"DISPÕE SOBRE A OBRIGATORIEDADE DE COMUNICAR AOS ÓRGÃOS DE PROTEÇÃO DA CRIANÇA E DO ADOLESCENTE OS CASOS DE USO E ABUSO DE ÁLCOOL E OUTRAS DROGAS, E DÁ OUTRAS PROVIDÊNCIAS.",PLO 378/2013,https://publico.recife.pe.leg.br/consultas/materia/materia_mostrar_proc?cod_materia=39353,Michele Collins,Em vigor,Lei Ordinária 18165/2015
"Lei Ordinária nº 18163, de 28/09/2015",https://publico.recife.pe.leg.br/consultas/norma_juridica/norma_juridica_mostrar_proc?cod_norma=1489,DISPÕE SOBRE ALIMENTAÇÃO DIFERENCIADA A HIPERTENSOS NA MERENDA ESCOLAR NAS INSTITUIÇÕES DA REDE MUNICIPAL DE ENSINO.,PLO 238/2013,https://publico.recife.pe.leg.br/consultas/materia/materia_mostrar_proc?cod_materia=36159,Estefano Menudo,Em vigor,Lei Ordinária 18163/2015
"Lei Ordinária nº 18162, de 25/09/2015",https://publico.recife.pe.leg.br/consultas/norma_juridica/norma_juridica_mostrar_proc?cod_norma=1488,"INSTITUI A SEMANA DO ALUNO SAUDÁVEL NAS ESCOLAS E CRECHES PÚBLICAS DA REDE MUNICIPAL DE ENSINO DA CIDADE DO RECIFE, E DÁ OUTRAS PROVIDÊNCIAS.",PLO 230/2013,https://publico.recife.pe.leg.br/consultas/materia/materia_mostrar_proc?cod_materia=36088,André Régis,Em vigor,Lei Ordinária 18162/2015
"Lei Ordinária nº 18161, de 25/09/2015",https://publico.recife.pe.leg.br/consultas/norma_juridica/norma_juridica_mostrar_proc?cod_norma=1487,INSTITUI O DIA DO COMBATE À HANSENÍASE NAS ESCOLAS E CRECHES DA REDE MUNICIPAL DE ENSINO DA CIDADE DO RECIFE E DÁ OUTRAS PROVIDÊNCIAS.,PLO 151/2014,https://publico.recife.pe.leg.br/consultas/materia/materia_mostrar_proc?cod_materia=45769,André Régis,Em vigor,Lei Ordinária 18161/2015
"Lei Ordinária nº 18160, de 25/09/2015",https://publico.recife.pe.leg.br/consultas/norma_juridica/norma_juridica_mostrar_proc?cod_norma=1486,"DISPÕE SOBRE A OBRIGATORIEDADE DE INFORMAÇÕES DE CÓDIGOS BANCÁRIOS, EM LOCAL VISÍVEL AO PÚBLICO, NOS REFERIDOS ESTABELECIMENTOS.",PLO 144/2013,https://publico.recife.pe.leg.br/consultas/materia/materia_mostrar_proc?cod_materia=34138,Estefano Menudo,Em vigor,Lei Ordinária 18160/2015
"Lei Ordinária nº 18159, de 16/09/2015",https://publico.recife.pe.leg.br/consultas/norma_juridica/norma_juridica_mostrar_proc?cod_norma=1485,"DENOMINAR-SE-Á MAURÍCIO PEDROSA, A ESCOLA A SER CONSTRUÍDA NA RUA DEPUTADO JOSÉ FRANCISCO DE MELO CAVALCANTI, NO BAIRRO DE CAXANGÁ.",PLO 164/2014,https://publico.recife.pe.leg.br/consultas/materia/materia_mostrar_proc?cod_materia=46094,Davi Muniz,Em vigor,Lei Ordinária 18159/2015
"Lei Ordinária nº 18158, de 16/09/2015",https://publico.recife.pe.leg.br/consultas/norma_juridica/norma_juridica_mostrar_proc?cod_norma=1484,"INSTITUI QUE A PRAÇA DO LARGO DOS COELHOS NO BAIRRO DOS COELHOS, NA CIDADE DO RECIFE, PASSE A SER CHAMADA DE ""PRAÇA REGINALDO ROSSI"".",PLO 17/2015,https://publico.recife.pe.leg.br/consultas/materia/materia_mostrar_proc?cod_materia=50138,Marco Aurélio Medeiros,Em vigor,Lei Ordinária 18158/2015
"Lei Ordinária nº 18157, de 16/09/2015",https://publico.recife.pe.leg.br/consultas/norma_juridica/norma_juridica_mostrar_proc?cod_norma=1483,ALTERA NOME DE VIA PÚBLICA NO BAIRRO DA NOVA DESCOBERTA.,PLO 198/2014,https://publico.recife.pe.leg.br/consultas/materia/materia_mostrar_proc?cod_materia=47142,Vicente André Gomes,Em vigor,Lei Ordinária 18157/2015
"Lei Ordinária nº 18156, de 16/09/2015",https://publico.recife.pe.leg.br/consultas/norma_juridica/norma_juridica_mostrar_proc?cod_norma=1482,"INSTITUI A GARANTIA E O DIREITO ÀS MÃES DE AMAMENTAREM SEUS BEBÊS EM ESPAÇOS PÚBLICOS OU PRIVADOS DE ACESSO AO PÚBLICO NO MUNICÍPIO DO RECIFE, E DÁ OUTRAS PROVIDÊNCIAS.",PLO 151/2013,https://publico.recife.pe.leg.br/consultas/materia/materia_mostrar_proc?cod_materia=34197,Wanderson Florêncio,Em vigor,Lei Ordinária 18156/2015
"Lei Ordinária nº 18155, de 16/09/2015",https://publico.recife.pe.leg.br/consultas/norma_juridica/norma_juridica_mostrar_proc?cod_norma=1481,DENOMINA “ESTRADA DA PONTE PRETA” O LOGRADOURO PÚBLICO QUE DÁ ACESSO À ESTAÇÃO DE TRATAMENTO DE ESGOTO LOCALIZADA NAS PROXIMIDADES DO TIP.,PLO 220/2014,https://publico.recife.pe.leg.br/consultas/materia/materia_mostrar_proc?cod_materia=47968,Augusto Carreras,Em vigor,Lei Ordinária 18155/2015
"Lei Ordinária nº 18154, de 13/07/2015",https://publico.recife.pe.leg.br/consultas/norma_juridica/norma_juridica_mostrar_proc?cod_norma=1480,"ALTERA A REDAÇÃO DO ARTIGO1º, INCISO III E ARTIGO 5°, § 3º, DA LEI MUNICIPAL N° 16.934, DE 29 DE DEZEMBRO DE 2003, QUE DISPÕE SOBRE AS CONSIGNAÇÕES NA FOLHA DE PAGAMENTO.",PLE 13/2015,https://publico.recife.pe.leg.br/consultas/materia/materia_mostrar_proc?cod_materia=53235,Prefeito do Recife,Em vigor,Lei Ordinária 18154/2015
"Lei Ordinária nº 18153, de 28/05/2015",https://publico.recife.pe.leg.br/consultas/norma_juridica/norma_juridica_mostrar_proc?cod_norma=1479,"INSTITUI O DIA MUNICIPAL DO ARTESÃO NO ÂMBITO DO MUNICÍPIO DO RECIFE E DÁ OUTRAS PROVIDÊNCIAS.  ""REGIME DE URGÊNCIA""",PLO 29/2015,https://publico.recife.pe.leg.br/consultas/materia/materia_mostrar_proc?cod_materia=50660,Isabella de Roldão,Em vigor,Lei Ordinária 18153/2015
"Lei Ordinária nº 18152, de 02/07/2015",https://publico.recife.pe.leg.br/consultas/norma_juridica/norma_juridica_mostrar_proc?cod_norma=1478,DISPÕE SOBRE O REAJUSTE DA REMUNERAÇÃO DOS SERVIDORES DO PODER LEGISLATIVO MUNICIPAL.,PLO 92/2015,https://publico.recife.pe.leg.br/consultas/materia/materia_mostrar_proc?cod_materia=52925,Comissão Executiva,Em vigor,Lei Ordinária 18152/2015
"Lei Ordinária nº 18151, de 03/07/2015",https://publico.recife.pe.leg.br/consultas/norma_juridica/norma_juridica_mostrar_proc?cod_norma=1477,DISPÕE SOBRE A AUTORIZAÇÃO DE ABERTURA DE CRÉDITO ESPECIAL AO ORÇAMENTO DE 2015.,PLE 11/2015,https://publico.recife.pe.leg.br/consultas/materia/materia_mostrar_proc?cod_materia=53233,Prefeito do Recife,Em vigor,Lei Ordinária 18151/2015
"Lei Ordinária nº 18150, de 03/07/2015",https://publico.recife.pe.leg.br/consultas/norma_juridica/norma_juridica_mostrar_proc?cod_norma=1476,AUTORIZA A ABERTURA DE CRÉDITO ESPECIAL AO ORÇAMENTO DE 2015.,PLE 12/2015,https://publico.recife.pe.leg.br/consultas/materia/materia_mostrar_proc?cod_materia=53234,Prefeito do Recife,Em vigor,Lei Ordinária 18150/2015
"Lei Ordinária nº 18149, de 29/06/2015",https://publico.recife.pe.leg.br/consultas/norma_juridica/norma_juridica_mostrar_proc?cod_norma=1475,DISPÕE SOBRE INCLUIR NO CALENDÁRIO MUNICIPAL DE EVENTOS O ÚLTIMO DOMINGO DO MÊS DE SETEMBRO A PARADA DA DIVERSIDADE DE DOIS UNIDOS.,PLO 196/2013,https://publico.recife.pe.leg.br/consultas/materia/materia_mostrar_proc?cod_materia=35024,Osmar Ricardo,Em vigor,Lei Ordinária 18149/2015
"Lei Ordinária nº 18148, de 26/06/2015",https://publico.recife.pe.leg.br/consultas/norma_juridica/norma_juridica_mostrar_proc?cod_norma=1474,DISPÕE SOBRE AS DIRETRIZES PARA A ELABORAÇÃO DA LEI ORÇAMENTÁRIA DE 2016.,PLE 9/2015,https://publico.recife.pe.leg.br/consultas/materia/materia_mostrar_proc?cod_materia=51852,Prefeito do Recife,Em vigor,Lei Ordinária 18148/2015
"Lei Ordinária nº 18147, de 22/06/2015",https://publico.recife.pe.leg.br/consultas/norma_juridica/norma_juridica_mostrar_proc?cod_norma=1473,DENOMINAR-SE-Á HOSPITAL DA MULHER “GOVERNADOR EDUARDO CAMPOS”.,PLO 10/2015,https://publico.recife.pe.leg.br/consultas/materia/materia_mostrar_proc?cod_materia=50022,Gilberto Alves,Em vigor,Lei Ordinária 18147/2015
"Lei Ordinária nº 18146, de 17/06/2015",https://publico.recife.pe.leg.br/consultas/norma_juridica/norma_juridica_mostrar_proc?cod_norma=1472,"DENOMINAR-SE-À ESCOLA MUNICIPAL VEREADOR SEVERINO GOMES (BRIA), A ESCOLA  MUNICIPAL DE SANTO AMARO, NO BAIRRO DE SANTO AMARO.",PLO 414/2013,https://publico.recife.pe.leg.br/consultas/materia/materia_mostrar_proc?cod_materia=40259,Marcos di Bria,Em vigor,Lei Ordinária 18146/2015
"Lei Ordinária nº 18145, de 17/06/2015",https://publico.recife.pe.leg.br/consultas/norma_juridica/norma_juridica_mostrar_proc?cod_norma=1471,DISPÕE SOBRE A OBRIGATORIEDADE DE ORGANIZADORAS DE CONCURSOS MUNICIPAIS FORNECEREM COMPROVANTE DE COMPARECIMENTO NAS PROVAS DO CONCURSO.,PLO 390/2013,https://publico.recife.pe.leg.br/consultas/materia/materia_mostrar_proc?cod_materia=39551,Michele Collins,Em vigor,Lei Ordinária 18145/2015
"Lei Ordinária nº 18144, de 29/05/2015",https://publico.recife.pe.leg.br/consultas/norma_juridica/norma_juridica_mostrar_proc?cod_norma=1470,"DISPÕE SOBRE A INSTALAÇÃO DE, AO MENOS UM CAIXA DE ATENDIMENTO ADAPTADO ÀS PESSOAS COM DEFICIÊNCIA MOTORA, CADEIRANTES, NOS ESTABELECIMENTOS BANCÁRIOS E DÁ OUTRAS PROVIDÊNCIAS.",PLO 240/2013,https://publico.recife.pe.leg.br/consultas/materia/materia_mostrar_proc?cod_materia=36356,Wanderson Florêncio,Em vigor,Lei Ordinária 18144/2015
"Lei Ordinária nº 18143, de 29/05/2015",https://publico.recife.pe.leg.br/consultas/norma_juridica/norma_juridica_mostrar_proc?cod_norma=1469,"DISPÕE SOBRE A PROIBIÇÃO, MANUTENÇÃO OU EXPOSIÇÃO DE ANIMAIS SOLTOS OU PRESOS EM PRAÇAS E PARQUES DE MANEIRA INADEQUADA NO MUNICÍPIO DO RECIFE, E DÁ OUTRAS PROVIDÊNCIAS.",PLO 155/2013,https://publico.recife.pe.leg.br/consultas/materia/materia_mostrar_proc?cod_materia=34150,Wanderson Florêncio,Em vigor,Lei Ordinária 18143/2015
"Lei Ordinária nº 18142, de 29/05/2015",https://publico.recife.pe.leg.br/consultas/norma_juridica/norma_juridica_mostrar_proc?cod_norma=1468,"INCLUI NO CALENDÁRIO MUNICIPAL DO RECIFE, O DIA 02 DE JUNHO COMO O ""DIA MUNICIPAL DOS ITALIANOS"".",PLO 108/2014,https://publico.recife.pe.leg.br/consultas/materia/materia_mostrar_proc?cod_materia=44332,Almir Fernando,Em vigor,Lei Ordinária 18142/2015
"Lei Ordinária nº 18141, de 29/05/2015",https://publico.recife.pe.leg.br/consultas/norma_juridica/norma_juridica_mostrar_proc?cod_norma=1467,DISPÕE SOBRE A OBRIGATORIEDADE DE INSTALAÇÃO DE PROVADORES DE ROUPAS ADAPTADOS À POPULAÇÃO COM NECESSIDADES ESPECIAIS  E\OU  MOBILIDADE REDUZIDA NOS LOCAIS QUE ESPECIFICA E DÁ OUTRAS PROVIDÊNCIAS.,PLO 138/2013,https://publico.recife.pe.leg.br/consultas/materia/materia_mostrar_proc?cod_materia=34062,Wanderson Florêncio,Em vigor,Lei Ordinária 18141/2015
"Lei Ordinária nº 18140, de 29/05/2015",https://publico.recife.pe.leg.br/consultas/norma_juridica/norma_juridica_mostrar_proc?cod_norma=1466,"DISPÕE SOBRE A OBRIGATORIEDADE DA DESTINAÇÃO PREFERENCIAL OS APARTAMENTOS LOCALIZADOS NOS ANDARES TÉRREOS DOS EDIFÍCIOS (CONJUNTOS) CONSTRUÍDOS PELO PODER PÚBLICO MUNICIPAL, NOS PROGRAMAS DE HABITAÇÃO POPULAR, PARA PESSOAS IDOSAS E COM NECESSIDADE ESPECIAL, E DÁ OUTRAS PROVIDÊNCIAS.",PLO 148/2013,https://publico.recife.pe.leg.br/consultas/materia/materia_mostrar_proc?cod_materia=34198,Wanderson Florêncio,Em vigor,Lei Ordinária 18140/2015
"Lei Ordinária nº 18139, de 13/05/2015",https://publico.recife.pe.leg.br/consultas/norma_juridica/norma_juridica_mostrar_proc?cod_norma=1465,"DISPÕE SOBRE A OBRIGATORIEDADE DA COLOCAÇÃO DE ANÚNCIO, NOS TEATROS E CINEMAS EM FUNCIONAMENTO NO MUNICÍPIO DO RECIFE, REFERENTE AO COMBATE E PREVENÇÃO CONTRA O USO DE DROGAS, E DÁ OUTRAS PROVIDÊNCIAS.",PLO 20/2014,https://publico.recife.pe.leg.br/consultas/materia/materia_mostrar_proc?cod_materia=40973,Michele Collins,Em vigor,Lei Ordinária 18139/2015
"Lei Ordinária nº 18138, de 04/05/2015",https://publico.recife.pe.leg.br/consultas/norma_juridica/norma_juridica_mostrar_proc?cod_norma=1464,"INSTITUI E REGULAMENTA O PLANO ESPECÍFICO PARA O CAIS DE SANTA RITA, CAIS JOSÉ ESTELITA E CABANGA E DÁ OUTRAS PROVIDÊNCIAS.",PLE 8/2015,https://publico.recife.pe.leg.br/consultas/materia/materia_mostrar_proc?cod_materia=50605,Prefeito do Recife,Em vigor,Lei Ordinária 18138/2015
"Lei Ordinária nº 18137, de 20/04/2015",https://publico.recife.pe.leg.br/consultas/norma_juridica/norma_juridica_mostrar_proc?cod_norma=1463,INCLUI NO CALENDÁRIO OFICIAL DA PREFEITURA DO RECIFE A SEMANA MUNICIPAL DE CONSCIENTIZAÇÃO DA SAÚDE BUCAL OBRIGANDO AS ESCOLAS MUNICIPAIS E POSTOS DE SAÚDE A CRIAR A CAMPANHA MUNICIPAL DE CONSCIENTIZAÇÃO DA SAÚDE BUCAL E A DISTRIBUIÇÃO DE CARTILHAS E MATERIAL DE HIGIENE BUCAL EM ESCOLAS E POSTOS DE SAÚDE.,PLO 222/2014,https://publico.recife.pe.leg.br/consultas/materia/materia_mostrar_proc?cod_materia=47996,Almir Fernando,Em vigor,Lei Ordinária 18137/2015
"Lei Ordinária nº 18136, de 20/04/2015",https://publico.recife.pe.leg.br/consultas/norma_juridica/norma_juridica_mostrar_proc?cod_norma=1462,"INCLUI NO CALENDÁRIO OFICIAL DE EVENTOS DO MUNICÍPIO DO RECIFE, O DIA MUNICIPAL DO DOADOR DE SANGUE.",PLO 412/2013,https://publico.recife.pe.leg.br/consultas/materia/materia_mostrar_proc?cod_materia=40116,Almir Fernando,Em vigor,Lei Ordinária 18136/2015
"Lei Ordinária nº 18135, de 20/04/2015",https://publico.recife.pe.leg.br/consultas/norma_juridica/norma_juridica_mostrar_proc?cod_norma=1461,"TORNA OBRIGATÓRIA A EMBALAGEM INDIVIDUALIZADA, EM CONJUNTO OU UNITÁRIAS, COM MATERIAL APROPRIADO, DOS TALHERES A SEREM UTILIZADOS POR CLIENTES, NOS RESTAURANTES E LANCHONETES DA CIDADE DO RECIFE.",PLO 382/2013,https://publico.recife.pe.leg.br/consultas/materia/materia_mostrar_proc?cod_materia=39474,Antonio Luiz Neto,Em vigor,Lei Ordinária 18135/2015
"Lei Ordinária nº 18134, de 07/03/2015",https://publico.recife.pe.leg.br/consultas/norma_juridica/norma_juridica_mostrar_proc?cod_norma=1460,DISPÕE SOBRE O ARMAZENAMENTO COMÉRCIO VAREJISTA E TRANSPORTE EM VIAS PÚBLICAS DE GÁS LP (GÁS LIQUEFEITO DE PETRÓLEO) E DÁ OUTRAS PROVIDÊNCIAS.,PLO 32/2009,https://publico.recife.pe.leg.br/consultas/materia/materia_mostrar_proc?cod_materia=15683,Vicente André Gomes,Em vigor,Lei Ordinária 18134/2015
"Lei Ordinária nº 18133, de 15/04/2015",https://publico.recife.pe.leg.br/consultas/norma_juridica/norma_juridica_mostrar_proc?cod_norma=1459,"DISCIPLINA OS SERVIÇOS DE CARGAS E DESCARGAS, NAS VIAS PÚBLICAS DO MUNICÍPIO DO RECIFE.
""REGIME DE URGÊNCIA""",PLE 5/2015,https://publico.recife.pe.leg.br/consultas/materia/materia_mostrar_proc?cod_materia=50601,Prefeito do Recife,Em vigor,Lei Ordinária 18133/2015
"Lei Ordinária nº 18132, de 13/04/2015",https://publico.recife.pe.leg.br/consultas/norma_juridica/norma_juridica_mostrar_proc?cod_norma=1458,"INSTITUI PARCELAS REMUNERATÓRIAS PARA OS CARGOS E SERVIDORES QUE ESPECIFICA E ALTERA DISPOSITIVOS DE LEIS QUE DISPÕEM SOBRE REMUNERAÇÃO DE SERVIDORES PÚBLICOS MUNICIPAIS.
- ""REGIME DE URGÊNCIA"" -",PLE 4/2015,https://publico.recife.pe.leg.br/consultas/materia/materia_mostrar_proc?cod_materia=50486,Prefeito do Recife,Em vigor,Lei Ordinária 18132/2015
"Lei Ordinária nº 18131, de 10/04/2015",https://publico.recife.pe.leg.br/consultas/norma_juridica/norma_juridica_mostrar_proc?cod_norma=1457,DENOMINA DE ARIANO SUASSUNA O PRÓXIMO LOGRADOURO PÚBLICO A SER CONSTRUÍDO NA CIDADE DO RECIFE.,PLO 209/2014,https://publico.recife.pe.leg.br/consultas/materia/materia_mostrar_proc?cod_materia=47683,Almir Fernando,Em vigor,Lei Ordinária 18131/2015
"Lei Ordinária nº 18130, de 10/04/2015",https://publico.recife.pe.leg.br/consultas/norma_juridica/norma_juridica_mostrar_proc?cod_norma=1456,"INCLUI NO CALENDÁRIO OFICIAL DE EVENTOS DO MUNICÍPIO DO RECIFE, A SEMANA MUNICIPAL DA INCLUSÃO DIGITAL.",PLO 208/2014,https://publico.recife.pe.leg.br/consultas/materia/materia_mostrar_proc?cod_materia=47680,Almir Fernando,Em vigor,Lei Ordinária 18130/2015
"Lei Ordinária nº 18129, de 10/04/2015",https://publico.recife.pe.leg.br/consultas/norma_juridica/norma_juridica_mostrar_proc?cod_norma=1455,"DECLARA DE UTILIDADE PÚBLICA, NO ÂMBITO MUNICIPAL, O COMITÊ DA AÇÃO DA CIDADANIA CONTRA A MISÉRIA, A FOME E PELA VIDA - MOVIMENTO PERNAMBUCO SOLIDÁRIO.",PLO 210/2014,https://publico.recife.pe.leg.br/consultas/materia/materia_mostrar_proc?cod_materia=47687,Aerto Luna,Em vigor,Lei Ordinária 18129/2015
"Lei Ordinária nº 18128, de 01/04/2015",https://publico.recife.pe.leg.br/consultas/norma_juridica/norma_juridica_mostrar_proc?cod_norma=1454,"ALTERA AS LEIS N.º 18.087, DE 17 DE DEZEMBRO DE 2014, E N.º 15.563, DE 27 DE DEZEMBRO DE 1991, ACRESCENTANDO DISPOSITIVOS QUE MENCIONAM.",PLE 7/2015,https://publico.recife.pe.leg.br/consultas/materia/materia_mostrar_proc?cod_materia=50602,Prefeito do Recife,Em vigor,Lei Ordinária 18128/2015
"Lei Ordinária nº 18127, de 01/04/2015",https://publico.recife.pe.leg.br/consultas/norma_juridica/norma_juridica_mostrar_proc?cod_norma=1453,"EXTINGUE E TRANSFORMA CARGOS COMISSIONADOS, REESTRUTURANDO O QUADRO DA ADMINISTRAÇÃO DIRETA DO PODER EXECUTIVO MUNICIPAL, E DÁ OUTRAS PROVIDÊNCIAS.  ""REGIME DE URGÊNCIA""",PLE 6/2015,https://publico.recife.pe.leg.br/consultas/materia/materia_mostrar_proc?cod_materia=50603,Prefeito do Recife,Em vigor,Lei Ordinária 18127/2015
"Lei Ordinária nº 18126, de 30/03/2015",https://publico.recife.pe.leg.br/consultas/norma_juridica/norma_juridica_mostrar_proc?cod_norma=1452,"AUTORIZA O MUNICÍPIO DO RECIFE A DOAR COM ENCARGO À ASSOCIAÇÃO BENEFICENTE CRIANÇA CIDADÃ – ABCC, IMÓVEL DE SUA PROPRIEDADE.",PLE 56/2014,https://publico.recife.pe.leg.br/consultas/materia/materia_mostrar_proc?cod_materia=49645,Prefeito do Recife,Em vigor,Lei Ordinária 18126/2015
"Lei Ordinária nº 18125, de 27/03/2015",https://publico.recife.pe.leg.br/consultas/norma_juridica/norma_juridica_mostrar_proc?cod_norma=1451,"INSTITUI O PLANO DE CARGOS, CARREIRAS E VENCIMENTOS DOS MÚSICOS DA ORQUESTRA SINFÔNICA DO RECIFE - OSR E BANDA SINFÔNICA DO RECIFE - BSR. ""REGIME DE URGÊNCIA""",PLE 3/2015,https://publico.recife.pe.leg.br/consultas/materia/materia_mostrar_proc?cod_materia=50053,Prefeito do Recife,Em vigor,Lei Ordinária 18125/2015
"Lei Ordinária nº 18124, de 25/03/2015",https://publico.recife.pe.leg.br/consultas/norma_juridica/norma_juridica_mostrar_proc?cod_norma=1450,"INSTITUI A SEMANA DA MULHER NA CIDADE DO RECIFE, E DÁ OUTRAS PROVIDÊNCIAS.",PLO 52/2014,https://publico.recife.pe.leg.br/consultas/materia/materia_mostrar_proc?cod_materia=42205,Osmar Ricardo,Em vigor,Lei Ordinária 18124/2015
"Lei Ordinária nº 18123, de 20/03/2015",https://publico.recife.pe.leg.br/consultas/norma_juridica/norma_juridica_mostrar_proc?cod_norma=1449,DISPÕE SOBRE PROTEÇÃO E SEGURANÇA DOS CONSUMIDORES NAS AGÊNCIAS BANCÁRIAS DO RECIFE.,PLO 383/2013,https://publico.recife.pe.leg.br/consultas/materia/materia_mostrar_proc?cod_materia=39475,Aline Mariano,Em vigor,Lei Ordinária 18123/2015
"Lei Ordinária nº 18122, de 06/03/2015",https://publico.recife.pe.leg.br/consultas/norma_juridica/norma_juridica_mostrar_proc?cod_norma=1448,"DISPÕE SOBRE A CONTRATAÇÃO POR TEMPO DETERMINADO PARA ATENDER ÀS NECESSIDADES TEMPORÁRIAS DE EXCEPCIONAL INTERESSE PÚBLICO DE QUE TRATA O ART. 63, INCISO IX, DA LEI ORGÂNICA DO MUNICÍPIO DO RECIFE.  ""REGIME DE URGÊNCIA""",PLE 40/2014,https://publico.recife.pe.leg.br/consultas/materia/materia_mostrar_proc?cod_materia=48011,Prefeito do Recife,Em vigor,Lei Ordinária 18122/2015
"Lei Ordinária nº 18121, de 06/03/2015",https://publico.recife.pe.leg.br/consultas/norma_juridica/norma_juridica_mostrar_proc?cod_norma=1447,"AUTORIZA A CRIAÇÃO DE SOCIEDADE DE PROPÓSITO ESPECÍFICO SOB O CONTROLE ACIONÁRIO DO MUNICÍPIO DO RECIFE, E A CESSÃO, A TÍTULO ONEROSO, DE DIREITOS CREDITÓRIOS ORIGINÁRIOS DE CRÉDITOS TRIBUTÁRIOS E NÃO TRIBUTÁRIOS.",PLE 36/2014,https://publico.recife.pe.leg.br/consultas/materia/materia_mostrar_proc?cod_materia=48017,Prefeito do Recife,Em vigor,Lei Ordinária 18121/2015
"Lei Ordinária nº 18120, de 25/02/2015",https://publico.recife.pe.leg.br/consultas/norma_juridica/norma_juridica_mostrar_proc?cod_norma=1446,"EXTINGUE E TRANSFORMA CARGOS COMISSIONADOS, REESTRUTURANDO O QUADRO DA ADMINISTRAÇÃO DIRETA DO PODER EXECUTIVO MUNICIPAL. ""REGIME DE URGÊNCIA""",PLE 2/2015,https://publico.recife.pe.leg.br/consultas/materia/materia_mostrar_proc?cod_materia=49970,Prefeito do Recife,Em vigor,Lei Ordinária 18120/2015
"Lei Ordinária nº 18119, de 11/02/2015",https://publico.recife.pe.leg.br/consultas/norma_juridica/norma_juridica_mostrar_proc?cod_norma=1445,"DISPÕE SOBRE A REMUNERAÇÃO DOS SERVIDORES PERTENCENTES AO QUADRO PERMANENTE DO GRUPO OCUPACIONAL MAGISTÉRIO DA ADMINISTRAÇÃO DIRETA MUNICIPAL. ""REGIME DE URGÊNCIA""",PLE 1/2015,https://publico.recife.pe.leg.br/consultas/materia/materia_mostrar_proc?cod_materia=49779,Prefeito do Recife,Em vigor,Lei Ordinária 18119/2015
"Lei Ordinária nº 18118, de 12/01/2015",https://publico.recife.pe.leg.br/consultas/norma_juridica/norma_juridica_mostrar_proc?cod_norma=1444,"DENOMINA DE ""PARQUE MUNICIPAL ARIANO SUASSUNA"" O EMPREENDIMENTO DE LAZER, CULTURA E ESPORTES, CONSTRUÍDO NO BAIRRO DE SANTANA, ZONA NORTE DO MUNICÍPIO DO RECIFE/PE.",PLE 35/2014,https://publico.recife.pe.leg.br/consultas/materia/materia_mostrar_proc?cod_materia=48009,Prefeito do Recife,Em vigor,Lei Ordinária 18118/2015
"Lei Ordinária nº 18117, de 12/01/2015",https://publico.recife.pe.leg.br/consultas/norma_juridica/norma_juridica_mostrar_proc?cod_norma=1443,"INTRODUZ MODIFICAÇÕES NA LEI Nº 17.199, DE 27 DE ABRIL DE 2006 QUE INSTITUI NO ÂMBITO DA CIDADE DO RECIFE A POLÍTICA MUNICIPAL DE INCLUSÃO DA PESSOA COM DEFICIÊNCIA.",PLE 38/2014,https://publico.recife.pe.leg.br/consultas/materia/materia_mostrar_proc?cod_materia=48013,Prefeito do Recife,Em vigor,Lei Ordinária 18117/2015
"Lei Ordinária nº 18116, de 12/01/2015",https://publico.recife.pe.leg.br/consultas/norma_juridica/norma_juridica_mostrar_proc?cod_norma=1442,"DISPÕE SOBRE A INSTALAÇÃO DE PASSAGENS AÉREAS SOBRE LOGRADOURO PÚBLICO, REVOGA A LEI MUNICIPAL Nº 16.873, DE 13 DE JUNHO DE 2003 E ALTERA A LEI MUNICIPAL Nº 16.737, DE 28 DE JANEIRO DE 2001.        ""REGIME  DE  URGÊNCIA""",PLE 30/2014,https://publico.recife.pe.leg.br/consultas/materia/materia_mostrar_proc?cod_materia=48004,Prefeito do Recife,Em vigor,Lei Ordinária 18116/2015
"Lei Ordinária nº 18115, de 12/01/2015",https://publico.recife.pe.leg.br/consultas/norma_juridica/norma_juridica_mostrar_proc?cod_norma=1441,"MODIFICA OS DISPOSITIVOS QUE MENCIONA DA LEI MUNICIPAL Nº 18.046, DE 25 DE JULHO DE 2014.(LEI QUE TRATA DA ZONA ESPECIAL DE PRESERVAÇÃO ZEPH 08 BOA VISTA)""REGIME DE URGÊNCIA""",PLE 43/2014,https://publico.recife.pe.leg.br/consultas/materia/materia_mostrar_proc?cod_materia=47999,Prefeito do Recife,Em vigor,Lei Ordinária 18115/2015
"Lei Ordinária nº 18114, de 12/01/2015",https://publico.recife.pe.leg.br/consultas/norma_juridica/norma_juridica_mostrar_proc?cod_norma=1440,"INSTITUI O PROGRAMA DE VALORIZAÇÃO DE IMÓVEIS DE CARÁTER HISTÓRICO OU DE EXCEPCIONAL VALOR ARTÍSTICO, CULTURAL OU PAISAGÍSTICO.",PLE 54/2014,https://publico.recife.pe.leg.br/consultas/materia/materia_mostrar_proc?cod_materia=48032,Prefeito do Recife,Em vigor,Lei Ordinária 18114/2015
"Lei Ordinária nº 18113, de 12/01/2015",https://publico.recife.pe.leg.br/consultas/norma_juridica/norma_juridica_mostrar_proc?cod_norma=1439,"INSTITUI O PROGRAMA MUNICIPAL UNIVERSIDADE PARA TODOS – PROUNI RECIFE. ""REGIME DE URGÊNCIA""",PLE 51/2014,https://publico.recife.pe.leg.br/consultas/materia/materia_mostrar_proc?cod_materia=48027,Prefeito do Recife,Em vigor,Lei Ordinária 18113/2015
"Lei Ordinária nº 18111, de 12/01/2015",https://publico.recife.pe.leg.br/consultas/norma_juridica/norma_juridica_mostrar_proc?cod_norma=1438,"DEFINE LIMITES E MECANISMOS DE COMPENSAÇÃO PARA OS SETORES DE SUSTENTABILIDADE AMBIENTAL 2 – SSA 2, NO ENTORNO DAS UNIDADES DE EQUILÍBRIO AMBIENTAL – UEA, REFERENTES ÀS PRAÇAS E PARQUES DA CIDADE. ""REGIME DE URGÊNCIA""",PLE 50/2014,https://publico.recife.pe.leg.br/consultas/materia/materia_mostrar_proc?cod_materia=48029,Prefeito do Recife,Em vigor,Lei Ordinária 18111/2015
"Lei Ordinária nº 18110, de 09/01/2015",https://publico.recife.pe.leg.br/consultas/norma_juridica/norma_juridica_mostrar_proc?cod_norma=1437,"DISPÕE SOBRE O USO DO SOLO NO PERÍMETRO DAS QUADRAS LINDEIRAS À AV. NORTE MIGUEL ARRAES ALENCAR, EM ZONA ESPECIAL DE DINAMIZAÇÃO ECONÔMICA – EIXO PRINCIPAL, ZEDE – EIXO PRINCIPAL.",PLE 33/2014,https://publico.recife.pe.leg.br/consultas/materia/materia_mostrar_proc?cod_materia=48016,Prefeito do Recife,Em vigor,Lei Ordinária 18110/2015
"Lei Ordinária nº 18109, de 09/01/2015",https://publico.recife.pe.leg.br/consultas/norma_juridica/norma_juridica_mostrar_proc?cod_norma=1436,"ALTERA A REDAÇÃO DO ART. 69 E PARÁGRAFOS 1º E 2º E 3º DA LEI MUNICIPAL Nº 16.286, DE 22/01/1997.(LEI QUE DISPÕE SOBRE PARCELAMENTO DO SOLO)",PLE 39/2014,https://publico.recife.pe.leg.br/consultas/materia/materia_mostrar_proc?cod_materia=48026,Prefeito do Recife,Em vigor,Lei Ordinária 18109/2015
"Lei Ordinária nº 18108, de 05/01/2015",https://publico.recife.pe.leg.br/consultas/norma_juridica/norma_juridica_mostrar_proc?cod_norma=1431,"DESAFETA ÁREA PÚBLICA E AUTORIZA O USO POR TERCEIROS DO IMÓVEL DO PATRIMÔNIO DO MUNICÍPIO DO RECIFE, QUE ESPECIFICA.",PLE 27/2014,https://publico.recife.pe.leg.br/consultas/materia/materia_mostrar_proc?cod_materia=47993,Prefeito do Recife,Em vigor,Lei Ordinária 18108/2015
"Lei Ordinária nº 18107, de 05/01/2015",https://publico.recife.pe.leg.br/consultas/norma_juridica/norma_juridica_mostrar_proc?cod_norma=1430,"DESAFETA A ÁREA PÚBLICA DESCRITA NO ANEXO ÚNICO, AUTORIZA A DOAÇÃO DO IMÓVEL ESPECIFICADO NO ART. 1ºAO FUNDO DE ARRENDAMENTO RESIDENCIAL -FAR E DÁ OUTRAS PROVIDÊNCIAS.",PLE 47/2014,https://publico.recife.pe.leg.br/consultas/materia/materia_mostrar_proc?cod_materia=48007,Prefeito do Recife,Em vigor,Lei Ordinária 18107/2015
"Lei Ordinária nº 18106, de 05/01/2015",https://publico.recife.pe.leg.br/consultas/norma_juridica/norma_juridica_mostrar_proc?cod_norma=1429,"ALTERA A REDAÇÃO DO ART. 10 DA LEI MUNICIPAL Nº. 17.394, DE 27 DE DEZEMBRO DE 2007.(LEI QUE DISPÕE SOBRE FUNDO MUNICIPAL DE HABITAÇÃO)",PLE 45/2014,https://publico.recife.pe.leg.br/consultas/materia/materia_mostrar_proc?cod_materia=47997,Prefeito do Recife,Em vigor,Lei Ordinária 18106/2015
"Lei Ordinária nº 18105, de 05/01/2015",https://publico.recife.pe.leg.br/consultas/norma_juridica/norma_juridica_mostrar_proc?cod_norma=1428,"ALTERA DISPOSITIVOS DA LEI Nº. 14.512, DE 17 DE JANEIRO DE 1983 - CÓDIGO DE ADMINISTRAÇÃO FINANCEIRA DO MUNICÍPIO DO RECIFE.",PLE 49/2014,https://publico.recife.pe.leg.br/consultas/materia/materia_mostrar_proc?cod_materia=48010,Prefeito do Recife,Em vigor,Lei Ordinária 18105/2015
"Lei Ordinária nº 18104, de 05/01/2015",https://publico.recife.pe.leg.br/consultas/norma_juridica/norma_juridica_mostrar_proc?cod_norma=1427,DECLARA A UTILIDADE PÚBLICA DA ASSOCIAÇÃO BRASILEIRA DE SECRETARIAS DE FINANÇAS DAS CAPITAIS - ABRASF.,PLE 29/2014,https://publico.recife.pe.leg.br/consultas/materia/materia_mostrar_proc?cod_materia=48000,Prefeito do Recife,Em vigor,Lei Ordinária 18104/2015
"Lei Ordinária nº 18103, de 05/01/2015",https://publico.recife.pe.leg.br/consultas/norma_juridica/norma_juridica_mostrar_proc?cod_norma=1426,"AUTORIZA O PODER EXECUTIVO A FILIAR O MUNICÍPIO DO RECIFE, NO ICLEI-BRASIL, E A CONTRIBUIR  FINANCEIRAMENTE COM A REFERIDA ENTIDADE.",PLE 34/2014,https://publico.recife.pe.leg.br/consultas/materia/materia_mostrar_proc?cod_materia=48005,Prefeito do Recife,Em vigor,Lei Ordinária 18103/2015
"Lei Ordinária nº 18102, de 05/01/2015",https://publico.recife.pe.leg.br/consultas/norma_juridica/norma_juridica_mostrar_proc?cod_norma=1425,ALTERA A REDAÇÃO DO MEMORIAL DESCRITIVO CONSTANTE DO ANEXO ÚNICO À LEI MUNICIPAL Nº 17.883.,PLE 28/2014,https://publico.recife.pe.leg.br/consultas/materia/materia_mostrar_proc?cod_materia=47995,Prefeito do Recife,Em vigor,Lei Ordinária 18102/2015
"Lei Ordinária nº 17301, de 05/02/2007",https://publico.recife.pe.leg.br/consultas/norma_juridica/norma_juridica_mostrar_proc?cod_norma=1887,"FIXA O SUBSÍDIO DO PREFEITO, DO VICE-PREFEITO E DOS SECRETÁRIOS NO ÂMBITO DO MUNICÍPIO.",PLO 112/2006,https://publico.recife.pe.leg.br/consultas/materia/materia_mostrar_proc?cod_materia=9473,Comissão Executiva,Em vigor,Lei Ordinária 17301/2007
"Lei Ordinária nº 16119, de 01/12/1995",https://publico.recife.pe.leg.br/consultas/norma_juridica/norma_juridica_mostrar_proc?cod_norma=1880,CRIA O CONSELHO MUNICIPAL DE ALIMENTAÇÃO ESCOLAR E DÁ OUTRAS PROVIDÊNCIAS.,,,,Em vigor,Lei Ordinária 16119/1995
"Resolução nº 2820, de 09/06/2025",https://publico.recife.pe.leg.br/consultas/norma_juridica/norma_juridica_mostrar_proc?cod_norma=1994,Autoriza o Vereador THIAGO MEDINA DUARTE (THIAGO MEDINA) a se ausentar do País.,PRES 16/2025,https://publico.recife.pe.leg.br/consultas/materia/materia_mostrar_proc?cod_materia=163590,Comissão Executiva,Em vigor,Resolução 2820/2025
"Resolução nº 2819, de 09/06/2025",https://publico.recife.pe.leg.br/consultas/norma_juridica/norma_juridica_mostrar_proc?cod_norma=1993,Autoriza o Vereador ALEF CLEITON COLLINS AGUIAR GONÇALVES (ALEF COLLINS) a se ausentar do País.,PRES 15/2025,https://publico.recife.pe.leg.br/consultas/materia/materia_mostrar_proc?cod_materia=163589,Comissão Executiva,Em vigor,Resolução 2819/2025
"Resolução nº 2818, de 06/05/2025",https://publico.recife.pe.leg.br/consultas/norma_juridica/norma_juridica_mostrar_proc?cod_norma=1992,"Autoriza a Vereadora MARIA APARECIDA PEDROSA BEZERRA (CIDA PEDROSA) a ausentar-se do País, com destino a Cuba, no período de 22 de maio de 2025 a 02 de junho de 2025.",PRES 11/2025,https://publico.recife.pe.leg.br/consultas/materia/materia_mostrar_proc?cod_materia=161872,Comissão Executiva,Em vigor,Resolução 2818/2025
"Resolução nº 2817, de 14/04/2025",https://publico.recife.pe.leg.br/consultas/norma_juridica/norma_juridica_mostrar_proc?cod_norma=1907,Autoriza o Vereador ROMERO JATOBÁ CAVALCANTI NETO (ROMERINHO JATOBÁ) a se ausentar do País.,PRES 9/2025,https://publico.recife.pe.leg.br/consultas/materia/materia_mostrar_proc?cod_materia=161116,Comissão Executiva,Em vigor,Resolução 2817/2025
"Resolução nº 2816, de 25/02/2025",https://publico.recife.pe.leg.br/consultas/norma_juridica/norma_juridica_mostrar_proc?cod_norma=1905,Autoriza o Vereador RAFAEL ACIOLI MEDEIROS (ERIBERTO RAFAEL) a se ausentar do País.,PRES 7/2025,https://publico.recife.pe.leg.br/consultas/materia/materia_mostrar_proc?cod_materia=159109,Comissão Executiva,Em vigor,Resolução 2816/2025
"Resolução nº 2815, de 24/02/2025",https://publico.recife.pe.leg.br/consultas/norma_juridica/norma_juridica_mostrar_proc?cod_norma=1906,Autoriza o Vereador ROMERO JATOBÁ CAVALCANTI NETO (ROMERINHO JATOBÁ) a se ausentar do País.,PRES 5/2025,https://publico.recife.pe.leg.br/consultas/materia/materia_mostrar_proc?cod_materia=159045,Comissão Executiva,Em vigor,Resolução 2815/2025
"Resolução nº 2814, de 24/02/2025",https://publico.recife.pe.leg.br/consultas/norma_juridica/norma_juridica_mostrar_proc?cod_norma=1908,Autoriza o Vereador CARLOS EDUARDO MUNIZ PACHECO (CARLOS MUNIZ) a se ausentar do País.,PRES 4/2025,https://publico.recife.pe.leg.br/consultas/materia/materia_mostrar_proc?cod_materia=159026,Comissão Executiva,Em vigor,Resolução 2814/2025
"Resolução nº 2813, de 18/02/2025",https://publico.recife.pe.leg.br/consultas/norma_juridica/norma_juridica_mostrar_proc?cod_norma=1909,Autoriza o Vereador LUIZ FELIPE CAMARA DEOLIVEIRA PONTES (FELIPE FRANCISMAR) a se ausentar do País.,PRES 2/2025,https://publico.recife.pe.leg.br/consultas/materia/materia_mostrar_proc?cod_materia=158817,Comissão Executiva,Em vigor,Resolução 2813/2025
"Resolução nº 2812, de 17/12/2024",https://publico.recife.pe.leg.br/consultas/norma_juridica/norma_juridica_mostrar_proc?cod_norma=1879,"Altera a Resolução nº 2.624, de 20 de dezembro de 2016, que Dispõe sobre o Regimento Interno da Câmara Municipal do Recife.",PRES 17/2024,https://publico.recife.pe.leg.br/consultas/materia/materia_mostrar_proc?cod_materia=157517,Comissão Executiva,Em vigor,Resolução 2812/2024
"Resolução nº 2811, de 17/12/2024",https://publico.recife.pe.leg.br/consultas/norma_juridica/norma_juridica_mostrar_proc?cod_norma=1943,Disciplina o processo de Revisão das Proposições Legislativas no âmbito da Câmara Municipal do Recife.,PRES 16/2024,https://publico.recife.pe.leg.br/consultas/materia/materia_mostrar_proc?cod_materia=157516,Comissão Executiva,Em vigor,Resolução 2811/2024
"Resolução nº 2810, de 09/12/2024",https://publico.recife.pe.leg.br/consultas/norma_juridica/norma_juridica_mostrar_proc?cod_norma=1944,Autoriza o Vereador ALCIDES JOSE DE ALBUQUERQUE CARDOSO a se ausentar do País.,PRES 15/2024,https://publico.recife.pe.leg.br/consultas/materia/materia_mostrar_proc?cod_materia=157212,Comissão Executiva,Em vigor,Resolução 2810/2024
"Resolução nº 2809, de 05/11/2024",https://publico.recife.pe.leg.br/consultas/norma_juridica/norma_juridica_mostrar_proc?cod_norma=1945,Autoriza o Vereador CARLOS EDUARDO MUNIZ PACHECO a se ausentar do País.,PRES 14/2024,https://publico.recife.pe.leg.br/consultas/materia/materia_mostrar_proc?cod_materia=156488,Comissão Executiva,Em vigor,Resolução 2809/2024
"Resolução nº 2808, de 04/11/2024",https://publico.recife.pe.leg.br/consultas/norma_juridica/norma_juridica_mostrar_proc?cod_norma=1946,Autoriza o Prefeito do Recife a se ausentar do País.,PRES 13/2024,https://publico.recife.pe.leg.br/consultas/materia/materia_mostrar_proc?cod_materia=156471,Comissão Executiva,Em vigor,Resolução 2808/2024
"Resolução nº 2807, de 21/10/2024",https://publico.recife.pe.leg.br/consultas/norma_juridica/norma_juridica_mostrar_proc?cod_norma=1871,Autoriza o Vereador MARCO AURÉLIO FILHO a se ausentar do País,PRES 12/2024,https://publico.recife.pe.leg.br/consultas/materia/materia_mostrar_proc?cod_materia=156257,Comissão Executiva,Em vigor,Resolução 2807/2024
"Resolução nº 2806, de 21/10/2024",https://publico.recife.pe.leg.br/consultas/norma_juridica/norma_juridica_mostrar_proc?cod_norma=1870,Autoriza o Vereador ALCIDES CARDOSO a se ausentar do País,PRES 11/2024,https://publico.recife.pe.leg.br/consultas/materia/materia_mostrar_proc?cod_materia=156256,Comissão Executiva,Em vigor,Resolução 2806/2024
"Resolução nº 2805, de 02/07/2024",https://publico.recife.pe.leg.br/consultas/norma_juridica/norma_juridica_mostrar_proc?cod_norma=1686,"Autorizar a Vereadora MARIA APARECIDA PEDROSA BEZERRA a ausentar-se do País, em viagem cultural, às suas expensas, no período de 16 de julho de 2024 a 26 de julho de 2024, com destino à China, para participação do Festival da Juventude de Poesia, a convite da China Writers Association.",PRES 10/2024,https://publico.recife.pe.leg.br/consultas/materia/materia_mostrar_proc?cod_materia=154463,Comissão Executiva,Em vigor,Resolução 2805/2024
"Resolução nº 2804, de 02/07/2024",https://publico.recife.pe.leg.br/consultas/norma_juridica/norma_juridica_mostrar_proc?cod_norma=1692,"Conceder licença à Vereadora DAIZE MICHELE DE AGUIAR GONÇALVES (MICHELE COLLINS), pelo período de 120 (cento e vinte) dias, contados de 03/07/2024 a 30/10/2024, para tratar de interesse particular",PRES 9/2024,https://publico.recife.pe.leg.br/consultas/materia/materia_mostrar_proc?cod_materia=154402,Comissão Executiva,Em vigor,Resolução 2804/2024
"Resolução nº 2803, de 02/04/2024",https://publico.recife.pe.leg.br/consultas/norma_juridica/norma_juridica_mostrar_proc?cod_norma=616,Autoriza a Vereadora ANA LUCIA DO REGO FERREIRA (Professora Ana Lúcia) a se ausentar do País.,PRES 3/2024,https://publico.recife.pe.leg.br/consultas/materia/materia_mostrar_proc?cod_materia=150189,Comissão Executiva,Em vigor,Resolução 2803/2024
"Resolução nº 2802, de 26/03/2024",https://publico.recife.pe.leg.br/consultas/norma_juridica/norma_juridica_mostrar_proc?cod_norma=615,"Autoriza a Vice-Prefeita do Recife, Sra. ISABELLA MENEZES DE ROLDÃO FIORENZANO, a ausentar-se do País, no período de 09 de abril
de 2024 a 19 de abril de 2024, com destino às cidades do Porto (Portugal) e Nantes (França), em missão oficial.",PRES 2/2024,https://publico.recife.pe.leg.br/consultas/materia/materia_mostrar_proc?cod_materia=149990,Comissão Executiva,Em vigor,Resolução 2802/2024
"Resolução nº 2801, de 04/03/2024",https://publico.recife.pe.leg.br/consultas/norma_juridica/norma_juridica_mostrar_proc?cod_norma=622,Institui a “Frente Parlamentar de Defesa dos Direitos da Pessoa Idosa” no âmbito da Câmara Municipal do Recife.,PRES 24/2023,https://publico.recife.pe.leg.br/consultas/materia/materia_mostrar_proc?cod_materia=143737,Liana Cirne,Em vigor,Resolução 2801/2024
"Resolução nº 2800, de 05/02/2024",https://publico.recife.pe.leg.br/consultas/norma_juridica/norma_juridica_mostrar_proc?cod_norma=614,Autoriza o Vereador ROMERO JATOBÁ CAVALCANTI NETO a se ausentar do País.,PRES 1/2024,https://publico.recife.pe.leg.br/consultas/materia/materia_mostrar_proc?cod_materia=148128,Comissão Executiva,Em vigor,Resolução 2800/2024
"Resolução nº 2799, de 11/12/2023",https://publico.recife.pe.leg.br/consultas/norma_juridica/norma_juridica_mostrar_proc?cod_norma=960,"Altera a Resolução nº 2.624, de 20 de dezembro de 2016, que dispõe sobre o Regimento Interno da Câmara Municipal do Recife, para criar a “Comissão de Defesa dos Direitos da Pessoa com Deficiência”.",PRES 26/2023,https://publico.recife.pe.leg.br/consultas/materia/materia_mostrar_proc?cod_materia=143823,Liana Cirne,Em vigor,Resolução 2799/2023
"Resolução nº 2798, de 25/10/2023",https://publico.recife.pe.leg.br/consultas/norma_juridica/norma_juridica_mostrar_proc?cod_norma=963,Autorizar o Vereador PAULO SERGIO MOREIRA MUNIZ FILHO a ausentar-se do país no período de 20 de novembro de 2023 a 28 de novembro de 2023.,PRES 30/2023,https://publico.recife.pe.leg.br/consultas/materia/materia_mostrar_proc?cod_materia=145513,Comissão Executiva,Em vigor,Resolução 2798/2023
"Resolução nº 2797, de 02/10/2023",https://publico.recife.pe.leg.br/consultas/norma_juridica/norma_juridica_mostrar_proc?cod_norma=908,Institui a “Frente Parlamentar em Defesa da Saúde Mental e Emocional na Cidade do Recife”,PRES 15/2023,https://publico.recife.pe.leg.br/consultas/materia/materia_mostrar_proc?cod_materia=141209,Professora Ana Lúcia,Em vigor,Resolução 2797/2023
"Resolução nº 2796, de 25/09/2023",https://publico.recife.pe.leg.br/consultas/norma_juridica/norma_juridica_mostrar_proc?cod_norma=962,"Autoriza o Vereador ROMERO JATOBÁ CAVALCANTI NETO a ausentar-se do País, no período de 01 a 14 de novembro de 2023, com destino aos Estados Unidos da América, em viagem cultural, com despesas arcadas com recursos próprios.",PRES 28/2023,https://publico.recife.pe.leg.br/consultas/materia/materia_mostrar_proc?cod_materia=144563,Comissão Executiva,Em vigor,Resolução 2796/2023
"Resolução nº 2795, de 25/09/2023",https://publico.recife.pe.leg.br/consultas/norma_juridica/norma_juridica_mostrar_proc?cod_norma=961,"Autoriza o Vereador ALCIDES JOSE DE ALBUQUERQUE CARDOSO a ausentar-se do País, no período de 04 a 15 de Outubro de 2023, com
destino aos Estados Unidos da América, em viagem cultural, com despesas arcadas com recursos próprios.",PRES 27/2023,https://publico.recife.pe.leg.br/consultas/materia/materia_mostrar_proc?cod_materia=144562,Comissão Executiva,Em vigor,Resolução 2795/2023
"Resolução nº 2794, de 04/09/2023",https://publico.recife.pe.leg.br/consultas/norma_juridica/norma_juridica_mostrar_proc?cod_norma=958,Autoriza a Vereadora DAIZE MICHELE DE AGUIAR GONÇALVES (MICHELE COLLINS)  a se ausentar do País.,PRES 23/2023,https://publico.recife.pe.leg.br/consultas/materia/materia_mostrar_proc?cod_materia=143695,Comissão Executiva,Em vigor,Resolução 2794/2023
"Resolução nº 2793, de 29/08/2023",https://publico.recife.pe.leg.br/consultas/norma_juridica/norma_juridica_mostrar_proc?cod_norma=957,"Autoriza o Vereador TADEU HENRIQUE PIMENTEL CALHEIROS a ausentar-se do País, no período de 29 de agosto de 2023 a 19 de setembro de 2023.",PRES 22/2023,https://publico.recife.pe.leg.br/consultas/materia/materia_mostrar_proc?cod_materia=143413,Comissão Executiva,Em vigor,Resolução 2793/2023
"Resolução nº 2792, de 21/08/2023",https://publico.recife.pe.leg.br/consultas/norma_juridica/norma_juridica_mostrar_proc?cod_norma=959,"Autoriza a Vice-Prefeita do Recife a se ausentar do País no período de 21 de Agosto de 2023 a 31 de Agosto de 2023, com destino às cidades de Vancouver (Canadá) e Guadalajara (México), em missão oficial.",PRES 21/2023,https://publico.recife.pe.leg.br/consultas/materia/materia_mostrar_proc?cod_materia=142975,Comissão Executiva,Em vigor,Resolução 2792/2023
"Resolução nº 2791, de 08/08/2023",https://publico.recife.pe.leg.br/consultas/norma_juridica/norma_juridica_mostrar_proc?cod_norma=956,"Autoriza o Vereador LUIZ EUSTAQUIO RAMOS NETO a se ausentar do País, no período de 09 de agosto a 29 de agosto de 2023, com destino a Portugal, em viagem motivada por caso fortuito, com despesas arcadas com recursos próprios.",PRES 20/2023,https://publico.recife.pe.leg.br/consultas/materia/materia_mostrar_proc?cod_materia=142350,Comissão Executiva,Em vigor,Resolução 2791/2023
"Resolução nº 2790, de 04/07/2023",https://publico.recife.pe.leg.br/consultas/norma_juridica/norma_juridica_mostrar_proc?cod_norma=910,Autoriza o Vereador RAFAEL ACIOLI MEDEIROS a se ausentar do País.,PRES 19/2023,https://publico.recife.pe.leg.br/consultas/materia/materia_mostrar_proc?cod_materia=141526,Comissão Executiva,Em vigor,Resolução 2790/2023
"Resolução nº 2789, de 03/07/2023",https://publico.recife.pe.leg.br/consultas/norma_juridica/norma_juridica_mostrar_proc?cod_norma=909,Autoriza o Vereador ALCIDES JOSE DE ALBUQUERQUE CARDOSO a se ausentar do País.,PRES 18/2023,https://publico.recife.pe.leg.br/consultas/materia/materia_mostrar_proc?cod_materia=141362,Comissão Executiva,Em vigor,Resolução 2789/2023
"Resolução nº 2788, de 05/06/2023",https://publico.recife.pe.leg.br/consultas/norma_juridica/norma_juridica_mostrar_proc?cod_norma=901,"Altera a Resolução nº 2759, de 20 de dezembro de 2021, que Cria a Escola do Legislativo no âmbito da Câmara Municipal do Recife e dá outras providências.",PRES 14/2023,https://publico.recife.pe.leg.br/consultas/materia/materia_mostrar_proc?cod_materia=139645,Comissão Executiva,Em vigor,Resolução 2788/2023
"Resolução nº 2787, de 15/05/2023",https://publico.recife.pe.leg.br/consultas/norma_juridica/norma_juridica_mostrar_proc?cod_norma=623,Concede licença à Vereadora ANDREZA BANDEIRA FERREIRA DE OLIVEIRA MELO ALBUQUERQUE para exercer o cargo de Secretária do Município do Recife.,PRES 10/2023,https://publico.recife.pe.leg.br/consultas/materia/materia_mostrar_proc?cod_materia=138861,Comissão Executiva,Em vigor,Resolução 2787/2023
"Resolução nº 2786, de 08/05/2023",https://publico.recife.pe.leg.br/consultas/norma_juridica/norma_juridica_mostrar_proc?cod_norma=621,"Autoriza o Vereador WEBERSON FLAVIO SOBRAL FLORENCIO a se ausentar do País no período de 24 de maio de 2023 a 03 de junho de 2023, com destino aos Estados Unidos da América, em viagem cultural, com despesas arcadas com recursos próprios.",PRES 9/2023,https://publico.recife.pe.leg.br/consultas/materia/materia_mostrar_proc?cod_materia=138422,Comissão Executiva,Em vigor,Resolução 2786/2023
"Resolução nº 2785, de 25/04/2023",https://publico.recife.pe.leg.br/consultas/norma_juridica/norma_juridica_mostrar_proc?cod_norma=620,Autoriza a Vice-Prefeita do Recife a se ausentar do País.,PRES 8/2023,https://publico.recife.pe.leg.br/consultas/materia/materia_mostrar_proc?cod_materia=137516,Comissão Executiva,Em vigor,Resolução 2785/2023
"Resolução nº 2784, de 27/02/2023",https://publico.recife.pe.leg.br/consultas/norma_juridica/norma_juridica_mostrar_proc?cod_norma=619,Autoriza a Vereadora MARIA APARECIDA PEDROSA BEZERRA a se ausentar do País em viagem cultural e missão oficial.,PRES 3/2023,https://publico.recife.pe.leg.br/consultas/materia/materia_mostrar_proc?cod_materia=134511,Comissão Executiva,Em vigor,Resolução 2784/2023
"Resolução nº 2783, de 27/02/2023",https://publico.recife.pe.leg.br/consultas/norma_juridica/norma_juridica_mostrar_proc?cod_norma=618,Autoriza o Vereador SAMUEL RODRIGUES DOS SANTOS SALAZAR a se ausentar do País.,PRES 2/2023,https://publico.recife.pe.leg.br/consultas/materia/materia_mostrar_proc?cod_materia=134510,Comissão Executiva,Em vigor,Resolução 2783/2023
"Resolução nº 2782, de 27/02/2023",https://publico.recife.pe.leg.br/consultas/norma_juridica/norma_juridica_mostrar_proc?cod_norma=617,Autoriza o Vereador ROMERO JATOBÁ CAVALCANTI NETO a se ausentar do País,PRES 1/2023,https://publico.recife.pe.leg.br/consultas/materia/materia_mostrar_proc?cod_materia=134509,Comissão Executiva,Em vigor,Resolução 2782/2023
"Resolução nº 2781, de 18/02/2023",https://publico.recife.pe.leg.br/consultas/norma_juridica/norma_juridica_mostrar_proc?cod_norma=977,DISPÕE SOBRE O PRÊMIO MÉRITO CULTURAL TEREZA COSTA REGO.,PRES 15/2022,https://publico.recife.pe.leg.br/consultas/materia/materia_mostrar_proc?cod_materia=127474,Cida Pedrosa,Em vigor,Resolução 2781/2023
"Resolução nº 2780, de 21/11/2022",https://publico.recife.pe.leg.br/consultas/norma_juridica/norma_juridica_mostrar_proc?cod_norma=1002,Autoriza o Prefeito do Recife a se ausentar do País.,PRES 26/2022,https://publico.recife.pe.leg.br/consultas/materia/materia_mostrar_proc?cod_materia=132015,Comissão Executiva,Em vigor,Resolução 2780/2022
"Resolução nº 2779, de 05/09/2022",https://publico.recife.pe.leg.br/consultas/norma_juridica/norma_juridica_mostrar_proc?cod_norma=1001,Autoriza a vereadora Ana Lúcia do Rego Ferreira a se ausentar do País.,PRES 23/2022,https://publico.recife.pe.leg.br/consultas/materia/materia_mostrar_proc?cod_materia=130288,Comissão Executiva,Em vigor,Resolução 2779/2022
"Resolução nº 2778, de 05/09/2022",https://publico.recife.pe.leg.br/consultas/norma_juridica/norma_juridica_mostrar_proc?cod_norma=1000,Autoriza o vereador Romero Jatobá Cavalcanti Neto a se ausentar do País.,PRES 22/2022,https://publico.recife.pe.leg.br/consultas/materia/materia_mostrar_proc?cod_materia=130286,Comissão Executiva,Em vigor,Resolução 2778/2022
"Resolução nº 2777, de 05/09/2022",https://publico.recife.pe.leg.br/consultas/norma_juridica/norma_juridica_mostrar_proc?cod_norma=999,"Da Comissão Comissão Mista, opinando sobre a prestação de contas do Prefeito da Cidade do Recife, referente ao exercício financeiro de 2017.",PRES 21/2022,https://publico.recife.pe.leg.br/consultas/materia/materia_mostrar_proc?cod_materia=130071,Comissão Mista para opinar sobre as contas do Poder Executivo,Em vigor,Resolução 2777/2022
"Resolução nº 2776, de 04/07/2022",https://publico.recife.pe.leg.br/consultas/norma_juridica/norma_juridica_mostrar_proc?cod_norma=998,"Modifica a Resolução nº 1.841, de 14 de dezembro de 1993, a qual dispõe sobre o processo de classificação de cargos da Câmara Municipal do Recife.",PRES 19/2022,https://publico.recife.pe.leg.br/consultas/materia/materia_mostrar_proc?cod_materia=128171,Comissão Executiva,Em vigor,Resolução 2776/2022
"Resolução nº 2775, de 04/07/2022",https://publico.recife.pe.leg.br/consultas/norma_juridica/norma_juridica_mostrar_proc?cod_norma=997,"Altera a Resolução nº 2.624, de 20 de dezembro de 2016, que Dispõe sobre o Regimento Interno da Câmara Municipal do Recife.",PRES 18/2022,https://publico.recife.pe.leg.br/consultas/materia/materia_mostrar_proc?cod_materia=128161,Comissão Executiva,Em vigor,Resolução 2775/2022
"Resolução nº 2774, de 28/06/2022",https://publico.recife.pe.leg.br/consultas/norma_juridica/norma_juridica_mostrar_proc?cod_norma=975,Institui a “Frente Parlamentar para discutir Obras Estruturadoras e Emergenciais” no âmbito do Município do Recife.,PRES 12/2022,https://publico.recife.pe.leg.br/consultas/materia/materia_mostrar_proc?cod_materia=126366,Luiz Eustáquio,Em vigor,Resolução 2774/2022
"Resolução nº 2773, de 21/06/2022",https://publico.recife.pe.leg.br/consultas/norma_juridica/norma_juridica_mostrar_proc?cod_norma=1030,"Institui, no âmbito da Câmara Municipal do Recife, a “Frente Parlamentar do Recife pelo Clima”.",PRES 37/2021,https://publico.recife.pe.leg.br/consultas/materia/materia_mostrar_proc?cod_materia=116279,Cida Pedrosa,Em vigor,Resolução 2773/2022
"Resolução nº 2772, de 21/06/2022",https://publico.recife.pe.leg.br/consultas/norma_juridica/norma_juridica_mostrar_proc?cod_norma=976,Autoriza o Vereador ALCIDES JOSÉ DE ALBUQUERQUE CARDOSO a se ausentar do País.,PRES 14/2022,https://publico.recife.pe.leg.br/consultas/materia/materia_mostrar_proc?cod_materia=127398,Comissão Executiva,Em vigor,Resolução 2772/2022
"Resolução nº 2771, de 31/05/2022",https://publico.recife.pe.leg.br/consultas/norma_juridica/norma_juridica_mostrar_proc?cod_norma=974,Autoriza a Vereadora Andreza Bandeira Ferreira de Oliveira Melo (Andreza Romero) a se ausentar do País,PRES 11/2022,https://publico.recife.pe.leg.br/consultas/materia/materia_mostrar_proc?cod_materia=126348,Comissão Executiva,Em vigor,Resolução 2771/2022
"Resolução nº 2770, de 23/05/2022",https://publico.recife.pe.leg.br/consultas/norma_juridica/norma_juridica_mostrar_proc?cod_norma=973,Autoriza o Vereador Romero Jatobá Cavalcanti Neto a se ausentar do País.,PRES 10/2022,https://publico.recife.pe.leg.br/consultas/materia/materia_mostrar_proc?cod_materia=125868,Comissão Executiva,Em vigor,Resolução 2770/2022
"Resolução nº 2769, de 23/05/2022",https://publico.recife.pe.leg.br/consultas/norma_juridica/norma_juridica_mostrar_proc?cod_norma=1021,"INSTITUI, NO ÂMBITO DA CÂMARA MUNICIPAL DO RECIFE, A “FRENTE PARLAMENTAR EM DEFESA DA CIDADANIA LGBTQIA+”.",PRES 25/2021,https://publico.recife.pe.leg.br/consultas/materia/materia_mostrar_proc?cod_materia=109975,Osmar Ricardo,Em vigor,Resolução 2769/2022
"Resolução nº 2768, de 16/05/2022",https://publico.recife.pe.leg.br/consultas/norma_juridica/norma_juridica_mostrar_proc?cod_norma=972,"Opina sobre a prestação de contas do Prefeito da Cidade do Recife, referente ao exercício financeiro de 2019.",PRES 8/2022,https://publico.recife.pe.leg.br/consultas/materia/materia_mostrar_proc?cod_materia=125112,Felipe Francismar,Em vigor,Resolução 2768/2022
"Resolução nº 2767, de 16/05/2022",https://publico.recife.pe.leg.br/consultas/norma_juridica/norma_juridica_mostrar_proc?cod_norma=966,"Opina sobre a prestação de contas do Prefeito da Cidade do Recife, referente ao exercício financeiro de 2018.",PRES 7/2022,https://publico.recife.pe.leg.br/consultas/materia/materia_mostrar_proc?cod_materia=125111,Felipe Francismar,Em vigor,Resolução 2767/2022
"Resolução nº 2766, de 16/05/2022",https://publico.recife.pe.leg.br/consultas/norma_juridica/norma_juridica_mostrar_proc?cod_norma=965,"Opina sobre a prestação de contas do Prefeito da Cidade do Recife, referente ao exercício financeiro de 2015.",PRES 6/2022,https://publico.recife.pe.leg.br/consultas/materia/materia_mostrar_proc?cod_materia=125110,Felipe Francismar,Em vigor,Resolução 2766/2022
"Resolução nº 2765, de 09/05/2022",https://publico.recife.pe.leg.br/consultas/norma_juridica/norma_juridica_mostrar_proc?cod_norma=964,"Opina sobre a prestação de contas do Prefeito da Cidade do Recife, referente ao exercício financeiro de 2011.",PRES 4/2022,https://publico.recife.pe.leg.br/consultas/materia/materia_mostrar_proc?cod_materia=124297,Felipe Francismar,Em vigor,Resolução 2765/2022
"Resolução nº 2764, de 11/04/2022",https://publico.recife.pe.leg.br/consultas/norma_juridica/norma_juridica_mostrar_proc?cod_norma=1183,INSTITUI NA CÂMARA MUNICIPAL DO RECIFE A CAMPANHA “ABRIL VERDE” PARA PROMOVER A CONSCIENTIZAÇÃO SOBRE A DOENÇA DE PARKINSON.,PRES 48/2019,https://publico.recife.pe.leg.br/consultas/materia/materia_mostrar_proc?cod_materia=91842,Samuel Salazar,Em vigor,Resolução 2764/2022
"Resolução nº 2763, de 21/03/2022",https://publico.recife.pe.leg.br/consultas/norma_juridica/norma_juridica_mostrar_proc?cod_norma=1014,DISPÕE SOBRE O DESCARTE ADEQUADO DE PILHAS E BATERIAS NA CÂMARA MUNICIPAL DO RECIFE.,PRES 9/2021,https://publico.recife.pe.leg.br/consultas/materia/materia_mostrar_proc?cod_materia=103707,Samuel Salazar,Em vigor,Resolução 2763/2022
"Resolução nº 2762, de 21/03/2022",https://publico.recife.pe.leg.br/consultas/norma_juridica/norma_juridica_mostrar_proc?cod_norma=1158,"ACRESCE OS §§ 1º E 2º AO ART. 4° DA RESOLUÇÃO Nº 2.624, DE 20 DEZEMBRO DE 2016, QUE DISPÕE SOBRE O REGIMENTO INTERNO DA CÂMARA MUNICIPAL DO RECIFE.",PRES 3/2019,https://publico.recife.pe.leg.br/consultas/materia/materia_mostrar_proc?cod_materia=84786,Rinaldo Júnior,Em vigor,Resolução 2762/2022
"Resolução nº 2761, de 21/12/2021",https://publico.recife.pe.leg.br/consultas/norma_juridica/norma_juridica_mostrar_proc?cod_norma=1033,Dispõe sobre as atribuições da Procuradoria Legislativa da Câmara Municipal do Recife e dá outras providências.,PRES 40/2021,https://publico.recife.pe.leg.br/consultas/materia/materia_mostrar_proc?cod_materia=119038,Comissão Executiva,Em vigor,Resolução 2761/2021
"Resolução nº 2760, de 20/12/2021",https://publico.recife.pe.leg.br/consultas/norma_juridica/norma_juridica_mostrar_proc?cod_norma=1032,"Dispõe sobre a autorização para celebração de acordo de cooperação técnica entre a Escola de Contas Públicas Professor Barreto Guimarães e a Câmara Municipal Do Recife e altera o art. 60 da Resolução nº 2.624, de 20 de dezembro de 2016 (Regimento Interno da Câmara Municipal do Recife).",PRES 39/2021,https://publico.recife.pe.leg.br/consultas/materia/materia_mostrar_proc?cod_materia=118940,Comissão Executiva,Em vigor,Resolução 2760/2021
"Resolução nº 2759, de 20/12/2021",https://publico.recife.pe.leg.br/consultas/norma_juridica/norma_juridica_mostrar_proc?cod_norma=1031,Cria a Escola do Legislativo do Recife no âmbito da Câmara Municipal do Recife e dá outras providências.,PRES 38/2021,https://publico.recife.pe.leg.br/consultas/materia/materia_mostrar_proc?cod_materia=118939,Comissão Executiva,Em vigor,Resolução 2759/2021
"Resolução nº 2758, de 16/11/2021",https://publico.recife.pe.leg.br/consultas/norma_juridica/norma_juridica_mostrar_proc?cod_norma=1029,"Institui, no âmbito da Câmara Municipal do Recife, a “Frente Parlamentar para Discussão Acerca da Concessão do Porte de Arma de Fogo aos Agentes de Segurança do Município do Recife”.",PRES 36/2021,https://publico.recife.pe.leg.br/consultas/materia/materia_mostrar_proc?cod_materia=115892,Fabiano Ferraz,Em vigor,Resolução 2758/2021
"Resolução nº 2757, de 09/11/2021",https://publico.recife.pe.leg.br/consultas/norma_juridica/norma_juridica_mostrar_proc?cod_norma=1020,INSTITUI A “FRENTE PARLAMENTAR EM DEFESA DO PLANO DE DRENAGEM DO RECIFE” NO ÂMBITO DA CÂMARA MUNICIPAL DO RECIFE.,PRES 22/2021,https://publico.recife.pe.leg.br/consultas/materia/materia_mostrar_proc?cod_materia=107783,Renato Antunes,Em vigor,Resolução 2757/2021
"Resolução nº 2756, de 09/11/2021",https://publico.recife.pe.leg.br/consultas/norma_juridica/norma_juridica_mostrar_proc?cod_norma=1022,INSTITUI O “SELO VALDEMAR DE OLIVEIRA DE EMPRESA AMIGA DA CULTURA” NO ÂMBITO DA CÂMARA MUNICIPAL DO RECIFE.,PRES 26/2021,https://publico.recife.pe.leg.br/consultas/materia/materia_mostrar_proc?cod_materia=110016,Zé Neto,Em vigor,Resolução 2756/2021
"Resolução nº 2755, de 09/11/2021",https://publico.recife.pe.leg.br/consultas/norma_juridica/norma_juridica_mostrar_proc?cod_norma=1028,Dispõe acerca da retomada parcial das Reuniões deliberativas plenárias presenciais e da retomada  das atividades presenciais  nas unidades administrativas na Câmara Municipal do Recife e dá outras providências.,PRES 35/2021,https://publico.recife.pe.leg.br/consultas/materia/materia_mostrar_proc?cod_materia=115888,Comissão Executiva,Em vigor,Resolução 2755/2021
"Resolução nº 2754, de 08/11/2021",https://publico.recife.pe.leg.br/consultas/norma_juridica/norma_juridica_mostrar_proc?cod_norma=1027,Autoriza o SR. Vereador MARCO AURÉLIO FILHO a se ausentar do País.,PRES 34/2021,https://publico.recife.pe.leg.br/consultas/materia/materia_mostrar_proc?cod_materia=115752,Comissão Executiva,Em vigor,Resolução 2754/2021
"Resolução nº 2753, de 26/10/2021",https://publico.recife.pe.leg.br/consultas/norma_juridica/norma_juridica_mostrar_proc?cod_norma=1026,"Autoriza o Senhor Vereador ERIBERTO RAFAEL, a se ausentar do País.",PRES 33/2021,https://publico.recife.pe.leg.br/consultas/materia/materia_mostrar_proc?cod_materia=115448,Comissão Executiva,Em vigor,Resolução 2753/2021
"Resolução nº 2752, de 04/10/2021",https://publico.recife.pe.leg.br/consultas/norma_juridica/norma_juridica_mostrar_proc?cod_norma=1019,"INSTITUI, NO ÂMBITO DA CÂMARA MUNICIPAL DO RECIFE, A “FRENTE PARLAMENTAR DOS DIREITOS E BEM-ESTAR DOS ANIMAIS”.",PRES 21/2021,https://publico.recife.pe.leg.br/consultas/materia/materia_mostrar_proc?cod_materia=107670,Andreza Romero,Em vigor,Resolução 2752/2021
"Resolução nº 2751, de 28/09/2021",https://publico.recife.pe.leg.br/consultas/norma_juridica/norma_juridica_mostrar_proc?cod_norma=1025,"DISPÕE SOBRE A CRIAÇÃO, NO ÂMBITO DA CÂMARA DOS VEREADORES DO MUNICÍPIO DO RECIFE, DO NOVO PARLAMENTO JOVEM E DÁ OUTRAS PROVIDÊNCIAS.",PRES 31/2021,https://publico.recife.pe.leg.br/consultas/materia/materia_mostrar_proc?cod_materia=113906,Comissão Executiva,Em vigor,Resolução 2751/2021
"Resolução nº 2750, de 28/09/2021",https://publico.recife.pe.leg.br/consultas/norma_juridica/norma_juridica_mostrar_proc?cod_norma=1024,DISPÕE SOBRE O PROCESSO LEGISLATIVO ELETRÔNICO NO ÂMBITO DA CÂMARA MUNICIPAL DO RECIFE.,PRES 30/2021,https://publico.recife.pe.leg.br/consultas/materia/materia_mostrar_proc?cod_materia=113904,Comissão Executiva,Em vigor,Resolução 2750/2021
"Resolução nº 2749, de 28/09/2021",https://publico.recife.pe.leg.br/consultas/norma_juridica/norma_juridica_mostrar_proc?cod_norma=1023,"DISPÕE SOBRE A CRIAÇÃO, NO ÂMBITO DA CÂMARA DOS VEREADORES DO MUNICÍPIO DO RECIFE, DA ""PROCURADORIA ESPECIAL DA MULHER"" E DÁ OUTRAS PROVIDÊNCIAS.",PRES 29/2021,https://publico.recife.pe.leg.br/consultas/materia/materia_mostrar_proc?cod_materia=113902,Comissão Executiva,Em vigor,Resolução 2749/2021
"Resolução nº 2748, de 27/09/2021",https://publico.recife.pe.leg.br/consultas/norma_juridica/norma_juridica_mostrar_proc?cod_norma=1018,"DISPÕE SOBRE A CRIAÇÃO, NO ÂMBITO DA CÂMARA MUNICIPAL DO RECIFE, DA “FRENTE PARLAMENTAR DE INOVAÇÃO TECNOLÓGICA, TECNOLOGIA DA INFORMAÇÃO E DAS ECONOMIAS CRIATIVA, COMPARTILHADA E COLABORATIVA”.",PRES 20/2021,https://publico.recife.pe.leg.br/consultas/materia/materia_mostrar_proc?cod_materia=107206,Zé Neto,Em vigor,Resolução 2748/2021
"Resolução nº 2747, de 21/03/2021",https://publico.recife.pe.leg.br/consultas/norma_juridica/norma_juridica_mostrar_proc?cod_norma=1016,"INSTITUI, NO ÂMBITO DA CÂMARA MUNICIPAL DO RECIFE, A “FRENTE PARLAMENTAR EM DEFESA DO SISTEMA ÚNICO DE ASSISTÊNCIA SOCIAL (SUAS)”.",PRES 14/2021,https://publico.recife.pe.leg.br/consultas/materia/materia_mostrar_proc?cod_materia=104891,Ivan Moraes,Em vigor,Resolução 2747/2021
"Resolução nº 2746, de 02/03/2021",https://publico.recife.pe.leg.br/consultas/norma_juridica/norma_juridica_mostrar_proc?cod_norma=1010,INSTITUI NA CÂMARA MUNICIPAL DO RECIFE A “SEMANA DO MEIO AMBIENTE”.,PRES 3/2021,https://publico.recife.pe.leg.br/consultas/materia/materia_mostrar_proc?cod_materia=102953,Samuel Salazar,Em vigor,Resolução 2746/2021
"Resolução nº 2745, de 05/07/2021",https://publico.recife.pe.leg.br/consultas/norma_juridica/norma_juridica_mostrar_proc?cod_norma=1766,"CRIA NO ÂMBITO DO MUNICÍPIO DO RECIFE, O PRÊMIO ARTESÃO DO ANO.",PRES 51/2017,https://publico.recife.pe.leg.br/consultas/materia/materia_mostrar_proc?cod_materia=75423,Rinaldo Júnior,Em vigor,Resolução 2745/2021
"Resolução nº 2744, de 29/06/2021",https://publico.recife.pe.leg.br/consultas/norma_juridica/norma_juridica_mostrar_proc?cod_norma=1017,"INSTITUI,NO ÂMBITO DA CÂMARA MUNICIPAL DO RECIFE,A“FRENTE PARLAMENTAR PELO CENTRO DO RECIFE”.",PRES 17/2021,https://publico.recife.pe.leg.br/consultas/materia/materia_mostrar_proc?cod_materia=105829,Cida Pedrosa,Em vigor,Resolução 2744/2021
"Resolução nº 2743, de 01/06/2021",https://publico.recife.pe.leg.br/consultas/norma_juridica/norma_juridica_mostrar_proc?cod_norma=1015,"INSTITUI, NO ÂMBITO DA CÂMARA MUNICIPAL DO RECIFE, A “FRENTE PARLAMENTAR PELA PRIMEIRA INFÂNCIA”.",PRES 11/2021,https://publico.recife.pe.leg.br/consultas/materia/materia_mostrar_proc?cod_materia=104166,"Professora Ana Lúcia,                            Ivan Moraes",Em vigor,Resolução 2743/2021
"Resolução nº 2742, de 24/05/2021",https://publico.recife.pe.leg.br/consultas/norma_juridica/norma_juridica_mostrar_proc?cod_norma=1009,"INSTITUI A “FRENTE PARLAMENTAR EM DEFESA DA FAMÍLIA, DA VIDA E DE POLÍTICAS DE DROGAS” NO ÂMBITO DA CÂMARA MUNICIPAL DO RECIFE.",PRES 2/2021,https://publico.recife.pe.leg.br/consultas/materia/materia_mostrar_proc?cod_materia=102721,Michele Collins,Em vigor,Resolução 2742/2021
"Resolução nº 2741, de 18/05/2021",https://publico.recife.pe.leg.br/consultas/norma_juridica/norma_juridica_mostrar_proc?cod_norma=1767,"ACRESCENTA O ART. 264-A, ACRESCENTA O § 2º AO ART. 224, ACRESCENTA O PARÁGRAFO ÚNICO AO ART. 225 E MODIFICA A ALÍNEA “E” DO INCISO II DO ART. 323 DA RESOLUÇÃO Nº 2624, DE 20 DE DEZEMBRO DE2016 REGIMENTO INTERNO DA CÂMARA MUNICIPAL DO RECIFE",PRES 57/2019,https://publico.recife.pe.leg.br/consultas/materia/materia_mostrar_proc?cod_materia=93787,Fred Ferreira,Em vigor,Resolução 2741/2021
"Resolução nº 2740, de 17/05/2021",https://publico.recife.pe.leg.br/consultas/norma_juridica/norma_juridica_mostrar_proc?cod_norma=1012,CRIA A COMISSÃO DE IGUALDADE RACIAL E ENFRENTAMENTO AO RACISMO DA CÂMARA MUNICIPAL DO RECIFE,PRES 5/2021,https://publico.recife.pe.leg.br/consultas/materia/materia_mostrar_proc?cod_materia=103207,Dani Portela,Em vigor,Resolução 2740/2021
"Resolução nº 2739, de 17/05/2021",https://publico.recife.pe.leg.br/consultas/norma_juridica/norma_juridica_mostrar_proc?cod_norma=1180,ESTABELECE QUE A CÂMARA MUNICIPAL DO RECIFE REALIZE ANUALMENTE CAMPANHA PARA PROMOVER A CONSCIENTIZAÇÃO SOBRE A ALERGIA ALIMENTAR.,PRES 42/2019,https://publico.recife.pe.leg.br/consultas/materia/materia_mostrar_proc?cod_materia=90414,Samuel Salazar,Em vigor,Resolução 2739/2021
"Resolução nº 2738, de 11/05/2021",https://publico.recife.pe.leg.br/consultas/norma_juridica/norma_juridica_mostrar_proc?cod_norma=1013,INSTITUI A “FRENTE PARLAMENTAR EM DEFESA DA EDUCAÇÃO PÚBLICA MUNICIPAL DE QUALIDADE” NA CIDADE DO RECIFE.,PRES 6/2021,https://publico.recife.pe.leg.br/consultas/materia/materia_mostrar_proc?cod_materia=103601,Professora Ana Lúcia,Em vigor,Resolução 2738/2021
"Resolução nº 2737, de 10/05/2021",https://publico.recife.pe.leg.br/consultas/norma_juridica/norma_juridica_mostrar_proc?cod_norma=1168,INSTITUI NA CÂMARA MUNICIPAL DO RECIFE A CAMPANHA “MAIO AMARELO” PARA PROMOVER A CONSCIENTIZAÇÃO SOBRE A ENDOMETRIOSE.,PRES 23/2019,https://publico.recife.pe.leg.br/consultas/materia/materia_mostrar_proc?cod_materia=86866,Samuel Salazar,Em vigor,Resolução 2737/2021
"Resolução nº 2736, de 02/03/2021",https://publico.recife.pe.leg.br/consultas/norma_juridica/norma_juridica_mostrar_proc?cod_norma=1011,"INSTITUI, NO ÂMBITO DA CÂMARA MUNICIPAL DO RECIFE, A “FRENTE PARLAMENTAR PELA RENDA BÁSICA”.",PRES 4/2021,https://publico.recife.pe.leg.br/consultas/materia/materia_mostrar_proc?cod_materia=103157,Rinaldo Júnior,Em vigor,Resolução 2736/2021
"Resolução nº 2735, de 05/10/2020",https://publico.recife.pe.leg.br/consultas/norma_juridica/norma_juridica_mostrar_proc?cod_norma=1044,"INSTITUI, NO ÂMBITO DA CÂMARA MUNICIPAL DO RECIFE, A “FRENTE PARLAMENTAR PELA RENDA MÍNIMA”.",PRES 14/2020,https://publico.recife.pe.leg.br/consultas/materia/materia_mostrar_proc?cod_materia=98612,Rinaldo Júnior,Em vigor,Resolução 2735/2020
"Resolução nº 2734, de 10/08/2020",https://publico.recife.pe.leg.br/consultas/norma_juridica/norma_juridica_mostrar_proc?cod_norma=1214,"MODIFICA A RESOLUÇÃO Nº 2.624, DE 20 DE DEZEMBRO DE 2016, QUE DISPÕE SOBRE O REGIMENTO INTERNO DA CÂMARA MUNICIPAL DO RECIFE, PARA INCLUIR A CONCESSÃO DA MEDALHA DE MÉRITO “OLEGÁRIA MARIANO”.",PRES 37/2018,https://publico.recife.pe.leg.br/consultas/materia/materia_mostrar_proc?cod_materia=84005,Michele Collins,Em vigor,Resolução 2734/2020
"Resolução nº 2733, de 09/06/2020",https://publico.recife.pe.leg.br/consultas/norma_juridica/norma_juridica_mostrar_proc?cod_norma=1035,"INSTITUI, NO ÂMBITO DA CÂMARA MUNICIPAL DO RECIFE, A FRENTE PARLAMENTAR PELA PRIMEIRA INFÂNCIA.",PRES 5/2020,https://publico.recife.pe.leg.br/consultas/materia/materia_mostrar_proc?cod_materia=94520,"Professora Ana Lúcia,                            Ivan Moraes",Em vigor,Resolução 2733/2020
"Resolução nº 2732, de 25/05/2020",https://publico.recife.pe.leg.br/consultas/norma_juridica/norma_juridica_mostrar_proc?cod_norma=1042,"ACRESCENTA OS § 1º E 2º AO ART. 236 DA RESOLUÇÃO Nº 2624, DE 20 DE DEZEMBRO DE 2016, QUE INSTITUI O REGIMENTO INTERNO DA CÂMARA MUNICIPAL DO RECIFE.",PRES 10/2020,https://publico.recife.pe.leg.br/consultas/materia/materia_mostrar_proc?cod_materia=95212,Michele Collins,Em vigor,Resolução 2732/2020
"Resolução nº 2731, de 09/05/2020",https://publico.recife.pe.leg.br/consultas/norma_juridica/norma_juridica_mostrar_proc?cod_norma=1043,MODIFICA TEMPORARIAMENTE O HORÁRIO DAS ORDINÁRIAS DA CÂMARA MUNICIPAL DO RECIFE.,PRES 11/2020,https://publico.recife.pe.leg.br/consultas/materia/materia_mostrar_proc?cod_materia=95464,Comissão Executiva,Em vigor,Resolução 2731/2020
"Resolução nº 2730, de 14/04/2020",https://publico.recife.pe.leg.br/consultas/norma_juridica/norma_juridica_mostrar_proc?cod_norma=1041,"AUTORIZA A ADOÇÃO DO SISTEMA DE DELIBERAÇÃO REMOTA, INSTITUÍDO PELA RESOLUÇÃO Nº 2728/2020, PARA A REALIZAÇÃO DAS REUNIÕES DAS COMISSÕES EXECUTIVA, PERMANENTES E TEMPORÁRIAS DA CÂMARA MUNICIPAL DO RECIFE.",PRES 9/2020,https://publico.recife.pe.leg.br/consultas/materia/materia_mostrar_proc?cod_materia=95073,Comissão Executiva,Em vigor,Resolução 2730/2020
"Resolução nº 2729, de 31/03/2020",https://publico.recife.pe.leg.br/consultas/norma_juridica/norma_juridica_mostrar_proc?cod_norma=1038,MODIFICA TEMPORARIAMENTE O HORÁRIO DAS REUNIÕES ORDINÁRIAS DA CÂMARA MUNICIPAL DO RECIFE.,PRES 7/2020,https://publico.recife.pe.leg.br/consultas/materia/materia_mostrar_proc?cod_materia=94928,Comissão Executiva,Em vigor,Resolução 2729/2020
"Resolução nº 2728, de 23/03/2020",https://publico.recife.pe.leg.br/consultas/norma_juridica/norma_juridica_mostrar_proc?cod_norma=1039,INSTITUI O SISTEMA DE DELIBERAÇÃO REMOTA DA CÂMARA MUNICIPAL DO RECIFE.,PRES 8/2020,https://publico.recife.pe.leg.br/consultas/materia/materia_mostrar_proc?cod_materia=94959,Comissão Executiva,Em vigor,Resolução 2728/2020
"Resolução nº 2727, de 16/03/2020",https://publico.recife.pe.leg.br/consultas/norma_juridica/norma_juridica_mostrar_proc?cod_norma=1037,MODIFICA TEMPORARIAMENTE O HORÁRIO DAS REUNIÕES ORDINÁRIAS DA CÂMARA MUNICIPAL DO RECIFE.,PRES 6/2020,https://publico.recife.pe.leg.br/consultas/materia/materia_mostrar_proc?cod_materia=94752,Comissão Executiva,Em vigor,Resolução 2727/2020
"Resolução nº 2726, de 17/12/2019",https://publico.recife.pe.leg.br/consultas/norma_juridica/norma_juridica_mostrar_proc?cod_norma=1188,AUTORIZA O SENHOR VEREADOR ANDRÉ RÉGIS A SE AUSENTAR DO PAÍS ENTRE OS DIAS 13 A 27 DE JANEIRO DE 2020.,PRES 55/2019,https://publico.recife.pe.leg.br/consultas/materia/materia_mostrar_proc?cod_materia=93632,Comissão Executiva,Em vigor,Resolução 2726/2019
"Resolução nº 2725, de 16/12/2019",https://publico.recife.pe.leg.br/consultas/norma_juridica/norma_juridica_mostrar_proc?cod_norma=1187,"OPINA SOBRE A PRESTAÇÃO DE CONTAS DO PREFEITO DA CIDADE DO RECIFE, REFERENTE AO EXERCÍCIO FINANCEIRO DE 2016.",PRES 54/2019,https://publico.recife.pe.leg.br/consultas/materia/materia_mostrar_proc?cod_materia=93402,Legislação e Justiça-inativa,Em vigor,Resolução 2725/2019
"Resolução nº 2724, de 06/11/2019",https://publico.recife.pe.leg.br/consultas/norma_juridica/norma_juridica_mostrar_proc?cod_norma=1186,"AUTORIZA O SENHOR VEREADOR ANDRÉ RÉGIS A SE AUSENTAR DO PAÍS, NO PERÍODO DE 15 À 25 DE NOVEMBRO DE 2019, EM VIAGEM PARA AS CIDADES DE LISBOA E PORTO -  PORTUGAL, EM MISSÃO CULTURAL, SEM ÔNUS PARA O ERÁRIO PÚBLICO MUNICIPAL.",PRES 51/2019,https://publico.recife.pe.leg.br/consultas/materia/materia_mostrar_proc?cod_materia=92641,Comissão Executiva,Em vigor,Resolução 2724/2019
"Resolução nº 2723, de 16/10/2019",https://publico.recife.pe.leg.br/consultas/norma_juridica/norma_juridica_mostrar_proc?cod_norma=1185,"AUTORIZA O SENHOR VEREADOR ANDRÉ RÉGIS A SE AUSENTAR DO PAÍS, EM MISSÃO CULTURAL, NO PERÍODO DE 16 À 24/11/19, EM VIAGEM ÀS CIDADES DE LISBOA E PORTO-PORTUGAL, SEM ÔNUS PARA O ERÁRIO MUNICIPAL.",PRES 50/2019,https://publico.recife.pe.leg.br/consultas/materia/materia_mostrar_proc?cod_materia=91932,Comissão Executiva,Em vigor,Resolução 2723/2019
"Resolução nº 2722, de 15/10/2019",https://publico.recife.pe.leg.br/consultas/norma_juridica/norma_juridica_mostrar_proc?cod_norma=1184,"AUTORIZA O SENHOR VEREADOR FELIPE FRANCISMAR A SE AUSENTAR DO PAÍS, NO PERÍODO DE 15 À 28/10/19, EM VIAGEM A ALEMANHA E SUIÇA, EM MISSÃO CULTURAL, SEM ÔNUS PARA O ERÁRIO MUNICIPAL.",PRES 49/2019,https://publico.recife.pe.leg.br/consultas/materia/materia_mostrar_proc?cod_materia=91881,Comissão Executiva,Em vigor,Resolução 2722/2019
"Resolução nº 2721, de 14/10/2019",https://publico.recife.pe.leg.br/consultas/norma_juridica/norma_juridica_mostrar_proc?cod_norma=1182,AUTORIZA O SENHOR VEREADOR ROGÉRIO DE LUCCA A SE AUSENTAR DO PAÍS.,PRES 47/2019,https://publico.recife.pe.leg.br/consultas/materia/materia_mostrar_proc?cod_materia=91702,Comissão Executiva,Em vigor,Resolução 2721/2019
"Resolução nº 2720, de 07/10/2019",https://publico.recife.pe.leg.br/consultas/norma_juridica/norma_juridica_mostrar_proc?cod_norma=1199,ALTERA O CAPUT DO ARTIGO 242 DO REGIMENTO INTERNO DA CÂMARA MUNICIPAL DO RECIFE E INCLUI OS PARÁGRAFOS §1º E §2º AO MESMO ARTIGO.,PRES 16/2018,https://publico.recife.pe.leg.br/consultas/materia/materia_mostrar_proc?cod_materia=79778,Michele Collins,Em vigor,Resolução 2720/2019
"Resolução nº 2719, de 01/10/2019",https://publico.recife.pe.leg.br/consultas/norma_juridica/norma_juridica_mostrar_proc?cod_norma=1181,"AUTORIZA O SENHOR VEREADOR JAYME ASFORA A SE AUSENTAR DO PAÍS, NO PERÍODO DE 18/10 À 01/11/19, EM MISSÃO CULTURAL, SEM ÔNUS PARA O ERÁRIO MUNICIPAL, EM VIAGEM A ITÁLIA.",PRES 45/2019,https://publico.recife.pe.leg.br/consultas/materia/materia_mostrar_proc?cod_materia=91451,Comissão Executiva,Em vigor,Resolução 2719/2019
"Resolução nº 2718, de 16/09/2019",https://publico.recife.pe.leg.br/consultas/norma_juridica/norma_juridica_mostrar_proc?cod_norma=1175,INSTITUI O PROJETO “O RECIFE E A CÂMARA – A IMPORTÂNCIA DO LEGISLATIVO PARA A CIDADE”.,PRES 34/2019,https://publico.recife.pe.leg.br/consultas/materia/materia_mostrar_proc?cod_materia=88511,Eduardo Marques,Em vigor,Resolução 2718/2019
"Resolução nº 2717, de 02/09/2019",https://publico.recife.pe.leg.br/consultas/norma_juridica/norma_juridica_mostrar_proc?cod_norma=1179,AUTORIZA O SENHOR VEREADOR AUGUSTO CARRERAS A SE AUSENTAR DO PAÍS.,PRES 41/2019,https://publico.recife.pe.leg.br/consultas/materia/materia_mostrar_proc?cod_materia=90257,Comissão Executiva,Em vigor,Resolução 2717/2019
"Resolução nº 2716, de 12/08/2019",https://publico.recife.pe.leg.br/consultas/norma_juridica/norma_juridica_mostrar_proc?cod_norma=1178,"AUTORIZA O SENHOR VEREADOR RODRIGO COUTINHO A SE AUSENTAR DO PAÍS, NO PERÍODO DE 22 DE AGOSTO À 02 DE SETEMBRO DO CORRENTE EXERCICIO, EM VIAGEM A ARGENTINA, EM MISSÃO CULTURAL, SEM ÔNUS PARA O ERÁRIO MUNICIPAL.",PRES 40/2019,https://publico.recife.pe.leg.br/consultas/materia/materia_mostrar_proc?cod_materia=89400,Comissão Executiva,Em vigor,Resolução 2716/2019
"Resolução nº 2715, de 12/08/2019",https://publico.recife.pe.leg.br/consultas/norma_juridica/norma_juridica_mostrar_proc?cod_norma=1163,DISPÕE SOBRE A OBRIGATORIEDADE DA EXECUÇÃO DO HINO DO RECIFE NA CÂMARA MUNICIPAL DO RECIFE.,PRES 14/2019,https://publico.recife.pe.leg.br/consultas/materia/materia_mostrar_proc?cod_materia=85897,Michele Collins,Em vigor,Resolução 2715/2019
"Resolução nº 2713, de 02/07/2019",https://publico.recife.pe.leg.br/consultas/norma_juridica/norma_juridica_mostrar_proc?cod_norma=1174,"MODIFICA A RESOLUÇÃO Nº 2.624, DE 20 DE DEZEMBRO DE 2016, QUE DISPÕE SOBRE O REGIMENTO INTERNO.",PRES 33/2019,https://publico.recife.pe.leg.br/consultas/materia/materia_mostrar_proc?cod_materia=88489,Comissão Executiva,Em vigor,Resolução 2713/2019
"Resolução nº 2712, de 01/07/2019",https://publico.recife.pe.leg.br/consultas/norma_juridica/norma_juridica_mostrar_proc?cod_norma=1177,AUTORIZA O SENHOR VEREADOR RENATO ANTUNES A SE AUSENTAR DO PAÍS NO PERÍODO DE 06 A 30/07,PRES 37/2019,https://publico.recife.pe.leg.br/consultas/materia/materia_mostrar_proc?cod_materia=88730,Comissão Executiva,Em vigor,Resolução 2712/2019
"Resolução nº 2711, de 01/07/2019",https://publico.recife.pe.leg.br/consultas/norma_juridica/norma_juridica_mostrar_proc?cod_norma=1176,"OPINA SOBRE A PRESTAÇÃO DE CONTAS DO PREFEITO DA CIDADE DO RECIFE, REFERENTE AO EXERCÍCIO FINANCEIRO DE 2014.",PRES 36/2019,https://publico.recife.pe.leg.br/consultas/materia/materia_mostrar_proc?cod_materia=88623,Legislação e Justiça-inativa,Em vigor,Resolução 2711/2019
"Resolução nº 2710, de 25/06/2019",https://publico.recife.pe.leg.br/consultas/norma_juridica/norma_juridica_mostrar_proc?cod_norma=1173,AUTORIZA O SENHOR VEREADOR RINALDO JÚNIOR A SE AUSENTAR DO PAÍS.,PRES 32/2019,https://publico.recife.pe.leg.br/consultas/materia/materia_mostrar_proc?cod_materia=88462,Comissão Executiva,Em vigor,Resolução 2710/2019
"Resolução nº 2709, de 19/06/2019",https://publico.recife.pe.leg.br/consultas/norma_juridica/norma_juridica_mostrar_proc?cod_norma=1172,AUTORIZA O SENHOR VEREADOR ERIBERTO RAFAEL A SE AUSENTAR DO PAÍS DE 01 A 20 DE JULHO.,PRES 31/2019,https://publico.recife.pe.leg.br/consultas/materia/materia_mostrar_proc?cod_materia=88398,Comissão Executiva,Em vigor,Resolução 2709/2019
"Resolução nº 2708, de 19/06/2019",https://publico.recife.pe.leg.br/consultas/norma_juridica/norma_juridica_mostrar_proc?cod_norma=1171,"AUTORIZA O SENHOR VEREADOR ANTÔNIO LUIZ NETO, A SE AUSENTAR DO PAÍS DE 01 A 16.07.19.",PRES 30/2019,https://publico.recife.pe.leg.br/consultas/materia/materia_mostrar_proc?cod_materia=88358,Comissão Executiva,Em vigor,Resolução 2708/2019
"Resolução nº 2707, de 29/05/2019",https://publico.recife.pe.leg.br/consultas/norma_juridica/norma_juridica_mostrar_proc?cod_norma=1170,"AUTORIZA O SENHOR VEREADOR AUGUSTO CARRERAS A SE AUSENTAR DO PAÍS, NO PERÍODO DE 03 À 12/06/19, EM VIAGEM A MADRID/ESPANHA E LISBOA/PORTUGAL, EM MISSÃO CULTURAL, SEM ÔNUS PARA O ERÁRIO MUNICIPAL.",PRES 26/2019,https://publico.recife.pe.leg.br/consultas/materia/materia_mostrar_proc?cod_materia=87731,Comissão Executiva,Em vigor,Resolução 2707/2019
"Resolução nº 2706, de 14/05/2019",https://publico.recife.pe.leg.br/consultas/norma_juridica/norma_juridica_mostrar_proc?cod_norma=1169,"AUTORIZA O SENHOR VEREADOR ROGÉRIO DE LUCCA A SE AUSENTAR DO PAÍS,EM VIAGEM A PORTUGAL, EM MISSÃO CULTURAL, SEM ÔNUS PARA O ERÁRIO MUNICIPAL.",PRES 25/2019,https://publico.recife.pe.leg.br/consultas/materia/materia_mostrar_proc?cod_materia=87166,Comissão Executiva,Em vigor,Resolução 2706/2019
"Resolução nº 2705, de 23/04/2019",https://publico.recife.pe.leg.br/consultas/norma_juridica/norma_juridica_mostrar_proc?cod_norma=1167,AUTORIZA O SENHOR VEREADOR RODRIGO COUTINHO A SE AUSENTAR DO PAÍS.,PRES 20/2019,https://publico.recife.pe.leg.br/consultas/materia/materia_mostrar_proc?cod_materia=86539,Comissão Executiva,Em vigor,Resolução 2705/2019
"Resolução nº 2704, de 23/04/2019",https://publico.recife.pe.leg.br/consultas/norma_juridica/norma_juridica_mostrar_proc?cod_norma=1166,CONCEDE 60 (SESSENTA) DE LICENÇA PARA TRATAMENTO DE SAÚDE AO SENHOR VEREADOR MARCOS DI BRIA,PRES 19/2019,https://publico.recife.pe.leg.br/consultas/materia/materia_mostrar_proc?cod_materia=86538,Comissão Executiva,Em vigor,Resolução 2704/2019
"Resolução nº 2703, de 23/04/2019",https://publico.recife.pe.leg.br/consultas/norma_juridica/norma_juridica_mostrar_proc?cod_norma=1165,"AUTORIZA O SENHOR VEREADOR JAYME ASFORA A SE AUSENTAR DO PAÍS, NO PERÍODO DE 07 À 20 DE MAIO DE 2019, PARA TRATAR DE ASSUNTOS DE INTERESSES PARTICULAR, SEM ÔNUS PARA O ERÁRIO MUNICIPAL.",PRES 17/2019,https://publico.recife.pe.leg.br/consultas/materia/materia_mostrar_proc?cod_materia=86436,Comissão Executiva,Em vigor,Resolução 2703/2019
"Resolução nº 2702, de 15/04/2019",https://publico.recife.pe.leg.br/consultas/norma_juridica/norma_juridica_mostrar_proc?cod_norma=1164,"AUTORIZA O SENHOR VEREADOR RENATO ANTUNES A SE AUSENTAR DO PAÍS, EM VIAGEM AOS ESTADOS UNIDOS DA AMÉRICA, EM MISSÃO CULTURAL, NO PERÍODO DE 30/04 À 14/05/19,SEM ÔNUS PARA O ERÁRIO MUNICIPAL.",PRES 16/2019,https://publico.recife.pe.leg.br/consultas/materia/materia_mostrar_proc?cod_materia=86175,Comissão Executiva,Em vigor,Resolução 2702/2019
"Resolução nº 2701, de 02/04/2019",https://publico.recife.pe.leg.br/consultas/norma_juridica/norma_juridica_mostrar_proc?cod_norma=1162,"AUTORIZA A LICENÇA DE 40 DIAS PARA TRATAMENTO DE SAÚDE A SENHORA VEREADORA ALINE MARIANO,A PARTIR DO DIA 11/3/19.",PRES 13/2019,https://publico.recife.pe.leg.br/consultas/materia/materia_mostrar_proc?cod_materia=85762,Comissão Executiva,Em vigor,Resolução 2701/2019
"Resolução nº 2700, de 26/03/2019",https://publico.recife.pe.leg.br/consultas/norma_juridica/norma_juridica_mostrar_proc?cod_norma=1161,"CONCEDE 60 DIAS DE LICENÇA MATERNIDADE PARA A SENHORA VEREADORA NATÁLIA DE MENUDO, A CONTAR DO DIA 1º DE MARÇO DE 2019.",PRES 12/2019,https://publico.recife.pe.leg.br/consultas/materia/materia_mostrar_proc?cod_materia=85506,Comissão Executiva,Em vigor,Resolução 2700/2019
"Resolução nº 2699, de 19/03/2019",https://publico.recife.pe.leg.br/consultas/norma_juridica/norma_juridica_mostrar_proc?cod_norma=1160,CONCEDE 15 DIAS DE LICENÇA PARA TRATAMENTO DE SAÚDE PARA O SENHOR VEREADOR MARCOS DI BRIA A PARTIR DO DIA 14/03/2019.,PRES 7/2019,https://publico.recife.pe.leg.br/consultas/materia/materia_mostrar_proc?cod_materia=85239,Comissão Executiva,Em vigor,Resolução 2699/2019
"Resolução nº 2698, de 19/03/2019",https://publico.recife.pe.leg.br/consultas/norma_juridica/norma_juridica_mostrar_proc?cod_norma=1208,DISPÕE SOBRE O “PRÊMIO MÉRITO DE COMUNICAÇÃO JORNALISTA GRAÇA ARAÚJO”.,PRES 27/2018,https://publico.recife.pe.leg.br/consultas/materia/materia_mostrar_proc?cod_materia=82501,Professora Ana Lúcia,Em vigor,Resolução 2698/2019
"Resolução nº 2697, de 12/03/2019",https://publico.recife.pe.leg.br/consultas/norma_juridica/norma_juridica_mostrar_proc?cod_norma=1159,"AUTORIZA O SENHOR VEREADOR SAMUEL SALAZAR A SE AUSENTAR DO PAÍS NO PERÍODO DE 16 À 27/04/19, EM MISSÃO CULTURAL, EM VIAGEM AO ESTADOS UNIDOS DA AMÉRICA, SEM ÔNUS PARA O ERÁRIO MUNICIPAL.",PRES 6/2019,https://publico.recife.pe.leg.br/consultas/materia/materia_mostrar_proc?cod_materia=85023,Comissão Executiva,Em vigor,Resolução 2697/2019
"Resolução nº 2696, de 26/02/2019",https://publico.recife.pe.leg.br/consultas/norma_juridica/norma_juridica_mostrar_proc?cod_norma=1157,"AUTORIZA O SENHOR VEREADOR ROMERINHO JATOBÁ A SE AUSENTAR DO PAÍS, NO PERÍODO DE 12 À 27 DE ABRIL DE 2019, PARA TRATAR DE ASSUNTOS DE INTERESSES PARTICULARES, SEM ÔNUS PARA O ERÁRIO MUNICIPAL.",PRES 4/2019,https://publico.recife.pe.leg.br/consultas/materia/materia_mostrar_proc?cod_materia=84866,Comissão Executiva,Em vigor,Resolução 2696/2019
"Resolução nº 2695, de 25/02/2019",https://publico.recife.pe.leg.br/consultas/norma_juridica/norma_juridica_mostrar_proc?cod_norma=1156,"AUTORIZA A VEREADORA ANA LÚCIA A SE AUSENTAR DO PAÍS, EM MISSÃO CULTURAL, PARA PARTICIPAR DO SEXAGÉSIMO TERCEIRO PERÍODO DAS SESSÕES DA COMISSÃO DA ONU, NO PERÍODO DE 11 A 22 DE MARÇO DE 2019.",PRES 2/2019,https://publico.recife.pe.leg.br/consultas/materia/materia_mostrar_proc?cod_materia=84717,Comissão Executiva,Em vigor,Resolução 2695/2019
"Resolução nº 2694, de 11/02/2019",https://publico.recife.pe.leg.br/consultas/norma_juridica/norma_juridica_mostrar_proc?cod_norma=1155,"AUTORIZA O SENHOR VEREADOR CARLOS GUEIROS A SE AUSENTAR DO PAÍS, NO PERÍODO DE 27/02 À 15/03/19, EM MISSÃO CULTURAL, PARA EUROPA.",PRES 1/2019,https://publico.recife.pe.leg.br/consultas/materia/materia_mostrar_proc?cod_materia=84444,Comissão Executiva,Em vigor,Resolução 2694/2019
"Resolução nº 2693, de 05/12/2018",https://publico.recife.pe.leg.br/consultas/norma_juridica/norma_juridica_mostrar_proc?cod_norma=1213,AUTORIZA O SENHOR VEREADOR ANDRÉ RÉGIS A SE AUSENTAR DO PAÍS,PRES 36/2018,https://publico.recife.pe.leg.br/consultas/materia/materia_mostrar_proc?cod_materia=83770,Comissão Executiva,Em vigor,Resolução 2693/2018
"Resolução nº 2692, de 03/12/2018",https://publico.recife.pe.leg.br/consultas/norma_juridica/norma_juridica_mostrar_proc?cod_norma=1207,DENOMINA “SALA JORNALISTA GRAÇA ARAÚJO” A SALA RESERVADA À IMPRENSA DA CÂMARA MUNICIPAL DO RECIFE.,PRES 26/2018,https://publico.recife.pe.leg.br/consultas/materia/materia_mostrar_proc?cod_materia=82435,Natália de Menudo,Em vigor,Resolução 2692/2018
"Resolução nº 2691, de 03/12/2018",https://publico.recife.pe.leg.br/consultas/norma_juridica/norma_juridica_mostrar_proc?cod_norma=1768,"ACRESCENTA O PARÁGRAFO ÚNICO AO ART. 224 DA RESOLUÇÃO Nº 2.624, DE 20 DE DEZEMBRO DE 2016, QUE DISPÕE SOBRE O REGIMENTO INTERNO DA CÂMARA MUNICIPAL DO RECIFE.",PRES 42/2017,https://publico.recife.pe.leg.br/consultas/materia/materia_mostrar_proc?cod_materia=74411,Michele Collins,Em vigor,Resolução 2691/2018
"Resolução nº 2690, de 26/11/2018",https://publico.recife.pe.leg.br/consultas/norma_juridica/norma_juridica_mostrar_proc?cod_norma=1204,DISPÕE SOBRE A CRIAÇÃO DE BANCO DE IDEIAS LEGISLATIVAS NA CÂMARA MUNICIPAL DO RECIFE.,PRES 23/2018,https://publico.recife.pe.leg.br/consultas/materia/materia_mostrar_proc?cod_materia=82131,Eriberto Rafael,Em vigor,Resolução 2690/2018
"Resolução nº 2689, de 12/11/2018",https://publico.recife.pe.leg.br/consultas/norma_juridica/norma_juridica_mostrar_proc?cod_norma=1212,"AUTORIZA O SENHOR VEREADOR FELIPE FRANCISMAR A SE AUSENTAR DO PAÍS, NO PERÍODO DE 15 DE NOVEMBRO À 01 DE DEZEMBRO DE 2018, EM VIAGEM À ITÁLIA E PORTUGAL,PARA TRATAR DE ASSUNTOS PARTICULARES, SEM ÔNUS PARA O ERÁRIO MUNICIPAL.",PRES 34/2018,https://publico.recife.pe.leg.br/consultas/materia/materia_mostrar_proc?cod_materia=83120,Comissão Executiva,Em vigor,Resolução 2689/2018
"Resolução nº 2688, de 07/11/2018",https://publico.recife.pe.leg.br/consultas/norma_juridica/norma_juridica_mostrar_proc?cod_norma=1211,"AUTORIZA O SENHOR VEREADOR MARCO AURÉLIO MEDEIROS A SE AUSENTAR DO PAÍS, NO PERÍODO DE 08 À 15/11/18, PARA TRATAR DE ASSUNTOS PARTICULARES, EM VIAGEM ÀS CIDADES DE MIAMI E ORLANDO, NOS ESTADOS UNIDOS DA AMÉRICA, SEM ÔNUS PARA O ERÁRIO MUNICIPAL.",PRES 32/2018,https://publico.recife.pe.leg.br/consultas/materia/materia_mostrar_proc?cod_materia=83095,Comissão Executiva,Em vigor,Resolução 2688/2018
"Resolução nº 2687, de 05/11/2018",https://publico.recife.pe.leg.br/consultas/norma_juridica/norma_juridica_mostrar_proc?cod_norma=1209,"AUTORIZA A SENHORA VEREADORA MARÍLIA ARRAES A SE AUSENTAR DO PAÍS, NO PERÍODO DE 7 DE A 18 DE NOVEMBRO DE 2018, PARA TRATAR DE ASSUNTOS PARTICULARES, SEM ÔNUS PARA O ERÁRIO MUNICIPAL.",PRES 28/2018,https://publico.recife.pe.leg.br/consultas/materia/materia_mostrar_proc?cod_materia=83004,Comissão Executiva,Em vigor,Resolução 2687/2018
"Resolução nº 2686, de 30/10/2018",https://publico.recife.pe.leg.br/consultas/norma_juridica/norma_juridica_mostrar_proc?cod_norma=1769,"DISPÕE SOBRE A CRIAÇÃO, NO ÂMBITO DA CÂMARA MUNICIPAL DO RECIFE, DA FRENTE PARLAMENTAR DE INOVAÇÃO TECNOLÓGICA E DAS ECONOMIAS CRIATIVA, COMPARTILHADA E COLABORATIVA E DÁ OUTRAS PROVIDÊNCIAS.",PRES 48/2017,https://publico.recife.pe.leg.br/consultas/materia/materia_mostrar_proc?cod_materia=75255,Jayme Asfora,Em vigor,Resolução 2686/2018
"Resolução nº 2685, de 29/10/2018",https://publico.recife.pe.leg.br/consultas/norma_juridica/norma_juridica_mostrar_proc?cod_norma=971,"MODIFICA A RESOLUÇÃO Nº 2.624, DE 20 DE DEZEMBRO DE 2016, QUE DISPÕE SOBRE O REGIMENTO INTERNO DA CÂMARA MUNICIPAL DO RECIFE.",PRES 30/2018,https://publico.recife.pe.leg.br/consultas/materia/materia_mostrar_proc?cod_materia=82874,Comissão Executiva,Em vigor,Resolução 2685/2018
"Resolução nº 2684, de 23/10/2018",https://publico.recife.pe.leg.br/consultas/norma_juridica/norma_juridica_mostrar_proc?cod_norma=1210,"AUTORIZA O SENHOR VEREADOR JAYME ASFORA A SE AUSENTAR DO PAÍS, NO PERÍODO DE 31 DE OUTUBRO À 13 DE NOVEMBRO DE 2018, PARA TRATAR DE ASSUNTOS PARTICULARES, SEM ÔNUS PARA O ERÁRIO MUNICIPAL.",PRES 29/2018,https://publico.recife.pe.leg.br/consultas/materia/materia_mostrar_proc?cod_materia=82753,Comissão Executiva,Em vigor,Resolução 2684/2018
"Resolução nº 2683, de 17/09/2018",https://publico.recife.pe.leg.br/consultas/norma_juridica/norma_juridica_mostrar_proc?cod_norma=1205,"OPINA SOBRE A PRESTAÇÃO DE CONTAS DO PREFEITO DA CIDADE DO RECIFE, REFERENTE AO EXERCÍCIO FINANCEIRO DE 2009.",PRES 24/2018,https://publico.recife.pe.leg.br/consultas/materia/materia_mostrar_proc?cod_materia=82170,Comissão de Legislação e Justiça,Em vigor,Resolução 2683/2018
"Resolução nº 2682, de 10/09/2018",https://publico.recife.pe.leg.br/consultas/norma_juridica/norma_juridica_mostrar_proc?cod_norma=1206,"CONCEDE AUTORIZAÇÃO DE LICENÇA PARA A SENHORA VEREADORA MARÍLIA ARRAES, NO PERÍODO DE 10/09 À 101/10/18, PARA TRATAR DE ASSUNTOS PARTICULARES, SEM ÔNUS PARA O ERÁRIO MUNICIPAL.",PRES 25/2018,https://publico.recife.pe.leg.br/consultas/materia/materia_mostrar_proc?cod_materia=82359,Comissão Executiva,Em vigor,Resolução 2682/2018
"Resolução nº 2681, de 20/08/2018",https://publico.recife.pe.leg.br/consultas/norma_juridica/norma_juridica_mostrar_proc?cod_norma=1203,DISPÕE SOBRE A APLICAÇÃO DO ART. 8º À RESOLUÇÃO Nº 2.679/2018 (RESOLUÇÃO DA AED) DA CÂMARA MUNICIPAL DO RECIFE.,PRES 22/2018,https://publico.recife.pe.leg.br/consultas/materia/materia_mostrar_proc?cod_materia=81877,Comissão Executiva,Em vigor,Resolução 2681/2018
"Resolução nº 2680, de 04/07/2018",https://publico.recife.pe.leg.br/consultas/norma_juridica/norma_juridica_mostrar_proc?cod_norma=1202,"AUTORIZA O SENHOR VEREADOR RINALDO JÚNIOR A SE AUSENTAR DO PAÍS, NO PERÍODO DE 12 À 26 DE JULHO DE 2018, PARA TRATAR DE ASSUNTOS PARTICULARES, SEM ÔNUS PARA O ERÁRIO MUNICIPAL.",PRES 21/2018,https://publico.recife.pe.leg.br/consultas/materia/materia_mostrar_proc?cod_materia=81137,Comissão Executiva,Em vigor,Resolução 2680/2018
"Resolução nº 2679, de 11/06/2018",https://publico.recife.pe.leg.br/consultas/norma_juridica/norma_juridica_mostrar_proc?cod_norma=1201,"DISPÕE SOBRE AS REGRAS, OS PRINCÍPIOS E OS PROCEDIMENTOS DA AVALIAÇÃO ESPECIAL DE DESEMPENHO DOS SERVIDORES EFETIVOS EM ESTÁGIO PROBATÓRIO DA CÂMARA MUNICIPAL DO RECIFE, OBJETIVANDO REGULAMENTAR O ART. 41, § 4º DA CONSTITUIÇÃO FEDERAL, O ART. 80 DA LEI ORGÂNICA DO MUNICÍPIO E O ART. 23 E SEGUINTES DA LEI Nº 14.728/85.",PRES 19/2018,https://publico.recife.pe.leg.br/consultas/materia/materia_mostrar_proc?cod_materia=80687,Comissão Executiva,Em vigor,Resolução 2679/2018
"Resolução nº 2678, de 04/06/2018",https://publico.recife.pe.leg.br/consultas/norma_juridica/norma_juridica_mostrar_proc?cod_norma=1198,"OPINA SOBRE A PRESTAÇÃO DE CONTAS DO PREFEITO DA CIDADE DO RECIFE, REFERENTE AO EXERCÍCIO FINANCEIRO DE 2005.",PRES 15/2018,https://publico.recife.pe.leg.br/consultas/materia/materia_mostrar_proc?cod_materia=79638,Comissão de Legislação e Justiça,Em vigor,Resolução 2678/2018
"Resolução nº 2677, de 29/05/2018",https://publico.recife.pe.leg.br/consultas/norma_juridica/norma_juridica_mostrar_proc?cod_norma=1200,MODIFICA TEMPORARIAMENTE O HORÁRIO DAS REUNIÕES ORDINÁRIAS DA CÂMARA MUNICIPAL DO RECIFE.,PRES 18/2018,https://publico.recife.pe.leg.br/consultas/materia/materia_mostrar_proc?cod_materia=80288,Comissão Executiva,Em vigor,Resolução 2677/2018
"Resolução nº 2676, de 02/05/2018",https://publico.recife.pe.leg.br/consultas/norma_juridica/norma_juridica_mostrar_proc?cod_norma=1197,"AUTORIZA O SENHOR VEREADOR AUGUSTO CARRERAS A SE AUSENTAR DO PAÍS, NO PERÍODO DE 21 À 30 DE MAIO DE 2018, EM VIAGEM À LISBOA-PORTUGAL E KIEV-UCRÂNIA, SEM ÔNUS PARA O ERÁRIO MUNCIIPAL, PARA TRATAR DE ASSUNTOS DE INTERESSES PARTICULARES.",PRES 14/2018,https://publico.recife.pe.leg.br/consultas/materia/materia_mostrar_proc?cod_materia=79348,Comissão Executiva,Em vigor,Resolução 2676/2018
"Resolução nº 2675, de 11/04/2018",https://publico.recife.pe.leg.br/consultas/norma_juridica/norma_juridica_mostrar_proc?cod_norma=1196,"REVOGA A RESOLUÇÃO N° 2673/2018, QUE CONCEDE  LICENÇA DE 120 (CENTO E VINTE) DIAS PARA TRATAMENTO DE SAÚDE AO SENHOR VEREADOR MARCOS DI BRIA.",PRES 13/2018,https://publico.recife.pe.leg.br/consultas/materia/materia_mostrar_proc?cod_materia=78963,Comissão Executiva,Em vigor,Resolução 2675/2018
"Resolução nº 2674, de 03/04/2018",https://publico.recife.pe.leg.br/consultas/norma_juridica/norma_juridica_mostrar_proc?cod_norma=1770,"ESTABELECE QUE A CÂMARA MUNICIPAL DO RECIFE ENTRE NA CAMPANHA MUNDIAL INTITULADA “SETEMBRO AZUL”, DE FORMA A REAFIRMAR EM NOSSA SOCIEDADE O MARCO HISTÓRICO DAS IMPORTANTES CONQUISTAS E LUTAS PELOS DIREITOS LINGUÍSTICOS E CULTURAIS DA COMUNIDADE DOS SURDOS.",PRES 44/2017,https://publico.recife.pe.leg.br/consultas/materia/materia_mostrar_proc?cod_materia=74504,Michele Collins,Em vigor,Resolução 2674/2018
"Resolução nº 2673, de 03/04/2018",https://publico.recife.pe.leg.br/consultas/norma_juridica/norma_juridica_mostrar_proc?cod_norma=1195,CONCEDE 120 DIAS DE LICENÇA PARA TRATAMENTO DE SAÚDE AO SENHOR VEREADOR MARCOS DI BRIA.,PRES 11/2018,https://publico.recife.pe.leg.br/consultas/materia/materia_mostrar_proc?cod_materia=78650,Comissão Executiva,Em vigor,Resolução 2673/2018
"Resolução nº 2672, de 19/03/2018",https://publico.recife.pe.leg.br/consultas/norma_juridica/norma_juridica_mostrar_proc?cod_norma=1194,"AUTORIZA O SENHOR VEREADOR ROMERO ALBUQUERQUE A SE AUSENTAR DO PAÍS, NO PERÍODO DE 18/03 À 08/04/2018, EM MISSÃO CULTURAL,PARA PORTUGAL, SEM ÔNUS PARA O ERÁRIO MUNICIPAL.",PRES 10/2018,https://publico.recife.pe.leg.br/consultas/materia/materia_mostrar_proc?cod_materia=78073,Comissão Executiva,Em vigor,Resolução 2672/2018
"Resolução nº 2671, de 13/03/2018",https://publico.recife.pe.leg.br/consultas/norma_juridica/norma_juridica_mostrar_proc?cod_norma=1798,"INSTITUI, NO ÂMBITO DA CÂMARA MUNICIPAL DO RECIFE, A FRENTE PARLAMENTAR DE ENFRENTAMENTO AO FEMINICÍDIO.",PRES 40/2017,https://publico.recife.pe.leg.br/consultas/materia/materia_mostrar_proc?cod_materia=73167,Aline Mariano,Em vigor,Resolução 2671/2018
"Resolução nº 2670, de 13/03/2018",https://publico.recife.pe.leg.br/consultas/norma_juridica/norma_juridica_mostrar_proc?cod_norma=1192,"AUTORIZA O SENHOR VEREADOR JAYME ASFORA A SE AUSENTAR DO PAÍS, NO PERÍODO DE 22 DE MARÇO À 03 DE ABRIL DE 2018, EM VIAGEM AOS ESTADOS UNIDOS DA AMÉRICA - EUA,PARA TRATAR DE ASSUNTOS DE INTERESSES PARTICULARES,SEM ÔNUS PARA O ERÁRIO MUNICIPAL.",PRES 7/2018,https://publico.recife.pe.leg.br/consultas/materia/materia_mostrar_proc?cod_materia=77781,Comissão Executiva,Em vigor,Resolução 2670/2018
"Resolução nº 2669, de 13/03/2018",https://publico.recife.pe.leg.br/consultas/norma_juridica/norma_juridica_mostrar_proc?cod_norma=1193,"AUTORIZA O SENHOR VEREADOR ROMERINHO JATOBÁ A SE AUSENTAR DO PAÍS, NO PERÍODO DE 14 À 22 DE MARÇO DE 2018, EM VIAGEM AOS ESTADOS UNIDOS DA AMÉRICA - USA, EM MISSÃO CULTURAL, SEM ÔNUS PARA O ERÁRIO MUNICIPAL.",PRES 8/2018,https://publico.recife.pe.leg.br/consultas/materia/materia_mostrar_proc?cod_materia=77960,Comissão Executiva,Em vigor,Resolução 2669/2018
"Resolução nº 2668, de 05/03/2018",https://publico.recife.pe.leg.br/consultas/norma_juridica/norma_juridica_mostrar_proc?cod_norma=1191,"AUTORIZA O SENHOR VEREADOR ROMERINHO JATOBÁ A SE AUSENTAR DO PAÍS, NO PERÍODO DE 09 À 24 DE ABRIL DO CORRENTE EXERCÍCIO,EM VIAGEM CULTURAL NA ÁFRICA DO SUL, SEM ÔNUS PARA O ERÁRIO MUNICIPAL.",PRES 6/2018,https://publico.recife.pe.leg.br/consultas/materia/materia_mostrar_proc?cod_materia=77673,Comissão Executiva,Em vigor,Resolução 2668/2018
"Resolução nº 2667, de 05/03/2018",https://publico.recife.pe.leg.br/consultas/norma_juridica/norma_juridica_mostrar_proc?cod_norma=1190,"AUTORIZA O SENHOR VEREADOR ROGÉRIO DE LUCCA A SE AUSENTAR DO PAÍS, NO PERÍODO 01 DE ABRIL À 02 DE MAIO DO CORRENTE ANO, PARA O CANADÁ, SEM ÔNUS PARA O ERÁRIO MUNICIPAL.",PRES 5/2018,https://publico.recife.pe.leg.br/consultas/materia/materia_mostrar_proc?cod_materia=77636,Comissão Executiva,Em vigor,Resolução 2667/2018
"Resolução nº 2666, de 05/02/2018",https://publico.recife.pe.leg.br/consultas/norma_juridica/norma_juridica_mostrar_proc?cod_norma=1189,AUTORIZA O SENHOR VEREADOR CARLOS GUEIROS A SE AUSENTAR DO PAÍS.,PRES 1/2018,https://publico.recife.pe.leg.br/consultas/materia/materia_mostrar_proc?cod_materia=76915,Comissão Executiva,Em vigor,Resolução 2666/2018
"Resolução nº 2663, de 19/12/2017",https://publico.recife.pe.leg.br/consultas/norma_juridica/norma_juridica_mostrar_proc?cod_norma=1776,"AUTORIZA O SENHOR VEREADOR WANDERSON FLORÊNCIO A SE AUSENTAR DO PAÍS, NO PERÍODO DE 18 DE DEZEMBRO DE 2017 À 03 DE JANEIRO DE 2018, EM MISSÃO CULTURAL, EM VIAGEM AOS ESTADOS UNIDOS DA AMÉRICA, SEM ÔNUS PARA O ERÁRIO MUNICIPAL.",PRES 54/2017,https://publico.recife.pe.leg.br/consultas/materia/materia_mostrar_proc?cod_materia=76661,Comissão Executiva,Em vigor,Resolução 2663/2017
"Resolução nº 2662, de 04/12/2017",https://publico.recife.pe.leg.br/consultas/norma_juridica/norma_juridica_mostrar_proc?cod_norma=1777,"AUTORIZA O SENHOR VEREADOR RENATO ANTUNES A SE AUSENTAR DO PAÍS, NO PERÍODO 11 DE DEZEMBRO DE 2017 A 28 DE JANEIRO DE 2018, EM VIAGEM CULTURAL,COM DESTINO A PORTUGAL, SEM ÔNUS PARA O ERÁRIO MUNICIPAL.",PRES 53/2017,https://publico.recife.pe.leg.br/consultas/materia/materia_mostrar_proc?cod_materia=75777,Comissão Executiva,Em vigor,Resolução 2662/2017
"Resolução nº 2661, de 27/11/2017",https://publico.recife.pe.leg.br/consultas/norma_juridica/norma_juridica_mostrar_proc?cod_norma=970,"ACRESCENTA O ART. 121-E E O INCISO XIV AO ART. 112 DA RESOLUÇÃO Nº 2.624, DE 20 DE DEZEMBRO DE 2016,QUE DISPÕE SOBRE O REGIMENTOS INTERNO DA CÂMARA MUNICIPAL DO RECIFE.",PRES 49/2017,https://publico.recife.pe.leg.br/consultas/materia/materia_mostrar_proc?cod_materia=75274,Comissão Executiva,Em vigor,Resolução 2661/2017
"Resolução nº 2660, de 20/11/2017",https://publico.recife.pe.leg.br/consultas/norma_juridica/norma_juridica_mostrar_proc?cod_norma=1778,"OPINA SOBRE A PRESTAÇÃO DE CONTAS DO PREFEITO DA CIDADE DO RECIFE, REFERENTE AO EXERCÍCIO FINANCEIRO DE 2008.",PRES 46/2017,https://publico.recife.pe.leg.br/consultas/materia/materia_mostrar_proc?cod_materia=75092,"Comissão de Legislação e Justiça,                            Finanças e Orçamento-inativa",Em vigor,Resolução 2660/2017
"Resolução nº 2659, de 13/11/2017",https://publico.recife.pe.leg.br/consultas/norma_juridica/norma_juridica_mostrar_proc?cod_norma=1779,AUTORIZA O SENHOR VEREADOR ROMERINHO JATOBÁ A SE AUSENTAR DO PAÍS NO PERÍODO DE 15 À 27 DE NOVEMBRO DE 2017.,PRES 47/2017,https://publico.recife.pe.leg.br/consultas/materia/materia_mostrar_proc?cod_materia=75183,Comissão Executiva,Em vigor,Resolução 2659/2017
"Resolução nº 2658, de 31/10/2017",https://publico.recife.pe.leg.br/consultas/norma_juridica/norma_juridica_mostrar_proc?cod_norma=1780,AUTORIZA O SENHOR VEREADOR JAYME ASFORA A SE AUSENTAR DO PAÍS NO PERÍODO DE 01 À 14/11/2017.,PRES 45/2017,https://publico.recife.pe.leg.br/consultas/materia/materia_mostrar_proc?cod_materia=74675,Comissão Executiva,Em vigor,Resolução 2658/2017
"Resolução nº 2657, de 23/10/2017",https://publico.recife.pe.leg.br/consultas/norma_juridica/norma_juridica_mostrar_proc?cod_norma=1217,"INSTITUI, NO ÂMBITO DA CÂMARA MUNICIPAL DO RECIFE, A FRENTE PARLAMENTAR EM DEFESA DA CIDADANIA LGBT.",PRES 3/2017,https://publico.recife.pe.leg.br/consultas/materia/materia_mostrar_proc?cod_materia=63095,Marília Arraes,Em vigor,Resolução 2657/2017
"Resolução nº 2656, de 03/10/2017",https://publico.recife.pe.leg.br/consultas/norma_juridica/norma_juridica_mostrar_proc?cod_norma=1781,"INSTITUI, NO ÂMBITO DA CÂMARA MUNICIPAL DO RECIFE, A FRENTE PARLAMENTAR DE APOIO À INCLUSÃO, À ACESSIBILIDADE E CIDADANIA DAS PESSOAS COM DEFICIÊNCIA.",PRES 32/2017,https://publico.recife.pe.leg.br/consultas/materia/materia_mostrar_proc?cod_materia=71087,Aline Mariano,Em vigor,Resolução 2656/2017
"Resolução nº 2655, de 03/10/2017",https://publico.recife.pe.leg.br/consultas/norma_juridica/norma_juridica_mostrar_proc?cod_norma=1144,"DISPÕE SOBRE A CRIAÇÃO, NO ÂMBITO DA CÂMARA MUNICIPAL DO RECIFE, DA FRENTE PARLAMENTAR PERMANENTE DE COMBATE AO EXTERMÍNIMO DA JUVENTUDE NEGRA E DÁ OUTRAS PROVIDENCIAS.",PRES 4/2016,https://publico.recife.pe.leg.br/consultas/materia/materia_mostrar_proc?cod_materia=59082,Jayme Asfora,Em vigor,Resolução 2655/2017
"Resolução nº 2654, de 12/09/2017",https://publico.recife.pe.leg.br/consultas/norma_juridica/norma_juridica_mostrar_proc?cod_norma=1226,"INSTITUI, NO ÂMBITO DA CÂMARA MUNICIPAL DO RECIFE, A FRENTE PARLAMENTAR EM DEFESA DA PESSOA COM TRANSTORNO DO ESPECTRO DO AUTISMO E ATRASO NO DESENVOLVIMENTO.",PRES 17/2017,https://publico.recife.pe.leg.br/consultas/materia/materia_mostrar_proc?cod_materia=65882,Aline Mariano,Em vigor,Resolução 2654/2017
"Resolução nº 2653, de 11/09/2017",https://publico.recife.pe.leg.br/consultas/norma_juridica/norma_juridica_mostrar_proc?cod_norma=1224,"INSTITUI O ""PRÊMIO MULHER MÉRITO DE DIREITOS HUMANOS"", NA CÂMARA MUNICIPAL DO RECIFE.",PRES 14/2017,https://publico.recife.pe.leg.br/consultas/materia/materia_mostrar_proc?cod_materia=65537,Aimee Carvalho,Em vigor,Resolução 2653/2017
"Resolução nº 2652, de 06/07/2017",https://publico.recife.pe.leg.br/consultas/norma_juridica/norma_juridica_mostrar_proc?cod_norma=1782,INSTITUI A FRENTE PARLAMENTAR EM DEFESA DA EDUCAÇÃO PÚBLICA MUNICIPAL DE QUALIDADE NA CIDADE DO RECIFE.,PRES 22/2017,https://publico.recife.pe.leg.br/consultas/materia/materia_mostrar_proc?cod_materia=66603,Professora Ana Lúcia,Em vigor,Resolução 2652/2017
"Resolução nº 2651, de 04/09/2017",https://publico.recife.pe.leg.br/consultas/norma_juridica/norma_juridica_mostrar_proc?cod_norma=1223,INSTITUI A FRENTE PARLAMENTAR EM DEFESA DA ECONOMIA SOLIDÁRIA E DÁ OUTRAS PROVIDÊNCIAS.,PRES 13/2017,https://publico.recife.pe.leg.br/consultas/materia/materia_mostrar_proc?cod_materia=65413,Wanderson Florêncio,Em vigor,Resolução 2651/2017
"Resolução nº 2650, de 24/08/2017",https://publico.recife.pe.leg.br/consultas/norma_juridica/norma_juridica_mostrar_proc?cod_norma=967,"ALTERA A RESOLUÇÃO Nº 2.624, DE 20 DE DEZEMBRO DE 2016, QUE DISPÕE SOBRE O REGIMENTO INTERNO DA CÂMARA MUNICIPAL DO RECIFE.",PRES 29/2017,https://publico.recife.pe.leg.br/consultas/materia/materia_mostrar_proc?cod_materia=69912,Comissão Executiva,Em vigor,Resolução 2650/2017
"Resolução nº 2649, de 22/08/2017",https://publico.recife.pe.leg.br/consultas/norma_juridica/norma_juridica_mostrar_proc?cod_norma=1783,ESTABELECE LIMITES PARA A CONCESSÃO DE ENCARREGATURAS E DÁ OUTRAS PROVIDÊNCIAS.,PRES 35/2017,https://publico.recife.pe.leg.br/consultas/materia/materia_mostrar_proc?cod_materia=71593,Comissão Executiva,Em vigor,Resolução 2649/2017
"Resolução nº 2648, de 14/08/2017",https://publico.recife.pe.leg.br/consultas/norma_juridica/norma_juridica_mostrar_proc?cod_norma=1784,DENOMINA A SALA DE MOTORISTAS DA CÂMARA MUNICIPAL DO RECIFE DE SALA VEREADOR GILBERTO LUNA.,PRES 31/2017,https://publico.recife.pe.leg.br/consultas/materia/materia_mostrar_proc?cod_materia=70898,Comissão Executiva,Em vigor,Resolução 2648/2017
"Resolução nº 2647, de 07/08/2017",https://publico.recife.pe.leg.br/consultas/norma_juridica/norma_juridica_mostrar_proc?cod_norma=1785,"INSTITUI, NO ÂMBITO DA CÂMARA MUNICIPAL DO RECIFE, A FRENTE PARLAMENTAR CONTRA A REFORMA DA PREVIDÊNCIA.",PRES 16/2017,https://publico.recife.pe.leg.br/consultas/materia/materia_mostrar_proc?cod_materia=65843,Ivan Moraes,Em vigor,Resolução 2647/2017
"Resolução nº 2644, de 04/07/2017",https://publico.recife.pe.leg.br/consultas/norma_juridica/norma_juridica_mostrar_proc?cod_norma=1786,"AUTORIZA O SENHOR VEREADOR JAYME ASFORA A SE AUSENTAR DO PAÍS NO PERÍODO DE 06 À 15/07/2017, SEM ÔNUS PARA O ERÁRIO MUNICIPAL.",PRES 30/2017,https://publico.recife.pe.leg.br/consultas/materia/materia_mostrar_proc?cod_materia=69885,Comissão Executiva,Em vigor,Resolução 2644/2017
"Resolução nº 2643, de 03/07/2017",https://publico.recife.pe.leg.br/consultas/norma_juridica/norma_juridica_mostrar_proc?cod_norma=1787,"DISPÕE SOBRE O HORÁRIO ESPECIAL DE TRABALHO PARA SERVIDORES COM DEFICIÊNCIA OU QUE TENHAM DEPENDENTES NA MESMA SITUAÇÃO, NO ÂMBITO DO PODER LEGISLATIVO DO MUNICÍPIO DO RECIFE.",PRES 28/2017,https://publico.recife.pe.leg.br/consultas/materia/materia_mostrar_proc?cod_materia=69767,Comissão Executiva,Em vigor,Resolução 2643/2017
"Resolução nº 2642, de 03/07/2017",https://publico.recife.pe.leg.br/consultas/norma_juridica/norma_juridica_mostrar_proc?cod_norma=1788,DISPÕE SOBRE A LICENÇA PATERNIDADE  NO ÂMBITO DO PODER LEGISLATIVO DO MUNICÍPIO DO RECIFE.,PRES 27/2017,https://publico.recife.pe.leg.br/consultas/materia/materia_mostrar_proc?cod_materia=69765,Comissão Executiva,Em vigor,Resolução 2642/2017
"Resolução nº 2641, de 21/06/2017",https://publico.recife.pe.leg.br/consultas/norma_juridica/norma_juridica_mostrar_proc?cod_norma=1789,"AUTORIZA O SENHOR VEREADOR AUGUSTO CARRERAS A SE AUSENTAR DO PAÍS NO PERÍODO DE 26 DE JUNHO À 06 DE JULHO DE 2017, SEM ÔNUS PARA O ERÁRIO MUNICIPAL.",PRES 26/2017,https://publico.recife.pe.leg.br/consultas/materia/materia_mostrar_proc?cod_materia=69413,Comissão Executiva,Em vigor,Resolução 2641/2017
"Resolução nº 2640, de 20/06/2017",https://publico.recife.pe.leg.br/consultas/norma_juridica/norma_juridica_mostrar_proc?cod_norma=1790,"AUTORIZA O SENHOR VEREADOR RODRIGO COUTINHO A SE AUSENTAR DO PAÍS, NO PERÍODO DE 21 DE JUNHO A 07 DE JULHO DE 2017, EM VIAGEM AO ESTADOS UNIDOS DA AMÉRICA-EUA, SEM ÔNUS PARA O ERÁRIO PÚBLICO MUNICIPAL.",PRES 25/2017,https://publico.recife.pe.leg.br/consultas/materia/materia_mostrar_proc?cod_materia=69239,Comissão Executiva,Em vigor,Resolução 2640/2017
"Resolução nº 2639, de 06/06/2017",https://publico.recife.pe.leg.br/consultas/norma_juridica/norma_juridica_mostrar_proc?cod_norma=1791,"AUTORIZA O SENHOR VEREADOR ERIBERTO RAFAEL A SE AUSENTAR DO PAÍS, NO PERIODO DE 17 À 27/06/17, EM VIAGEM CULTURAL PARA O PERU, SEM ÔNUS PARA O ERÁRIO MUNICIPAL.",PRES 23/2017,https://publico.recife.pe.leg.br/consultas/materia/materia_mostrar_proc?cod_materia=68234,Comissão Executiva,Em vigor,Resolução 2639/2017
"Resolução nº 2638, de 29/05/2017",https://publico.recife.pe.leg.br/consultas/norma_juridica/norma_juridica_mostrar_proc?cod_norma=1218,"INSTITUI, NO ÂMBITO DA CÂMARA MUNICIPAL DO RECIFE, A FRENTE PARLAMENTAR EM DEFESA DOS ANIMAIS.",PRES 4/2017,https://publico.recife.pe.leg.br/consultas/materia/materia_mostrar_proc?cod_materia=63109,Romero Albuquerque,Em vigor,Resolução 2638/2017
"Resolução nº 2637, de 15/05/2017",https://publico.recife.pe.leg.br/consultas/norma_juridica/norma_juridica_mostrar_proc?cod_norma=1215,"INSTITUI A FRENTE PARLAMENTAR DE ENFRENTAMENTO AO CRACK E OUTRAS DROGAS, E DÁ OUTRAS PROVIDÊNCIAS.",PRES 1/2017,https://publico.recife.pe.leg.br/consultas/materia/materia_mostrar_proc?cod_materia=63079,Michele Collins,Em vigor,Resolução 2637/2017
"Resolução nº 2636, de 15/05/2017",https://publico.recife.pe.leg.br/consultas/norma_juridica/norma_juridica_mostrar_proc?cod_norma=1792,INSTITUI NA CÂMARA MUNICIPAL DO RECIFE A FRENTE PARLAMENTAR EM DEFESA DOS DIREITOS DA MULHER VÍTIMA DE VIOLÊNCIA DOMÉSTICA E DÁ OUTRAS PROVIDÊNCIAS.,PRES 24/2013,https://publico.recife.pe.leg.br/consultas/materia/materia_mostrar_proc?cod_materia=35178,Aimee Carvalho,Em vigor,Resolução 2636/2017
"Resolução nº 2635, de 10/05/2017",https://publico.recife.pe.leg.br/consultas/norma_juridica/norma_juridica_mostrar_proc?cod_norma=1216,"INSTITUI A FRENTE PARLAMENTAR EM DEFESA DA FAMÍLIA E DA VIDA, E DÁ OUTRAS PROVIDÊNCIAS.",PRES 2/2017,https://publico.recife.pe.leg.br/consultas/materia/materia_mostrar_proc?cod_materia=63080,Michele Collins,Em vigor,Resolução 2635/2017
"Resolução nº 2634, de 08/05/2017",https://publico.recife.pe.leg.br/consultas/norma_juridica/norma_juridica_mostrar_proc?cod_norma=1793,"REVOGA A RESOLUÇÃO Nº 2632, DE 29.04.2017, QUE ATUALIZA O VALOR DO AUXÍLIO-ALIMENTAÇÃO DOS VEREADORES DA CÂMARA MUNICIPAL DO RECIFE.",PRES 21/2017,https://publico.recife.pe.leg.br/consultas/materia/materia_mostrar_proc?cod_materia=66770,Comissão Executiva,Em vigor,Resolução 2634/2017
"Resolução nº 2632, de 26/04/2017",https://publico.recife.pe.leg.br/consultas/norma_juridica/norma_juridica_mostrar_proc?cod_norma=1794,ATUALIZA O VALOR DO AUXÍLIO-ALIMENTAÇÃO DEVIDO AOS VEREADORES DO RECIFE.,PRES 20/2017,https://publico.recife.pe.leg.br/consultas/materia/materia_mostrar_proc?cod_materia=66491,Comissão Executiva,Em vigor,Resolução 2632/2017
"Resolução nº 2631, de 24/04/2017",https://publico.recife.pe.leg.br/consultas/norma_juridica/norma_juridica_mostrar_proc?cod_norma=968,"SUBSTITUI OS ARTS. 112,113,114,117 E 119: MODIFICA OS ARTS. 62,105,133,151,192,287,301,338,339,340,NA RESOLUÇÃO 2624, DE 20/12/2016. QUE DISPÕE SOBRE REGIMENTO INTERNO DA CMR.",PRES 18/2017,https://publico.recife.pe.leg.br/consultas/materia/materia_mostrar_proc?cod_materia=65904,Comissão Executiva,Em vigor,Resolução 2631/2017
"Resolução nº 2630, de 18/04/2017",https://publico.recife.pe.leg.br/consultas/norma_juridica/norma_juridica_mostrar_proc?cod_norma=1225,ATUALIZA O LIMITE ESTABELECIDO PELA LEI Nº 17.525/2008.,PRES 15/2017,https://publico.recife.pe.leg.br/consultas/materia/materia_mostrar_proc?cod_materia=65605,Comissão Executiva,Em vigor,Resolução 2630/2017
"Resolução nº 2629, de 07/03/2017",https://publico.recife.pe.leg.br/consultas/norma_juridica/norma_juridica_mostrar_proc?cod_norma=1221,"ALTERA A REDAÇÃO DO ANEXO II DA RESOLUÇÃO Nº 1.840/93 E, DISPÕE SOBRE O MONTANTE DE QUE TRATA A LEI 17.627/2010,  DE 16 DE JUNHO DE 2010.",PRES 9/2017,https://publico.recife.pe.leg.br/consultas/materia/materia_mostrar_proc?cod_materia=63904,Comissão Executiva,Em vigor,Resolução 2629/2017
"Resolução nº 2628, de 22/02/2017",https://publico.recife.pe.leg.br/consultas/norma_juridica/norma_juridica_mostrar_proc?cod_norma=1222,"AUTORIZA O SENHOR VEREADOR MARCO AURÉLIO A SE AUSENTAR DO PAIS, NO PERÍODO DE 25/02 À 04/03/17, SEM ÔNUS PARA O ERÁRIO MUNICIPAL.",PRES 10/2017,https://publico.recife.pe.leg.br/consultas/materia/materia_mostrar_proc?cod_materia=63719,Comissão Executiva,Em vigor,Resolução 2628/2017
"Resolução nº 2627, de 20/02/2017",https://publico.recife.pe.leg.br/consultas/norma_juridica/norma_juridica_mostrar_proc?cod_norma=969,"ALTERA OS ARTS. 222,224,225, E 235 DA RESOLUÇÃO Nº 2.624, DE 20/12/2016 REGIMENTO INTERNO.",PRES 8/2017,https://publico.recife.pe.leg.br/consultas/materia/materia_mostrar_proc?cod_materia=63587,Comissão Executiva,Em vigor,Resolução 2627/2017
"Resolução nº 2626, de 07/02/2017",https://publico.recife.pe.leg.br/consultas/norma_juridica/norma_juridica_mostrar_proc?cod_norma=1220,AUTORIZA O SENHOR VEREADOR CARLOS GUEIROS A SE AUSENTAR DO PAÍS NO PERÍODO DE 16 DE FEVEREIRO À 03 DE MARÇO DE 2017.,PRES 7/2017,https://publico.recife.pe.leg.br/consultas/materia/materia_mostrar_proc?cod_materia=63220,Comissão Executiva,Em vigor,Resolução 2626/2017
"Resolução nº 2625, de 07/02/2017",https://publico.recife.pe.leg.br/consultas/norma_juridica/norma_juridica_mostrar_proc?cod_norma=1219,"AUTORIZA O SENHOR VEREADOR ANDRÉ RÉGIS DE CARVALHO A SE AUSENTAR DO PAÍS, NO PERÍODO DE 18 À 28 DE FEVEREIRO DO EXERCÍCIO DE 2017.",PRES 6/2017,https://publico.recife.pe.leg.br/consultas/materia/materia_mostrar_proc?cod_materia=63219,Comissão Executiva,Em vigor,Resolução 2625/2017
"Resolução nº 2623, de 12/12/2016",https://publico.recife.pe.leg.br/consultas/norma_juridica/norma_juridica_mostrar_proc?cod_norma=1154,OPINA SOBRE A PRESTAÇÃO DE CONTAS DO PREFEITO DA CIDADE DO RECIFE REFERENTE AO EXERCÍCIO FINANCEIRO DE 2013.,PRES 16/2016,https://publico.recife.pe.leg.br/consultas/materia/materia_mostrar_proc?cod_materia=62787,Finanças e Orçamento-inativa,Em vigor,Resolução 2623/2016
"Resolução nº 2622, de 21/11/2016",https://publico.recife.pe.leg.br/consultas/norma_juridica/norma_juridica_mostrar_proc?cod_norma=1153,"AUTORIZA O SENHOR VEREADOR FELIPE FRANCISMAR A SE AUSENTAR DO PAÍS,NO PERÍODO  DE 21/11 A 02/12/16, EM VIAGEM AO EXTERIOR, SEM ÔNUS PARA O ERÁRIO MUNICIPAL.",PRES 15/2016,https://publico.recife.pe.leg.br/consultas/materia/materia_mostrar_proc?cod_materia=62503,Comissão Executiva,Em vigor,Resolução 2622/2016
"Resolução nº 2621, de 21/11/2016",https://publico.recife.pe.leg.br/consultas/norma_juridica/norma_juridica_mostrar_proc?cod_norma=1152,AUTORIZA O SENHOR VEREADOR JAYME ASFORA A SE AUSENTAR DO PAÍS.,PRES 14/2016,https://publico.recife.pe.leg.br/consultas/materia/materia_mostrar_proc?cod_materia=62490,Comissão Executiva,Em vigor,Resolução 2621/2016
"Resolução nº 2620, de 31/10/2016",https://publico.recife.pe.leg.br/consultas/norma_juridica/norma_juridica_mostrar_proc?cod_norma=1151,"AUTORIZA O SENHOR VEREADOR AUGUSTO CARREIRAS A SE AUSENTAR DO PAÍS NO PERÍODO DE 30/10 À 15/11/16, SEM ÔNUS PARA O ERÁRIO MUNICIPAL.",PRES 13/2016,https://publico.recife.pe.leg.br/consultas/materia/materia_mostrar_proc?cod_materia=62284,Comissão Executiva,Em vigor,Resolução 2620/2016
"Resolução nº 2619, de 26/10/2016",https://publico.recife.pe.leg.br/consultas/norma_juridica/norma_juridica_mostrar_proc?cod_norma=1150,AUTORIZA A SENHORA VEREADORA MARILIA ARRAES A SE AUSENTAR DO PAÍS.,PRES 12/2016,https://publico.recife.pe.leg.br/consultas/materia/materia_mostrar_proc?cod_materia=62197,Comissão Executiva,Em vigor,Resolução 2619/2016
"Resolução nº 2618, de 26/10/2016",https://publico.recife.pe.leg.br/consultas/norma_juridica/norma_juridica_mostrar_proc?cod_norma=1148,AUTORIZA O SENHOR VEREADOR FELIPE FRANCISMAR A SE AUSENTAR DO PAÍS,PRES 11/2016,https://publico.recife.pe.leg.br/consultas/materia/materia_mostrar_proc?cod_materia=62196,Comissão Executiva,Em vigor,Resolução 2618/2016
"Resolução nº 2617, de 01/08/2016",https://publico.recife.pe.leg.br/consultas/norma_juridica/norma_juridica_mostrar_proc?cod_norma=1146,ALTERA O HORÁRIO DAS REUNIÕES PLENÁRIAS DA CÂMARA MUNICIPAL DO RECIFE,PRES 9/2016,https://publico.recife.pe.leg.br/consultas/materia/materia_mostrar_proc?cod_materia=61172,Comissão Executiva,Em vigor,Resolução 2617/2016
"Resolução nº 2616, de 06/06/2016",https://publico.recife.pe.leg.br/consultas/norma_juridica/norma_juridica_mostrar_proc?cod_norma=1795,DISPÕE SOBRE A PRESTAÇÃO DE CONTAS DO PREFEITO DA CIDADE DO RECIFE REFERENTE AO EXERCÍCIO FINANCEIRO DE 2006.,PRES 25/2015,https://publico.recife.pe.leg.br/consultas/materia/materia_mostrar_proc?cod_materia=57309,Finanças e Orçamento-inativa,Em vigor,Resolução 2616/2016
"Resolução nº 2615, de 26/03/2016",https://publico.recife.pe.leg.br/consultas/norma_juridica/norma_juridica_mostrar_proc?cod_norma=1796,CRIA A FRENTE PARLAMENTAR DE COMBATE AO MOSQUITO AEDES AEGYPTI E O ACOMPANHAMENTO DAS CRIANÇAS COM MICROCEFALIA.,PRES 23/2015,https://publico.recife.pe.leg.br/consultas/materia/materia_mostrar_proc?cod_materia=57128,Dra Vera Lopes,Em vigor,Resolução 2615/2016
"Resolução nº 2614, de 01/03/2016",https://publico.recife.pe.leg.br/consultas/norma_juridica/norma_juridica_mostrar_proc?cod_norma=1141,CONCEDE 40 (QUARENTA) DIAS DE LICENÇA PARA TRATAMENTO DE SAÚDE AO SENHOR VEREADOR ROMILDO GOMES NETO.,PRES 1/2016,https://publico.recife.pe.leg.br/consultas/materia/materia_mostrar_proc?cod_materia=57652,Comissão Executiva,Em vigor,Resolução 2614/2016
"Resolução nº 2613, de 01/03/2016",https://publico.recife.pe.leg.br/consultas/norma_juridica/norma_juridica_mostrar_proc?cod_norma=1797,"MODIFICA A RESOLUÇÃO Nº 2580/14, QUE  INSTITUI A FRENTE PARLAMENTAR EM DEFESA DA VIDA, E DÁ OUTRAS PROVIDÊNCIAS.",PRES 16/2015,https://publico.recife.pe.leg.br/consultas/materia/materia_mostrar_proc?cod_materia=52485,Michele Collins,Em vigor,Resolução 2613/2016
