title,summary,link,tags,published,tipo da lei
Decreto Legislativo 1205/2025,Concede o Título de Cidadão do Recife ao Sr. Aloysio Corrêa da Veiga.,https://publico.recife.pe.leg.br/consultas/norma_juridica/norma_juridica_mostrar_proc?cod_norma=2006,Decreto Legislativo,2025-07-07,ConcessaoTitulo
Decreto Legislativo 1204/2025,"Concede o Título de Cidadã do Recife à Dra. Lídia Barci, em reconhecimento à sua relevante trajetória na Polícia Civil de Pernambuco e à sua contribuição à formação jurídica e à segurança pública no município do Recife.",https://publico.recife.pe.leg.br/consultas/norma_juridica/norma_juridica_mostrar_proc?cod_norma=2005,Decreto Legislativo,2025-07-01,ConcessaoTitulo
Decreto Legislativo 1203/2025,Concede o Título de Cidadão do Recife ao Dr. Aurélio Molina da Costa.,https://publico.recife.pe.leg.br/consultas/norma_juridica/norma_juridica_mostrar_proc?cod_norma=2004,Decreto Legislativo,2025-07-01,ConcessaoTitulo
Decreto Legislativo 1202/2025,Concede o Título de Cidadão do Recife ao Capitão de Fragata Daniel de Andrade Ferreira.,https://publico.recife.pe.leg.br/consultas/norma_juridica/norma_juridica_mostrar_proc?cod_norma=1991,Decreto Legislativo,2025-06-03,ConcessaoTitulo
Decreto Legislativo 1201/2025,"Concede a Medalha de Mérito José Mariano ao Ministro de Portos e Aeroportos, Sr. Silvio Costa Filho.",https://publico.recife.pe.leg.br/consultas/norma_juridica/norma_juridica_mostrar_proc?cod_norma=1990,Decreto Legislativo,2025-06-03,ConcessaoMedalha
Decreto Legislativo 1200/2025,"Concede o Título de Cidadã Recifense à Amanda Richter, atriz, apresentadora e produtora, pela força na projeção do Recife para o Brasil.",https://publico.recife.pe.leg.br/consultas/norma_juridica/norma_juridica_mostrar_proc?cod_norma=1989,Decreto Legislativo,2025-06-03,ConcessaoTitulo
Decreto Legislativo 1199/2025,Concede o Título de Cidadão do Recife ao Fábio José de Melo Silva – Padre Fábio de Melo.,https://publico.recife.pe.leg.br/consultas/norma_juridica/norma_juridica_mostrar_proc?cod_norma=1988,Decreto Legislativo,2025-06-03,ConcessaoTitulo
Decreto Legislativo 1198/2025,Concede a Medalha de Mérito José Mariano ao Engenheiro Civil Victor Marques.,https://publico.recife.pe.leg.br/consultas/norma_juridica/norma_juridica_mostrar_proc?cod_norma=1987,Decreto Legislativo,2025-05-19,ConcessaoMedalha
Decreto Legislativo 1197/2025,CONCEDE O TÍTULO CIDADÃO DO RECIFE AO PR. OZEIAS SANTOS LEAL,https://publico.recife.pe.leg.br/consultas/norma_juridica/norma_juridica_mostrar_proc?cod_norma=1986,Decreto Legislativo,2025-05-12,ConcessaoTitulo
Decreto Legislativo 1196/2025,Concede o Título de Cidadão do Recife ao Sr. Luis Fernando Pereira da Silva.,https://publico.recife.pe.leg.br/consultas/norma_juridica/norma_juridica_mostrar_proc?cod_norma=1985,Decreto Legislativo,2025-05-12,ConcessaoTitulo
Decreto Legislativo 1195/2025,Concede o Título de Cidadã do Recife à Sra. Milena Vaciloto Rodrigues Pereira da Silva.,https://publico.recife.pe.leg.br/consultas/norma_juridica/norma_juridica_mostrar_proc?cod_norma=1984,Decreto Legislativo,2025-05-12,ConcessaoTitulo
Decreto Legislativo 1194/2025,Concede Título de Cidadão do Recife ao Desembargador Federal Francisco Roberto Machado.,https://publico.recife.pe.leg.br/consultas/norma_juridica/norma_juridica_mostrar_proc?cod_norma=1983,Decreto Legislativo,2025-05-12,ConcessaoTitulo
Decreto Legislativo 1193/2025,Concede o Título de Cidadã do Recife a Nilzete Teixeira Santiago.,https://publico.recife.pe.leg.br/consultas/norma_juridica/norma_juridica_mostrar_proc?cod_norma=1982,Decreto Legislativo,2025-05-06,ConcessaoTitulo
Decreto Legislativo 1192/2025,Concede a Medalha de Mérito José Mariano ao Deputado Federal Luiz Eduardo de Queiroz Campos da Fonte Albuquerque (“Lula da Fonte”).,https://publico.recife.pe.leg.br/consultas/norma_juridica/norma_juridica_mostrar_proc?cod_norma=1981,Decreto Legislativo,2025-05-06,ConcessaoMedalha
Decreto Legislativo 1191/2025,Concede a Medalha de Mérito José Mariano ao Coronel Ivanildo Cesar Torres de Medeiros.,https://publico.recife.pe.leg.br/consultas/norma_juridica/norma_juridica_mostrar_proc?cod_norma=1897,Decreto Legislativo,2025-04-14,ConcessaoMedalha
Decreto Legislativo 1190/2025,Concede o Título de Cidadã do Recife a Altemar Dutra Oliveira Júnior.,https://publico.recife.pe.leg.br/consultas/norma_juridica/norma_juridica_mostrar_proc?cod_norma=1900,Decreto Legislativo,2025-04-14,ConcessaoTitulo
Decreto Legislativo 1189/2025,Concede o Título de Cidadã do Recife a Senhora Fernanda Dantas Pessoa (Fernanda Pessoa).,https://publico.recife.pe.leg.br/consultas/norma_juridica/norma_juridica_mostrar_proc?cod_norma=1901,Decreto Legislativo,2025-04-14,ConcessaoTitulo
Decreto Legislativo 1188/2025,"Concede o Título de Cidadão do Recife ao General de Exército Maurílio Miranda Neto Ribeiro, atual Comandante Militar do
Nordeste.",https://publico.recife.pe.leg.br/consultas/norma_juridica/norma_juridica_mostrar_proc?cod_norma=1961,Decreto Legislativo,2025-04-14,ConcessaoTitulo
Decreto Legislativo 1186/2025,Concede a Medalha de Mérito José Mariano ao Senador Fernando Antônio Caminha Dueire.,https://publico.recife.pe.leg.br/consultas/norma_juridica/norma_juridica_mostrar_proc?cod_norma=1896,Decreto Legislativo,2025-04-01,ConcessaoMedalha
Decreto Legislativo 1185/2025,"Concede a Medalha de Mérito José Mariano ao Ministro do Tribunal Superior do Trabalho (TST), Sr. Alberto Bastos Balazeiro",https://publico.recife.pe.leg.br/consultas/norma_juridica/norma_juridica_mostrar_proc?cod_norma=1899,Decreto Legislativo,2025-04-01,ConcessaoMedalha
Decreto Legislativo 1184/2025,Concede o Título de Cidadão do Recife ao Publicitário Alexandre Keese Guarnelli.,https://publico.recife.pe.leg.br/consultas/norma_juridica/norma_juridica_mostrar_proc?cod_norma=1960,Decreto Legislativo,2025-04-01,ConcessaoTitulo
Decreto Legislativo 1183/2025,"Concede a Medalha José Mariano  ao Ilmº Sr. Julio César Gomes da Silva - o Babalorixá ""Júnior de Ajagunã""",https://publico.recife.pe.leg.br/consultas/norma_juridica/norma_juridica_mostrar_proc?cod_norma=1898,Decreto Legislativo,2025-03-31,ConcessaoMedalha
Decreto Legislativo 1182/2024,Concede a Medalha de Mérito José Mariano ao Dr. Pedro Cerqueira Russo,https://publico.recife.pe.leg.br/consultas/norma_juridica/norma_juridica_mostrar_proc?cod_norma=1959,Decreto Legislativo,2024-12-16,ConcessaoMedalha
Decreto Legislativo 1181/2024,Concede o Título de Cidadã do Recife à Sr.ª Regina Maria Barreto Casé.,https://publico.recife.pe.leg.br/consultas/norma_juridica/norma_juridica_mostrar_proc?cod_norma=1958,Decreto Legislativo,2024-12-16,ConcessaoTitulo
Decreto Legislativo 1180/2024,Título de Cidadão da Cidade do Recife ao Advogado Fernando Santos Júnior,https://publico.recife.pe.leg.br/consultas/norma_juridica/norma_juridica_mostrar_proc?cod_norma=1957,Decreto Legislativo,2024-12-16,ConcessaoTitulo
Decreto Legislativo 1179/2024,Título de Cidadão da Cidade do Recife ao Sr. José Luís Simões,https://publico.recife.pe.leg.br/consultas/norma_juridica/norma_juridica_mostrar_proc?cod_norma=1956,Decreto Legislativo,2024-12-16,ConcessaoTitulo
Decreto Legislativo 1178/2024,CONCEDE O TÍTULO DE CIDADÃO DO RECIFE AO DESEMBARGADOR ANDRÉ VICENTE PIRES ROSA.,https://publico.recife.pe.leg.br/consultas/norma_juridica/norma_juridica_mostrar_proc?cod_norma=1955,Decreto Legislativo,2024-12-16,ConcessaoTitulo
Decreto Legislativo 1177/2024,Concede o Título de Cidadão do Recife ao Sr. Tecio Teles.,https://publico.recife.pe.leg.br/consultas/norma_juridica/norma_juridica_mostrar_proc?cod_norma=1954,Decreto Legislativo,2024-11-04,ConcessaoTitulo
Decreto Legislativo 1176/2024,Concede a Medalha de Mérito José Mariano ao Sr. Luiz Augusto Correia de Araújo.,https://publico.recife.pe.leg.br/consultas/norma_juridica/norma_juridica_mostrar_proc?cod_norma=1878,Decreto Legislativo,2024-10-21,ConcessaoMedalha
Decreto Legislativo 1175/2024,Concede o Título de Cidadão do Recife ao cantor Thiago André Barbosa (Thiaguinho).,https://publico.recife.pe.leg.br/consultas/norma_juridica/norma_juridica_mostrar_proc?cod_norma=1865,Decreto Legislativo,2024-09-16,ConcessaoTitulo
Decreto Legislativo 1174/2024,Concede a Medalha de Mérito José Mariano ao Professor Doutor Evanildo Bechara.,https://publico.recife.pe.leg.br/consultas/norma_juridica/norma_juridica_mostrar_proc?cod_norma=1864,Decreto Legislativo,2024-09-09,ConcessaoMedalha
Decreto Legislativo 1173/2024,Concede o Título de Cidadã do Recife a Procuradora Municipal Flávia Castanheira do Nascimento.,https://publico.recife.pe.leg.br/consultas/norma_juridica/norma_juridica_mostrar_proc?cod_norma=1863,Decreto Legislativo,2024-09-09,ConcessaoTitulo
Decreto Legislativo 1172/2024,Concede o Título de Cidadão do Recife ao empresário Edmilson de Sá.,https://publico.recife.pe.leg.br/consultas/norma_juridica/norma_juridica_mostrar_proc?cod_norma=1850,Decreto Legislativo,2024-09-09,ConcessaoTitulo
Decreto Legislativo 1171/2024,Concede a Medalha de Mérito José Mariano ao Sr. Romero Maranhão Filho.,https://publico.recife.pe.leg.br/consultas/norma_juridica/norma_juridica_mostrar_proc?cod_norma=1848,Decreto Legislativo,2024-07-01,ConcessaoMedalha
Decreto Legislativo 1170/2024,Concede o Título de Cidadã do Recife à Médica Dra. Maria de Fátima de Medeiros Brito.,https://publico.recife.pe.leg.br/consultas/norma_juridica/norma_juridica_mostrar_proc?cod_norma=1847,Decreto Legislativo,2024-07-02,ConcessaoTitulo
Decreto Legislativo 1169/2024,"Concede a Medalha de Mérito José Mariano ao Engenheiro Civil, Dr. Alexandre Duarte Gusmão.",https://publico.recife.pe.leg.br/consultas/norma_juridica/norma_juridica_mostrar_proc?cod_norma=1846,Decreto Legislativo,2024-07-02,ConcessaoMedalha
Decreto Legislativo 1168/2024,Concede a Medalha de Mérito José Mariano ao Dr. José Maria Sultanum.,https://publico.recife.pe.leg.br/consultas/norma_juridica/norma_juridica_mostrar_proc?cod_norma=1708,Decreto Legislativo,2024-07-02,ConcessaoMedalha
Decreto Legislativo 1167/2024,Concede o Título de Cidadão do Recife a Maciel Salú.,https://publico.recife.pe.leg.br/consultas/norma_juridica/norma_juridica_mostrar_proc?cod_norma=1700,Decreto Legislativo,2024-07-01,ConcessaoTitulo
Decreto Legislativo 1166/2024,Concede a Medalha de Mérito José Mariano ao Centro Universitário Integrado de Saúde Amaury de Medeiros - CISAM.,https://publico.recife.pe.leg.br/consultas/norma_juridica/norma_juridica_mostrar_proc?cod_norma=1684,Decreto Legislativo,2024-07-02,ConcessaoMedalha
Decreto Legislativo 1165/2024,Concede a Medalha de Mérito Olegária Mariano à Pastora Siméa Meldrum.,https://publico.recife.pe.leg.br/consultas/norma_juridica/norma_juridica_mostrar_proc?cod_norma=1707,Decreto Legislativo,2024-06-11,ConcessaoMedalha
Decreto Legislativo 1164/2024,Concede o Título de Cidadão do Recife a Ailton Coelho de Ataíde Filho.,https://publico.recife.pe.leg.br/consultas/norma_juridica/norma_juridica_mostrar_proc?cod_norma=1698,Decreto Legislativo,2024-06-11,ConcessaoTitulo
Decreto Legislativo 1163/2024,Concede a Medalha de Mérito José Mariano ao Sr. Eduardo Henrique da Fonte de Albuquerque Silva.,https://publico.recife.pe.leg.br/consultas/norma_juridica/norma_juridica_mostrar_proc?cod_norma=1706,Decreto Legislativo,2024-06-11,ConcessaoMedalha
Decreto Legislativo 1162/2024,CONCEDE MEDALHA DE MÉRITO A SANDRA PERNAMBUCO.,https://publico.recife.pe.leg.br/consultas/norma_juridica/norma_juridica_mostrar_proc?cod_norma=1703,Decreto Legislativo,2024-06-04,ConcessaoMedalha
Decreto Legislativo 1161/2024,Concede o Título de Cidadão do Recife ao Dr. Washington Luís Macêdo de Amorim.,https://publico.recife.pe.leg.br/consultas/norma_juridica/norma_juridica_mostrar_proc?cod_norma=1702,Decreto Legislativo,2024-06-04,ConcessaoTitulo
Decreto Legislativo 1160/2024,Concede o Título de Cidadão do Recife ao Sr. Luiz Gonzaga Patriota.,https://publico.recife.pe.leg.br/consultas/norma_juridica/norma_juridica_mostrar_proc?cod_norma=1704,Decreto Legislativo,2024-05-27,ConcessaoTitulo
Decreto Legislativo 1159/2024,Concede a Medalha de Mérito Olegária Mariano a  Luiza Batista Pereira.,https://publico.recife.pe.leg.br/consultas/norma_juridica/norma_juridica_mostrar_proc?cod_norma=1120,Decreto Legislativo,2024-05-20,ConcessaoMedalha
Decreto Legislativo 1158/2024,"Concede o Título de Cidadão do Recife ao Promotor de Justiça do Estado de Pernambuco, Maviael de Souza Silva.",https://publico.recife.pe.leg.br/consultas/norma_juridica/norma_juridica_mostrar_proc?cod_norma=1119,Decreto Legislativo,2024-05-20,ConcessaoTitulo
Decreto Legislativo 1157/2024,Concede o Título de Cidadão do Recife a Walber Steffano Costa Fernandes.,https://publico.recife.pe.leg.br/consultas/norma_juridica/norma_juridica_mostrar_proc?cod_norma=1118,Decreto Legislativo,2024-05-20,ConcessaoTitulo
Decreto Legislativo 1156/2024,Concede a Medalha de Mérito José Mariano ao Movimento Nacional da População em Situação de Rua,https://publico.recife.pe.leg.br/consultas/norma_juridica/norma_juridica_mostrar_proc?cod_norma=1117,Decreto Legislativo,2024-05-20,ConcessaoMedalha
Decreto Legislativo 1155/2024,Concede a Medalha de Mérito José Mariano ao Sr. Antonio Carlos da Silva Mendes.,https://publico.recife.pe.leg.br/consultas/norma_juridica/norma_juridica_mostrar_proc?cod_norma=1116,Decreto Legislativo,2024-05-20,ConcessaoMedalha
Decreto Legislativo 1154/2024,Concede o Título de Cidadão do Recife ao Sr. Manoel Deodoro Liberalquino Ferreira.,https://publico.recife.pe.leg.br/consultas/norma_juridica/norma_juridica_mostrar_proc?cod_norma=1695,Decreto Legislativo,2024-05-20,ConcessaoTitulo
Decreto Legislativo 1153/2024,Concede a Medalha de Mérito José Mariano ao Sr. Fábio Schwambach,https://publico.recife.pe.leg.br/consultas/norma_juridica/norma_juridica_mostrar_proc?cod_norma=1693,Decreto Legislativo,2024-05-20,ConcessaoMedalha
Decreto Legislativo 1152/2024,Concede o Título de Cidadã Recifense a Gleisi Helena Hoffmann.,https://publico.recife.pe.leg.br/consultas/norma_juridica/norma_juridica_mostrar_proc?cod_norma=1696,Decreto Legislativo,2024-05-20,ConcessaoTitulo
Decreto Legislativo 1151/2024,"Concede o Título de Cidadão do Recife ao Sr. José Severino de Arruda, “Padre Biu de Arruda”.",https://publico.recife.pe.leg.br/consultas/norma_juridica/norma_juridica_mostrar_proc?cod_norma=1121,Decreto Legislativo,2024-05-13,ConcessaoTitulo
Decreto Legislativo 1150/2024,Concede o Título de Cidadã do Recife a Irmã Jucilene de Souza.,https://publico.recife.pe.leg.br/consultas/norma_juridica/norma_juridica_mostrar_proc?cod_norma=834,Decreto Legislativo,2024-05-06,ConcessaoTitulo
Decreto Legislativo 1149/2024,Concede o Título de Cidadão do Recife a Lindenberg Silva de Lira Borba por relevantes serviços prestados à sociedade recifense.,https://publico.recife.pe.leg.br/consultas/norma_juridica/norma_juridica_mostrar_proc?cod_norma=835,Decreto Legislativo,2024-05-06,ConcessaoTitulo
Decreto Legislativo 1148/2024,Concede o Título de Cidadão do Recife ao Sr. Severino Marcos de Oliveira Carneiro.,https://publico.recife.pe.leg.br/consultas/norma_juridica/norma_juridica_mostrar_proc?cod_norma=837,Decreto Legislativo,2024-05-06,ConcessaoTitulo
Decreto Legislativo 1147/2024,Concede o título de cidadã do Recife à Srª Elizabete de Sousa Godinho.,https://publico.recife.pe.leg.br/consultas/norma_juridica/norma_juridica_mostrar_proc?cod_norma=319,Decreto Legislativo,2024-04-29,ConcessaoTitulo
Decreto Legislativo 1146/2024,Concede a Medalha de Mérito Olegária Mariano a  Danielle Gondim Portela.,https://publico.recife.pe.leg.br/consultas/norma_juridica/norma_juridica_mostrar_proc?cod_norma=318,Decreto Legislativo,2024-04-29,ConcessaoMedalha
Decreto Legislativo 1145/2024,Concede o Título de Cidadã do Recife à Dayanna Louise Santos.,https://publico.recife.pe.leg.br/consultas/norma_juridica/norma_juridica_mostrar_proc?cod_norma=300,Decreto Legislativo,2024-04-29,ConcessaoTitulo
Decreto Legislativo 1144/2024,Concede o Título de Cidadão do Recife ao Sr. Ryu Uchihara.,https://publico.recife.pe.leg.br/consultas/norma_juridica/norma_juridica_mostrar_proc?cod_norma=832,Decreto Legislativo,2024-04-22,ConcessaoTitulo
Decreto Legislativo 1143/2024,Concede a Medalha de Mérito José Mariano ao Advogado Almir Reis.,https://publico.recife.pe.leg.br/consultas/norma_juridica/norma_juridica_mostrar_proc?cod_norma=311,Decreto Legislativo,2024-04-22,ConcessaoMedalha
Decreto Legislativo 1142/2024,Concede o Título de Cidadão do Recife ao Sr. Ygor Gomes Valença,https://publico.recife.pe.leg.br/consultas/norma_juridica/norma_juridica_mostrar_proc?cod_norma=310,Decreto Legislativo,2024-04-22,ConcessaoTitulo
Decreto Legislativo 1141/2024,Concede o Título de Cidadão do Recife ao empresário Victor Bretas Alecrim.,https://publico.recife.pe.leg.br/consultas/norma_juridica/norma_juridica_mostrar_proc?cod_norma=315,Decreto Legislativo,2024-04-15,ConcessaoTitulo
Decreto Legislativo 1140/2024,Concede o Título de Cidadão do Recife ao empresário mineiro DANIEL LUIZ GUERRA COSTA,https://publico.recife.pe.leg.br/consultas/norma_juridica/norma_juridica_mostrar_proc?cod_norma=314,Decreto Legislativo,2024-04-15,ConcessaoTitulo
Decreto Legislativo 1139/2024,Concede o Título de Cidadã do Recife à Sra. Jullimária Dutra.,https://publico.recife.pe.leg.br/consultas/norma_juridica/norma_juridica_mostrar_proc?cod_norma=306,Decreto Legislativo,2024-03-18,ConcessaoTitulo
Decreto Legislativo 1138/2024,Concede o Título de Cidadão do Recife ao Arcebispo Dom Paulo Jackson Nóbrega de Souza por relevantes serviços prestados à sociedade recifense.,https://publico.recife.pe.leg.br/consultas/norma_juridica/norma_juridica_mostrar_proc?cod_norma=521,Decreto Legislativo,2024-03-18,ConcessaoTitulo
Decreto Legislativo 1137/2024,Concede a Medalha de Mérito José Mariano ao Sr. Manoel Nascimento Costa.,https://publico.recife.pe.leg.br/consultas/norma_juridica/norma_juridica_mostrar_proc?cod_norma=519,Decreto Legislativo,2024-03-18,ConcessaoMedalha
Decreto Legislativo 1136/2024,Concede o Título de Cidadão do Recife ao Sr. Álvaro Porto de Barros.,https://publico.recife.pe.leg.br/consultas/norma_juridica/norma_juridica_mostrar_proc?cod_norma=500,Decreto Legislativo,2024-03-18,ConcessaoTitulo
Decreto Legislativo 1135/2024,Concede o Título de Cidadão do Recife ao Dr. Álvaro Dantas de Almeida Júnior.,https://publico.recife.pe.leg.br/consultas/norma_juridica/norma_juridica_mostrar_proc?cod_norma=496,Decreto Legislativo,2024-03-18,ConcessaoTitulo
Decreto Legislativo 1134/2024,Concede a Medalha de Mérito José Mariano ao Artista Plástico Leopoldo Nóbrega.,https://publico.recife.pe.leg.br/consultas/norma_juridica/norma_juridica_mostrar_proc?cod_norma=495,Decreto Legislativo,2024-03-18,ConcessaoMedalha
Decreto Legislativo 1133/2024,Concede o Título de Cidadão do Recife ao Sr. Wanderson Sobral Florêncio.,https://publico.recife.pe.leg.br/consultas/norma_juridica/norma_juridica_mostrar_proc?cod_norma=492,Decreto Legislativo,2024-03-18,ConcessaoTitulo
Decreto Legislativo 1132/2024,Concede a Medalha de Mérito Olegária Mariano a Srª Maria Guadalupe Freitas de Oliveira Silva.,https://publico.recife.pe.leg.br/consultas/norma_juridica/norma_juridica_mostrar_proc?cod_norma=520,Decreto Legislativo,2024-03-11,ConcessaoMedalha
Decreto Legislativo 1131/2024,Concede o Título de Cidadã do Recife à Sra. Mônica Felts de La Roca Soares.,https://publico.recife.pe.leg.br/consultas/norma_juridica/norma_juridica_mostrar_proc?cod_norma=498,Decreto Legislativo,2024-03-11,ConcessaoTitulo
Decreto Legislativo 1130/2024,Concede o Título de Cidadão do Recife ao Sr. Ranilson Brandão Ramos.,https://publico.recife.pe.leg.br/consultas/norma_juridica/norma_juridica_mostrar_proc?cod_norma=497,Decreto Legislativo,2024-03-11,ConcessaoTitulo
Decreto Legislativo 1129/2024,Concede o Título de Cidadã do Recife a Karla Maria de Oliveira Almeida.,https://publico.recife.pe.leg.br/consultas/norma_juridica/norma_juridica_mostrar_proc?cod_norma=494,Decreto Legislativo,2024-03-11,ConcessaoTitulo
Decreto Legislativo 1128/2024,Concede o Título de Cidadã do Recife a Senhora Maria José Vilaça.,https://publico.recife.pe.leg.br/consultas/norma_juridica/norma_juridica_mostrar_proc?cod_norma=296,Decreto Legislativo,2024-02-26,ConcessaoTitulo
Decreto Legislativo 1127/2024,Concede o Título de Cidadão do Recife a José Carlos Veras dos Santos (Carlos Veras).,https://publico.recife.pe.leg.br/consultas/norma_juridica/norma_juridica_mostrar_proc?cod_norma=524,Decreto Legislativo,2024-02-26,ConcessaoTitulo
Decreto Legislativo 1126/2024,Concede a Medalha de Mérito José Mariano ao Empresário e Artista Carlos Belo Afonso de Melo “Cuscuz dos Patins”.,https://publico.recife.pe.leg.br/consultas/norma_juridica/norma_juridica_mostrar_proc?cod_norma=522,Decreto Legislativo,2024-02-26,ConcessaoMedalha
Decreto Legislativo 1125/2024,Concede o Título de Cidadão do Recife ao Sr. Aderaldo de Oliveira Florêncio.,https://publico.recife.pe.leg.br/consultas/norma_juridica/norma_juridica_mostrar_proc?cod_norma=491,Decreto Legislativo,2024-02-26,ConcessaoTitulo
Decreto Legislativo 1124/2023,Concede o Título de Cidadão do Recife ao Advogado Antonio Braz da Silva.,https://publico.recife.pe.leg.br/consultas/norma_juridica/norma_juridica_mostrar_proc?cod_norma=490,Decreto Legislativo,2023-12-11,ConcessaoTitulo
Decreto Legislativo 1123/2023,Concede o Título de Cidadão do Recife ao Médico Sergio Luis Azevedo Martins.,https://publico.recife.pe.leg.br/consultas/norma_juridica/norma_juridica_mostrar_proc?cod_norma=489,Decreto Legislativo,2023-12-11,ConcessaoTitulo
Decreto Legislativo 1122/2023,Concede o Título de Cidadão do Recife ao Dr. Pedro Gonzaga Neto.,https://publico.recife.pe.leg.br/consultas/norma_juridica/norma_juridica_mostrar_proc?cod_norma=487,Decreto Legislativo,2023-12-11,ConcessaoTitulo
Decreto Legislativo 1121/2023,Concede o Título de Cidadã do Recife à Sra. Maria de Lourdes Tenório.,https://publico.recife.pe.leg.br/consultas/norma_juridica/norma_juridica_mostrar_proc?cod_norma=486,Decreto Legislativo,2023-12-11,ConcessaoTitulo
Decreto Legislativo 1120/2023,Concede a Medalha de Mérito José Mariano ao Cel. PM  Fred Jorge Parente Saraiva.,https://publico.recife.pe.leg.br/consultas/norma_juridica/norma_juridica_mostrar_proc?cod_norma=499,Decreto Legislativo,2023-12-11,ConcessaoMedalha
Decreto Legislativo 1119/2023,"Concede o Título de Cidadã do Recife à Professora fundadora do Curso de Letras da Universidade Federal Rural de Pernambuco (UFRPE) Dorilma
Neves Galdino Alves.",https://publico.recife.pe.leg.br/consultas/norma_juridica/norma_juridica_mostrar_proc?cod_norma=493,Decreto Legislativo,2023-12-05,ConcessaoTitulo
Decreto Legislativo 1118/2023,Concede o Título de Cidadã do Recife à Juíza de Direito Wilka Pinto Vilela.,https://publico.recife.pe.leg.br/consultas/norma_juridica/norma_juridica_mostrar_proc?cod_norma=485,Decreto Legislativo,2023-11-27,ConcessaoTitulo
Decreto Legislativo 1117/2023,Concede o Título de Cidadão do Recife ao Sr. Ilson Mateus Rodrigues,https://publico.recife.pe.leg.br/consultas/norma_juridica/norma_juridica_mostrar_proc?cod_norma=488,Decreto Legislativo,2023-11-13,ConcessaoTitulo
Decreto Legislativo 1116/2023,Concede a Medalha de Mérito José Mariano ao Sr. Aldemar Santos.,https://publico.recife.pe.leg.br/consultas/norma_juridica/norma_juridica_mostrar_proc?cod_norma=484,Decreto Legislativo,2023-11-13,ConcessaoMedalha
Decreto Legislativo 1115/2023,Concede o Título de Cidadão do Recife ao Cantor Sérgio Lopes.,https://publico.recife.pe.leg.br/consultas/norma_juridica/norma_juridica_mostrar_proc?cod_norma=483,Decreto Legislativo,2023-11-13,ConcessaoTitulo
Decreto Legislativo 1114/2023,"Concede o Título de Cidadão do Recife ao Sr. Gerson Lima Moura, conhecido como Beto Café.",https://publico.recife.pe.leg.br/consultas/norma_juridica/norma_juridica_mostrar_proc?cod_norma=482,Decreto Legislativo,2023-11-13,ConcessaoTitulo
Decreto Legislativo 1113/2023,CONCEDE O TÍTULO DE CIDADÃ DO RECIFE À SRA. MARGARETH MENEZES DA PURIFICAÇÃO COSTA.,https://publico.recife.pe.leg.br/consultas/norma_juridica/norma_juridica_mostrar_proc?cod_norma=426,Decreto Legislativo,2023-11-13,ConcessaoTitulo
Decreto Legislativo 1112/2023,Concede a Medalha de Mérito José Mariano ao Tenente Coronel Alexandre Arruda Pereira e Silva.,https://publico.recife.pe.leg.br/consultas/norma_juridica/norma_juridica_mostrar_proc?cod_norma=416,Decreto Legislativo,2023-10-23,ConcessaoMedalha
Decreto Legislativo 1111/2023,Concede a Medalha de Mérito José Mariano ao Empresário Ilson Mateus Rodrigues.,https://publico.recife.pe.leg.br/consultas/norma_juridica/norma_juridica_mostrar_proc?cod_norma=415,Decreto Legislativo,2023-10-23,ConcessaoMedalha
Decreto Legislativo 1110/2023,Concede a Medalha de Mérito José Mariano ao Tenente-Coronel Alex Francisco da Silva.,https://publico.recife.pe.leg.br/consultas/norma_juridica/norma_juridica_mostrar_proc?cod_norma=412,Decreto Legislativo,2023-10-23,ConcessaoMedalha
Decreto Legislativo 1109/2023,Concede o Título de Cidadão do Recife ao Jornalista e Apresentador EVENILSON SANTOS SANTANA (Mike Tyson).,https://publico.recife.pe.leg.br/consultas/norma_juridica/norma_juridica_mostrar_proc?cod_norma=480,Decreto Legislativo,2023-10-10,ConcessaoTitulo
Decreto Legislativo 1108/2023,Concede o Título de Cidadão do Recife ao Sr. Vágner Silva de Souza (Vágner Love).,https://publico.recife.pe.leg.br/consultas/norma_juridica/norma_juridica_mostrar_proc?cod_norma=378,Decreto Legislativo,2023-10-10,ConcessaoTitulo
Decreto Legislativo 1107/2023,Concede o Título de Cidadão do Recife ao Sr. Paulo Augusto Rodrigues Moura – Paulo Moura.,https://publico.recife.pe.leg.br/consultas/norma_juridica/norma_juridica_mostrar_proc?cod_norma=481,Decreto Legislativo,2023-10-02,ConcessaoTitulo
Decreto Legislativo 1106/2023,Concede o Título de Cidadão do Recife ao jogador de futebol Diego de Souza Andrade.,https://publico.recife.pe.leg.br/consultas/norma_juridica/norma_juridica_mostrar_proc?cod_norma=410,Decreto Legislativo,2023-09-25,ConcessaoTitulo
Decreto Legislativo 1105/2023,Concede o Título de Cidadão do Recife ao Médico Perito “Dr. Luiz Pereira de Mello”.,https://publico.recife.pe.leg.br/consultas/norma_juridica/norma_juridica_mostrar_proc?cod_norma=425,Decreto Legislativo,2023-09-18,ConcessaoTitulo
Decreto Legislativo 1104/2023,Concede o Título de Cidadã do Recife à Cantora e Compositora Gerlane Lops.,https://publico.recife.pe.leg.br/consultas/norma_juridica/norma_juridica_mostrar_proc?cod_norma=405,Decreto Legislativo,2023-09-11,ConcessaoTitulo
Decreto Legislativo 1103/2023,Concede a Medalha de Mérito Olegária Mariano à Maria Eduarda Fernandes.,https://publico.recife.pe.leg.br/consultas/norma_juridica/norma_juridica_mostrar_proc?cod_norma=401,Decreto Legislativo,2023-09-11,ConcessaoMedalha
Decreto Legislativo 1102/2023,Concede o Título de Cidadão do Recife ao Empresário Jailson Marcos.,https://publico.recife.pe.leg.br/consultas/norma_juridica/norma_juridica_mostrar_proc?cod_norma=399,Decreto Legislativo,2023-09-11,ConcessaoTitulo
Decreto Legislativo 1101/2023,Concede o Título de Cidadão do Recife ao Sr. Hemerson da Silva Ferreira (Mc Tocha).,https://publico.recife.pe.leg.br/consultas/norma_juridica/norma_juridica_mostrar_proc?cod_norma=396,Decreto Legislativo,2023-09-11,ConcessaoTitulo
Decreto Legislativo 1100/2023,Concede o Título de Cidadã do Recife à Sra. Antônia Cristina Amaral Silva – Cristina Amaral.,https://publico.recife.pe.leg.br/consultas/norma_juridica/norma_juridica_mostrar_proc?cod_norma=375,Decreto Legislativo,2023-09-11,ConcessaoTitulo
Decreto Legislativo 1099/2023,Concede o Título de Cidadão do Recife ao musicista Juliano Holanda.,https://publico.recife.pe.leg.br/consultas/norma_juridica/norma_juridica_mostrar_proc?cod_norma=374,Decreto Legislativo,2023-09-11,ConcessaoTitulo
Decreto Legislativo 1098/2023,Concede a Medalha de Mérito José Mariano ao Sr. Manoel Leôncio Correia Filho.,https://publico.recife.pe.leg.br/consultas/norma_juridica/norma_juridica_mostrar_proc?cod_norma=409,Decreto Legislativo,2023-09-11,ConcessaoMedalha
Decreto Legislativo 1097/2023,Concede a Medalha de Mérito José Mariano a Eduardo Emílio Andrade Faye das Chagas Holanda,https://publico.recife.pe.leg.br/consultas/norma_juridica/norma_juridica_mostrar_proc?cod_norma=407,Decreto Legislativo,2023-09-11,ConcessaoMedalha
Decreto Legislativo 1096/2023,"Revoga o Decreto Legislativo nº 1.013, de 15 de fevereiro de 2022, que Concede o Título de Cidadão do Recife ao Sr. Alexandre Vitor Passos Assumpção.",https://publico.recife.pe.leg.br/consultas/norma_juridica/norma_juridica_mostrar_proc?cod_norma=377,Decreto Legislativo,2023-09-11,ConcessaoTitulo
Decreto Legislativo 1095/2023,"Dispõe sobre a revogação do Decreto Legislativo nº 1.012, de 15 de fevereiro de 2022, que Concede o Título de Cidadã do Recife à Sra. Ana Luiza Francia Assumpção Passos.",https://publico.recife.pe.leg.br/consultas/norma_juridica/norma_juridica_mostrar_proc?cod_norma=376,Decreto Legislativo,2023-09-06,ConcessaoTitulo
Decreto Legislativo 1094/2023,Concede o Título de Cidadão do Recife ao Padre Fabio Farias por relevantes serviços prestados à sociedade recifense.,https://publico.recife.pe.leg.br/consultas/norma_juridica/norma_juridica_mostrar_proc?cod_norma=403,Decreto Legislativo,2023-08-29,ConcessaoTitulo
Decreto Legislativo 1093/2023,Concede o Título de Cidadã do Recife à Sra. Iva das Neves Lima de Souza.,https://publico.recife.pe.leg.br/consultas/norma_juridica/norma_juridica_mostrar_proc?cod_norma=398,Decreto Legislativo,2023-08-22,ConcessaoTitulo
Decreto Legislativo 1092/2023,Concede o Título de Cidadão do Recife ao Sr. Antônio Gonçalves de Souza Sobrinho.,https://publico.recife.pe.leg.br/consultas/norma_juridica/norma_juridica_mostrar_proc?cod_norma=379,Decreto Legislativo,2023-08-22,ConcessaoTitulo
Decreto Legislativo 1091/2023,"Concede a Medalha de Mérito José Mariano ao Secretário Executivo de Articulação Política do Recife, Tarcísio Montenegro Amaral Ribeiro.",https://publico.recife.pe.leg.br/consultas/norma_juridica/norma_juridica_mostrar_proc?cod_norma=370,Decreto Legislativo,2023-08-22,ConcessaoTitulo
Decreto Legislativo 1090/2023,"Concede a Medalha de Mérito José Mariano ao Excelentíssimo Sr. Ricardo de Oliveira Paes Barreto, Desembargador do Tribunal de Justiça de Pernambuco.",https://publico.recife.pe.leg.br/consultas/norma_juridica/norma_juridica_mostrar_proc?cod_norma=328,Decreto Legislativo,2023-07-03,ConcessaoMedalha
Decreto Legislativo 1089/2023,"Concede a Medalha de Mérito José Mariano ao Excelentíssimo Sr. Itamar Pereira da Silva Júnior, Desembargador do Tribunal de Justiça de Pernambuco.",https://publico.recife.pe.leg.br/consultas/norma_juridica/norma_juridica_mostrar_proc?cod_norma=326,Decreto Legislativo,2023-07-03,ConcessaoMedalha
Decreto Legislativo 1088/2023,Concede o Título de Cidadão do Recife ao Sr. Anderson Christian Alves Lucena de Melo.,https://publico.recife.pe.leg.br/consultas/norma_juridica/norma_juridica_mostrar_proc?cod_norma=373,Decreto Legislativo,2023-06-05,ConcessaoTitulo
Decreto Legislativo 1087/2023,Concede o Título de Cidadã do Recife a Roberta Claro Romão Corrêa.,https://publico.recife.pe.leg.br/consultas/norma_juridica/norma_juridica_mostrar_proc?cod_norma=372,Decreto Legislativo,2023-06-05,ConcessaoTitulo
Decreto Legislativo 1086/2023,Concede o Título de Cidadão do Recife ao Sr. Paulo Dutra de Morais Barboza.,https://publico.recife.pe.leg.br/consultas/norma_juridica/norma_juridica_mostrar_proc?cod_norma=371,Decreto Legislativo,2023-06-05,ConcessaoTitulo
Decreto Legislativo 1085/2023,Concede a Medalha de Mérito Olegária Mariano à Renata Berenguer de Queiroz Moreira.,https://publico.recife.pe.leg.br/consultas/norma_juridica/norma_juridica_mostrar_proc?cod_norma=368,Decreto Legislativo,2023-06-05,ConcessaoMedalha
Decreto Legislativo 1084/2023,Concede o Título de Cidadã do Recife a Sra. Everdelina Roberta Araújo de Meneses.,https://publico.recife.pe.leg.br/consultas/norma_juridica/norma_juridica_mostrar_proc?cod_norma=357,Decreto Legislativo,2023-06-05,ConcessaoTitulo
Decreto Legislativo 1083/2023,"Concede a Medalha de Mérito José Mariano ao Excelentíssimo Sr. Humberto Costa Vasconcelos Júnior, Desembargador do Tribunal de Justiça de Pernambuco.",https://publico.recife.pe.leg.br/consultas/norma_juridica/norma_juridica_mostrar_proc?cod_norma=327,Decreto Legislativo,2023-06-05,ConcessaoMedalha
Decreto Legislativo 1082/2023,"Concede a Medalha de Mérito José Mariano ao Agente da Polícia Federal, o Sr. Roberto Francisco dos Santos, pelos relevantes serviços prestados na segurança pública.",https://publico.recife.pe.leg.br/consultas/norma_juridica/norma_juridica_mostrar_proc?cod_norma=475,Decreto Legislativo,2023-06-05,ConcessaoMedalha
Decreto Legislativo 1081/2023,Concede o Título de Cidadão para o Sr. Flávio José de Amorim.,https://publico.recife.pe.leg.br/consultas/norma_juridica/norma_juridica_mostrar_proc?cod_norma=841,Decreto Legislativo,2023-05-30,ConcessaoTitulo
Decreto Legislativo 1080/2023,Concede o Título de Cidadão do Recife ao Sr. Ronaldo Dalcin.,https://publico.recife.pe.leg.br/consultas/norma_juridica/norma_juridica_mostrar_proc?cod_norma=352,Decreto Legislativo,2023-05-30,ConcessaoTitulo
Decreto Legislativo 1079/2023,"Concede a Medalha de Mérito José Mariano ao Excelentíssimo Sr. Agenor Ferreira de Lima Filho, Desembargador do Tribunal de Justiça de Pernambuco.",https://publico.recife.pe.leg.br/consultas/norma_juridica/norma_juridica_mostrar_proc?cod_norma=350,Decreto Legislativo,2023-05-30,ConcessaoMedalha
Decreto Legislativo 1078/2023,Concede o Título de Cidadão do Recife ao Sr. Vicente Jorge Espindola Rodrigues.,https://publico.recife.pe.leg.br/consultas/norma_juridica/norma_juridica_mostrar_proc?cod_norma=325,Decreto Legislativo,2023-05-30,ConcessaoTitulo
Decreto Legislativo 1077/2023,Concede o Título de Cidadão Recifense ao Irmão Marcelo Barros.,https://publico.recife.pe.leg.br/consultas/norma_juridica/norma_juridica_mostrar_proc?cod_norma=324,Decreto Legislativo,2023-04-17,ConcessaoTitulo
Decreto Legislativo 1076/2023,"Concede a Medalha de Mérito José Mariano ao Senhor Ivanildo Marques da Silva, o “Conde Só Brega”",https://publico.recife.pe.leg.br/consultas/norma_juridica/norma_juridica_mostrar_proc?cod_norma=323,Decreto Legislativo,2023-04-17,ConcessaoMedalha
Decreto Legislativo 1075/2023,Altera o Decreto Legislativo nº 935 de 18 de dezembro de 2019.,https://publico.recife.pe.leg.br/consultas/norma_juridica/norma_juridica_mostrar_proc?cod_norma=843,Decreto Legislativo,2023-04-03,Outro
Decreto Legislativo 1074/2023,Concede o Título de Cidadã do Recife à Sra. Raphaela Santos Souza da Silva.,https://publico.recife.pe.leg.br/consultas/norma_juridica/norma_juridica_mostrar_proc?cod_norma=322,Decreto Legislativo,2023-04-03,ConcessaoTitulo
Decreto Legislativo 1073/2023,"Concede a Medalha de Mérito Olegária Mariano à Raquel Teixeira Lyra Lucena, eleita a primeira mulher para governar o Estado de Pernambuco.",https://publico.recife.pe.leg.br/consultas/norma_juridica/norma_juridica_mostrar_proc?cod_norma=478,Decreto Legislativo,2023-04-03,ConcessaoMedalha
Decreto Legislativo 1072/2023,"Concede a Medalha de Mérito
Olegária Mariano a Sra. Carli Lima
Amorim.",https://publico.recife.pe.leg.br/consultas/norma_juridica/norma_juridica_mostrar_proc?cod_norma=817,Decreto Legislativo,2023-03-21,ConcessaoMedalha
Decreto Legislativo 1071/2022,Concede o Título de Cidadão do Recife ao Sr. Manoel Carneiro da Silva.,https://publico.recife.pe.leg.br/consultas/norma_juridica/norma_juridica_mostrar_proc?cod_norma=477,Decreto Legislativo,2022-12-05,ConcessaoTitulo
Decreto Legislativo 1070/2022,Concede a Medalha de Mérito José Mariano ao Procurador-Geral de Justiça Paulo Augusto de Freitas Oliveira.,https://publico.recife.pe.leg.br/consultas/norma_juridica/norma_juridica_mostrar_proc?cod_norma=479,Decreto Legislativo,2022-12-05,ConcessaoMedalha
Decreto Legislativo 1069/2022,Concede o Título de Cidadão do Recife a Antônio Lopes Miranda.,https://publico.recife.pe.leg.br/consultas/norma_juridica/norma_juridica_mostrar_proc?cod_norma=476,Decreto Legislativo,2022-11-29,ConcessaoTitulo
Decreto Legislativo 1068/2022,Concede a Medalha de Mérito José Mariano ao Instituto de Identificação Tavares Buril (IITB).,https://publico.recife.pe.leg.br/consultas/norma_juridica/norma_juridica_mostrar_proc?cod_norma=466,Decreto Legislativo,2022-11-01,ConcessaoMedalha
Decreto Legislativo 1067/2022,Concede a Medalha de Mérito José Mariano ao Sr. Sérgio Murilo Junior.,https://publico.recife.pe.leg.br/consultas/norma_juridica/norma_juridica_mostrar_proc?cod_norma=470,Decreto Legislativo,2022-11-01,ConcessaoMedalha
Decreto Legislativo 1066/2022,"Concede o Título de Cidadão do Recife ao Sr. Manoel Humberto Gonzaga Lima, Presidente Nacional da União Nacional dos Conselhos Municipais de Educação (UNCME).",https://publico.recife.pe.leg.br/consultas/norma_juridica/norma_juridica_mostrar_proc?cod_norma=468,Decreto Legislativo,2022-11-01,ConcessaoTitulo
Decreto Legislativo 1065/2022,Concede o Título de Cidadão do Recife ao Sr. John Peter Rodgerson.,https://publico.recife.pe.leg.br/consultas/norma_juridica/norma_juridica_mostrar_proc?cod_norma=474,Decreto Legislativo,2022-10-24,ConcessaoTitulo
Decreto Legislativo 1064/2022,Concede o Título de Cidadão do Recife ao Sr. Fabio Barros Franco de Campos,https://publico.recife.pe.leg.br/consultas/norma_juridica/norma_juridica_mostrar_proc?cod_norma=473,Decreto Legislativo,2022-10-24,ConcessaoTitulo
Decreto Legislativo 1063/2022,Concede o Título de Cidadão do Recife ao Advogado e Doutor Ricardo Sérvulo Fonsêca da Costa,https://publico.recife.pe.leg.br/consultas/norma_juridica/norma_juridica_mostrar_proc?cod_norma=472,Decreto Legislativo,2022-10-24,ConcessaoTitulo
Decreto Legislativo 1062/2022,"Concede o Título de Cidadão do Recife ao Senhor Arlindo Laurindo de Matos Júnior, Padre Arlindo.",https://publico.recife.pe.leg.br/consultas/norma_juridica/norma_juridica_mostrar_proc?cod_norma=471,Decreto Legislativo,2022-10-24,ConcessaoTitulo
Decreto Legislativo 1061/2022,Concede o Título de Cidadão do Recife ao Sr. Rogério Alves Ribeiro.,https://publico.recife.pe.leg.br/consultas/norma_juridica/norma_juridica_mostrar_proc?cod_norma=467,Decreto Legislativo,2022-10-24,ConcessaoTitulo
Decreto Legislativo 1060/2022,Concede a Medalha de Mérito José Mariano ao Professor Ivys Urquiza.,https://publico.recife.pe.leg.br/consultas/norma_juridica/norma_juridica_mostrar_proc?cod_norma=458,Decreto Legislativo,2022-10-24,ConcessaoMedalha
Decreto Legislativo 1059/2022,Concede o Título de Cidadão do Recife ao Sr. José Renato Accioly.,https://publico.recife.pe.leg.br/consultas/norma_juridica/norma_juridica_mostrar_proc?cod_norma=457,Decreto Legislativo,2022-10-24,ConcessaoTitulo
Decreto Legislativo 1058/2022,Concede o Título de Cidadão do Recife ao Sr. Elielson Leandro de Lira Lima.,https://publico.recife.pe.leg.br/consultas/norma_juridica/norma_juridica_mostrar_proc?cod_norma=469,Decreto Legislativo,2022-10-17,ConcessaoTitulo
Decreto Legislativo 1057/2022,Concede a Medalha de Mérito José Mariano ao Sr. Luiz Fernando Bandeira de Mello,https://publico.recife.pe.leg.br/consultas/norma_juridica/norma_juridica_mostrar_proc?cod_norma=465,Decreto Legislativo,2022-10-10,ConcessaoMedalha
Decreto Legislativo 1056/2022,Concede o Título de Cidadã do Recife à Senhora Lia de Itamaracá.,https://publico.recife.pe.leg.br/consultas/norma_juridica/norma_juridica_mostrar_proc?cod_norma=462,Decreto Legislativo,2022-10-10,ConcessaoTitulo
Decreto Legislativo 1055/2022,Concede o Título de Cidadão do Recife ao Sr. Maurílio José Rodrigues da Silva.,https://publico.recife.pe.leg.br/consultas/norma_juridica/norma_juridica_mostrar_proc?cod_norma=460,Decreto Legislativo,2022-09-19,ConcessaoTitulo
Decreto Legislativo 1054/2022,Concede a Medalha de Mérito Olegário Mariano à Sra. Mirtes Renata Santana de Souza,https://publico.recife.pe.leg.br/consultas/norma_juridica/norma_juridica_mostrar_proc?cod_norma=456,Decreto Legislativo,2022-09-12,ConcessaoMedalha
Decreto Legislativo 1053/2022,"Concede a Medalha de Mérito José Mariano ao Instituto Aliança de Linguística, Teologia e Humanidades (IALTH).",https://publico.recife.pe.leg.br/consultas/norma_juridica/norma_juridica_mostrar_proc?cod_norma=449,Decreto Legislativo,2022-09-12,ConcessaoMedalha
Decreto Legislativo 1052/2022,Concede o Título de Cidadão do Recife a Tomé Ferreira de Lima.,https://publico.recife.pe.leg.br/consultas/norma_juridica/norma_juridica_mostrar_proc?cod_norma=431,Decreto Legislativo,2022-09-12,ConcessaoTitulo
Decreto Legislativo 1051/2022,Concede a Medalha de Mérito José Mariano ao Deputado Estadual Isaltino Nascimento.,https://publico.recife.pe.leg.br/consultas/norma_juridica/norma_juridica_mostrar_proc?cod_norma=464,Decreto Legislativo,2022-08-30,ConcessaoMedalha
Decreto Legislativo 1050/2022,"Concede a Medalha de Mérito José Mariano ao
Centro de Cultura Luiz Freire.",https://publico.recife.pe.leg.br/consultas/norma_juridica/norma_juridica_mostrar_proc?cod_norma=461,Decreto Legislativo,2022-08-30,ConcessaoMedalha
Decreto Legislativo 1049/2022,Concede o Título de Cidadão do Recife ao Sr. Gilmar Ferreira Mendes.,https://publico.recife.pe.leg.br/consultas/norma_juridica/norma_juridica_mostrar_proc?cod_norma=463,Decreto Legislativo,2022-08-22,ConcessaoTitulo
Decreto Legislativo 1048/2022,Concede o Título de Cidadã do Recife à Sra. Denise Maria Botelho.,https://publico.recife.pe.leg.br/consultas/norma_juridica/norma_juridica_mostrar_proc?cod_norma=445,Decreto Legislativo,2022-08-16,ConcessaoTitulo
Decreto Legislativo 1047/2022,Concede a Medalha de Mérito José Mariano ao Senhor Manoel Ferreira da Silva.,https://publico.recife.pe.leg.br/consultas/norma_juridica/norma_juridica_mostrar_proc?cod_norma=447,Decreto Legislativo,2022-08-16,ConcessaoMedalha
Decreto Legislativo 1046/2022,Concede a Medalha de Mérito Olegária Mariano à Sra. Mônica Oliveira.,https://publico.recife.pe.leg.br/consultas/norma_juridica/norma_juridica_mostrar_proc?cod_norma=455,Decreto Legislativo,2022-08-16,ConcessaoMedalha
Decreto Legislativo 1045/2022,Concede o Título de Cidadã do Recife à Pastora e Escritora Ezenete Rodrigues,https://publico.recife.pe.leg.br/consultas/norma_juridica/norma_juridica_mostrar_proc?cod_norma=444,Decreto Legislativo,2022-08-16,ConcessaoTitulo
Decreto Legislativo 1044/2022,"Concede a Medalha de Mérito Olegária Mariano à Secretária de Desenvolvimento Social, Juventude, Políticas sobre Drogas e Direitos Humanos, Ana Rita Suassuna.",https://publico.recife.pe.leg.br/consultas/norma_juridica/norma_juridica_mostrar_proc?cod_norma=448,Decreto Legislativo,2022-08-09,ConcessaoMedalha
Decreto Legislativo 1043/2022,Concede o Título de Cidadão do Recife ao Sr. Geraldo Maximiano de Lima (“Rei do Omelete”).,https://publico.recife.pe.leg.br/consultas/norma_juridica/norma_juridica_mostrar_proc?cod_norma=440,Decreto Legislativo,2022-08-09,ConcessaoTitulo
Decreto Legislativo 1042/2022,"Concede a Medalha de Mérito José Mariano ao Presidente Nacional do Partido Progressistas (PP), Senador Ciro Nogueira Lima Filho.",https://publico.recife.pe.leg.br/consultas/norma_juridica/norma_juridica_mostrar_proc?cod_norma=454,Decreto Legislativo,2022-08-09,ConcessaoMedalha
Decreto Legislativo 1041/2022,Concede o Título de Cidadão do Recife ao Sr. Leonardo Framil.,https://publico.recife.pe.leg.br/consultas/norma_juridica/norma_juridica_mostrar_proc?cod_norma=451,Decreto Legislativo,2022-08-08,ConcessaoTitulo
Decreto Legislativo 1040/2022,Concede o Título de Cidadã do Recife à Sra. Maria do Socorro de Lima Oliveira.,https://publico.recife.pe.leg.br/consultas/norma_juridica/norma_juridica_mostrar_proc?cod_norma=439,Decreto Legislativo,2022-08-08,ConcessaoTitulo
Decreto Legislativo 1039/2022,Concede o Título de Cidadão do Recife ao Sr. João Fernando Gomes Valério.,https://publico.recife.pe.leg.br/consultas/norma_juridica/norma_juridica_mostrar_proc?cod_norma=459,Decreto Legislativo,2022-08-08,ConcessaoTitulo
Decreto Legislativo 1038/2022,Concede a Medalha de Mérito José Mariano ao Senhor André Régis de Carvalho.,https://publico.recife.pe.leg.br/consultas/norma_juridica/norma_juridica_mostrar_proc?cod_norma=446,Decreto Legislativo,2022-07-04,ConcessaoMedalha
Decreto Legislativo 1037/2022,Concede o Título de Cidadão do Recife ao Sr. Josberto Raimundo da Silva.,https://publico.recife.pe.leg.br/consultas/norma_juridica/norma_juridica_mostrar_proc?cod_norma=436,Decreto Legislativo,2022-07-04,ConcessaoTitulo
Decreto Legislativo 1036/2022,Concede o Título de Cidadão do Recife ao Senhor Clodoaldo Magalhães Oliveira Lyra.,https://publico.recife.pe.leg.br/consultas/norma_juridica/norma_juridica_mostrar_proc?cod_norma=432,Decreto Legislativo,2022-07-04,ConcessaoTitulo
Decreto Legislativo 1035/2022,Concede o Título de Cidadã do Recife à Cantora Silvana Raquel Salazar de Araújo.,https://publico.recife.pe.leg.br/consultas/norma_juridica/norma_juridica_mostrar_proc?cod_norma=453,Decreto Legislativo,2022-06-27,ConcessaoTitulo
Decreto Legislativo 1034/2022,Concede a Medalha de Mérito José Mariano ao Sr. Rodrigo Cavalcanti Novaes.,https://publico.recife.pe.leg.br/consultas/norma_juridica/norma_juridica_mostrar_proc?cod_norma=452,Decreto Legislativo,2022-06-13,ConcessaoMedalha
Decreto Legislativo 1033/2022,Concede o Título de Cidadão do Recife ao Policial Rodoviário Federal Washington Pereira Barros.,https://publico.recife.pe.leg.br/consultas/norma_juridica/norma_juridica_mostrar_proc?cod_norma=450,Decreto Legislativo,2022-06-13,ConcessaoTitulo
Decreto Legislativo 1032/2022,Concede o Título de Cidadão do Recife ao 1° Tenente Rony da Silva Ferreira.,https://publico.recife.pe.leg.br/consultas/norma_juridica/norma_juridica_mostrar_proc?cod_norma=443,Decreto Legislativo,2022-06-13,ConcessaoTitulo
Decreto Legislativo 1031/2022,Concede o Título de Cidadã do Recife à Jornalista e Apresentadora Meiry Lanunce.,https://publico.recife.pe.leg.br/consultas/norma_juridica/norma_juridica_mostrar_proc?cod_norma=442,Decreto Legislativo,2022-06-13,ConcessaoTitulo
Decreto Legislativo 1030/2022,Concede o Título de Cidadão do Recife ao Sr. Carlos Roberto Siqueira de Barros.,https://publico.recife.pe.leg.br/consultas/norma_juridica/norma_juridica_mostrar_proc?cod_norma=441,Decreto Legislativo,2022-06-13,ConcessaoTitulo
Decreto Legislativo 1029/2022,Concede o título de “Cidadão do Recife” ao Sr. José Walter Pedrosa Cavalcanti (Tito).,https://publico.recife.pe.leg.br/consultas/norma_juridica/norma_juridica_mostrar_proc?cod_norma=438,Decreto Legislativo,2022-06-13,ConcessaoTitulo
Decreto Legislativo 1028/2022,Concede o Título de Cidadão do Recife a Nizan Massur de Carvalho Guanaes Gomes.,https://publico.recife.pe.leg.br/consultas/norma_juridica/norma_juridica_mostrar_proc?cod_norma=435,Decreto Legislativo,2022-05-23,ConcessaoTitulo
Decreto Legislativo 1027/2022,Concede o Título de Cidadão do Recife ao Coronel do Exército Brasileiro Emerson Bezerra de Lima.,https://publico.recife.pe.leg.br/consultas/norma_juridica/norma_juridica_mostrar_proc?cod_norma=430,Decreto Legislativo,2022-05-23,ConcessaoTitulo
Decreto Legislativo 1026/2022,Concede a Medalha de Mérito Olegária Mariano à Arquiteta Urbanista Amélia Maria de Oliveira Reynaldo.,https://publico.recife.pe.leg.br/consultas/norma_juridica/norma_juridica_mostrar_proc?cod_norma=429,Decreto Legislativo,2022-05-23,ConcessaoMedalha
Decreto Legislativo 1025/2022,Concede o Título de Cidadão do Recife ao Sr. Evangelista Severino de Lima.,https://publico.recife.pe.leg.br/consultas/norma_juridica/norma_juridica_mostrar_proc?cod_norma=434,Decreto Legislativo,2022-05-23,ConcessaoTitulo
Decreto Legislativo 1024/2022,Concede a Medalha de Mérito Olegária Mariano a Senhora Marta Eugênia Cavalcanti Lima.,https://publico.recife.pe.leg.br/consultas/norma_juridica/norma_juridica_mostrar_proc?cod_norma=428,Decreto Legislativo,2022-05-16,ConcessaoMedalha
Decreto Legislativo 1023/2022,Concede o Título de Cidadão do Recife ao Sr. Leonardo Coutinho de Arruda.,https://publico.recife.pe.leg.br/consultas/norma_juridica/norma_juridica_mostrar_proc?cod_norma=345,Decreto Legislativo,2022-05-16,ConcessaoTitulo
Decreto Legislativo 1022/2022,Concede o Título de Cidadão do Recife ao Senhor ALARICO ANTÔNIO FROTA MONT’ALVERNE.,https://publico.recife.pe.leg.br/consultas/norma_juridica/norma_juridica_mostrar_proc?cod_norma=811,Decreto Legislativo,2022-05-16,ConcessaoTitulo
Decreto Legislativo 1021/2022,Concede o Título de Cidadão do Recife ao ex-Jogador Danny Bittencourt Morais.,https://publico.recife.pe.leg.br/consultas/norma_juridica/norma_juridica_mostrar_proc?cod_norma=437,Decreto Legislativo,2022-05-16,ConcessaoTitulo
Decreto Legislativo 1020/2022,Autoriza o Prefeito do Recife a se ausentar do País no período de 11 de abril de 2022 a 19 de abril de 2022.,https://publico.recife.pe.leg.br/consultas/norma_juridica/norma_juridica_mostrar_proc?cod_norma=917,Decreto Legislativo,2022-04-11,AutorizacaoAusencia
Decreto Legislativo 1019/2022,Autoriza a Vice-Prefeita do Recife a se ausentar do País no período de 11 de abril de 2022 a 25 de abril de 2022.,https://publico.recife.pe.leg.br/consultas/norma_juridica/norma_juridica_mostrar_proc?cod_norma=916,Decreto Legislativo,2022-04-11,AutorizacaoAusencia
Decreto Legislativo 1018/2022,Concede o Título de Cidadão do Recife ao Sr. Washington Bell Marques da Silva - Bell Marques,https://publico.recife.pe.leg.br/consultas/norma_juridica/norma_juridica_mostrar_proc?cod_norma=848,Decreto Legislativo,2022-04-05,ConcessaoTitulo
Decreto Legislativo 1017/2022,"Concede a Medalha de Mérito José
Mariano ao Sr. Henrique Seixas.",https://publico.recife.pe.leg.br/consultas/norma_juridica/norma_juridica_mostrar_proc?cod_norma=815,Decreto Legislativo,2022-03-21,ConcessaoMedalha
Decreto Legislativo 1016/2022,"Concede a Medalha de Mérito José
Mariano ao Sr. José Fernando Alves
Zacarias",https://publico.recife.pe.leg.br/consultas/norma_juridica/norma_juridica_mostrar_proc?cod_norma=816,Decreto Legislativo,2022-03-21,ConcessaoMedalha
Decreto Legislativo 1013/2022,"Concede o Título de Cidadão do Recife ao Sr. Alexandre Vitor Passos Assumpção, Bispo da Igreja Sara Nossa Terra.",https://publico.recife.pe.leg.br/consultas/norma_juridica/norma_juridica_mostrar_proc?cod_norma=612,Decreto Legislativo,2022-02-15,ConcessaoTitulo
Decreto Legislativo 1012/2022,"Concede o Título de Cidadã do Recife à Sra. Ana Luiza Francia Assumpção Passos, Bispa da Igreja Sara Nossa Terra.",https://publico.recife.pe.leg.br/consultas/norma_juridica/norma_juridica_mostrar_proc?cod_norma=611,Decreto Legislativo,2022-02-15,ConcessaoTitulo
Decreto Legislativo 1011/2022,"Regulamenta a aplicação, no âmbito da Câmara Municipal do Recife, da Lei Federal nº 12.527/11 e dá outras providências.",https://publico.recife.pe.leg.br/consultas/norma_juridica/norma_juridica_mostrar_proc?cod_norma=361,Decreto Legislativo,2022-02-15,Outro
Decreto Legislativo 1008/2022,CONCEDE A MEDALHA DE MÉRITO OLEGÁRIA MARIANO À SRA. LEDA ALVES.,https://publico.recife.pe.leg.br/consultas/norma_juridica/norma_juridica_mostrar_proc?cod_norma=598,Decreto Legislativo,2022-02-14,ConcessaoMedalha
Decreto Legislativo 1007/2022,CONCEDE A MEDALHA DE MÉRITO JOSÉ MARIANO À SRA. MARIA LUCIA BRITO FERREIRA.,https://publico.recife.pe.leg.br/consultas/norma_juridica/norma_juridica_mostrar_proc?cod_norma=661,Decreto Legislativo,2022-02-15,ConcessaoMedalha
Decreto Legislativo 1015/2021,Concede a Medalha de Mérito Olegária Mariano a Senhora Ana Paula de Oliveira Vilaça Leal.,https://publico.recife.pe.leg.br/consultas/norma_juridica/norma_juridica_mostrar_proc?cod_norma=810,Decreto Legislativo,2021-02-22,ConcessaoMedalha
Decreto Legislativo 1014/2021,CONCEDE A MEDALHA DE MÉRITO JOSÉ MARIANO AO PREFEITO JOÃO HENRIQUE DE ANDRADE LIMA CAMPOS,https://publico.recife.pe.leg.br/consultas/norma_juridica/norma_juridica_mostrar_proc?cod_norma=801,Decreto Legislativo,2021-02-15,ConcessaoMedalha
Decreto Legislativo 1010/2021,"Concede o ""Titulo de Cidadão do Recife"" ao empresário Lu Gongrong.",https://publico.recife.pe.leg.br/consultas/norma_juridica/norma_juridica_mostrar_proc?cod_norma=806,Decreto Legislativo,2021-02-15,ConcessaoTitulo
Decreto Legislativo 1009/2021,Concede o Título de Cidadão de Recife a Alanir Cardoso,https://publico.recife.pe.leg.br/consultas/norma_juridica/norma_juridica_mostrar_proc?cod_norma=803,Decreto Legislativo,2021-02-15,ConcessaoTitulo
Decreto Legislativo 1006/2021,Concede a Medalha de Mérito Olegária Mariano à Senhora Priscila Krause Branco.,https://publico.recife.pe.leg.br/consultas/norma_juridica/norma_juridica_mostrar_proc?cod_norma=807,Decreto Legislativo,2021-12-20,ConcessaoMedalha
Decreto Legislativo 1005/2021,CONCEDE O TÍTULO DE CIDADÃO DO RECIFE AO SR. MURILO RODRIGUES CAVALCANTI.,https://publico.recife.pe.leg.br/consultas/norma_juridica/norma_juridica_mostrar_proc?cod_norma=609,Decreto Legislativo,2021-12-20,ConcessaoTitulo
Decreto Legislativo 1004/2021,"Concede o Título de Cidadão
Recifense ao Jornalista Senhor
FRANCISCO JOSÉ DE BRITO.",https://publico.recife.pe.leg.br/consultas/norma_juridica/norma_juridica_mostrar_proc?cod_norma=812,Decreto Legislativo,2021-12-14,ConcessaoTitulo
Decreto Legislativo 1003/2021,CONCEDE A MEDALHA DE MÉRITO JOSÉ MARIANO AO ESTUDANTE FRED RAMON DOS SANTOS.,https://publico.recife.pe.leg.br/consultas/norma_juridica/norma_juridica_mostrar_proc?cod_norma=608,Decreto Legislativo,2021-11-22,ConcessaoMedalha
Decreto Legislativo 1002/2021,"CONCEDE A MEDALHA DE MÉRITO OLEGÁRIA MARIANO À SRA. REGINA CÉLIA ALMEIDA, COFUNDADORA E VICE-PRESIDENTE DO INSTITUTO MARIA DA PENHA.",https://publico.recife.pe.leg.br/consultas/norma_juridica/norma_juridica_mostrar_proc?cod_norma=607,Decreto Legislativo,2021-11-22,ConcessaoMedalha
Decreto Legislativo 1001/2021,"CONCEDE O TÍTULO DE CIDADÃO DO RECIFE AO SENHOR PAULO DO REGO BARROS JÚNIOR, O “PAULO COCO”.",https://publico.recife.pe.leg.br/consultas/norma_juridica/norma_juridica_mostrar_proc?cod_norma=606,Decreto Legislativo,2021-11-22,ConcessaoTitulo
Decreto Legislativo 1000/2021,"CONCEDE O TÍTULO DE CIDADÃ DO RECIFE À EXCELENTÍSSIMA DESEMBARGADORA DO TRIBUNAL DE JUSTIÇA DE PERNAMBUCO, DRA. DAISY MARIA DE ANDRADE COSTA PEREIRA.",https://publico.recife.pe.leg.br/consultas/norma_juridica/norma_juridica_mostrar_proc?cod_norma=605,Decreto Legislativo,2021-11-22,ConcessaoTitulo
Decreto Legislativo 999/2021,CONCEDE A MEDALHA DE MÉRITO OLEGÁRIA MARIANO À SRA. EDICLEA SANTOS.,https://publico.recife.pe.leg.br/consultas/norma_juridica/norma_juridica_mostrar_proc?cod_norma=604,Decreto Legislativo,2021-11-22,ConcessaoMedalha
Decreto Legislativo 998/2021,CONCEDE O TÍTULO DE CIDADÃ DO RECIFE A CHOPELLY GLAUDYSTTON PEREIRA DOS SANTOS.,https://publico.recife.pe.leg.br/consultas/norma_juridica/norma_juridica_mostrar_proc?cod_norma=603,Decreto Legislativo,2021-11-22,ConcessaoTitulo
Decreto Legislativo 997/2021,CONCEDE O TÍTULO DE CIDADÃO DO RECIFE AO SENHOR ANTÔNIO MUNIZ DA SILVA.,https://publico.recife.pe.leg.br/consultas/norma_juridica/norma_juridica_mostrar_proc?cod_norma=602,Decreto Legislativo,2021-11-22,ConcessaoTitulo
Decreto Legislativo 996/2021,CONCEDE A MEDALHA DE MÉRITO JOSÉ MARIANO AO SENHOR DESEMBARGADOR ADALBERTO DE OLIVEIRA MELO.,https://publico.recife.pe.leg.br/consultas/norma_juridica/norma_juridica_mostrar_proc?cod_norma=597,Decreto Legislativo,2021-11-22,ConcessaoMedalha
Decreto Legislativo 995/2021,CONCEDE A MEDALHA DE MÉRITO JOSÉ MARIANO AO DEPUTADO FEDERAL FELIPE AUGUSTO LYRA CARRERAS.,https://publico.recife.pe.leg.br/consultas/norma_juridica/norma_juridica_mostrar_proc?cod_norma=574,Decreto Legislativo,2021-11-09,ConcessaoMedalha
Decreto Legislativo 994/2021,Concede a Medalha de Mérito José Mariano ao Senhor José Roberto Tadros.,https://publico.recife.pe.leg.br/consultas/norma_juridica/norma_juridica_mostrar_proc?cod_norma=610,Decreto Legislativo,2021-11-09,ConcessaoMedalha
Decreto Legislativo 993/2021,CONCEDE A MEDALHA DE MÉRITO JOSÉ MARIANO AO DR. CRISTIANO HECKSHER.,https://publico.recife.pe.leg.br/consultas/norma_juridica/norma_juridica_mostrar_proc?cod_norma=600,Decreto Legislativo,2021-09-16,ConcessaoMedalha
Decreto Legislativo 992/2021,"CONCEDE O TÍTULO DE CIDADÃO DO RECIFE AO SENHOR LEONARDO AUGUSTO NUNES COUTINHO, QUE COORDENA OS JUIZADOS ESPECIAIS FEDERAIS NO MUNICÍPIO DO RECIFE.",https://publico.recife.pe.leg.br/consultas/norma_juridica/norma_juridica_mostrar_proc?cod_norma=599,Decreto Legislativo,2021-09-16,ConcessaoTitulo
Decreto Legislativo 991/2021,CONCEDE O TÍTULO DE CIDADÃO RECIFENSE AO SENHOR DR. FRANCISCO KLEYTON ZACARIAS FLORÊNCIO.,https://publico.recife.pe.leg.br/consultas/norma_juridica/norma_juridica_mostrar_proc?cod_norma=666,Decreto Legislativo,2021-09-20,ConcessaoTitulo
Decreto Legislativo 990/2021,CONCEDE A MEDALHA DE MÉRITO JOSÉ MARIANO AO JORNALISTA SENHOR TIAGO MEDEIROS.,https://publico.recife.pe.leg.br/consultas/norma_juridica/norma_juridica_mostrar_proc?cod_norma=601,Decreto Legislativo,2021-08-30,ConcessaoMedalha
Decreto Legislativo 989/2021,Concede o Título de Cidadão do Recife ao Bispo Paulo Ortencio Filho.,https://publico.recife.pe.leg.br/consultas/norma_juridica/norma_juridica_mostrar_proc?cod_norma=665,Decreto Legislativo,2021-08-23,ConcessaoTitulo
Decreto Legislativo 988/2021,"CONCEDE O TÍTULO DE CIDADÃO DO RECIFE AO EXMO. SR. JUIZ DE DIREITO, DOUTOR HERIBERTO CARVALHO GALVÃO.",https://publico.recife.pe.leg.br/consultas/norma_juridica/norma_juridica_mostrar_proc?cod_norma=594,Decreto Legislativo,2021-08-02,ConcessaoTitulo
Decreto Legislativo 987/2021,"DISPÕE SOBRE A CONCESSÃO DE TÍTULO DE CIDADÃO DO RECIFE A DIRCEU RODOLFO DE MELO JÚNIOR, PRESIDENTE DO TRIBUNAL DE CONTAS DO ESTADO DE PERNAMBUCO (TCE).",https://publico.recife.pe.leg.br/consultas/norma_juridica/norma_juridica_mostrar_proc?cod_norma=596,Decreto Legislativo,2021-07-05,ConcessaoTitulo
Decreto Legislativo 986/2021,CONCEDE A MEDALHA DE MÉRITO JOSÉ MARIANO AO SENHOR BERNARDO PEIXOTO DOS SANTOS OLIVEIRA SOBRINHO,https://publico.recife.pe.leg.br/consultas/norma_juridica/norma_juridica_mostrar_proc?cod_norma=595,Decreto Legislativo,2021-07-05,ConcessaoMedalha
Decreto Legislativo 985/2021,CONCEDE O TÍTULO DE CIDADÃ DO RECIFE A ALESSANDRA PIRES.,https://publico.recife.pe.leg.br/consultas/norma_juridica/norma_juridica_mostrar_proc?cod_norma=578,Decreto Legislativo,2021-06-29,ConcessaoTitulo
Decreto Legislativo 984/2021,CONCEDE O TÍTULO DE CIDADÃO DO RECIFE AO SENHOR PADRE SÉRGIO LÚCIO ALHO DA COSTA.,https://publico.recife.pe.leg.br/consultas/norma_juridica/norma_juridica_mostrar_proc?cod_norma=577,Decreto Legislativo,2021-06-29,ConcessaoTitulo
Decreto Legislativo 983/2021,CONCEDE O TÍTULO DE CIDADÃO DO RECIFE AO CANTOR E COMPOSITOR JOÃO LACERDA NETO.,https://publico.recife.pe.leg.br/consultas/norma_juridica/norma_juridica_mostrar_proc?cod_norma=576,Decreto Legislativo,2021-06-29,ConcessaoTitulo
Decreto Legislativo 982/2021,CONCEDE O TÍTULO DE CIDADÃO DO RECIFE AO DELEGADO DE POLÍCIA DIOGO GONÇALVES BEM.,https://publico.recife.pe.leg.br/consultas/norma_juridica/norma_juridica_mostrar_proc?cod_norma=571,Decreto Legislativo,2021-06-29,ConcessaoTitulo
Decreto Legislativo 981/2021,CONCEDE A MEDALHA DE MÉRITO JOSÉ MARIANO À SENHORA INALDETE PINHEIRO DE ANDRADE.,https://publico.recife.pe.leg.br/consultas/norma_juridica/norma_juridica_mostrar_proc?cod_norma=575,Decreto Legislativo,2021-07-05,ConcessaoMedalha
Decreto Legislativo 980/2021,CONCEDE O TÍTULO DE CIDADÃO DO RECIFE A KIM WAGNER GONÇALVES DE LIMA SILVA.,https://publico.recife.pe.leg.br/consultas/norma_juridica/norma_juridica_mostrar_proc?cod_norma=659,Decreto Legislativo,2021-05-31,ConcessaoTitulo
Decreto Legislativo 979/2021,CONCEDE A MEDALHA DE MÉRITO OLEGÁRIO MARIANO À SRA. VERA REGINA PAULA BARONI.,https://publico.recife.pe.leg.br/consultas/norma_juridica/norma_juridica_mostrar_proc?cod_norma=572,Decreto Legislativo,2021-05-17,ConcessaoMedalha
Decreto Legislativo 978/2021,CONCEDE O TÍTULO DE CIDADÃO DO RECIFE AO DELEGADO DE POLÍCIA DIOGO GONÇALVES BEM.,https://publico.recife.pe.leg.br/consultas/norma_juridica/norma_juridica_mostrar_proc?cod_norma=570,Decreto Legislativo,2021-05-11,ConcessaoTitulo
Decreto Legislativo 977/2021,CONCEDE A MEDALHA DE MÉRITO JOSÉ MARIANO AO SENHOR ALBERTO FERREIRA DA COSTA.,https://publico.recife.pe.leg.br/consultas/norma_juridica/norma_juridica_mostrar_proc?cod_norma=569,Decreto Legislativo,2021-05-11,ConcessaoMedalha
Decreto Legislativo 976/2021,CONCEDE O TÍTULO DE CIDADÃO DO RECIFE AO EX-VEREADOR ANTÔNIO DE OLIVEIRA.,https://publico.recife.pe.leg.br/consultas/norma_juridica/norma_juridica_mostrar_proc?cod_norma=358,Decreto Legislativo,2021-05-11,ConcessaoTitulo
Decreto Legislativo 975/2021,CONCEDE A MEDALHA DE MÉRITO JOSÉ MARIANO AO GRUPO MULHER MARAVILHA.,https://publico.recife.pe.leg.br/consultas/norma_juridica/norma_juridica_mostrar_proc?cod_norma=656,Decreto Legislativo,2021-05-10,ConcessaoMedalha
Decreto Legislativo 974/2021,CONCEDE A MEDALHA DE MÉRITO JOSÉ MARIANO À SRA. EDLENE MARIA VITAL CONSTANTINO.,https://publico.recife.pe.leg.br/consultas/norma_juridica/norma_juridica_mostrar_proc?cod_norma=643,Decreto Legislativo,2021-05-10,ConcessaoMedalha
Decreto Legislativo 973/2021,CONCEDE O TÍTULO DE CIDADÃ DO RECIFE À CHEF CLÁUDIA CALDAS ACOSTA (MIAU CALDAS).,https://publico.recife.pe.leg.br/consultas/norma_juridica/norma_juridica_mostrar_proc?cod_norma=590,Decreto Legislativo,2021-05-10,ConcessaoTitulo
Decreto Legislativo 972/2021,CONCEDE A MEDALHA DE MÉRITO JOSÉ MARIANO A CLÁUDIO JOSÉ SÁ LEITÃO.,https://publico.recife.pe.leg.br/consultas/norma_juridica/norma_juridica_mostrar_proc?cod_norma=663,Decreto Legislativo,2021-04-12,ConcessaoMedalha
Decreto Legislativo 971/2020,CONCEDE A MEDALHA DE MÉRITO JOSÉ MARIANO AO SENHOR CARLOS EDUARDO CABRAL FIGUEIRÊDO.,https://publico.recife.pe.leg.br/consultas/norma_juridica/norma_juridica_mostrar_proc?cod_norma=658,Decreto Legislativo,2020-12-16,ConcessaoMedalha
Decreto Legislativo 970/2020,CONCEDE O TÍTULO DE CIDADÃO RECIFENSE AO SENHOR JOSÉ ALEXANDRE GUIMARÃES MIRINDA MOREIRA.,https://publico.recife.pe.leg.br/consultas/norma_juridica/norma_juridica_mostrar_proc?cod_norma=657,Decreto Legislativo,2020-12-16,ConcessaoTitulo
Decreto Legislativo 969/2020,TÍTULO DE CIDADÃ DO RECIFE À PSICÓLOGA MARIA NILZA MELO,https://publico.recife.pe.leg.br/consultas/norma_juridica/norma_juridica_mostrar_proc?cod_norma=655,Decreto Legislativo,2020-12-16,ConcessaoTitulo
Decreto Legislativo 968/2020,CONCEDE O TITULO DE CIDADÃ RECIFENSE PARA ANNA PRISCYLLA LIMA PRADO,https://publico.recife.pe.leg.br/consultas/norma_juridica/norma_juridica_mostrar_proc?cod_norma=654,Decreto Legislativo,2020-12-16,ConcessaoTitulo
Decreto Legislativo 967/2020,"CONCEDE A MEDALHA DE MÉRITO JOSÉ MARIANO AO CANTOR E SANFONEIRO JOSÉ LUIZ DE LIMA, “LUIZINHO DE SERRA”.",https://publico.recife.pe.leg.br/consultas/norma_juridica/norma_juridica_mostrar_proc?cod_norma=650,Decreto Legislativo,2020-12-16,ConcessaoMedalha
Decreto Legislativo 966/2020,CONCEDE A MEDALHA DE MÉRITO JOSÉ MARIANO AO GRUPO GÊNESE DE ENSINO (GGE).,https://publico.recife.pe.leg.br/consultas/norma_juridica/norma_juridica_mostrar_proc?cod_norma=649,Decreto Legislativo,2020-11-30,ConcessaoMedalha
Decreto Legislativo 965/2020,CONCEDE A MEDALHA DE MÉRITO JOSÉ MARIANO AO SR. FELIPE TADEU DO RÊGO BARROS.,https://publico.recife.pe.leg.br/consultas/norma_juridica/norma_juridica_mostrar_proc?cod_norma=653,Decreto Legislativo,2020-09-28,ConcessaoMedalha
Decreto Legislativo 964/2020,CONCEDE A MEDALHA DE MÉRITO JOSÉ MARIANO À SRA. SOLANGE BELTRÃO DE AQUINO.,https://publico.recife.pe.leg.br/consultas/norma_juridica/norma_juridica_mostrar_proc?cod_norma=652,Decreto Legislativo,2020-09-28,ConcessaoMedalha
Decreto Legislativo 963/2020,CONCEDE O TÍTULO DE CIDADÃO DO RECIFE AO SR. MARCO ANTÔNIO FREIRE GOMES.,https://publico.recife.pe.leg.br/consultas/norma_juridica/norma_juridica_mostrar_proc?cod_norma=648,Decreto Legislativo,2020-09-28,ConcessaoTitulo
Decreto Legislativo 962/2020,CONCEDE O TÍTULO DE CIDADÃO DO RECIFE AO JORNALISTA BRUNO GRUBERTT.,https://publico.recife.pe.leg.br/consultas/norma_juridica/norma_juridica_mostrar_proc?cod_norma=647,Decreto Legislativo,2020-09-28,ConcessaoTitulo
Decreto Legislativo 961/2020,CONCEDE O TÍTULO DE CIDADÃ DO RECIFE À JORNALISTA SABRINA ROCHA.,https://publico.recife.pe.leg.br/consultas/norma_juridica/norma_juridica_mostrar_proc?cod_norma=646,Decreto Legislativo,2020-09-28,ConcessaoTitulo
Decreto Legislativo 960/2020,CONCEDE O TÍTULO DE CIDADÃO DO RECIFE A AVANILDO DUQUE DA SILVA.,https://publico.recife.pe.leg.br/consultas/norma_juridica/norma_juridica_mostrar_proc?cod_norma=592,Decreto Legislativo,2020-09-28,ConcessaoTitulo
Decreto Legislativo 959/2020,CONCEDE A MEDALHA DE MÉRITO JOSÉ MARIANO AO DEFENSOR PÚBLICO JOSÉ FABRÍCIO SILVA DE LIMA.,https://publico.recife.pe.leg.br/consultas/norma_juridica/norma_juridica_mostrar_proc?cod_norma=651,Decreto Legislativo,2020-09-08,ConcessaoMedalha
Decreto Legislativo 958/2020,"CONCEDE O TÍTULO DE CIDADÃO DO RECIFE AO CEL. WANDERLI BAPTISTA DA SILVA JÚNIOR, COMANDANTE DO 4º BATALHÃO DE POLÍCIA DO EXÉRCITO - BATALHÃO JOÃO FERNANDES VIEIRA.",https://publico.recife.pe.leg.br/consultas/norma_juridica/norma_juridica_mostrar_proc?cod_norma=645,Decreto Legislativo,2020-09-08,ConcessaoTitulo
Decreto Legislativo 957/2020,CONCEDE O TÍTULO DE CIDADÃO DO RECIFE AO PADRE JOÃO CARLOS MAGALHÃES SILVA.,https://publico.recife.pe.leg.br/consultas/norma_juridica/norma_juridica_mostrar_proc?cod_norma=644,Decreto Legislativo,2020-09-08,ConcessaoTitulo
Decreto Legislativo 956/2020,CONCEDE O TÍTULO DE CIDADÃ DO RECIFE À DRA. MARÍLIA DANTAS DA SILVA.,https://publico.recife.pe.leg.br/consultas/norma_juridica/norma_juridica_mostrar_proc?cod_norma=613,Decreto Legislativo,2020-09-08,ConcessaoTitulo
Decreto Legislativo 955/2020,MEDALHA DE MÉRITO JOSÉ MARIANO AO CANTOR E SANFONEIRO EDUARDO H. DE ARAUJO SILVA,https://publico.recife.pe.leg.br/consultas/norma_juridica/norma_juridica_mostrar_proc?cod_norma=593,Decreto Legislativo,2020-08-17,ConcessaoMedalha
Decreto Legislativo 954/2020,CONCEDE O TÍTULO DE CIDADÃO DO RECIFE AO SR. TIAGO CARDOSO DOS SANTOS.,https://publico.recife.pe.leg.br/consultas/norma_juridica/norma_juridica_mostrar_proc?cod_norma=568,Decreto Legislativo,2020-06-15,ConcessaoTitulo
Decreto Legislativo 953/2020,"CONCEDE O TÍTULO DE CIDADÃO DO RECIFE AO ARTISTA, CORDELISTA E POETA JOSÉ FRANCISCO BORGES.",https://publico.recife.pe.leg.br/consultas/norma_juridica/norma_juridica_mostrar_proc?cod_norma=525,Decreto Legislativo,2020-06-15,ConcessaoTitulo
Decreto Legislativo 952/2020,CONCEDE O TÍTULO DE CIDADÃO DO RECIFE AO SR. ANDERSON DIAS.,https://publico.recife.pe.leg.br/consultas/norma_juridica/norma_juridica_mostrar_proc?cod_norma=1147,Decreto Legislativo,2020-06-15,ConcessaoTitulo
Decreto Legislativo 951/2020,CONCEDE O TÍTULO DE CIDADÃO DO RECIFE AO PADRE EDICARLOS ALVES DA CONCEIÇÃO.,https://publico.recife.pe.leg.br/consultas/norma_juridica/norma_juridica_mostrar_proc?cod_norma=589,Decreto Legislativo,2020-06-22,ConcessaoTitulo
Decreto Legislativo 950/2020,CONCEDE A MEDALHA DE MÉRITO JOSÉ MARIANO AO CANTOR E COMPOSITOR JOSÉ TOBIAS DE SANTANA.,https://publico.recife.pe.leg.br/consultas/norma_juridica/norma_juridica_mostrar_proc?cod_norma=587,Decreto Legislativo,2020-06-15,ConcessaoMedalha
Decreto Legislativo 949/2020,CONCEDE A MEDALHA DE MÉRITO JOSÉ MARIANO A DRA. ISABELA COUTINHO NEIVA.,https://publico.recife.pe.leg.br/consultas/norma_juridica/norma_juridica_mostrar_proc?cod_norma=591,Decreto Legislativo,2020-06-02,ConcessaoMedalha
Decreto Legislativo 948/2020,CONCEDE O TÍTULO DE CIDADÃ DO RECIFE À VERA REGINA PAULA BARONI.,https://publico.recife.pe.leg.br/consultas/norma_juridica/norma_juridica_mostrar_proc?cod_norma=588,Decreto Legislativo,2020-06-02,ConcessaoTitulo
Decreto Legislativo 947/2020,CONCEDE O TÍTULO DE CIDADÃO DO RECIFE AO ATOR IRANDHIR SANTOS.,https://publico.recife.pe.leg.br/consultas/norma_juridica/norma_juridica_mostrar_proc?cod_norma=586,Decreto Legislativo,2020-06-02,ConcessaoTitulo
Decreto Legislativo 946/2020,CONCEDE O TÍTULO DE CIDADÃO DO RECIFE AO SR. RONAN TARDIN.,https://publico.recife.pe.leg.br/consultas/norma_juridica/norma_juridica_mostrar_proc?cod_norma=584,Decreto Legislativo,2020-03-16,ConcessaoTitulo
Decreto Legislativo 945/2020,CONCEDE O TÍTULO DE CIDADÃO RECIFENSE AO JORNALISTA WAGNER ANTONY GOMES E SILVA.,https://publico.recife.pe.leg.br/consultas/norma_juridica/norma_juridica_mostrar_proc?cod_norma=583,Decreto Legislativo,2020-03-16,ConcessaoTitulo
Decreto Legislativo 944/2020,DISPÕE SOBRE CONCESSÃO DE MEDALHA DE MÉRITO JOSÉ MARIANO AO SR. ISLAN HONORATO DOS SANTOS.,https://publico.recife.pe.leg.br/consultas/norma_juridica/norma_juridica_mostrar_proc?cod_norma=582,Decreto Legislativo,2020-03-10,ConcessaoMedalha
Decreto Legislativo 943/2020,"CONCEDE O TÍTULO DE CIDADÃO DO RECIFE AO CÔNSUL HONORÁRIO DA REPÚBLICA DA ESLOVÊNIA NO RECIFE, DR. RAINIER MICHAEL.",https://publico.recife.pe.leg.br/consultas/norma_juridica/norma_juridica_mostrar_proc?cod_norma=581,Decreto Legislativo,2020-03-10,ConcessaoTitulo
Decreto Legislativo 942/2020,CONCEDE O TÍTULO DE CIDADÃ DO RECIFE À SR.ª PATRÍCIA DE OLIVEIRA DOMINGOS.,https://publico.recife.pe.leg.br/consultas/norma_juridica/norma_juridica_mostrar_proc?cod_norma=580,Decreto Legislativo,2020-03-10,ConcessaoTitulo
Decreto Legislativo 941/2020,CONCEDE O TÍTULO DE CIDADÃ DO RECIFE A CAMILA CLÁUDIA ALVES DE BARROS.,https://publico.recife.pe.leg.br/consultas/norma_juridica/norma_juridica_mostrar_proc?cod_norma=579,Decreto Legislativo,2020-03-10,ConcessaoTitulo
Decreto Legislativo 940/2020,CONCEDE A MEDALHA DE MÉRITO JOSÉ MARIANO AO SENHOR JOSÉ FERREIRA DE CARVALHO.,https://publico.recife.pe.leg.br/consultas/norma_juridica/norma_juridica_mostrar_proc?cod_norma=1142,Decreto Legislativo,2020-03-10,ConcessaoMedalha
Decreto Legislativo 939/2020,CONCEDE A MEDALHA DE MÉRITO JOSÉ MARIANO AO DESEMBARGADOR EVANDRO SÉRGIO NETTO DE MAGALHÃES MELO.,https://publico.recife.pe.leg.br/consultas/norma_juridica/norma_juridica_mostrar_proc?cod_norma=1139,Decreto Legislativo,2020-03-10,ConcessaoMedalha
Decreto Legislativo 938/2020,CONCEDE A MEDALHA DE MÉRITO JOSÉ MARIANO AO CANTOR E COMPOSITOR ED CARLOS.,https://publico.recife.pe.leg.br/consultas/norma_juridica/norma_juridica_mostrar_proc?cod_norma=1140,Decreto Legislativo,2020-02-11,ConcessaoMedalha
Decreto Legislativo 937/2020,CONCEDE A MEDALHA DE MÉRITO JOSÉ MARIANO À SENHORA BIANKA CARVALHO.,https://publico.recife.pe.leg.br/consultas/norma_juridica/norma_juridica_mostrar_proc?cod_norma=1138,Decreto Legislativo,2020-02-11,ConcessaoMedalha
Decreto Legislativo 936/2020,CONCEDE O TÍTULO DE CIDADÃO DO RECIFE AO SR. LEANDRO SILVA DE SANTANA - LÉO SANTANA.,https://publico.recife.pe.leg.br/consultas/norma_juridica/norma_juridica_mostrar_proc?cod_norma=523,Decreto Legislativo,2020-02-11,ConcessaoTitulo
Decreto Legislativo 18581/2019,INSTITUI O “DIA MUNICIPAL DO COMBATE À VIOLÊNCIA CONTRA A MULHER” NO ÂMBITO DO RECIFE.,https://publico.recife.pe.leg.br/consultas/norma_juridica/norma_juridica_mostrar_proc?cod_norma=1235,Decreto Legislativo,2019-06-03,CalendarioEventos
Decreto Legislativo 935/2019,REVOGA OS TERMOS DO DECRETO LEGISLATIVO Nº 540/2011 E DÁ OUTRAS PROVIDENCIAS.,https://publico.recife.pe.leg.br/consultas/norma_juridica/norma_juridica_mostrar_proc?cod_norma=1149,Decreto Legislativo,2019-12-18,Outro
Decreto Legislativo 934/2019,CONCEDE O TÍTULO DE CIDADÃO DO RECIFE AO CÔNSUL GERAL DO REINO UNIDO NO RECIFE GRAHAM TIDEY.,https://publico.recife.pe.leg.br/consultas/norma_juridica/norma_juridica_mostrar_proc?cod_norma=1145,Decreto Legislativo,2019-12-09,ConcessaoTitulo
Decreto Legislativo 933/2019,CONCEDE O TÍTULO DE CIDADÃO DO RECIFE AO SENHOR GUILHERME AUGUSTO MACHADO.,https://publico.recife.pe.leg.br/consultas/norma_juridica/norma_juridica_mostrar_proc?cod_norma=1143,Decreto Legislativo,2019-12-09,ConcessaoTitulo
Decreto Legislativo 932/2019,CONCEDE A MEDALHA DE MÉRITO JOSÉ MARIANO AO SR. LUCILO DE MEDEIROS DOURADO VAREJÃO.,https://publico.recife.pe.leg.br/consultas/norma_juridica/norma_juridica_mostrar_proc?cod_norma=1135,Decreto Legislativo,2019-11-26,ConcessaoMedalha
Decreto Legislativo 931/2019,CONCEDE O TÍTULO DE CIDADÃO DO RECIFE AO PE. ROSIVALDO TORRES DE LIMA.,https://publico.recife.pe.leg.br/consultas/norma_juridica/norma_juridica_mostrar_proc?cod_norma=1137,Decreto Legislativo,2019-11-26,ConcessaoTitulo
Decreto Legislativo 930/2019,CONCEDE O TÍTULO DE CIDADÃO DO RECIFE AO PROFESSOR UNIVERSITÁRIO LUCIANO MEIRA.,https://publico.recife.pe.leg.br/consultas/norma_juridica/norma_juridica_mostrar_proc?cod_norma=1134,Decreto Legislativo,2019-11-26,ConcessaoTitulo
Decreto Legislativo 929/2019,CONCEDE O TÍTULO DE CIDADÃO DO RECIFE A AMAURY ROCHA VITORINO GOMES.,https://publico.recife.pe.leg.br/consultas/norma_juridica/norma_juridica_mostrar_proc?cod_norma=1130,Decreto Legislativo,2019-11-26,ConcessaoTitulo
Decreto Legislativo 928/2019,CONCEDE O TÍTULO DE CIDADÃO DO RECIFE AO DESEMBARGADOR JORGE AMÉRICO PEREIRA DE LIRA.,https://publico.recife.pe.leg.br/consultas/norma_juridica/norma_juridica_mostrar_proc?cod_norma=1133,Decreto Legislativo,2019-11-26,ConcessaoTitulo
Decreto Legislativo 927/2019,CONCEDE O TÍTULO DE CIDADÃO DO RECIFE AO APOSTOLO RENÊ DE ARAÚJO TERRA NOVA.,https://publico.recife.pe.leg.br/consultas/norma_juridica/norma_juridica_mostrar_proc?cod_norma=1132,Decreto Legislativo,2019-11-26,ConcessaoTitulo
Decreto Legislativo 926/2019,CONCEDE A MEDALHA DE MÉRITO JOSÉ MARIANO À SRA. MARLENE BEZERRA DA SILVA.,https://publico.recife.pe.leg.br/consultas/norma_juridica/norma_juridica_mostrar_proc?cod_norma=1131,Decreto Legislativo,2019-11-26,ConcessaoMedalha
Decreto Legislativo 925/2019,"AUTORIZA O SENHOR GERALDO JÚLIO DE MELLO FILHO, PREFEITO DA CIDADE DO RECIFE, A SE AUSENTAR DO PAÍS.",https://publico.recife.pe.leg.br/consultas/norma_juridica/norma_juridica_mostrar_proc?cod_norma=1136,Decreto Legislativo,2019-10-16,AutorizacaoAusencia
Decreto Legislativo 924/2019,DISPÕE SOBRE A CONCESSÃO DA MEDALHA DE MÉRITO JOSÉ MARIANO AO SECRETÁRIO JOÃO GUILHERME DE GODOY FERRAZ.,https://publico.recife.pe.leg.br/consultas/norma_juridica/norma_juridica_mostrar_proc?cod_norma=1129,Decreto Legislativo,2019-10-15,ConcessaoMedalha
Decreto Legislativo 923/2019,CONCEDE O TÍTULO DE CIDADÃO DO RECIFE A ANTONIO PEDRO DA SILVA NETO.,https://publico.recife.pe.leg.br/consultas/norma_juridica/norma_juridica_mostrar_proc?cod_norma=1128,Decreto Legislativo,2019-10-15,ConcessaoTitulo
Decreto Legislativo 922/2019,CONCEDE A MEDALHA DE MÉRITO JOSÉ MARIANO AO SENHOR ROBERTO MAGALHÃES MELO.,https://publico.recife.pe.leg.br/consultas/norma_juridica/norma_juridica_mostrar_proc?cod_norma=1127,Decreto Legislativo,2019-10-15,ConcessaoMedalha
Decreto Legislativo 921/2019,CONCEDE O TÍTULO DE CIDADÃO DO RECIFE AO JORNALISTA E RADIALISTA MÁRCIO BONFIM.,https://publico.recife.pe.leg.br/consultas/norma_juridica/norma_juridica_mostrar_proc?cod_norma=1126,Decreto Legislativo,2019-10-15,ConcessaoTitulo
Decreto Legislativo 920/2019,CONCEDE O TÍTULO DE CIDADÃO DO RECIFE AO DR. NEY RODRIGUES ARAÚJO.,https://publico.recife.pe.leg.br/consultas/norma_juridica/norma_juridica_mostrar_proc?cod_norma=1125,Decreto Legislativo,2019-10-15,ConcessaoTitulo
Decreto Legislativo 919/2019,CONCEDE O TÍTULO DE CIDADÃ DO RECIFE A MARIA JOSÉ DE SENA.,https://publico.recife.pe.leg.br/consultas/norma_juridica/norma_juridica_mostrar_proc?cod_norma=1124,Decreto Legislativo,2019-10-15,ConcessaoTitulo
Decreto Legislativo 918/2019,CONCEDE O TÍTULO DE CIDADÃO DO RECIFE A GIVANILDO JOSÉ DE OLIVEIRA.,https://publico.recife.pe.leg.br/consultas/norma_juridica/norma_juridica_mostrar_proc?cod_norma=1122,Decreto Legislativo,2019-09-10,ConcessaoTitulo
Decreto Legislativo 917/2019,CONCEDE A MEDALHA DE MÉRITO JOSÉ MARIANO AO SENHOR AUGUSTO RODRIGUES COUTINHO DE MELO.,https://publico.recife.pe.leg.br/consultas/norma_juridica/norma_juridica_mostrar_proc?cod_norma=996,Decreto Legislativo,2019-09-10,ConcessaoMedalha
Decreto Legislativo 916/2019,"CONCEDE O TÍTULO DE CIDADÃO DO RECIFE AO DR. RICARDO SOUZA CHIORATTO, MÉDICO VETERINÁRIO.",https://publico.recife.pe.leg.br/consultas/norma_juridica/norma_juridica_mostrar_proc?cod_norma=995,Decreto Legislativo,2019-09-10,ConcessaoTitulo
Decreto Legislativo 915/2019,CONCEDE O TÍTULO DE CIDADÃ DO RECIFE A LUIZA HELENA TRAJANO INÁCIO RODRIGUES.,https://publico.recife.pe.leg.br/consultas/norma_juridica/norma_juridica_mostrar_proc?cod_norma=994,Decreto Legislativo,2019-09-10,ConcessaoTitulo
Decreto Legislativo 914/2019,"CONCEDE A MEDALHA DE MÉRITO JOSÉ MARIANO À JUÍZA FEDERAL, DRA. CAROLINA MALTA.",https://publico.recife.pe.leg.br/consultas/norma_juridica/norma_juridica_mostrar_proc?cod_norma=992,Decreto Legislativo,2019-09-10,ConcessaoMedalha
Decreto Legislativo 913/2019,"CONCEDE O “TÍTULO DE CIDADÃO DO RECIFE” AO PRESIDENTE DO TRIBUNAL REGIONAL DO TRABALHO DA SEXTA REGIÃO, O DESEMBARGADOR VALDIR JOSÉ SILVA DE CARVALHO.",https://publico.recife.pe.leg.br/consultas/norma_juridica/norma_juridica_mostrar_proc?cod_norma=686,Decreto Legislativo,2019-08-27,ConcessaoTitulo
Decreto Legislativo 912/2019,"CONCEDE O TÍTULO DE CIDADÃO DO RECIFE AO PROCURADOR-GERAL DE JUSTIÇA DO MINISTÉRIO PÚBLICO DE PERNAMBUCO (MPPE), FRANCISCO DIRCEU BARROS.",https://publico.recife.pe.leg.br/consultas/norma_juridica/norma_juridica_mostrar_proc?cod_norma=993,Decreto Legislativo,2019-08-20,ConcessaoTitulo
Decreto Legislativo 911/2019,"DISPÕE SOBRE A CONCESSÃO DA MEDALHA DE MÉRITO JOSÉ MARIANO AO DEPUTADO ERIBERTO MEDEIROS, PRESIDENTE DA ASSEMBLEIA LEGISLATIVA DE PERNAMBUCO.",https://publico.recife.pe.leg.br/consultas/norma_juridica/norma_juridica_mostrar_proc?cod_norma=1123,Decreto Legislativo,2019-08-13,ConcessaoMedalha
Decreto Legislativo 910/2019,"CONCEDE A MEDALHA DE MÉRITO JOSÉ MARIANO À MÉDICA, DRA. MARIA DE LOURDES C DE ARAÚJO.",https://publico.recife.pe.leg.br/consultas/norma_juridica/norma_juridica_mostrar_proc?cod_norma=991,Decreto Legislativo,2019-08-13,ConcessaoMedalha
Decreto Legislativo 909/2019,CONCEDE A MEDALHA DO MÉRITO “JOSÉ MARIANO” AO ADVOGADO FELIPE DE SANTA CRUZ OLIVEIRA SCALETSKY.,https://publico.recife.pe.leg.br/consultas/norma_juridica/norma_juridica_mostrar_proc?cod_norma=690,Decreto Legislativo,2019-08-12,ConcessaoMedalha
Decreto Legislativo 908/2019,CONCEDE O TÍTULO DE CIDADÃO DO RECIFE AO SR. JOSÉ UBALDO DO NASCIMENTO,https://publico.recife.pe.leg.br/consultas/norma_juridica/norma_juridica_mostrar_proc?cod_norma=989,Decreto Legislativo,2019-07-02,ConcessaoTitulo
Decreto Legislativo 907/2019,"CONCEDE A MEDALHA DE MÉRITO JOSÉ MARIANO À JUÍZA DE DIREITO, DRA. MARYLÚSIA PEREIRA FEITOSA DIAS DE ARAÚJO.",https://publico.recife.pe.leg.br/consultas/norma_juridica/norma_juridica_mostrar_proc?cod_norma=990,Decreto Legislativo,2019-06-25,ConcessaoMedalha
Decreto Legislativo 906/2019,CONCEDE A MEDALHA DE MÉRITO JOSÉ MARIANO AO SENHOR LEONARDO ACCIOLY DA SILVA.,https://publico.recife.pe.leg.br/consultas/norma_juridica/norma_juridica_mostrar_proc?cod_norma=953,Decreto Legislativo,2019-06-25,ConcessaoMedalha
Decreto Legislativo 905/2019,CONCEDE O “TÍTULO DE CIDADÃO DO RECIFE” AO PADRE CAETANO.,https://publico.recife.pe.leg.br/consultas/norma_juridica/norma_juridica_mostrar_proc?cod_norma=954,Decreto Legislativo,2019-06-25,ConcessaoTitulo
Decreto Legislativo 904/2019,CONCEDE O “TÍTULO DE CIDADÃ DO RECIFE” A LUCIANE PEREIRA DO NASCIMENTO.,https://publico.recife.pe.leg.br/consultas/norma_juridica/norma_juridica_mostrar_proc?cod_norma=952,Decreto Legislativo,2019-06-25,ConcessaoTitulo
Decreto Legislativo 903/2019,"CONCEDE A MEDALHA DE MÉRITO JOSÉ MARIANO AO PRESIDENTE DA ASSOCIAÇÃO DA IMPRENSA DE PERNAMBUCO E PHD EM ARQUEOLOGIA PELA UNIVERSIDADE DE COIMBRA, O DR. MÚCIO RODRIGUES BARBOSA DE AGUIAR NETO.",https://publico.recife.pe.leg.br/consultas/norma_juridica/norma_juridica_mostrar_proc?cod_norma=925,Decreto Legislativo,2019-06-25,ConcessaoMedalha
Decreto Legislativo 902/2019,CONCEDE A MEDALHA DE MÉRITO JOSÉ MARIANO AO SAMBISTA ANTÔNIO JOSÉ DE SANTANA (BELO XIS).,https://publico.recife.pe.leg.br/consultas/norma_juridica/norma_juridica_mostrar_proc?cod_norma=923,Decreto Legislativo,2019-06-25,ConcessaoMedalha
Decreto Legislativo 901/2019,CONCEDE O TÍTULO DE CIDADÃO DO RECIFE AO SENHOR RAIMUNDO EDSON PEREIRA CAMPOS E SILVA.,https://publico.recife.pe.leg.br/consultas/norma_juridica/norma_juridica_mostrar_proc?cod_norma=921,Decreto Legislativo,2019-06-25,ConcessaoTitulo
Decreto Legislativo 900/2019,CONCEDE O TÍTULO DE CIDADÃO DO RECIFE AO SR. MARCELO JOSÉ PITANGA DE MACÊDO.,https://publico.recife.pe.leg.br/consultas/norma_juridica/norma_juridica_mostrar_proc?cod_norma=955,Decreto Legislativo,2019-06-25,ConcessaoTitulo
Decreto Legislativo 899/2019,CONCEDE O “TÍTULO DE CIDADÃ DO RECIFE” A MARIA LOPES TEIXEIRA (IRMÃ VALERIA).,https://publico.recife.pe.leg.br/consultas/norma_juridica/norma_juridica_mostrar_proc?cod_norma=924,Decreto Legislativo,2019-06-11,ConcessaoTitulo
Decreto Legislativo 898/2019,CONCEDE A MEDALHA DE MÉRITO JOSÉ MARIANO À ASSOCIAÇÃO DE FAMÍLIAS PARA O BEM-ESTAR E TRATAMENTO DA PESSOA COM AUTISMO (AFETO).,https://publico.recife.pe.leg.br/consultas/norma_juridica/norma_juridica_mostrar_proc?cod_norma=922,Decreto Legislativo,2019-06-11,ConcessaoMedalha
Decreto Legislativo 897/2019,CONCEDE O TÍTULO DE CIDADÃO RECIFENSE A ENRIQUE MARTIN-AMBRÓSIO MERINO.,https://publico.recife.pe.leg.br/consultas/norma_juridica/norma_juridica_mostrar_proc?cod_norma=920,Decreto Legislativo,2019-05-20,ConcessaoTitulo
Decreto Legislativo 896/2019,"CONCEDE O “TÍTULO DE CIDADÃO DO RECIFE” AO PRESIDENTE DO GRUPO TUPAN, SR. CARLOS AURÉLIO DE CARVALHO NUNES (CARLINHOS DA TUPAN).",https://publico.recife.pe.leg.br/consultas/norma_juridica/norma_juridica_mostrar_proc?cod_norma=919,Decreto Legislativo,2019-05-13,ConcessaoTitulo
Decreto Legislativo 895/2019,CONCEDE A MEDALHA DE MÉRITO “JOSÉ MARIANO” AO SENHOR CARLOS EDUARDO CINTRA DA COSTA PEREIRA.,https://publico.recife.pe.leg.br/consultas/norma_juridica/norma_juridica_mostrar_proc?cod_norma=918,Decreto Legislativo,2019-05-13,ConcessaoMedalha
Decreto Legislativo 894/2019,CONCEDE O TÍTULO DE CIDADÃO DO RECIFE AO PROFESSOR E ADVOGADO WALBER DE MOURA AGRA,https://publico.recife.pe.leg.br/consultas/norma_juridica/norma_juridica_mostrar_proc?cod_norma=674,Decreto Legislativo,2019-04-23,ConcessaoTitulo
Decreto Legislativo 893/2019,CONCEDE O TÍTULO DE CIDADÃ DO RECIFE À PROFESSORA E ADVOGADA LIANA CIRNE LINS.,https://publico.recife.pe.leg.br/consultas/norma_juridica/norma_juridica_mostrar_proc?cod_norma=911,Decreto Legislativo,2019-04-23,ConcessaoTitulo
Decreto Legislativo 892/2019,CONCEDE O TÍTULO DE CIDADÃO DO RECIFE A PAULO BRAZ.,https://publico.recife.pe.leg.br/consultas/norma_juridica/norma_juridica_mostrar_proc?cod_norma=689,Decreto Legislativo,2019-04-23,ConcessaoTitulo
Decreto Legislativo 891/2019,CONCEDE O TÍTULO DE CIDADÃO DO RECIFE AO COMANDANTE GERAL DO CORPO DE BOMBEIROS MILITAR DE PERNAMBUCO MANOEL FRANCISCO DE OLIVEIRA CUNHA FILHO.,https://publico.recife.pe.leg.br/consultas/norma_juridica/norma_juridica_mostrar_proc?cod_norma=688,Decreto Legislativo,2019-04-23,ConcessaoTitulo
Decreto Legislativo 890/2019,CONCEDE O TÍTULO DE CIDADÃO DO RECIFE À DRA. MARTA EUGÊNIA CAVALCANTI LIMA.,https://publico.recife.pe.leg.br/consultas/norma_juridica/norma_juridica_mostrar_proc?cod_norma=685,Decreto Legislativo,2019-04-23,ConcessaoTitulo
Decreto Legislativo 889/2019,"CONCEDE A MEDALHA DE MÉRITO “JOSÉ MARIANO” AO PRESIDENTE DO TRIBUNAL REGIONAL DO TRABALHO DA SEXTA REGIÃO, O DESEMBARGADOR VALDIR JOSÉ SILVA DE CARVALHO.",https://publico.recife.pe.leg.br/consultas/norma_juridica/norma_juridica_mostrar_proc?cod_norma=681,Decreto Legislativo,2019-04-15,ConcessaoMedalha
Decreto Legislativo 888/2019,"CONCEDE A MEDALHA DE MÉRITO “JOSÉ MARIANO” AO TENENTE-CORONEL DA POLÍCIA MILITAR DO ESTADO DE PERNAMBUCO, PAULO FERNANDES ANDRADE MATOS.",https://publico.recife.pe.leg.br/consultas/norma_juridica/norma_juridica_mostrar_proc?cod_norma=682,Decreto Legislativo,2019-04-15,ConcessaoMedalha
Decreto Legislativo 887/2019,CONCEDE A MEDALHA DE MÉRITO JOSÉ MARIANO AO SR. JOÃO LUIZ DA SILVA JUNIOR,https://publico.recife.pe.leg.br/consultas/norma_juridica/norma_juridica_mostrar_proc?cod_norma=672,Decreto Legislativo,2019-04-15,ConcessaoMedalha
Decreto Legislativo 886/2019,DISPÕE SOBRE A CONCESSÃO DO TÍTULO DE CIDADÃO DO RECIFE PARA O ILUSTRÍSSIMO SR. JÂNYO DINIZ.,https://publico.recife.pe.leg.br/consultas/norma_juridica/norma_juridica_mostrar_proc?cod_norma=906,Decreto Legislativo,2019-04-15,ConcessaoTitulo
Decreto Legislativo 885/2019,CONCEDE O TÍTULO DE CIDADÃO DO RECIFE AO CANTOR E COMPOSITOR FRANCISCO FLÁVIO LEANDRO FURTADO.,https://publico.recife.pe.leg.br/consultas/norma_juridica/norma_juridica_mostrar_proc?cod_norma=678,Decreto Legislativo,2019-04-15,ConcessaoTitulo
Decreto Legislativo 884/2019,CONCEDE O “TÍTULO DE CIDADÃ DO RECIFE” À JORNALISTA FÁTIMA GOMES BERNARDES.,https://publico.recife.pe.leg.br/consultas/norma_juridica/norma_juridica_mostrar_proc?cod_norma=684,Decreto Legislativo,2019-04-01,ConcessaoTitulo
Decreto Legislativo 883/2019,CONCEDE O TÍTULO DE CIDADÃO DO RECIFE AO EX-DEPUTADO ESTADUAL JOSÉ MAURÍCIO VALLADÃO.,https://publico.recife.pe.leg.br/consultas/norma_juridica/norma_juridica_mostrar_proc?cod_norma=680,Decreto Legislativo,2019-04-01,ConcessaoTitulo
Decreto Legislativo 882/2019,CONCEDE O TITULO DE CIDADÃO DO RECIFE AO DR. FREDERICO DA COSTA AMÂNCIO.,https://publico.recife.pe.leg.br/consultas/norma_juridica/norma_juridica_mostrar_proc?cod_norma=675,Decreto Legislativo,2019-04-01,ConcessaoTitulo
Decreto Legislativo 881/2019,CONCEDE O TÍTULO DE CIDADÃ DO RECIFE A MARIA MAGDALENA FIÚZA ARRAES DE ALENCAR.,https://publico.recife.pe.leg.br/consultas/norma_juridica/norma_juridica_mostrar_proc?cod_norma=915,Decreto Legislativo,2019-04-01,ConcessaoTitulo
Decreto Legislativo 880/2019,DISPÕE SOBRE A CONCESSÃO DO TÍTULO DE “CIDADÃO DO RECIFE” AO SR. VEREADOR RINALDO JÚNIOR.,https://publico.recife.pe.leg.br/consultas/norma_juridica/norma_juridica_mostrar_proc?cod_norma=913,Decreto Legislativo,2019-04-01,ConcessaoTitulo
Decreto Legislativo 879/2019,DISPÕE SOBRE A CONCESSÃO DO TÍTULO DE “CIDADÃ DO RECIFE” À SRA. VEREADORA PROFESSORA ANA LÚCIA.,https://publico.recife.pe.leg.br/consultas/norma_juridica/norma_juridica_mostrar_proc?cod_norma=912,Decreto Legislativo,2019-04-01,ConcessaoTitulo
Decreto Legislativo 878/2019,DISPÕE SOBRE A CONCESSÃO DA MEDALHA DE MÉRITO JOSÉ MARIANO AO MINISTRO RAUL JUNGMANN.,https://publico.recife.pe.leg.br/consultas/norma_juridica/norma_juridica_mostrar_proc?cod_norma=914,Decreto Legislativo,2019-02-05,ConcessaoMedalha
Decreto Legislativo 877/2018,TÍTULO DE “CIDADÃO DO RECIFE” AO SR. ANTÔNIO HAMILTON MARTINS MOURÃO.,https://publico.recife.pe.leg.br/consultas/norma_juridica/norma_juridica_mostrar_proc?cod_norma=905,Decreto Legislativo,2018-12-05,ConcessaoTitulo
Decreto Legislativo 876/2018,"CONCEDE A MEDALHA DE MÉRITO “JOSÉ MARIANO” AOJUIZ FEDERAL E DIRETOR DA FACULDADE DE DIREITO DO RECIFE, PROF. DR. FRANCISCO DE QUEIROZ BEZERRA CAVALCANTI.",https://publico.recife.pe.leg.br/consultas/norma_juridica/norma_juridica_mostrar_proc?cod_norma=902,Decreto Legislativo,2018-12-05,ConcessaoTitulo
Decreto Legislativo 875/2018,CONCEDE O TÍTULO DE CIDADÃO DO RECIFE A FRANCISCO SABOYA.,https://publico.recife.pe.leg.br/consultas/norma_juridica/norma_juridica_mostrar_proc?cod_norma=899,Decreto Legislativo,2018-11-21,ConcessaoTitulo
Decreto Legislativo 874/2018,DISPÕE SOBRE A CONCESSÃO DA MEDALHA DE MÉRITO “JOSÉ MARIANO” AO SR. ALCEU PAIVA VALENÇA.,https://publico.recife.pe.leg.br/consultas/norma_juridica/norma_juridica_mostrar_proc?cod_norma=904,Decreto Legislativo,2018-11-21,ConcessaoMedalha
Decreto Legislativo 873/2018,CONCEDE A MEDALHA DO MÉRITO JOSÉ MARIANO AO SR. DR. RONNIE PREUSS DUARTE.,https://publico.recife.pe.leg.br/consultas/norma_juridica/norma_juridica_mostrar_proc?cod_norma=903,Decreto Legislativo,2018-11-21,ConcessaoMedalha
Decreto Legislativo 872/2018,CONCEDE O TÍTULO DE CIDADÃO DO RECIFE A EDVAN BARBOSA GOMES.,https://publico.recife.pe.leg.br/consultas/norma_juridica/norma_juridica_mostrar_proc?cod_norma=900,Decreto Legislativo,2018-11-21,ConcessaoTitulo
Decreto Legislativo 871/2018,CONCEDE A MEDALHA DE MÉRITO JOSÉ MARIANO AO 1º SARGENTO DO CORPO DE BOMBEIROS MILITAR DE PERNAMBUCO GUSTAVO EPITÁCIO DE SANTANA.,https://publico.recife.pe.leg.br/consultas/norma_juridica/norma_juridica_mostrar_proc?cod_norma=898,Decreto Legislativo,2018-10-29,ConcessaoMedalha
Decreto Legislativo 870/2018,DISPÕE SOBRE A CONCESSÃO DO TÍTULO DE “CIDADÃO DO RECIFE” AO SR. DILION BALDUINO DA SILVA.,https://publico.recife.pe.leg.br/consultas/norma_juridica/norma_juridica_mostrar_proc?cod_norma=828,Decreto Legislativo,2018-10-29,ConcessaoTitulo
Decreto Legislativo 869/2018,CONCEDE O TITULO DE CIDADÃO DO RECIFE AO SENHOR  NELSON BEZERRA DA SILVA.,https://publico.recife.pe.leg.br/consultas/norma_juridica/norma_juridica_mostrar_proc?cod_norma=827,Decreto Legislativo,2018-10-29,ConcessaoTitulo
Decreto Legislativo 868/2018,CONCEDE O TÍTULO DE CIDADÃO DO RECIFE AO GENERAL DE EXÉRCITO ARTUR COSTA MOURA.,https://publico.recife.pe.leg.br/consultas/norma_juridica/norma_juridica_mostrar_proc?cod_norma=897,Decreto Legislativo,2018-10-15,ConcessaoTitulo
Decreto Legislativo 867/2018,CONCEDE TÍTULO DE CIDADÃO DO RECIFE A JOSÉ MARIA SILVA.,https://publico.recife.pe.leg.br/consultas/norma_juridica/norma_juridica_mostrar_proc?cod_norma=891,Decreto Legislativo,2018-10-15,ConcessaoTitulo
Decreto Legislativo 866/2018,"CONCEDE A MEDALHA DE MÉRITO “JOSÉ MARIANO” AO EMBAIXADOR DE ISRAEL, SUA EXCELÊNCIA YOSSI SHELLEY.",https://publico.recife.pe.leg.br/consultas/norma_juridica/norma_juridica_mostrar_proc?cod_norma=896,Decreto Legislativo,2018-08-27,ConcessaoMedalha
Decreto Legislativo 865/2018,"CONCEDE A MEDALHA DE MÉRITO JOSÉ MARIANO A UM DOS GRANDES INFLUENCIADORES DO TRIATHLON DE PERNAMBUCO, ROLNAN GUEIROS ROSAS.",https://publico.recife.pe.leg.br/consultas/norma_juridica/norma_juridica_mostrar_proc?cod_norma=895,Decreto Legislativo,2018-08-27,ConcessaoMedalha
Decreto Legislativo 864/2018,"CONCEDE O TÍTULO DE CIDADÃO DO RECIFE AO MAIS ANTIGO MILITANTE DO PCDOB EM PERNAMBUCO, JOSÉ INÁCIO BARBOSA CONHECIDO COM ZEZINHO.",https://publico.recife.pe.leg.br/consultas/norma_juridica/norma_juridica_mostrar_proc?cod_norma=894,Decreto Legislativo,2018-08-27,ConcessaoTitulo
Decreto Legislativo 863/2018,CONCEDE O TITULO DE CIDADÃO DO RECIFE AO DR. CRISTIANO DA PAIXÃO PIMENTEL.,https://publico.recife.pe.leg.br/consultas/norma_juridica/norma_juridica_mostrar_proc?cod_norma=824,Decreto Legislativo,2018-08-27,ConcessaoTitulo
Decreto Legislativo 862/2018,CONCEDE A MEDALHA DE MÉRITO “JOSÉ MARIANO” À SRA. CÂNDIDA VALÉRIA SANTOS BOMFIM.,https://publico.recife.pe.leg.br/consultas/norma_juridica/norma_juridica_mostrar_proc?cod_norma=822,Decreto Legislativo,2018-08-27,ConcessaoMedalha
Decreto Legislativo 861/2018,CONCEDE A MEDALHA DO MÉRITO JOSÉ MARIANO À EDUCADORA ELZA DE ANDRADE LIMA.,https://publico.recife.pe.leg.br/consultas/norma_juridica/norma_juridica_mostrar_proc?cod_norma=823,Decreto Legislativo,2018-06-18,ConcessaoMedalha
Decreto Legislativo 860/2018,CONCEDE O TÍTULO DE CIDADÃO DO RECIFE AO SR. JOÃO REINALDO RAMOS.,https://publico.recife.pe.leg.br/consultas/norma_juridica/norma_juridica_mostrar_proc?cod_norma=821,Decreto Legislativo,2018-06-18,ConcessaoTitulo
Decreto Legislativo 859/2018,CONCEDE O TÍTULO DE “CIDADÃO DO RECIFE” A MARIANO RODRIGO HAJNY.,https://publico.recife.pe.leg.br/consultas/norma_juridica/norma_juridica_mostrar_proc?cod_norma=820,Decreto Legislativo,2018-06-18,ConcessaoTitulo
Decreto Legislativo 858/2018,CONCEDE O TÍTULO DE CIDADÃO DO RECIFE AO APÓSTOLO LUÍS AUGUSTO EMERY DA SILVEIRA.,https://publico.recife.pe.leg.br/consultas/norma_juridica/norma_juridica_mostrar_proc?cod_norma=765,Decreto Legislativo,2018-06-18,ConcessaoTitulo
Decreto Legislativo 857/2018,DISPÕE SOBRE A CONCESSÃO DA MEDALHA DE MÉRITO “JOSÉ MARIANO” A DRA. ÂNGELA MARIA DOS SANTOS.,https://publico.recife.pe.leg.br/consultas/norma_juridica/norma_juridica_mostrar_proc?cod_norma=763,Decreto Legislativo,2018-06-18,ConcessaoMedalha
Decreto Legislativo 856/2018,CONCEDE O TÍTULO DE CIDADÃO DO RECIFE AO PASTOR ANTONIO GENARO DE OLIVEIRA.,https://publico.recife.pe.leg.br/consultas/norma_juridica/norma_juridica_mostrar_proc?cod_norma=758,Decreto Legislativo,2018-06-18,ConcessaoTitulo
Decreto Legislativo 855/2018,CONCEDE O TÍTULO DE CIDADÃO DO RECIFE AO PASTOR SÉRGIO DOS SANTOS.,https://publico.recife.pe.leg.br/consultas/norma_juridica/norma_juridica_mostrar_proc?cod_norma=757,Decreto Legislativo,2018-06-18,ConcessaoTitulo
Decreto Legislativo 854/2018,CONCEDE O TÍTULO DE CIDADÃO DO RECIFE AO PASTOR FRANCISCO EURICO DA SILVA.,https://publico.recife.pe.leg.br/consultas/norma_juridica/norma_juridica_mostrar_proc?cod_norma=818,Decreto Legislativo,2018-05-29,ConcessaoTitulo
Decreto Legislativo 853/2018,CONCEDE O TÍTULO DE CIDADÃO DO RECIFE AO MAJOR JOSÉ ALDO DA SILVA.,https://publico.recife.pe.leg.br/consultas/norma_juridica/norma_juridica_mostrar_proc?cod_norma=768,Decreto Legislativo,2018-05-29,ConcessaoTitulo
Decreto Legislativo 852/2018,CONCEDE O TÍTULO DE CIDADÃ DO RECIFE À PESCADORA E MARISQUEIRA EDILEUZA SILVA DO NASCIMENTO -  LEU.,https://publico.recife.pe.leg.br/consultas/norma_juridica/norma_juridica_mostrar_proc?cod_norma=771,Decreto Legislativo,2018-05-14,ConcessaoTitulo
Decreto Legislativo 851/2018,"TÍTULO DE CIDADÃO DO RECIFE AO EMPRESÁRIO, JORNALISTA E PUBLICITÁRIO LEVY FIDELIX.",https://publico.recife.pe.leg.br/consultas/norma_juridica/norma_juridica_mostrar_proc?cod_norma=819,Decreto Legislativo,2018-05-15,ConcessaoTitulo
Decreto Legislativo 850/2018,CONCEDE O TÍTULO DE CIDADÃO DO RECIFE AO PROFESSOR LUIS DE LA MORA.,https://publico.recife.pe.leg.br/consultas/norma_juridica/norma_juridica_mostrar_proc?cod_norma=761,Decreto Legislativo,2018-05-14,ConcessaoTitulo
Decreto Legislativo 849/2018,TÍTULO DE CIDADÃO DO RECIFE AO DELEGADO E EX-VEREADOR DO RECIFE DR.JOSÉ ANTÔNIO.,https://publico.recife.pe.leg.br/consultas/norma_juridica/norma_juridica_mostrar_proc?cod_norma=755,Decreto Legislativo,2018-05-14,ConcessaoTitulo
Decreto Legislativo 848/2018,"DISPÕE SOBRE A CONCESSÃO DO TÍTULO DE CIDADÃO RECIFENSE AO JOGADOR, DO SPORT CLUB DO RECIFE, SEVERINO DOS RAMOS DURVAL DA SILVA PELOS 400 JOGOS.",https://publico.recife.pe.leg.br/consultas/norma_juridica/norma_juridica_mostrar_proc?cod_norma=1324,Decreto Legislativo,2018-05-14,ConcessaoTitulo
Decreto Legislativo 847/2018,CONCEDE O TÍTULO DE CIDADÃO DO RECIFE AO RADIALISTA CIRO BEZERRA.,https://publico.recife.pe.leg.br/consultas/norma_juridica/norma_juridica_mostrar_proc?cod_norma=754,Decreto Legislativo,2018-05-02,ConcessaoTitulo
Decreto Legislativo 846/2018,CONCEDE A MEDALHA DE MÉRITO JOSÉ MARIANO AO PREFEITO DE PETROLINA MIGUEL DE SOUZA LEÃO COELHO.,https://publico.recife.pe.leg.br/consultas/norma_juridica/norma_juridica_mostrar_proc?cod_norma=751,Decreto Legislativo,2018-04-10,ConcessaoMedalha
Decreto Legislativo 845/2018,DISPÕE SOBRE A CONCESSÃO DA MEDALHA  DE MÉRITO JOSÉ MARIANO AO MINISTRO FERNANDO COELHO FILHO.,https://publico.recife.pe.leg.br/consultas/norma_juridica/norma_juridica_mostrar_proc?cod_norma=1328,Decreto Legislativo,2018-04-10,ConcessaoMedalha
Decreto Legislativo 844/2018,CONCEDE O TÍTULO DE CIDADÃO DO RECIFE AO PADRE RINALDO PEREIRA DOS SANTOS.,https://publico.recife.pe.leg.br/consultas/norma_juridica/norma_juridica_mostrar_proc?cod_norma=752,Decreto Legislativo,2018-04-03,ConcessaoTitulo
Decreto Legislativo 843/2018,CONCEDE O TÍTULO DE CIDADÃ DO RECIFE A DRA. ERIVÂNIA CAMELO DE ALMEIDA,https://publico.recife.pe.leg.br/consultas/norma_juridica/norma_juridica_mostrar_proc?cod_norma=1315,Decreto Legislativo,2018-04-03,ConcessaoTitulo
Decreto Legislativo 842/2018,CONCEDE O TÍTULO DE CIDADÃO DO RECIFE AO SR. HELSON DAVI BARROS.,https://publico.recife.pe.leg.br/consultas/norma_juridica/norma_juridica_mostrar_proc?cod_norma=1325,Decreto Legislativo,2018-04-03,ConcessaoTitulo
Decreto Legislativo 841/2018,CONCEDE A MEDALHA DO MÉRITO JOSÉ MARIANO AO SR. CARLOS DA COSTA PINTO NEVES FILHO.,https://publico.recife.pe.leg.br/consultas/norma_juridica/norma_juridica_mostrar_proc?cod_norma=1307,Decreto Legislativo,2018-03-13,ConcessaoMedalha
Decreto Legislativo 840/2018,CONCEDE O TÍTULO DE CIDADÃO RECIFENSE AO DR. JOSÉ MARIO CAPRIOLI DOS SANTOS.,https://publico.recife.pe.leg.br/consultas/norma_juridica/norma_juridica_mostrar_proc?cod_norma=753,Decreto Legislativo,2018-02-26,ConcessaoTitulo
Decreto Legislativo 839/2018,CONCEDE O TÍTULO DE “CIDADÃO DO RECIFE” AO EMPRESÁRIO RINALDO FERRAZ.,https://publico.recife.pe.leg.br/consultas/norma_juridica/norma_juridica_mostrar_proc?cod_norma=1310,Decreto Legislativo,2018-02-26,ConcessaoTitulo
Decreto Legislativo 18338/2017,DISPÕE SOBRE AS CONDIÇÕES DE USO E OCUPAÇÃO DO SOLO NA ZONA ESPECIAL DO AEROPORTO - ZEA E REVOGA A LEI MUNICIPAL Nº 16.414/98.,https://publico.recife.pe.leg.br/consultas/norma_juridica/norma_juridica_mostrar_proc?cod_norma=422,Decreto Legislativo,2017-07-07,Outro
Decreto Legislativo 838/2017,CONCEDE O TÍTULO DE CIDADÃO DO RECIFE AO TREINADOR DE FUTEBOL PROFISSIONAL DO SPORT CLUBE DO RECIFE DANIEL PALLO BARIONI.,https://publico.recife.pe.leg.br/consultas/norma_juridica/norma_juridica_mostrar_proc?cod_norma=1308,Decreto Legislativo,2017-12-14,ConcessaoTitulo
Decreto Legislativo 837/2017,CONCEDE O TÍTULO DE CIDADÃO DO RECIFE AO SR. JOSÉ DURVAL DE LEMOS LINS FILHO.,https://publico.recife.pe.leg.br/consultas/norma_juridica/norma_juridica_mostrar_proc?cod_norma=1255,Decreto Legislativo,2017-12-14,ConcessaoTitulo
Decreto Legislativo 836/2017,CONCEDE A MEDALHA DE MÉRITO JOSÉ MARIANO AO DR. ANTÔNIO MÁRIO DE ABREU PINTO.,https://publico.recife.pe.leg.br/consultas/norma_juridica/norma_juridica_mostrar_proc?cod_norma=1243,Decreto Legislativo,2017-12-14,ConcessaoMedalha
Decreto Legislativo 835/2017,DISPÕE SOBRE A CONCESSÃO DA MEDALHA DE MÉRITO “JOSÉ MARIANO” AO TENENTE-CORONEL ROBSON ROBERTO COUTO DE ARAÚJO.,https://publico.recife.pe.leg.br/consultas/norma_juridica/norma_juridica_mostrar_proc?cod_norma=1312,Decreto Legislativo,2017-12-14,ConcessaoMedalha
Decreto Legislativo 834/2017,CONCEDE O TÍTULO DE CIDADÃO DO RECIFE AO FREI CLAUDIO SIMÕES GALINDO.,https://publico.recife.pe.leg.br/consultas/norma_juridica/norma_juridica_mostrar_proc?cod_norma=1306,Decreto Legislativo,2017-12-04,ConcessaoTitulo
Decreto Legislativo 833/2017,CONCEDE A MEDALHA DO MÉRITO JOSÉ MARIANO AO CEL PM ALBERTO CASSIANO BARBOSA.,https://publico.recife.pe.leg.br/consultas/norma_juridica/norma_juridica_mostrar_proc?cod_norma=1300,Decreto Legislativo,2017-12-04,ConcessaoMedalha
Decreto Legislativo 832/2017,CONCEDE A MEDALHA DE MÉRITO JOSÉ MARIANO AO TRABALHO SOCIAL UNIVERSAL NOS PRESÍDIOS- UNP.,https://publico.recife.pe.leg.br/consultas/norma_juridica/norma_juridica_mostrar_proc?cod_norma=1261,Decreto Legislativo,2017-12-04,ConcessaoMedalha
Decreto Legislativo 831/2017,"AUTORIZA O SENHOR GERALDO JÚLIO DE MELLO FILHO, PREFEITO DA CIDADE DO RECIFE, A SE AUSENTAR DO PAÍS, NO PERÍODO DE 10 A 22 DE JANEIRO DE 2018.",https://publico.recife.pe.leg.br/consultas/norma_juridica/norma_juridica_mostrar_proc?cod_norma=1316,Decreto Legislativo,2017-12-04,AutorizacaoAusencia
Decreto Legislativo 830/2017,CONCEDE O TÍTULO DE CIDADÃ DO RECIFE À MÉDICA DO TRABALHO JANDIRA DANTAS MACHADO.,https://publico.recife.pe.leg.br/consultas/norma_juridica/norma_juridica_mostrar_proc?cod_norma=1314,Decreto Legislativo,2017-11-27,ConcessaoTitulo
Decreto Legislativo 829/2017,CONCEDE MEDALHA JOSÉ MARIANO AO SENHOR JOSÉ NIVALDO JÚNIOR.,https://publico.recife.pe.leg.br/consultas/norma_juridica/norma_juridica_mostrar_proc?cod_norma=1311,Decreto Legislativo,2017-11-27,ConcessaoMedalha
Decreto Legislativo 828/2017,CONCEDE O TÍTULO DE CIDADÃO DO RECIFE AO  DESEMBARGADOR MANOEL DE OLIVEIRA ERHARDT.,https://publico.recife.pe.leg.br/consultas/norma_juridica/norma_juridica_mostrar_proc?cod_norma=1304,Decreto Legislativo,2017-11-30,ConcessaoTitulo
Decreto Legislativo 827/2017,"CONCEDE O TÍTULO DE CIDADÃO DO RECIFE AO SUPERINTENDENTE DA CDL – CÂMARA DE DIRIGENTES LOJISTAS DO RECIFE, HUGO ALFREDO PHILIPPSEN.",https://publico.recife.pe.leg.br/consultas/norma_juridica/norma_juridica_mostrar_proc?cod_norma=1303,Decreto Legislativo,2017-11-27,ConcessaoTitulo
Decreto Legislativo 826/2017,CONCEDE O TÍTULO DE CIDADÃ DO RECIFE A HELENA CAÚLA REIS.,https://publico.recife.pe.leg.br/consultas/norma_juridica/norma_juridica_mostrar_proc?cod_norma=1298,Decreto Legislativo,2017-11-27,ConcessaoTitulo
Decreto Legislativo 825/2017,CONCEDE A MEDALHA DE MÉRITO JOSÉ MARIANO PARA A ATLETA ETIENE PIRES DE MEDEIROS.,https://publico.recife.pe.leg.br/consultas/norma_juridica/norma_juridica_mostrar_proc?cod_norma=1293,Decreto Legislativo,2017-11-27,ConcessaoMedalha
Decreto Legislativo 824/2017,CONCEDE O TÍTULO DE “CIDADÃO DO RECIFE” AO SR. ADALBERTO DE OLIVEIRA MELO.,https://publico.recife.pe.leg.br/consultas/norma_juridica/norma_juridica_mostrar_proc?cod_norma=1257,Decreto Legislativo,2017-11-27,ConcessaoTitulo
Decreto Legislativo 823/2017,DISPÕE SOBRE A CONCESSÃO DA MEDALHA DE MÉRITO JOSÉ MARIANO AO MÉDICO ELIÉZER RUSHANSKY.,https://publico.recife.pe.leg.br/consultas/norma_juridica/norma_juridica_mostrar_proc?cod_norma=1305,Decreto Legislativo,2017-11-21,ConcessaoMedalha
Decreto Legislativo 822/2017,DISPÕE SOBRE A CONCESSÃO DA MEDALHA DE MÉRITO “JOSÉ MARIANO” AO JUIZ JOÃO JOSÉ ROCHA TARGINO.,https://publico.recife.pe.leg.br/consultas/norma_juridica/norma_juridica_mostrar_proc?cod_norma=1296,Decreto Legislativo,2017-11-21,ConcessaoMedalha
Decreto Legislativo 821/2017,CONCEDE O TÍTULO DE CIDADÃO DO RECIFE AO SR. RICARDO COIMBRA DE ALMEIDA BRENNAND.,https://publico.recife.pe.leg.br/consultas/norma_juridica/norma_juridica_mostrar_proc?cod_norma=1301,Decreto Legislativo,2017-11-13,ConcessaoTitulo
Decreto Legislativo 820/2017,"CONCEDE O TÍTULO DE CIDADÃO DO RECIFE AO JOGADOR DE FUTEBOL DO SANTA CRUZ FUTEBOL CLUBE, DR. EDINALDO BATISTA LIBÂNIO, MAIS CONHECIDO COMO GRAFITE.",https://publico.recife.pe.leg.br/consultas/norma_juridica/norma_juridica_mostrar_proc?cod_norma=1259,Decreto Legislativo,2017-11-13,ConcessaoTitulo
Decreto Legislativo 819/2017,"CONCEDE O TÍTULO DE CIDADÃO DE RECIFE AO ESCRITOR, JORNALISTA, CRÍTICO LITERÁRIO E DOCUMENTARISTA MAURÍCIO MELO JÚNIOR.",https://publico.recife.pe.leg.br/consultas/norma_juridica/norma_juridica_mostrar_proc?cod_norma=1256,Decreto Legislativo,2017-10-31,ConcessaoTitulo
Decreto Legislativo 818/2017,CONCEDE O TÍTULO DE CIDADÃO DO RECIFE AO SR. MARINALDO JOSÉ PEIXOTO.,https://publico.recife.pe.leg.br/consultas/norma_juridica/norma_juridica_mostrar_proc?cod_norma=1240,Decreto Legislativo,2017-10-31,ConcessaoTitulo
Decreto Legislativo 817/2017,CONCEDE A MEDALHA DE MÉRITO JOSÉ MARIANO À RÁDIO MARANATA FM.,https://publico.recife.pe.leg.br/consultas/norma_juridica/norma_juridica_mostrar_proc?cod_norma=1262,Decreto Legislativo,2017-10-02,ConcessaoMedalha
Decreto Legislativo 816/2017,DISPÕE SOBRE A CONCESSÃO DO TÍTULO DE “CIDADÃO DO RECIFE” AO SR. PAULO DE MÉLO E LIMA.,https://publico.recife.pe.leg.br/consultas/norma_juridica/norma_juridica_mostrar_proc?cod_norma=1260,Decreto Legislativo,2017-10-02,ConcessaoTitulo
Decreto Legislativo 815/2017,CONCEDE O TÍTULO DE CIDADÃO DO RECIFE AO PASTOR EBENÉZER NUNES DA SILVA.,https://publico.recife.pe.leg.br/consultas/norma_juridica/norma_juridica_mostrar_proc?cod_norma=1254,Decreto Legislativo,2017-10-02,ConcessaoTitulo
Decreto Legislativo 814/2017,CONCEDE O TÍTULO DE CIDADÃO DO RECIFE AO SR. ADÊNIO CARNEIRO VILELA JUNIOR,https://publico.recife.pe.leg.br/consultas/norma_juridica/norma_juridica_mostrar_proc?cod_norma=1253,Decreto Legislativo,2017-10-02,ConcessaoTitulo
Decreto Legislativo 813/2017,CONCEDE O TÍTULO DE CIDADÃO DO RECIFE AO JORNALISTA E RADIALISTA ALDO VILELA.,https://publico.recife.pe.leg.br/consultas/norma_juridica/norma_juridica_mostrar_proc?cod_norma=1233,Decreto Legislativo,2017-10-02,ConcessaoTitulo
Decreto Legislativo 812/2017,CONCEDE O TÍTULO DE CIDADÃO DO RECIFE AO PASTOR SILAS LIMA MALAFAIA.,https://publico.recife.pe.leg.br/consultas/norma_juridica/norma_juridica_mostrar_proc?cod_norma=1065,Decreto Legislativo,2017-10-02,ConcessaoTitulo
Decreto Legislativo 811/2017,CONCEDE O TÍTULO DE CIDADÃO DO RECIFE AO SR. CARLOS AUGUSTO LOPES DA COSTA.,https://publico.recife.pe.leg.br/consultas/norma_juridica/norma_juridica_mostrar_proc?cod_norma=1069,Decreto Legislativo,2017-09-19,ConcessaoTitulo
Decreto Legislativo 810/2017,CONCEDE O TITULO DE CIDADÃO DO RECIFE AO SR. CARLOS ROBERTO WIZARD MARTINS.,https://publico.recife.pe.leg.br/consultas/norma_juridica/norma_juridica_mostrar_proc?cod_norma=1238,Decreto Legislativo,2017-09-11,ConcessaoTitulo
Decreto Legislativo 809/2017,CONCEDE O TÍTULO DE CIDADÃO DO RECIFE AO EMPRESÁRIO YVES NOGUEIRA.,https://publico.recife.pe.leg.br/consultas/norma_juridica/norma_juridica_mostrar_proc?cod_norma=1090,Decreto Legislativo,2017-09-11,ConcessaoTitulo
Decreto Legislativo 808/2017,CONCEDE O TÍTULO DE CIDADÃO DO RECIFE AO BISPO WILLIAM BRÍGIDO.,https://publico.recife.pe.leg.br/consultas/norma_juridica/norma_juridica_mostrar_proc?cod_norma=1084,Decreto Legislativo,2017-09-11,ConcessaoTitulo
Decreto Legislativo 807/2017,CONCEDE A MEDALHA DE MÉRITO JOSÉ MARIANO À QUADRILHA JUNINA EVOLUÇÃO.,https://publico.recife.pe.leg.br/consultas/norma_juridica/norma_juridica_mostrar_proc?cod_norma=1087,Decreto Legislativo,2017-08-28,ConcessaoMedalha
Decreto Legislativo 806/2017,CONCEDE O TÍTULO DE “CIDADÃO DO RECIFE” À CANTORA E COMPOSITORA TEREZINHA BEZERRA CHAVES (TEREZINHA DO ACORDEON).,https://publico.recife.pe.leg.br/consultas/norma_juridica/norma_juridica_mostrar_proc?cod_norma=1080,Decreto Legislativo,2017-08-28,ConcessaoTitulo
Decreto Legislativo 805/2017,CONCEDE A MEDALHA DE MÉRITO JOSÉ MARIANO AO PROFESSOR PÓS-DOUTOR WILLAMES DE ALBUQUERQUE SOARES.,https://publico.recife.pe.leg.br/consultas/norma_juridica/norma_juridica_mostrar_proc?cod_norma=1046,Decreto Legislativo,2017-08-28,ConcessaoMedalha
Decreto Legislativo 804/2017,CONCEDE O TÍTULO DE CIDADÃO DO RECIFE AO CANTOR WESLEY OLIVEIRA DA SILVA.,https://publico.recife.pe.leg.br/consultas/norma_juridica/norma_juridica_mostrar_proc?cod_norma=1047,Decreto Legislativo,2017-08-21,ConcessaoTitulo
Decreto Legislativo 803/2017,CONCEDE A MEDALHA DE MÉRITO JOSÉ MARIANO AO HOSPITAL DE AERONÁUTICA DE RECIFE-HARF.,https://publico.recife.pe.leg.br/consultas/norma_juridica/norma_juridica_mostrar_proc?cod_norma=1245,Decreto Legislativo,2017-08-21,ConcessaoTitulo
Decreto Legislativo 802/2017,CONCEDE O TÍTULO DE CIDADÃO DO RECIFE AO PROFESSOR HAYASHI KAWAMURA.,https://publico.recife.pe.leg.br/consultas/norma_juridica/norma_juridica_mostrar_proc?cod_norma=1061,Decreto Legislativo,2017-08-08,ConcessaoTitulo
Decreto Legislativo 801/2017,CONCEDE O TÍTULO DE CIDADÃO DO RECIFE À DIRETORA DA ACCENTURE BRASIL FLAVIA PICOLO.,https://publico.recife.pe.leg.br/consultas/norma_juridica/norma_juridica_mostrar_proc?cod_norma=1058,Decreto Legislativo,2017-08-08,ConcessaoTitulo
Decreto Legislativo 800/2017,CONCEDE O TÍTULO DE CIDADÃO RECIFENSE AO DR. ANTONOALDO GRANGEON TRANCOSO NEVES.,https://publico.recife.pe.leg.br/consultas/norma_juridica/norma_juridica_mostrar_proc?cod_norma=1054,Decreto Legislativo,2017-08-08,ConcessaoTitulo
Decreto Legislativo 799/2017,CONCEDE MEDALHA DE MÉRITO JOSÉ MARIANO À IGREJA EVANGÉLICA ASSEMBLEIA DE DEUS EM PERNAMBUCO (IEADPE).,https://publico.recife.pe.leg.br/consultas/norma_juridica/norma_juridica_mostrar_proc?cod_norma=893,Decreto Legislativo,2017-06-20,ConcessaoMedalha
Decreto Legislativo 798/2017,CONCEDE O TÍTULO DE CIDADÃO DO RECIFE AO SR. ADILSON GOMES SILVA,https://publico.recife.pe.leg.br/consultas/norma_juridica/norma_juridica_mostrar_proc?cod_norma=785,Decreto Legislativo,2017-06-20,ConcessaoTitulo
Decreto Legislativo 797/2017,DISPÕE SOBRE A CONCESSÃO DA MEDALHA DE MÉRITO JOSÉ MARIANO AO DESEMBARGADOR NILDO NERY.,https://publico.recife.pe.leg.br/consultas/norma_juridica/norma_juridica_mostrar_proc?cod_norma=892,Decreto Legislativo,2017-05-29,ConcessaoMedalha
Decreto Legislativo 796/2017,CONCEDE A MEDALHA DE MÉRITO JOSÉ MARIANO AO SR. FRANCISCO AMÂNCIO DA SILVA – MAESTRO FORRÓ.,https://publico.recife.pe.leg.br/consultas/norma_juridica/norma_juridica_mostrar_proc?cod_norma=847,Decreto Legislativo,2017-05-29,ConcessaoMedalha
Decreto Legislativo 795/2017,CONCEDE TÍTULO DE CIDADÃO DO RECIFE AO REVERENDO ABNER FERREIRA DE ASSIS.,https://publico.recife.pe.leg.br/consultas/norma_juridica/norma_juridica_mostrar_proc?cod_norma=846,Decreto Legislativo,2017-05-29,ConcessaoTitulo
Decreto Legislativo 794/2017,CONDECE O TITULO DE CIDADÃ DO RECIFE A SRA. FABIANA ROBERTA RIBEIRO DE VASCONCELOS LUCENA.,https://publico.recife.pe.leg.br/consultas/norma_juridica/norma_juridica_mostrar_proc?cod_norma=889,Decreto Legislativo,2017-05-23,ConcessaoTitulo
Decreto Legislativo 793/2017,CONCEDE O TÍTULO DE CIDADÃO DO RECIFE AO JORNALISTA E ESCRITOR CÍCERO BELMAR.,https://publico.recife.pe.leg.br/consultas/norma_juridica/norma_juridica_mostrar_proc?cod_norma=888,Decreto Legislativo,2017-05-26,ConcessaoTitulo
Decreto Legislativo 792/2017,CONCEDE O TÍTULO DE CIDADÃ DO RECIFE A SR.ª PATRÍCIA GONÇALVES DOS SANTOS.,https://publico.recife.pe.leg.br/consultas/norma_juridica/norma_juridica_mostrar_proc?cod_norma=845,Decreto Legislativo,2017-05-02,ConcessaoTitulo
Decreto Legislativo 791/2017,CONCEDE O TÍTULO DE CIDADÃO DO RECIFE AO SR. DELMIRO DANTAS CAMPOS NETO.,https://publico.recife.pe.leg.br/consultas/norma_juridica/norma_juridica_mostrar_proc?cod_norma=844,Decreto Legislativo,2017-05-02,ConcessaoTitulo
Decreto Legislativo 790/2017,CONCEDE O TÍTULO DE CIDADÃO DO RECIFE AO PRESIDENTE INTERNACIONAL DA SOCIEDADE SÃO VICENTE DE PAULO (SSVP) RENATO LIMA DE OLIVEIRA.,https://publico.recife.pe.leg.br/consultas/norma_juridica/norma_juridica_mostrar_proc?cod_norma=890,Decreto Legislativo,2017-04-25,ConcessaoTitulo
Decreto Legislativo 789/2017,CONCEDE O TÍTULO DE CIDADÃO DO RECIFE AO SR. DR. PIERRE LUCENA RABONI.,https://publico.recife.pe.leg.br/consultas/norma_juridica/norma_juridica_mostrar_proc?cod_norma=838,Decreto Legislativo,2017-04-15,ConcessaoTitulo
Decreto Legislativo 788/2017,EMENTA: CONCEDE TÍTULO DE CIDADÃO DO RECIFE A PAULO RUBEM SANTIAGO FERREIRA.,https://publico.recife.pe.leg.br/consultas/norma_juridica/norma_juridica_mostrar_proc?cod_norma=831,Decreto Legislativo,2017-04-25,ConcessaoTitulo
Decreto Legislativo 787/2017,CONCEDE MEDALHA DO MÉRITO JOSÉ MARIANO AO FREI ALOÍSIO FRAGOSO DE MORAIS.,https://publico.recife.pe.leg.br/consultas/norma_juridica/norma_juridica_mostrar_proc?cod_norma=825,Decreto Legislativo,2017-04-25,ConcessaoMedalha
Decreto Legislativo 786/2017,CONCEDE A MEDALHA JOSÉ MARIANO AO CANTOR PETRÚCIO AMORIM.,https://publico.recife.pe.leg.br/consultas/norma_juridica/norma_juridica_mostrar_proc?cod_norma=826,Decreto Legislativo,2017-04-10,ConcessaoMedalha
Decreto Legislativo 785/2017,CONCEDE O TÍTULO DE CIDADÃO DO RECIFE AO MINISTRO DEMÓCRITO RAMOS REINALDO.,https://publico.recife.pe.leg.br/consultas/norma_juridica/norma_juridica_mostrar_proc?cod_norma=790,Decreto Legislativo,2017-04-05,ConcessaoTitulo
Decreto Legislativo 784/2017,CONCEDE O TÍTULO DE CIDADÃO DO RECIFE AO DELEGADO DE POLÍCIA CIVIL ESPECIAL ADEMAR CÂNDIDO DE OLIVEIRA.,https://publico.recife.pe.leg.br/consultas/norma_juridica/norma_juridica_mostrar_proc?cod_norma=783,Decreto Legislativo,2017-04-05,ConcessaoTitulo
Decreto Legislativo 783/2017,CONCEDE O TÍTULO DE CIDADÃO DO RECIFE AO SR.JAIME AMORIM.,https://publico.recife.pe.leg.br/consultas/norma_juridica/norma_juridica_mostrar_proc?cod_norma=829,Decreto Legislativo,2017-04-05,ConcessaoTitulo
Decreto Legislativo 782/2017,CONCEDE O TÍTULO DE CIDADÃO DO RECIFE AO DR. ENIO DANIEL RIBEIRO KOCH.,https://publico.recife.pe.leg.br/consultas/norma_juridica/norma_juridica_mostrar_proc?cod_norma=840,Decreto Legislativo,2017-03-20,ConcessaoTitulo
Decreto Legislativo 781/2017,CONCEDE A MEDALHA DE MÉRITO JOSÉ MARIANO AO HOSPITAL MILITAR DE ÁREA DE RECIFE - HMAR.,https://publico.recife.pe.leg.br/consultas/norma_juridica/norma_juridica_mostrar_proc?cod_norma=839,Decreto Legislativo,2017-03-20,ConcessaoTitulo
Decreto Legislativo 780/2017,"CONCEDE TÍTULO DE CIDADÃO DO RECIFE, AO PASTOR CLEITON COLLINS.",https://publico.recife.pe.leg.br/consultas/norma_juridica/norma_juridica_mostrar_proc?cod_norma=787,Decreto Legislativo,2017-03-20,ConcessaoTitulo
Decreto Legislativo 779/2017,CONCEDE A MEDALHA DO MÉRITO JOSÉ MARIANO AO ADVOGADO E PROFESSOR HELENO TAVEIRA TÔRRES.,https://publico.recife.pe.leg.br/consultas/norma_juridica/norma_juridica_mostrar_proc?cod_norma=786,Decreto Legislativo,2017-03-20,ConcessaoMedalha
Decreto Legislativo 778/2017,CONCEDE TÍTULO DE CIDADÃO DO RECIFE AO PASTOR AURIVAN MARINHO DA COSTA.,https://publico.recife.pe.leg.br/consultas/norma_juridica/norma_juridica_mostrar_proc?cod_norma=774,Decreto Legislativo,2017-03-20,ConcessaoTitulo
Decreto Legislativo 776/2017,CONCEDE O TÍTULO DE CIDADÃO DO RECIFE AO SR. SEVERINO PEREIRA LEITE JÚNIOR.,https://publico.recife.pe.leg.br/consultas/norma_juridica/norma_juridica_mostrar_proc?cod_norma=791,Decreto Legislativo,2017-03-13,ConcessaoTitulo
Decreto Legislativo 775/2017,CONCEDE A MEDALHA DO MÉRITO JOSÉ MARIANO À MÉDICA PEDIATRA DOUTORA VERA LOPES.,https://publico.recife.pe.leg.br/consultas/norma_juridica/norma_juridica_mostrar_proc?cod_norma=789,Decreto Legislativo,2017-03-13,ConcessaoMedalha
Decreto Legislativo 774/2017,CONCEDE O TÍTULO DE CIDADÃ RECIFENSE À ADRIANA FALANGOLA BENJAMIN - DONA DIDI - ARTISTA DO CINEMA MUDO NO BRASIL.,https://publico.recife.pe.leg.br/consultas/norma_juridica/norma_juridica_mostrar_proc?cod_norma=830,Decreto Legislativo,2017-03-08,ConcessaoTitulo
Decreto Legislativo 773/2017,"AUTORIZA O SENHOR GERALDO JÚLIO DE MELLO FILHO, PREFEITO DA CIDADE DO RECIFE, A SE AUSENTAR DO PAÍS NO PERÍODO DE 18 À 21 DE MARÇO DO CORRENTE EXERCÍCIO.",https://publico.recife.pe.leg.br/consultas/norma_juridica/norma_juridica_mostrar_proc?cod_norma=842,Decreto Legislativo,2017-02-22,AutorizacaoAusencia
Decreto Legislativo 772/2017,"CONCEDE O TÍTULO DE CIDADÃO DO RECIFE AO SR. MARCELLO DINIZ CORDEIRO, SUPERINTENDENTE REGIONAL DA POLÍCIA FEDERAL NO ESTADO DE PERNAMBUCO.",https://publico.recife.pe.leg.br/consultas/norma_juridica/norma_juridica_mostrar_proc?cod_norma=836,Decreto Legislativo,2017-02-20,ConcessaoTitulo
Decreto Legislativo 771/2017,CONCEDE MEDALHA DO MÉRITO JOSÉ MARIANO AO SR. ROBERTO GUSMÃO.,https://publico.recife.pe.leg.br/consultas/norma_juridica/norma_juridica_mostrar_proc?cod_norma=833,Decreto Legislativo,2017-02-20,ConcessaoMedalha
Decreto Legislativo 770/2016,CONCEDE A MEDALHA JOSÉ MARIANO AO DR. ANGELO RAFAEL FERREIRA DOS SANTOS.,https://publico.recife.pe.leg.br/consultas/norma_juridica/norma_juridica_mostrar_proc?cod_norma=784,Decreto Legislativo,2016-12-20,ConcessaoMedalha
Decreto Legislativo 769/2016,"CONCEDE A MEDALHA DE MÉRITO JOSÉ MARIANO À ORQUESTRA CRIANÇA CIDADÃ, REPRESENTADA PELO JUIZ DE DIREITO JOÃO JOSÉ ROCHA TARGINO - IDEALIZADOR E COORDENADOR GERAL.",https://publico.recife.pe.leg.br/consultas/norma_juridica/norma_juridica_mostrar_proc?cod_norma=779,Decreto Legislativo,2016-12-13,ConcessaoMedalha
Decreto Legislativo 768/2016,DISPÕE SOBRE A CONCESSÃO DA MEDALHA DE MÉRITO “JOSÉ MARIANO” À COMENDADORA CHEF ERILENE MONTEIRO.,https://publico.recife.pe.leg.br/consultas/norma_juridica/norma_juridica_mostrar_proc?cod_norma=778,Decreto Legislativo,2016-12-13,ConcessaoMedalha
Decreto Legislativo 767/2016,CONCEDE O TÍTULO DE CIDADÃO DO RECIFE AO PRESIDENTE NACIONAL DO PARTIDO REPUBLICANO PROGRESSISTA (PRP) OVASCO ROMA ALTIMARI RESENDE,https://publico.recife.pe.leg.br/consultas/norma_juridica/norma_juridica_mostrar_proc?cod_norma=777,Decreto Legislativo,2016-12-13,ConcessaoTitulo
Decreto Legislativo 766/2016,CONCEDE A MEDALHA DO MÉRITO JOSÉ MARIANO AO PASTOR ROBERTO JOSÉ DOS SANTOS.,https://publico.recife.pe.leg.br/consultas/norma_juridica/norma_juridica_mostrar_proc?cod_norma=764,Decreto Legislativo,2016-12-13,ConcessaoMedalha
Decreto Legislativo 765/2016,CONCEDE O TÍTULO DE CIDADÃO DO RECIFE AO DR. JAILSON DE BARROS CORREIA.,https://publico.recife.pe.leg.br/consultas/norma_juridica/norma_juridica_mostrar_proc?cod_norma=773,Decreto Legislativo,2016-11-28,ConcessaoTitulo
Decreto Legislativo 764/2016,CONCEDE A MEDALHA DE MÉRITO JOSÉ MARIANO AO DR. VICENTE ANDRÉ GOMES,https://publico.recife.pe.leg.br/consultas/norma_juridica/norma_juridica_mostrar_proc?cod_norma=782,Decreto Legislativo,2016-11-23,ConcessaoMedalha
Decreto Legislativo 763/2016,CONCEDE O TÍTULO DE CIDADÃ DO RECIFE A SRA. MARIA APARECIDA PEDROSA BEZERRA.,https://publico.recife.pe.leg.br/consultas/norma_juridica/norma_juridica_mostrar_proc?cod_norma=781,Decreto Legislativo,2016-11-23,ConcessaoTitulo
Decreto Legislativo 762/2016,CONCEDE O TÍTULO DE CIDADÃO DO RECIFE AO SR. ALFREDO JOSÉ DE SANTANA FILHO.,https://publico.recife.pe.leg.br/consultas/norma_juridica/norma_juridica_mostrar_proc?cod_norma=780,Decreto Legislativo,2016-11-22,ConcessaoTitulo
Decreto Legislativo 761/2016,CONCEDE A MEDALHA DE MÉRITO JOSÉ MARIANO AO PROCURADOR DO MINISTÉRIO PÚBLICO DO TRABALHO EM PERNAMBUCO (MPT/PE) DR. LEONARDO OSÓRIO MENDONÇA.,https://publico.recife.pe.leg.br/consultas/norma_juridica/norma_juridica_mostrar_proc?cod_norma=776,Decreto Legislativo,2016-11-22,ConcessaoMedalha
Decreto Legislativo 760/2016,CONCEDE A MEDALHA DO MÉRITO JOSÉ MARIANO AO LÍDER HUMANITÁRIO SRI SRI RAVI SHANKAR.,https://publico.recife.pe.leg.br/consultas/norma_juridica/norma_juridica_mostrar_proc?cod_norma=775,Decreto Legislativo,2016-11-21,ConcessaoMedalha
Decreto Legislativo 759/2016,"CONCEDE A MEDALHA DE MÉRITO JOSÉ MARIANO À ASSOCIAÇÃO DOS SERVIDORES DA PREFEITURA DA CIDADE RECIFE – ASPCRE, REPRESENTADA PELO SR. CARLOS LUIZ DA SILVA – PRESIDENTE.",https://publico.recife.pe.leg.br/consultas/norma_juridica/norma_juridica_mostrar_proc?cod_norma=766,Decreto Legislativo,2016-11-21,ConcessaoTitulo
Decreto Legislativo 758/2016,CONCEDE O TÍTULO DE CIDADÃ DO RECIFE À JORNALISTA CARMEM DOLORES PEIXOTO SANTANA.,https://publico.recife.pe.leg.br/consultas/norma_juridica/norma_juridica_mostrar_proc?cod_norma=762,Decreto Legislativo,2016-11-21,ConcessaoTitulo
Decreto Legislativo 757/2016,CONCEDE O TÍTULO DE CIDADÃO RECIFE AO MÉDICO RILDO VALENÇA SARAIVA DE MELLO.,https://publico.recife.pe.leg.br/consultas/norma_juridica/norma_juridica_mostrar_proc?cod_norma=767,Decreto Legislativo,2016-10-10,ConcessaoTitulo
Decreto Legislativo 756/2016,CONCEDE A MEDALHA DO MÉRITO JOSÉ MARIANO À ALIANÇA DE MÃES E FAMÍLIAS RARAS (AMAR) DO RECIFE.,https://publico.recife.pe.leg.br/consultas/norma_juridica/norma_juridica_mostrar_proc?cod_norma=760,Decreto Legislativo,2016-10-10,ConcessaoTitulo
Decreto Legislativo 755/2016,CONCEDE TÍTULO DE CIDADÃO DO RECIFE AO FREI DENNYS PIMENTEL.,https://publico.recife.pe.leg.br/consultas/norma_juridica/norma_juridica_mostrar_proc?cod_norma=759,Decreto Legislativo,2016-10-10,ConcessaoTitulo
Decreto Legislativo 754/2016,"CONCEDE A MEDALHA DO MÉRITO JOSÉ MARIANO A SEBASTIÃO DE ARAÚJO BARRETO CAMPELLO, PRESIDENTE DO MOVIMENTO PRÓ-CRIANÇA.",https://publico.recife.pe.leg.br/consultas/norma_juridica/norma_juridica_mostrar_proc?cod_norma=756,Decreto Legislativo,2016-10-10,ConcessaoMedalha
Decreto Legislativo 753/2016,CONCEDE A MEDALHA DE MÉRITO JOSÉ MARIANO AO GRANDE ORIENTE DE PERNAMBUCO EM HOMENAGEM AOS SEUS 90 ANOS.,https://publico.recife.pe.leg.br/consultas/norma_juridica/norma_juridica_mostrar_proc?cod_norma=716,Decreto Legislativo,2016-10-10,ConcessaoMedalha
Decreto Legislativo 752/2016,CONCEDE O TÍTULO DE PATRIMÔNIO CIENTÍFICO TECNOLÓGICO DO RECIFE À EMPRESA EPITRACK.,https://publico.recife.pe.leg.br/consultas/norma_juridica/norma_juridica_mostrar_proc?cod_norma=707,Decreto Legislativo,2016-10-10,ConcessaoTitulo
Decreto Legislativo 751/2016,CONCEDE A MEDALHA DO MÉRITO JOSÉ MARIANO À BAILARINA AMANDA PEREIRA DE LIMA.,https://publico.recife.pe.leg.br/consultas/norma_juridica/norma_juridica_mostrar_proc?cod_norma=708,Decreto Legislativo,2016-08-29,ConcessaoMedalha
Decreto Legislativo 750/2016,CONCEDE A MEDALHA DO MÉRITO JOSÉ MARIANO AO EMPRESÁRIO E ARTISTA ARLINDO PEREIRA DA SILVA ARLINDO CROSS.,https://publico.recife.pe.leg.br/consultas/norma_juridica/norma_juridica_mostrar_proc?cod_norma=713,Decreto Legislativo,2016-08-29,ConcessaoMedalha
Decreto Legislativo 749/2016,CONCEDE A MEDALHA JOSÉ MARIANO À APAE/RECIFE‒ASSOCIAÇÃO DE PAIS E AMIGOS DOS EXCEPCIONAIS.,https://publico.recife.pe.leg.br/consultas/norma_juridica/norma_juridica_mostrar_proc?cod_norma=714,Decreto Legislativo,2016-08-29,ConcessaoTitulo
Decreto Legislativo 748/2016,CONCEDE A MEDALHA DO MÉRITO JOSÉ MARIANO AO DESEMBARGADOR ANTÔNIO CARLOS ALVES DA SILVA.,https://publico.recife.pe.leg.br/consultas/norma_juridica/norma_juridica_mostrar_proc?cod_norma=705,Decreto Legislativo,2016-08-29,ConcessaoMedalha
Decreto Legislativo 747/2016,CONCEDE O TÍTULO DE CIDADÃO DO RECIFE AO DR. DJALMA JOSÉ GONÇALVES RAPOSO.,https://publico.recife.pe.leg.br/consultas/norma_juridica/norma_juridica_mostrar_proc?cod_norma=710,Decreto Legislativo,2016-08-29,ConcessaoTitulo
Decreto Legislativo 746/2016,CONCEDE O TÍTULO DE CIDADÃO RECIFENSE AO JORNALISTA JOSÉ EVALDO COSTA.,https://publico.recife.pe.leg.br/consultas/norma_juridica/norma_juridica_mostrar_proc?cod_norma=715,Decreto Legislativo,2016-08-29,ConcessaoTitulo
Decreto Legislativo 745/2016,CONCEDE A MEDALHA JOSÉ MARIANO AO SR.NICOLA PEDULLA JÚNIOR.,https://publico.recife.pe.leg.br/consultas/norma_juridica/norma_juridica_mostrar_proc?cod_norma=711,Decreto Legislativo,2016-08-29,ConcessaoMedalha
Decreto Legislativo 744/2016,CONCEDE A MEDALHA JOSÉ MARIANO AO SR. PETRUS LEONARDO DE SOUZA .,https://publico.recife.pe.leg.br/consultas/norma_juridica/norma_juridica_mostrar_proc?cod_norma=712,Decreto Legislativo,2016-08-29,ConcessaoMedalha
Decreto Legislativo 743/2016,CONCEDE A MEDALHA JOSÉ MARIANO À IGREJA UNIVERSAL DO REINO DE DEUS.,https://publico.recife.pe.leg.br/consultas/norma_juridica/norma_juridica_mostrar_proc?cod_norma=709,Decreto Legislativo,2016-07-04,ConcessaoMedalha
Decreto Legislativo 742/2016,CONCEDE A MEDALHA DO MÉRITO JOSÉ MARIANO AO GRUPO JCPM.,https://publico.recife.pe.leg.br/consultas/norma_juridica/norma_juridica_mostrar_proc?cod_norma=706,Decreto Legislativo,2016-07-04,ConcessaoMedalha
Decreto Legislativo 741/2016,CONCEDE A MEDALHA DO MÉRITO JOSÉ MARIANO AO EMPREENDEDOR SOCIAL FABIO SILVA.,https://publico.recife.pe.leg.br/consultas/norma_juridica/norma_juridica_mostrar_proc?cod_norma=700,Decreto Legislativo,2016-07-04,ConcessaoMedalha
Decreto Legislativo 740/2016,CONCEDE MEDALHA DO MÉRITO JOSÉ MARIANO AO DR. MAURÍCIO RANDS COELHO BARROS.,https://publico.recife.pe.leg.br/consultas/norma_juridica/norma_juridica_mostrar_proc?cod_norma=696,Decreto Legislativo,2016-06-27,ConcessaoMedalha
Decreto Legislativo 739/2016,"CONCEDE TÍTULO CIDADÃO DO RECIFE AO JORNALISTA, CANTOR E COMPOSITOR FRED RODRIGUES MONTENEGRO FRED ZEROQUATRO, PELA SUA RELEVANTE CONTRIBUIÇÃO À CULTURA PERNAMBUCANA.",https://publico.recife.pe.leg.br/consultas/norma_juridica/norma_juridica_mostrar_proc?cod_norma=664,Decreto Legislativo,2016-06-27,ConcessaoTitulo
Decreto Legislativo 738/2016,CONCEDE O TÍTULO DE CIDADÃO DO RECIFE AO DR. LEONARDO GOMES MENEZES.,https://publico.recife.pe.leg.br/consultas/norma_juridica/norma_juridica_mostrar_proc?cod_norma=637,Decreto Legislativo,2016-06-27,ConcessaoTitulo
Decreto Legislativo 737/2016,DISPÕE SOBRE A CONCESSÃO DO TÍTULO DE CIDADÃO RECIFENSE AO SR. FRANCISCO FERREIRA ROCHA.,https://publico.recife.pe.leg.br/consultas/norma_juridica/norma_juridica_mostrar_proc?cod_norma=662,Decreto Legislativo,2016-05-31,ConcessaoTitulo
Decreto Legislativo 736/2016,CONCEDE O TÍTULO DE CIDADÃ DO RECIFE A SR.ª MARIA OSMARINA MARINA DA SILVA VAZ DE LIMA.,https://publico.recife.pe.leg.br/consultas/norma_juridica/norma_juridica_mostrar_proc?cod_norma=639,Decreto Legislativo,2016-05-31,ConcessaoTitulo
Decreto Legislativo 735/2016,CONCEDE O TÍTULO DE CIDADÃO RECIFENSE AO CANTOR E COMPOSITOR GENIVAL LACERDA.,https://publico.recife.pe.leg.br/consultas/norma_juridica/norma_juridica_mostrar_proc?cod_norma=701,Decreto Legislativo,2016-05-31,ConcessaoTitulo
Decreto Legislativo 734/2016,CONCEDE O TÍTULO DE CIDADÃO DO RECIFE AO GENERAL MANOEL LUIZ NARVAZ PAFIADACHE.,https://publico.recife.pe.leg.br/consultas/norma_juridica/norma_juridica_mostrar_proc?cod_norma=704,Decreto Legislativo,2016-05-31,ConcessaoTitulo
Decreto Legislativo 733/2016,CONCEDE O TÍTULO DE CIDADÃO DO RECIFE AO FREI DAMIÃO SILVA.,https://publico.recife.pe.leg.br/consultas/norma_juridica/norma_juridica_mostrar_proc?cod_norma=703,Decreto Legislativo,2016-05-31,ConcessaoTitulo
Decreto Legislativo 732/2016,CONCEDE O TÍTULO DE CIDADÃO DO RECIFE AO DR. PAULO DE BARROS CARVALHO,https://publico.recife.pe.leg.br/consultas/norma_juridica/norma_juridica_mostrar_proc?cod_norma=702,Decreto Legislativo,2016-06-16,ConcessaoTitulo
Decreto Legislativo 731/2016,CONCEDE MEDALHA DO MÉRITO JOSÉ MARIANO AO CINEASTA KLEBER MENDONÇA FILHO.,https://publico.recife.pe.leg.br/consultas/norma_juridica/norma_juridica_mostrar_proc?cod_norma=636,Decreto Legislativo,2016-05-16,ConcessaoMedalha
Decreto Legislativo 730/2016,CONCEDE O TÍTULO DE CIDADÃO DO RECIFE AO JORNALISTA SÉRGIO DIONÍZIO LEITE,https://publico.recife.pe.leg.br/consultas/norma_juridica/norma_juridica_mostrar_proc?cod_norma=640,Decreto Legislativo,2016-05-03,ConcessaoTitulo
Decreto Legislativo 729/2016,CONCEDE O TÍTULO DE CIDADÃO DO RECIFE À PRODUTORA CULTURAL EMILIE LESCLAUX.,https://publico.recife.pe.leg.br/consultas/norma_juridica/norma_juridica_mostrar_proc?cod_norma=628,Decreto Legislativo,2016-05-03,ConcessaoTitulo
Decreto Legislativo 728/2016,"CONCEDE O TITULO DE CIDADÃO DO RECIFE AO SR. ARISIO COUTINHO FILHO, DIRETOR DE PROGRAMAÇÃO DA REDE GLOBO NORDESTE.",https://publico.recife.pe.leg.br/consultas/norma_juridica/norma_juridica_mostrar_proc?cod_norma=624,Decreto Legislativo,2016-05-03,ConcessaoTitulo
Decreto Legislativo 727/2016,"ALTERA ARTIGOS DO DECRETO LEGISLATIVO Nº 545/2011, DE 19/12/2011, PARA FIXAR OS SUBSÍDIOS DOS VEREADORES",https://publico.recife.pe.leg.br/consultas/norma_juridica/norma_juridica_mostrar_proc?cod_norma=660,Decreto Legislativo,2016-03-29,Outro
Decreto Legislativo 726/2016,CONCEDE O TÍTULO DE CIDADÃ DO RECIFE A SENHORA PROCURADORA DE JUSTIÇA LÚCIA DE ASSIS.,https://publico.recife.pe.leg.br/consultas/norma_juridica/norma_juridica_mostrar_proc?cod_norma=638,Decreto Legislativo,2016-03-07,ConcessaoTitulo
Decreto Legislativo 637/2013,"REGULAMENTA A APLICAÇÃO, NO ÂMBITO DA CÂMARA MUNICIPAL DO RECIFE, DA LEI FEDERAL Nº 12.527/11 E DÁ OUTRAS PROVIDÊNCIAS.",https://publico.recife.pe.leg.br/consultas/norma_juridica/norma_juridica_mostrar_proc?cod_norma=1410,Decreto Legislativo,2013-10-07,Outro
Decreto Legislativo 545/2011,"ALTERA ARTIGOS DO DECRETO LEGISLATIVO Nº 443/2008, DE 10/11/2008, PARA FIXAR OS SUBSÍDIOS DOS VEREADORES.",https://publico.recife.pe.leg.br/consultas/norma_juridica/norma_juridica_mostrar_proc?cod_norma=1883,Decreto Legislativo,2011-12-19,Outro
Decreto Legislativo 443/2008,FIXA SUBSÍDIO DOS VEREADORES PARA PRÓXIMA LEGISLATURA 2009/2012.,https://publico.recife.pe.leg.br/consultas/norma_juridica/norma_juridica_mostrar_proc?cod_norma=1882,Decreto Legislativo,2008-11-10,Outro
Decreto Legislativo 266/2004,Fixa o subsídio dos Vereadores da Câmara Municipal do Recife.,https://publico.recife.pe.leg.br/consultas/norma_juridica/norma_juridica_mostrar_proc?cod_norma=1881,Decreto Legislativo,2004-12-13,Outro
Lei Complementar 2/2021,"INSTITUI O PLANO DIRETOR DO MUNICÍPIO DO RECIFE, REVOGANDO A LEI MUNICIPAL Nº 17.511, DE 29 DE DEZEMBRO DE 2008.",https://publico.recife.pe.leg.br/consultas/norma_juridica/norma_juridica_mostrar_proc?cod_norma=1872,Lei Complementar,2021-04-23,CalendarioEventos
Lei Complementar 18592/2019,"DISPÕE SOBRE A REMUNERAÇÃO DOS SERVIDORES E EMPREGADOS PÚBLICOS DA ADMINISTRAÇÃO DIRETA E INDIRETA MUNICIPAL E SOBRE OUTROS ASPECTOS DE SEU REGIME JURÍDICO, ALÉM DE CRIAR E EXTINGUIR CARGOS PÚBLICOS EFETIVOS  NO ÂMBITO DA SECRETARIA DE SAÚDE.
""REGIME DE URGÊNCIA""",https://publico.recife.pe.leg.br/consultas/norma_juridica/norma_juridica_mostrar_proc?cod_norma=1585,Lei Complementar,2019-06-20,Outro
Lei Complementar 18583/2019,DENOMINAR-SE-Á CONJUNTO HABITACIONAL JORNALISTA MARIA GRACILANE ARAÚJO DA SILVA – “JORNALISTA GRAÇA ARAÚJO” - O PRÓXIMO CONJUNTO HABITACIONAL A SER INAUGURADO NA CIDADE DO RECIFE.,https://publico.recife.pe.leg.br/consultas/norma_juridica/norma_juridica_mostrar_proc?cod_norma=950,Lei Complementar,2019-06-06,Outro
Lei Complementar 18373/2017,DISPÕE SOBRE A DISSEMINAÇÃO DO CONTEÚDO DO ESTATUTO DA JUVENTUDE,https://publico.recife.pe.leg.br/consultas/norma_juridica/norma_juridica_mostrar_proc?cod_norma=1007,Lei Complementar,2017-09-11,Outro
Lei Ordinária 19402/2025,"Institui, na Rede Municipal de Ensino, o Programa Monitoria Recife e dá outras providências.",https://publico.recife.pe.leg.br/consultas/norma_juridica/norma_juridica_mostrar_proc?cod_norma=2010,Lei Ordinária,2025-07-10,CalendarioEventos
Lei Ordinária 19401/2025,Dispõe sobre a remuneração dos servidores e empregados públicos da Administração Direta e Indireta do Município e dá outras providências.,https://publico.recife.pe.leg.br/consultas/norma_juridica/norma_juridica_mostrar_proc?cod_norma=2009,Lei Ordinária,2025-07-10,Outro
Lei Ordinária 19400/2025,"Altera a Lei Municipal nº 19.169, de 21 de dezembro de 2023.",https://publico.recife.pe.leg.br/consultas/norma_juridica/norma_juridica_mostrar_proc?cod_norma=2008,Lei Ordinária,2025-07-10,Outro
Lei Ordinária 19399/2025,Institui e disciplina o Recife Bom de Bola – Campeonato Municipal de Esportes no Município do Recife.,https://publico.recife.pe.leg.br/consultas/norma_juridica/norma_juridica_mostrar_proc?cod_norma=2007,Lei Ordinária,2025-07-07,CalendarioEventos
Lei Ordinária 19398/2025,Institui o “Dia Municipal de Combate ao Desperdício de Alimentos” no Calendário Oficial de Eventos do Município do Recife.,https://publico.recife.pe.leg.br/consultas/norma_juridica/norma_juridica_mostrar_proc?cod_norma=2003,Lei Ordinária,2025-06-30,CalendarioEventos
Lei Ordinária 19397/2025,Institui o programa de parcelamento incentivado (PPI) no município do Recife.,https://publico.recife.pe.leg.br/consultas/norma_juridica/norma_juridica_mostrar_proc?cod_norma=2002,Lei Ordinária,2025-06-30,CalendarioEventos
Lei Ordinária 19396/2025,"Autoriza a concessão de indenização aos permissionários do mercado do Jordão para viabilizar a implantação da sede do distrito sanitário VIII e do centro de atenção psicossocial infantojuvenil – CAPSIJ 24h tipo III, e dá outras providências.",https://publico.recife.pe.leg.br/consultas/norma_juridica/norma_juridica_mostrar_proc?cod_norma=2001,Lei Ordinária,2025-06-30,Outro
Lei Ordinária 19395/2025,"Denomina “CAMPO DANIEL COSMO MACENA” o espaço localizado entre a Avenida Professor José dos Anjos, a Rua Farias Neves e a Travessa Capilé, no Bairro Campo Grande.",https://publico.recife.pe.leg.br/consultas/norma_juridica/norma_juridica_mostrar_proc?cod_norma=2000,Lei Ordinária,2025-06-30,RenomearLogradouro
Lei Ordinária 19394/2025,Inclui o Evento Esportivo Corrida Várzea Run no Calendário Oficial de Eventos do Município do Recife.,https://publico.recife.pe.leg.br/consultas/norma_juridica/norma_juridica_mostrar_proc?cod_norma=1999,Lei Ordinária,2025-06-30,CalendarioEventos
Lei Ordinária 19393/2025,"Autoriza o Poder Executivo a contratar operação de crédito junto a instituições financeiras nacionais, com a garantia da União.",https://publico.recife.pe.leg.br/consultas/norma_juridica/norma_juridica_mostrar_proc?cod_norma=1998,Lei Ordinária,2025-06-30,Outro
Lei Ordinária 19392/2025,Desafeta as áreas públicas descritas no anexo único e dá outras providências,https://publico.recife.pe.leg.br/consultas/norma_juridica/norma_juridica_mostrar_proc?cod_norma=1997,Lei Ordinária,2025-06-30,Outro
Lei Ordinária 19391/2025,"Altera as Leis Municipais nº 15.563, de 27 de dezembro de 1991; nº 18.894, de 21 de fevereiro de 2022; e nº 17.407, de 2 de janeiro de 2008.",https://publico.recife.pe.leg.br/consultas/norma_juridica/norma_juridica_mostrar_proc?cod_norma=1996,Lei Ordinária,2025-06-30,Outro
Lei Ordinária 19390/2025,"Cria a Bonificação por Desempenho para os agentes públicos que especifica, lotados na Estratégia de Saúde da Família, na Estratégia de Agente Comunitário de Saúde e nas equipes Multiprofissionais (eMulti) do município do Recife.",https://publico.recife.pe.leg.br/consultas/norma_juridica/norma_juridica_mostrar_proc?cod_norma=1995,Lei Ordinária,2025-06-30,Outro
Lei Ordinária 19389/2025,Declara Patrimônio Imaterial Histórico e Cultural do Recife a “Câmara de Dirigentes Lojistas do Recife — CDL”.,https://publico.recife.pe.leg.br/consultas/norma_juridica/norma_juridica_mostrar_proc?cod_norma=1980,Lei Ordinária,2025-06-16,PatrimonioCultural
Lei Ordinária 19388/2025,Reconhece como Patrimônio Cultural Imaterial do Recife a “Quadrilha Junina Dona Matuta”.,https://publico.recife.pe.leg.br/consultas/norma_juridica/norma_juridica_mostrar_proc?cod_norma=1979,Lei Ordinária,2025-06-16,PatrimonioCultural
Lei Ordinária 19387/2025,Institui a Semana Municipal de Enfrentamento à Violência Política contra as Mulheres no calendário oficial do Município do Recife.,https://publico.recife.pe.leg.br/consultas/norma_juridica/norma_juridica_mostrar_proc?cod_norma=1978,Lei Ordinária,2025-06-16,CalendarioEventos
Lei Ordinária 19386/2025,"Denominação da ponte que liga a Rua Amélia e a Rua José Luís da Silveira Barros à Avenida Agamenon Magalhães como ""Ponte Desembargador Fausto Freitas"".",https://publico.recife.pe.leg.br/consultas/norma_juridica/norma_juridica_mostrar_proc?cod_norma=1977,Lei Ordinária,2025-06-16,RenomearLogradouro
Lei Ordinária 19385/2025,"Estabelece exigências de nivelamento e especificações técnicas de tampas e tampões de infraestruturas e altera a Lei Municipal nº 18.355, de 19 de julho de 2017, que trata das normas que regulam a anuência e a fiscalização da execução de obras que interfiram no pavimento dos logradouros públicos e das obras de pavimentação das vias públicas , e dá outras providências.",https://publico.recife.pe.leg.br/consultas/norma_juridica/norma_juridica_mostrar_proc?cod_norma=1975,Lei Ordinária,2025-06-10,Outro
Lei Ordinária 19384/2025,"Institui o Reassentamento por Compra Assistida e o Reassentamento por Permuta no âmbito da Política de Reassentamento do Programa de Requalificação e Resiliência Urbana em Áreas de Vulnerabilidade Socioambiental - ProMorar Recife, no Município do Recife.",https://publico.recife.pe.leg.br/consultas/norma_juridica/norma_juridica_mostrar_proc?cod_norma=1976,Lei Ordinária,2025-06-10,CalendarioEventos
Lei Ordinária 19383/2025,Institui no Calendário Oficial de Eventos do Município do Recife o ´´Dia Municipal em Memória às Vítimas de Acidentes e Doenças do Trabalho´´.,https://publico.recife.pe.leg.br/consultas/norma_juridica/norma_juridica_mostrar_proc?cod_norma=1973,Lei Ordinária,2025-05-21,CalendarioEventos
Lei Ordinária 19382/2025,"Declara Patrimônio Cultural Imaterial do Recife a História e a Memória Cultural do Mercado de São José, localizado no bairro de São José, Recife.",https://publico.recife.pe.leg.br/consultas/norma_juridica/norma_juridica_mostrar_proc?cod_norma=1972,Lei Ordinária,2025-05-21,PatrimonioCultural
Lei Ordinária 19381/2025,Reconhece como Patrimônio Cultural Imaterial do Recife a Troça Carnavalesca Mista Batutas de Água Fria.,https://publico.recife.pe.leg.br/consultas/norma_juridica/norma_juridica_mostrar_proc?cod_norma=1971,Lei Ordinária,2025-05-21,PatrimonioCultural
Lei Ordinária 19380/2025,Institui o “Dia Municipal do Farmacêutico” no Calendário Oficial de Eventos do Município do Recife.,https://publico.recife.pe.leg.br/consultas/norma_juridica/norma_juridica_mostrar_proc?cod_norma=1970,Lei Ordinária,2025-05-21,CalendarioEventos
Lei Ordinária 19379/2025,"Denomina de “Creche-Escola Maria Magdalena Fiúza Arraes de Alencar”  a Creche-Escola localizada na rua Manoel Gonçalves da Luz, Bairro Mustardinha. Recife.",https://publico.recife.pe.leg.br/consultas/norma_juridica/norma_juridica_mostrar_proc?cod_norma=1969,Lei Ordinária,2025-05-14,RenomearLogradouro
Lei Ordinária 19378/2025,"Altera o art. 8º da Lei Municipal nº 18.617,da lei municipal nº 18.617, de 17 de setembro de 2019, que cria o Fundo do Trabalho do Município do Recife/FT-RECIFE e institui o Conselho Municipal do Trabalho, Emprego e Renda - CTER/Recife, nos termos e para os fins que especifica.",https://publico.recife.pe.leg.br/consultas/norma_juridica/norma_juridica_mostrar_proc?cod_norma=1968,Lei Ordinária,2025-05-14,CalendarioEventos
Lei Ordinária 19377/2025,Institui a “Política Municipal de Apoio e Incentivo ao Cooperativismo” no âmbito do município do Recife e dá outras providências.,https://publico.recife.pe.leg.br/consultas/norma_juridica/norma_juridica_mostrar_proc?cod_norma=1967,Lei Ordinária,2025-05-09,CalendarioEventos
Lei Ordinária 19376/2025,Institui a “Semana Municipal da Maternidade Atípica” no Calendário Oficial de Eventos do Município do Recife.,https://publico.recife.pe.leg.br/consultas/norma_juridica/norma_juridica_mostrar_proc?cod_norma=1966,Lei Ordinária,2025-05-09,CalendarioEventos
Lei Ordinária 19375/2025,Institui o “Dia do Fisioterapeuta” no Calendário Oficial de Eventos do Município do Recife.,https://publico.recife.pe.leg.br/consultas/norma_juridica/norma_juridica_mostrar_proc?cod_norma=1965,Lei Ordinária,2025-04-30,CalendarioEventos
Lei Ordinária 19374/2025,"Denomina “Praça Eudezia Cardoso de Barros” a praça situada na Rua das Rosas, bairro de Dois Unidos, município do Recife.",https://publico.recife.pe.leg.br/consultas/norma_juridica/norma_juridica_mostrar_proc?cod_norma=1964,Lei Ordinária,2025-04-30,RenomearLogradouro
Lei Ordinária 19373/2025,"Cria a “Campanha Permanente contra o Assédio, a Importunação e a Violência Sexuais nos Estádios e nas Arenas Desportivas” no âmbito do município do Recife.",https://publico.recife.pe.leg.br/consultas/norma_juridica/norma_juridica_mostrar_proc?cod_norma=1963,Lei Ordinária,2025-04-30,Outro
Lei Ordinária 19372/2025,Declara a “Terça do Vinil” Patrimônio Cultural Imaterial do Recife.,https://publico.recife.pe.leg.br/consultas/norma_juridica/norma_juridica_mostrar_proc?cod_norma=1962,Lei Ordinária,2025-04-21,PatrimonioCultural
Lei Ordinária 19371/2025,"Institui a isenção do pagamento da retribuição pecuniária de uso aos permissionários do Mercado Público da Madalena durante o período em que ocorrerem os serviços de reforma para a recuperação do equipamento, em decorrência do incêndio ocorrido em 12 de abril de 2025, e cria o Auxílio Emergencial aos permissionários impactados a cada fase da obra.",https://publico.recife.pe.leg.br/consultas/norma_juridica/norma_juridica_mostrar_proc?cod_norma=1902,Lei Ordinária,2025-04-23,Outro
Lei Ordinária 19370/2025,"Institui o ""Mês Abril Amarelo"" no Calendário Oficial de Eventos do Município do Recife.",https://publico.recife.pe.leg.br/consultas/norma_juridica/norma_juridica_mostrar_proc?cod_norma=1938,Lei Ordinária,2025-04-14,CalendarioEventos
Lei Ordinária 19369/2025,"Denomina “Praça Francisca Palhano Maia” a praça situada na Rua Compositor Vinícius de Moraes, Bairro Beberibe, município do Recife.",https://publico.recife.pe.leg.br/consultas/norma_juridica/norma_juridica_mostrar_proc?cod_norma=1926,Lei Ordinária,2025-04-14,RenomearLogradouro
Lei Ordinária 19368/2025,"Declara Patrimônio Cultural Imaterial do Recife a “Festa de Santo Expedito”, realizada no Bairro Ibura de Baixo.",https://publico.recife.pe.leg.br/consultas/norma_juridica/norma_juridica_mostrar_proc?cod_norma=1941,Lei Ordinária,2025-04-14,PatrimonioCultural
Lei Ordinária 19367/2025,Institui o “Dia Municipal do Psicanalista” no Calendário Oficial de Eventos do Município do Recife.,https://publico.recife.pe.leg.br/consultas/norma_juridica/norma_juridica_mostrar_proc?cod_norma=1942,Lei Ordinária,2025-04-10,CalendarioEventos
Lei Ordinária 19366/2025,Institui mecanismos de punição administrativa para combate à violência contra a mulher no âmbito do Município do Recife.,https://publico.recife.pe.leg.br/consultas/norma_juridica/norma_juridica_mostrar_proc?cod_norma=1953,Lei Ordinária,2025-04-03,CalendarioEventos
Lei Ordinária 19365/2025,"Altera a Lei nº 15.563, de 27 de Dezembro de 1991.",https://publico.recife.pe.leg.br/consultas/norma_juridica/norma_juridica_mostrar_proc?cod_norma=1903,Lei Ordinária,2025-04-02,Outro
Lei Ordinária 19364/2025,Dispõe sobre o reajuste da remuneração dos servidores do Poder Legislativo Municipal e dá outras providências,https://publico.recife.pe.leg.br/consultas/norma_juridica/norma_juridica_mostrar_proc?cod_norma=1885,Lei Ordinária,2025-03-13,Outro
Lei Ordinária 19363/2025,Institui o “Mês Junho Violeta” no Calendário Oficial de Eventos do Município do Recife.,https://publico.recife.pe.leg.br/consultas/norma_juridica/norma_juridica_mostrar_proc?cod_norma=1936,Lei Ordinária,2025-03-10,CalendarioEventos
Lei Ordinária 19362/2025,Institui a “Semana Municipal de Desenvolvimento e Futuro Sustentável” no Calendário Oficial de Eventos do município do Recife.,https://publico.recife.pe.leg.br/consultas/norma_juridica/norma_juridica_mostrar_proc?cod_norma=1922,Lei Ordinária,2025-03-10,CalendarioEventos
Lei Ordinária 19361/2025,Institui a “Festa de Cristo Rei” no Calendário Oficial de Eventos do Município do Recife.,https://publico.recife.pe.leg.br/consultas/norma_juridica/norma_juridica_mostrar_proc?cod_norma=1927,Lei Ordinária,2025-03-10,CalendarioEventos
Lei Ordinária 19360/2025,"Denomina “Beco da Paz” o logradouro popularmente conhecido como “Beco da Bala”, localizado no Bairro Afogados, município do Recife.",https://publico.recife.pe.leg.br/consultas/norma_juridica/norma_juridica_mostrar_proc?cod_norma=1921,Lei Ordinária,2025-03-10,RenomearLogradouro
Lei Ordinária 19359/2025,Declara Patrimônio Cultural Imaterial do Recife o “Bloco Afro Lamento Negro”.,https://publico.recife.pe.leg.br/consultas/norma_juridica/norma_juridica_mostrar_proc?cod_norma=1925,Lei Ordinária,2025-03-10,PatrimonioCultural
Lei Ordinária 19358/2025,Declara Patrimônio Cultural Imaterial do Recife o Bloco Carnavalesco Lírico Cordas e Retalhos.,https://publico.recife.pe.leg.br/consultas/norma_juridica/norma_juridica_mostrar_proc?cod_norma=1919,Lei Ordinária,2025-03-10,PatrimonioCultural
Lei Ordinária 19357/2025,Declara Patrimônio Imaterial Cultural do Recife o “Terreiro Ilê Obá Aganjú Okoloyá - Terreiro de Mãe Amara”.,https://publico.recife.pe.leg.br/consultas/norma_juridica/norma_juridica_mostrar_proc?cod_norma=1928,Lei Ordinária,2025-03-10,PatrimonioCultural
Lei Ordinária 19356/2025,Institui o “Dia Municipal de Conscientização do Transtorno do Déficit de Atenção com Hiperatividade (TDAH)” no Calendário Oficial de Eventos do Município do Recife.,https://publico.recife.pe.leg.br/consultas/norma_juridica/norma_juridica_mostrar_proc?cod_norma=1929,Lei Ordinária,2025-01-17,CalendarioEventos
Lei Ordinária 19355/2025,Dispõe sobre a ampliação da publicidade e divulgação da Entrega Voluntária Legal de crianças e adolescentes para a adoção nas unidades públicas e privadas de saúde situadas no município do Recife.,https://publico.recife.pe.leg.br/consultas/norma_juridica/norma_juridica_mostrar_proc?cod_norma=1937,Lei Ordinária,2025-01-17,Outro
Lei Ordinária 19354/2025,"Denomina ""Tia Jane"" a creche a ser construída na Av. Hildebrando de Vasconcelos, no bairro de Dois Unidos, município do Recife.",https://publico.recife.pe.leg.br/consultas/norma_juridica/norma_juridica_mostrar_proc?cod_norma=1923,Lei Ordinária,2025-01-17,RenomearLogradouro
Lei Ordinária 19353/2025,"Institui, no Calendário Oficial de Eventos do Município do Recife, o “Dia de Luta pela Redução de Danos e Riscos”.",https://publico.recife.pe.leg.br/consultas/norma_juridica/norma_juridica_mostrar_proc?cod_norma=1952,Lei Ordinária,2025-01-13,CalendarioEventos
Lei Ordinária 19352/2025,"Dispõe sobre as competências dos órgãos e entidades da Administração Direta e Indireta do Poder Executivo Municipal, e dá outras providências.",https://publico.recife.pe.leg.br/consultas/norma_juridica/norma_juridica_mostrar_proc?cod_norma=1904,Lei Ordinária,2025-01-15,Outro
Lei Ordinária 19351/2025,"Declara a ""Rua da Feira"" Patrimônio Cultural Imaterial do Recife.",https://publico.recife.pe.leg.br/consultas/norma_juridica/norma_juridica_mostrar_proc?cod_norma=1940,Lei Ordinária,2025-01-07,PatrimonioCultural
Lei Ordinária 19350/2025,Institui a “Semana Municipal de Cuidados à Prematuridade” no Calendário Oficial de Eventos do Município do Recife.,https://publico.recife.pe.leg.br/consultas/norma_juridica/norma_juridica_mostrar_proc?cod_norma=1931,Lei Ordinária,2025-01-07,CalendarioEventos
Lei Ordinária 19349/2025,"Altera a Lei Municipal nº 17.141, de 2 de dezembro de 2005, que trata do fornecimento de cadeiras de rodas por parte de shopping centers e estabelecimentos similares.",https://publico.recife.pe.leg.br/consultas/norma_juridica/norma_juridica_mostrar_proc?cod_norma=1951,Lei Ordinária,2025-01-07,Outro
Lei Ordinária 19348/2025,Dispõe sobre o prazo de validade para os laudos e perícias médicas que diagnostiquem deficiências irreversíveis no âmbito do Município do Recife.,https://publico.recife.pe.leg.br/consultas/norma_juridica/norma_juridica_mostrar_proc?cod_norma=1950,Lei Ordinária,2025-01-07,CalendarioEventos
Lei Ordinária 19347/2025,Considera Patrimônio Cultural Imaterial da Cidade do Recife o projeto cultural “Quarta Cinza Rock”.,https://publico.recife.pe.leg.br/consultas/norma_juridica/norma_juridica_mostrar_proc?cod_norma=1930,Lei Ordinária,2025-01-07,PatrimonioCultural
Lei Ordinária 19346/2025,Considera Patrimônio Cultural Material do Recife a Igreja Batista da Capunga.,https://publico.recife.pe.leg.br/consultas/norma_juridica/norma_juridica_mostrar_proc?cod_norma=1932,Lei Ordinária,2025-01-07,PatrimonioCultural
Lei Ordinária 19345/2025,"Institui, no Calendário Oficial de Eventos do Município do Recife, o “Agosto Lilás” como mês de conscientização para a erradicação da violência contra a mulher.",https://publico.recife.pe.leg.br/consultas/norma_juridica/norma_juridica_mostrar_proc?cod_norma=1939,Lei Ordinária,2025-01-07,CalendarioEventos
Lei Ordinária 19344/2025,Considera Patrimônio Cultural Material do Recife o “Memorial Judaico – Portal de Honra ao Povo Judeu”.,https://publico.recife.pe.leg.br/consultas/norma_juridica/norma_juridica_mostrar_proc?cod_norma=1934,Lei Ordinária,2025-01-07,PatrimonioCultural
Lei Ordinária 19343/2025,Institui no Calendário Oficial de Eventos do Município do Recife o “Dia Municipal do Jovem Empreendedor”,https://publico.recife.pe.leg.br/consultas/norma_juridica/norma_juridica_mostrar_proc?cod_norma=1949,Lei Ordinária,2025-01-07,CalendarioEventos
Lei Ordinária 19342/2025,Declara Patrimônio Imaterial Histórico e Cultural do Recife o “Jornal Diario de Pernambuco”.,https://publico.recife.pe.leg.br/consultas/norma_juridica/norma_juridica_mostrar_proc?cod_norma=1920,Lei Ordinária,2025-01-07,CalendarioEventos
Lei Ordinária 19341/2024,"Dispõe sobre o direito das pessoas que mantêm união estável homoafetiva, convertida ou não em casamento, à inscrição, como entidade familiar, nos programas de habitação popular, no âmbito do município do Recife.",https://publico.recife.pe.leg.br/consultas/norma_juridica/norma_juridica_mostrar_proc?cod_norma=1948,Lei Ordinária,2024-12-30,Outro
Lei Ordinária 19340/2024,Dispõe sobre os cargos de Auxiliar de Enfermagem do Quadro de Cargos Efetivos da Secretaria de Saúde do Recife.,https://publico.recife.pe.leg.br/consultas/norma_juridica/norma_juridica_mostrar_proc?cod_norma=1935,Lei Ordinária,2024-12-30,Outro
Lei Ordinária 19339/2024,"Denomina “Rua Enéas Alves Freire” a via pública localizada próximo à Praça Sérgio Loreto, entre a Travessa do Gusmão e a Rua do Muniz, no Bairro de São José, município do Recife.",https://publico.recife.pe.leg.br/consultas/norma_juridica/norma_juridica_mostrar_proc?cod_norma=1947,Lei Ordinária,2024-12-30,RenomearLogradouro
Lei Ordinária 19338/2024,"Altera o inciso III do art. 1º da Lei Municipal nº 18.568, de 12 de abril de 2019",https://publico.recife.pe.leg.br/consultas/norma_juridica/norma_juridica_mostrar_proc?cod_norma=1884,Lei Ordinária,2024-12-27,Outro
Lei Ordinária 19337/2024,Dispõe sobre a estrutura e funcionamento da Administração Direta e Indireta do Poder Executivo Municipal.,https://publico.recife.pe.leg.br/consultas/norma_juridica/norma_juridica_mostrar_proc?cod_norma=1910,Lei Ordinária,2024-12-27,Outro
Lei Ordinária 19336/2024,Dispõe sobre a revisão do Plano Plurianual 2022-2025 do Município do Recife para o exercício de 2025.,https://publico.recife.pe.leg.br/consultas/norma_juridica/norma_juridica_mostrar_proc?cod_norma=1917,Lei Ordinária,2024-12-17,Outro
Lei Ordinária 19335/2024,"Dispõe sobre a Lei Orçamentária Anual, que estima a receita e fixa a despesa do Município do Recife para o exercício de 2025.",https://publico.recife.pe.leg.br/consultas/norma_juridica/norma_juridica_mostrar_proc?cod_norma=1918,Lei Ordinária,2024-12-17,Outro
Lei Ordinária 19334/2024,"Denomina “Armando de Queiroz Monteiro Filho” o Campo Gramadão a ser inaugurado na Rua Manoel de Brito, Bairro Pina, município do Recife.",https://publico.recife.pe.leg.br/consultas/norma_juridica/norma_juridica_mostrar_proc?cod_norma=1924,Lei Ordinária,2024-12-04,RenomearLogradouro
Lei Ordinária 19333/2024,"Altera a Lei Municipal nº 16.934, de 29 de dezembro de 2003, e a Lei Municipal nº 17.142, de 02 de dezembro de 2005.",https://publico.recife.pe.leg.br/consultas/norma_juridica/norma_juridica_mostrar_proc?cod_norma=1911,Lei Ordinária,2024-12-04,Outro
Lei Ordinária 19332/2024,"Regula a cessão das permissões do serviço de táxi, a partir do disposto no art. 12-A da Lei Federal nº 12.587, de 03 de janeiro de 2012, e do decidido pelo Supremo Tribunal Federal na ADI 5.337/DF.",https://publico.recife.pe.leg.br/consultas/norma_juridica/norma_juridica_mostrar_proc?cod_norma=1912,Lei Ordinária,2024-12-04,Outro
Lei Ordinária 19331/2024,"Altera o Demonstrativo De Compatibilidade Da Programação Com Metas Fiscais 2024 do Anexo I - da Lei 19.154/2023 - Lei Orçamentária Anual - LOA, para o exercício de 2024.",https://publico.recife.pe.leg.br/consultas/norma_juridica/norma_juridica_mostrar_proc?cod_norma=1913,Lei Ordinária,2024-12-04,Outro
Lei Ordinária 19330/2024,"Altera a Lei Municipal nº 19.086, de 30 de junho de 2023, que Institui e disciplina o Programa Municipal Educação para Todos - NOVO PROUNI E PROTEC RECIFE.",https://publico.recife.pe.leg.br/consultas/norma_juridica/norma_juridica_mostrar_proc?cod_norma=1914,Lei Ordinária,2024-12-04,CalendarioEventos
Lei Ordinária 19329/2024,"Altera § 1º do art. 20 da Lei Municipal nº 16.113, de 06 de novembro de 1995, que dispõe sobre o Plano de Regularização das Zonas Especiais de Interesse Social Prezeis e dá outras providências.",https://publico.recife.pe.leg.br/consultas/norma_juridica/norma_juridica_mostrar_proc?cod_norma=1915,Lei Ordinária,2024-12-04,Outro
Lei Ordinária 19328/2024,"Autoriza o Poder Executivo a contratar operação de crédito com a CAIXA ECONÔMICA FEDERAL, com a garantia da União e dá outras providências.",https://publico.recife.pe.leg.br/consultas/norma_juridica/norma_juridica_mostrar_proc?cod_norma=1916,Lei Ordinária,2024-12-04,Outro
Lei Ordinária 19327/2024,"Denomina ""Engenheiro Sebastião Barreto Campello"" a creche a ser construída na Rua Guaíra, s/n, bairro Linha do Tiro, município do Recife.",https://publico.recife.pe.leg.br/consultas/norma_juridica/norma_juridica_mostrar_proc?cod_norma=1895,Lei Ordinária,2024-11-28,RenomearLogradouro
Lei Ordinária 19326/2024,"Altera a Lei Municipal nº 19.290, de 24 de julho de 2024, que considera o ""Clube Português do Recife"" como Patrimônio Cultural Material do Recife.",https://publico.recife.pe.leg.br/consultas/norma_juridica/norma_juridica_mostrar_proc?cod_norma=1894,Lei Ordinária,2024-11-28,PatrimonioCultural
Lei Ordinária 19325/2024,Considera Patrimônio Cultural Imaterial do Recife o “Candomblé”.,https://publico.recife.pe.leg.br/consultas/norma_juridica/norma_juridica_mostrar_proc?cod_norma=1893,Lei Ordinária,2024-11-28,PatrimonioCultural
Lei Ordinária 19324/2024,"Dispõe sobre as bases para elaboração da ""Política Municipal de uso e distribuição de Remédios Derivados da Cannabis sp.” no município do Recife e dá outras providências.",https://publico.recife.pe.leg.br/consultas/norma_juridica/norma_juridica_mostrar_proc?cod_norma=1892,Lei Ordinária,2024-11-28,Outro
Lei Ordinária 19323/2024,"Denomina de “Escola Municipal Deputado José Coimbra Patriota Filho” a Escola Municipal
a ser construída na Rua General Labatut, bairro de Dois Unidos, Recife/PE.",https://publico.recife.pe.leg.br/consultas/norma_juridica/norma_juridica_mostrar_proc?cod_norma=1891,Lei Ordinária,2024-11-28,RenomearLogradouro
Lei Ordinária 19322/2024,Declara de Utilidade Pública a “Associação Nação Cidadã”.,https://publico.recife.pe.leg.br/consultas/norma_juridica/norma_juridica_mostrar_proc?cod_norma=1890,Lei Ordinária,2024-11-22,Outro
Lei Ordinária 19321/2024,"Altera a Lei nº 16.856, de 16 de abril de 2003, que dispõe sobre o serviço de Transporte Complementar de Passageiros do Município do Recife -STCP/Recife.",https://publico.recife.pe.leg.br/consultas/norma_juridica/norma_juridica_mostrar_proc?cod_norma=1889,Lei Ordinária,2024-11-19,Outro
Lei Ordinária 19320/2024,"Dispõe sobre alterações à Lei Municipal nº 19.155, de 15 de dezembro de 2023 (Revisão do PPA 2022-2025) e à Lei Municipal nº 19.154, de 15 de dezembro de 2023 (LOA 2024), e autoriza a abertura de crédito especial aos Orçamentos Fiscal e da Seguridade Social, para implementação e operacionalização da Lei Federal nº 14.399, de 08 julho de 2022, que instituiu a Política Nacional Aldir Blanc de Fomento à Cultura.",https://publico.recife.pe.leg.br/consultas/norma_juridica/norma_juridica_mostrar_proc?cod_norma=1888,Lei Ordinária,2024-11-19,Outro
Lei Ordinária 19319/2024,Inclui o Evento Esportivo Corrida dos Morros no Calendário Oficial de Eventos do Município do Recife.,https://publico.recife.pe.leg.br/consultas/norma_juridica/norma_juridica_mostrar_proc?cod_norma=1877,Lei Ordinária,2024-10-24,CalendarioEventos
Lei Ordinária 19318/2024,"Altera o nome da Rua Bom Jesus da Lapa, localizada no Bairro Torre, no município do Recife, para Rua Irmã Adélia.",https://publico.recife.pe.leg.br/consultas/norma_juridica/norma_juridica_mostrar_proc?cod_norma=1876,Lei Ordinária,2024-10-18,RenomearLogradouro
Lei Ordinária 19317/2024,Declara Patrimônio Cultural Imaterial do Recife a Banda Faces do Subúrbio.,https://publico.recife.pe.leg.br/consultas/norma_juridica/norma_juridica_mostrar_proc?cod_norma=1875,Lei Ordinária,2024-10-18,PatrimonioCultural
Lei Ordinária 19316/2024,"Institui o ""Dia Municipal do Pé Torto Congênito"" no município do Recife.",https://publico.recife.pe.leg.br/consultas/norma_juridica/norma_juridica_mostrar_proc?cod_norma=1874,Lei Ordinária,2024-10-18,CalendarioEventos
Lei Ordinária 19315/2024,Institui o Dia Municipal da Vigilante e do Vigilante no Calendário Oficial de Eventos do Município do Recife.,https://publico.recife.pe.leg.br/consultas/norma_juridica/norma_juridica_mostrar_proc?cod_norma=1873,Lei Ordinária,2024-10-18,CalendarioEventos
Lei Ordinária 19314/2024,Inclui o “Lançamento da Campanha da Fraternidade” no Calendário Oficial de Eventos do Município do Recife.,https://publico.recife.pe.leg.br/consultas/norma_juridica/norma_juridica_mostrar_proc?cod_norma=1869,Lei Ordinária,2024-10-14,CalendarioEventos
Lei Ordinária 19313/2024,Declara Patrimônio Cultural Imaterial do Recife o “Clube Carnavalesco Misto Reisado Imperial”,https://publico.recife.pe.leg.br/consultas/norma_juridica/norma_juridica_mostrar_proc?cod_norma=1868,Lei Ordinária,2024-10-14,PatrimonioCultural
Lei Ordinária 19312/2024,"Declara Patrimônio Cultural Imaterial do Recife a “Venda de Seu Vital”, localizada no Bairro Poço da Panela.",https://publico.recife.pe.leg.br/consultas/norma_juridica/norma_juridica_mostrar_proc?cod_norma=1867,Lei Ordinária,2024-10-07,PatrimonioCultural
Lei Ordinária 19311/2024,Considera Patrimônio Cultural Imaterial do Recife o “Festival Samba Recife”.,https://publico.recife.pe.leg.br/consultas/norma_juridica/norma_juridica_mostrar_proc?cod_norma=1866,Lei Ordinária,2024-10-07,PatrimonioCultural
Lei Ordinária 19310/2024,Institui o Código de Defesa do Empreendedor no município do Recife.,https://publico.recife.pe.leg.br/consultas/norma_juridica/norma_juridica_mostrar_proc?cod_norma=1861,Lei Ordinária,2024-09-16,CalendarioEventos
Lei Ordinária 19309/2024,"Cria o ""Selo Lilás"" de reconhecimento às empresas atuantes no combate à violência contra a mulher.",https://publico.recife.pe.leg.br/consultas/norma_juridica/norma_juridica_mostrar_proc?cod_norma=1860,Lei Ordinária,2024-09-16,Outro
Lei Ordinária 19308/2024,"Institui o “Dia do Cooperativismo"" no Calendário Oficial de Eventos do Município do Recife.",https://publico.recife.pe.leg.br/consultas/norma_juridica/norma_juridica_mostrar_proc?cod_norma=1859,Lei Ordinária,2024-09-16,CalendarioEventos
Lei Ordinária 19307/2024,Institui o “Mês Maio Furta-Cor” no Calendário Oficial de Eventos do Município do Recife.,https://publico.recife.pe.leg.br/consultas/norma_juridica/norma_juridica_mostrar_proc?cod_norma=1862,Lei Ordinária,2024-09-16,CalendarioEventos
Lei Ordinária 19306/2024,Institui a “Semana de Incentivo à Doação de Cabelos às Pessoas Carentes em Tratamento de Câncer” no Calendário Oficial de Eventos do Município do Recife.,https://publico.recife.pe.leg.br/consultas/norma_juridica/norma_juridica_mostrar_proc?cod_norma=1857,Lei Ordinária,2024-09-16,CalendarioEventos
Lei Ordinária 19305/2024,Considera Patrimônio Cultural Imaterial do Recife a “Noite Cubana do Clube Bela Vista”.,https://publico.recife.pe.leg.br/consultas/norma_juridica/norma_juridica_mostrar_proc?cod_norma=1856,Lei Ordinária,2024-09-16,PatrimonioCultural
Lei Ordinária 19304/2024,"Considera Patrimônio Cultural Imaterial do Recife o “Bloco Cabeça de Touro"".",https://publico.recife.pe.leg.br/consultas/norma_juridica/norma_juridica_mostrar_proc?cod_norma=1855,Lei Ordinária,2024-09-16,PatrimonioCultural
Lei Ordinária 19303/2024,Denominar-se-á “JOSÉ LIMA DA SILVA – Sr. Nelson” a escadaria construída no final da Rua 1ª Travessa Córrego do Marreco.,https://publico.recife.pe.leg.br/consultas/norma_juridica/norma_juridica_mostrar_proc?cod_norma=1854,Lei Ordinária,2024-09-16,RenomearLogradouro
Lei Ordinária 19302/2024,Obriga a disponibilização de acesso gratuito à internet em estabelecimentos que oferecem cardápio na forma digital.,https://publico.recife.pe.leg.br/consultas/norma_juridica/norma_juridica_mostrar_proc?cod_norma=1853,Lei Ordinária,2024-09-16,Outro
Lei Ordinária 19301/2024,Declara Patrimônio Cultural Imaterial do Recife o “Bloco Carnavalesco Madeira do Rosarinho”.,https://publico.recife.pe.leg.br/consultas/norma_juridica/norma_juridica_mostrar_proc?cod_norma=1852,Lei Ordinária,2024-09-16,PatrimonioCultural
Lei Ordinária 19300/2024,Institui o dia do Grupo de Apoio ao Magistério (GOAM) no calendário oficial de eventos do município do Recife.,https://publico.recife.pe.leg.br/consultas/norma_juridica/norma_juridica_mostrar_proc?cod_norma=1851,Lei Ordinária,2024-09-16,CalendarioEventos
Lei Ordinária 19299/2024,Institui o “Dia Municipal da Menina” no Calendário Oficial de Eventos do Município do Recife,https://publico.recife.pe.leg.br/consultas/norma_juridica/norma_juridica_mostrar_proc?cod_norma=1849,Lei Ordinária,2024-07-24,CalendarioEventos
Lei Ordinária 19298/2024,Institui no Calendário Oficial de Eventos do Município do Recife a “Semana Municipal de Literatura”.,https://publico.recife.pe.leg.br/consultas/norma_juridica/norma_juridica_mostrar_proc?cod_norma=1845,Lei Ordinária,2024-07-24,CalendarioEventos
Lei Ordinária 19297/2024,"Dispõe sobre as diretrizes para a “Política Municipal de Estímulo, Incentivo e Promoção da Mulher Empreendedora” no município do Recife.",https://publico.recife.pe.leg.br/consultas/norma_juridica/norma_juridica_mostrar_proc?cod_norma=1844,Lei Ordinária,2024-07-24,Outro
Lei Ordinária 19296/2024,Declara Patrimônio Cultural Imaterial do Recife a manifestação cultural “Bumba Meu Boi”.,https://publico.recife.pe.leg.br/consultas/norma_juridica/norma_juridica_mostrar_proc?cod_norma=1752,Lei Ordinária,2024-07-24,PatrimonioCultural
Lei Ordinária 19295/2024,Declara Patrimônio Cultural Imaterial do Recife o Movimento Hip Hop.,https://publico.recife.pe.leg.br/consultas/norma_juridica/norma_juridica_mostrar_proc?cod_norma=1802,Lei Ordinária,2024-07-24,PatrimonioCultural
Lei Ordinária 19294/2024,Institui o “Dia Municipal das Trabalhadoras e Trabalhadores das Artes Técnicas Sérgio Valença Pezão” no Calendário Oficial de Eventos do Município do Recife,https://publico.recife.pe.leg.br/consultas/norma_juridica/norma_juridica_mostrar_proc?cod_norma=1775,Lei Ordinária,2024-07-24,CalendarioEventos
Lei Ordinária 19293/2024,"Institui, no Calendário Oficial de Eventos do Município do Recife, o “Dia Municipal das Feiras Livres”.",https://publico.recife.pe.leg.br/consultas/norma_juridica/norma_juridica_mostrar_proc?cod_norma=1812,Lei Ordinária,2024-07-24,CalendarioEventos
Lei Ordinária 19292/2024,Considera Patrimônio Cultural Imaterial do Recife a “Orquestra Popular do Recife”.,https://publico.recife.pe.leg.br/consultas/norma_juridica/norma_juridica_mostrar_proc?cod_norma=1759,Lei Ordinária,2024-07-24,PatrimonioCultural
Lei Ordinária 19291/2024,Considera Patrimônio Cultural Imaterial do Recife o Clube Carnavalesco Misto Lenhadores.,https://publico.recife.pe.leg.br/consultas/norma_juridica/norma_juridica_mostrar_proc?cod_norma=1755,Lei Ordinária,2024-07-24,PatrimonioCultural
Lei Ordinária 19290/2024,Considera Patrimônio Cultural Imaterial do Recife o “Clube Português do Recife”.,https://publico.recife.pe.leg.br/consultas/norma_juridica/norma_juridica_mostrar_proc?cod_norma=1749,Lei Ordinária,2024-07-24,PatrimonioCultural
Lei Ordinária 19289/2024,Institui a Campanha de Conscientização sobre o Autismo em Adultos.,https://publico.recife.pe.leg.br/consultas/norma_juridica/norma_juridica_mostrar_proc?cod_norma=1843,Lei Ordinária,2024-07-24,Outro
Lei Ordinária 19288/2024,"Denomina “Praça Roberto Barbosa dos Anjos - Gabé”, a praça situada na Rua Professor Rutilho, popularmente chamada de Praça Professor Rutilho, bairro de Coqueiral, Município do Recife.",https://publico.recife.pe.leg.br/consultas/norma_juridica/norma_juridica_mostrar_proc?cod_norma=1756,Lei Ordinária,2024-07-24,RenomearLogradouro
Lei Ordinária 19287/2024,Institui a “Semana Cultural Judaica” no Calendário Oficial de Eventos do Município do Recife.,https://publico.recife.pe.leg.br/consultas/norma_juridica/norma_juridica_mostrar_proc?cod_norma=1758,Lei Ordinária,2024-07-24,CalendarioEventos
Lei Ordinária 19286/2024,"Considera Patrimônio Cultural Imaterial do Recife o ""Bloco das Ilusões”.",https://publico.recife.pe.leg.br/consultas/norma_juridica/norma_juridica_mostrar_proc?cod_norma=1842,Lei Ordinária,2024-07-24,PatrimonioCultural
Lei Ordinária 19285/2024,"Denomina “Praça Antônio Laurino Bandeira” a praça a ser inaugurada na Rua Âmbar, no município do Recife.",https://publico.recife.pe.leg.br/consultas/norma_juridica/norma_juridica_mostrar_proc?cod_norma=1757,Lei Ordinária,2024-07-24,RenomearLogradouro
Lei Ordinária 19284/2024,Considera Patrimônio Cultural Imaterial do Recife o “Pagode do Didi”.,https://publico.recife.pe.leg.br/consultas/norma_juridica/norma_juridica_mostrar_proc?cod_norma=1753,Lei Ordinária,2024-07-24,PatrimonioCultural
Lei Ordinária 19283/2024,Considera Patrimônio Cultural Imaterial do Recife o “Afoxé Omô Nilê Ogunjá.,https://publico.recife.pe.leg.br/consultas/norma_juridica/norma_juridica_mostrar_proc?cod_norma=1750,Lei Ordinária,2024-07-24,PatrimonioCultural
Lei Ordinária 19282/2024,"Denomina “Praça do Jacaré” a praça situada no cruzamento da Rua Alto do Olho D’Água com a Rua Pedra Branca, Bairro Nova Descoberta, Município do Recife.",https://publico.recife.pe.leg.br/consultas/norma_juridica/norma_juridica_mostrar_proc?cod_norma=1841,Lei Ordinária,2024-07-24,RenomearLogradouro
Lei Ordinária 19281/2024,Institui o “Dia do Combate ao Antissemitismo e ao Fascismo” no Calendário Oficial de Eventos do Município do Recife.,https://publico.recife.pe.leg.br/consultas/norma_juridica/norma_juridica_mostrar_proc?cod_norma=1840,Lei Ordinária,2024-07-24,CalendarioEventos
Lei Ordinária 19280/2024,Considera Patrimônio Cultural Imaterial do Recife o Bloco Confete e Serpentina.,https://publico.recife.pe.leg.br/consultas/norma_juridica/norma_juridica_mostrar_proc?cod_norma=1747,Lei Ordinária,2024-07-24,PatrimonioCultural
Lei Ordinária 19279/2024,"Altera a ementa e o art. 1º da Lei Municipal nº 18.460, de 10 de janeiro de 2018, que Declara patrimônio artístico e cultural do Recife os caboclinhos e as agremiações tribos de índios existentes na cidade.",https://publico.recife.pe.leg.br/consultas/norma_juridica/norma_juridica_mostrar_proc?cod_norma=1800,Lei Ordinária,2024-07-24,PatrimonioCultural
Lei Ordinária 19278/2024,Institui o “Dia Municipal da Dança” no Calendário Oficial de Eventos do Município do Recife.,https://publico.recife.pe.leg.br/consultas/norma_juridica/norma_juridica_mostrar_proc?cod_norma=1771,Lei Ordinária,2024-07-24,CalendarioEventos
Lei Ordinária 19277/2024,"Denomina ""Riquelme Henrique de Souza"" a praça a ser construída na Rua da Liberdade, bairro de Dois Unidos, município do Recife.",https://publico.recife.pe.leg.br/consultas/norma_juridica/norma_juridica_mostrar_proc?cod_norma=1748,Lei Ordinária,2024-07-24,RenomearLogradouro
Lei Ordinária 19276/2024,Institui no Calendário Oficial de Eventos do Município do Recife o “Dia  Municipal do Médico de Família e Comunidade”.,https://publico.recife.pe.leg.br/consultas/norma_juridica/norma_juridica_mostrar_proc?cod_norma=1754,Lei Ordinária,2024-07-24,CalendarioEventos
Lei Ordinária 19275/2024,Considera Patrimônio Cultural Imaterial do Recife a ”Troça Carnavalesca Mista Abanadores do Arruda”.,https://publico.recife.pe.leg.br/consultas/norma_juridica/norma_juridica_mostrar_proc?cod_norma=1839,Lei Ordinária,2024-07-08,PatrimonioCultural
Lei Ordinária 19274/2024,Declara como Patrimônio Cultural Imaterial do Recife as feiras agroecológicas especificadas.,https://publico.recife.pe.leg.br/consultas/norma_juridica/norma_juridica_mostrar_proc?cod_norma=1838,Lei Ordinária,2024-07-08,PatrimonioCultural
Lei Ordinária 19273/2024,"Considera Patrimônio Cultural Imaterial do Recife o "" Bloco das Flores""",https://publico.recife.pe.leg.br/consultas/norma_juridica/norma_juridica_mostrar_proc?cod_norma=1837,Lei Ordinária,2024-07-08,PatrimonioCultural
Lei Ordinária 19272/2024,Dispõe sobre as diretrizes para elaboração e execução da Lei Orçamentária de 2025.,https://publico.recife.pe.leg.br/consultas/norma_juridica/norma_juridica_mostrar_proc?cod_norma=1836,Lei Ordinária,2024-07-08,Outro
Lei Ordinária 19271/2024,"Denomina “Praça Dr. Antônio Carlos Figueira” a praça situada na Rua Projetada, nº 7512, popularmente chamada de “Praça dos Tijolos”, Bairro Boa viagem, município do Recife.",https://publico.recife.pe.leg.br/consultas/norma_juridica/norma_juridica_mostrar_proc?cod_norma=1744,Lei Ordinária,2024-07-05,RenomearLogradouro
Lei Ordinária 19270/2024,"Disciplina a Bonificação por Desempenho da Saúde Bucal, regulamentando a distribuição local dos recursos relacionados ao ""pagamento por desempenho da saúde bucal na atenção primária à saúde, no âmbito do SUS"", instituído pelo Ministério da Saúde.",https://publico.recife.pe.leg.br/consultas/norma_juridica/norma_juridica_mostrar_proc?cod_norma=1807,Lei Ordinária,2024-07-04,Outro
Lei Ordinária 19269/2024,"Dispõe sobre a doação de imóveis no âmbito do Programa Minha Casa, Minha Vida - Entidades (MCMV-Entidades), regulamentado pela Instrução Normativa Nº 28, de 4 de julho de 2023, e dá outras providências.",https://publico.recife.pe.leg.br/consultas/norma_juridica/norma_juridica_mostrar_proc?cod_norma=1835,Lei Ordinária,2024-07-04,Outro
Lei Ordinária 19268/2024,Dispõe sobre a remuneração dos servidores públicos que indica e dá outras providências.,https://publico.recife.pe.leg.br/consultas/norma_juridica/norma_juridica_mostrar_proc?cod_norma=1834,Lei Ordinária,2024-07-04,Outro
Lei Ordinária 19267/2024,"Denomina de “Centro de Promoção dos Direitos da Mulher Marta Almeida”, o Centro de Promoção dos Direitos da Mulher a ser inaugurado na Rua do Bom Jesus, nº 147, no Bairro do Recife.",https://publico.recife.pe.leg.br/consultas/norma_juridica/norma_juridica_mostrar_proc?cod_norma=1745,Lei Ordinária,2024-07-04,RenomearLogradouro
Lei Ordinária 19266/2024,"Dispõe sobre autorização ao Poder Executivo Municipal para alienar ao Instituto Federal de Educação, Ciência e Tecnologia de Pernambuco - IFPE, mediante doação com encargos, bens imóveis de sua propriedade que especifica.",https://publico.recife.pe.leg.br/consultas/norma_juridica/norma_juridica_mostrar_proc?cod_norma=1833,Lei Ordinária,2024-07-01,Outro
Lei Ordinária 19265/2024,Institui no Calendário Oficial de Eventos do Município do Recife o “Março Roxo – Mês Dedicado à Defesa dos Direitos da Pessoa com Epilepsia”.,https://publico.recife.pe.leg.br/consultas/norma_juridica/norma_juridica_mostrar_proc?cod_norma=1832,Lei Ordinária,2024-06-27,CalendarioEventos
Lei Ordinária 19264/2024,"Altera o nome da “Praça da Morte” localizada no Bairro de Boa Viagem, no município do Recife, para “Praça da União”.",https://publico.recife.pe.leg.br/consultas/norma_juridica/norma_juridica_mostrar_proc?cod_norma=1831,Lei Ordinária,2024-06-27,RenomearLogradouro
Lei Ordinária 19263/2024,Declara de Utilidade Pública o INSTITUTO OFICINA CERÂMICA FRANCISCO BRENNAND.,https://publico.recife.pe.leg.br/consultas/norma_juridica/norma_juridica_mostrar_proc?cod_norma=1746,Lei Ordinária,2024-06-26,Outro
Lei Ordinária 19262/2024,"Institui o “Dia S de valorização e reconhecimento do Serviço Social do Comércio (Sesc) e do Serviço Nacional de Aprendizagem Comercial (Senac)”, no Calendário Oficial de Eventos do Município do Recife.",https://publico.recife.pe.leg.br/consultas/norma_juridica/norma_juridica_mostrar_proc?cod_norma=1799,Lei Ordinária,2024-06-19,CalendarioEventos
Lei Ordinária 19261/2024,Inclui o “Projeto Banco Vermelho”no calendário oficial de eventos do município do Recife.,https://publico.recife.pe.leg.br/consultas/norma_juridica/norma_juridica_mostrar_proc?cod_norma=1765,Lei Ordinária,2024-06-19,CalendarioEventos
Lei Ordinária 19260/2024,Declara Patrimônio Cultural Imaterial do Recife a “Batalha da Convenção”.,https://publico.recife.pe.leg.br/consultas/norma_juridica/norma_juridica_mostrar_proc?cod_norma=1751,Lei Ordinária,2024-06-19,PatrimonioCultural
Lei Ordinária 19259/2024,Considera Patrimônio Cultural e Gastronômico do Recife o “Restaurante Altar Cozinha Ancestral”.,https://publico.recife.pe.leg.br/consultas/norma_juridica/norma_juridica_mostrar_proc?cod_norma=1772,Lei Ordinária,2024-06-19,PatrimonioCultural
Lei Ordinária 19258/2024,"Declara a “ Paróquia Nossa Senhora do Loreto da Base Aérea” Patrimônio Histórico, Cultural e imaterial do Recife.",https://publico.recife.pe.leg.br/consultas/norma_juridica/norma_juridica_mostrar_proc?cod_norma=1801,Lei Ordinária,2024-06-19,PatrimonioCultural
Lei Ordinária 19257/2024,Considera Patrimônio Cultural e Gastronômico do Recife o “Espaço Multicultural Cantinho do Axé”.,https://publico.recife.pe.leg.br/consultas/norma_juridica/norma_juridica_mostrar_proc?cod_norma=1774,Lei Ordinária,2024-06-19,PatrimonioCultural
Lei Ordinária 19256/2024,Declara Patrimônio Cultural Imaterial do Recife o “Baile do Menino Deus”.,https://publico.recife.pe.leg.br/consultas/norma_juridica/norma_juridica_mostrar_proc?cod_norma=1761,Lei Ordinária,2024-06-19,PatrimonioCultural
Lei Ordinária 19255/2024,"Denomina “Praça Antônia Júlia de Souza” a praça situada na Rua Engenho Linda Flor, no Bairro Cohab - Ibura de Cima, município do Recife.",https://publico.recife.pe.leg.br/consultas/norma_juridica/norma_juridica_mostrar_proc?cod_norma=1830,Lei Ordinária,2024-06-19,RenomearLogradouro
Lei Ordinária 19254/2024,Institui o “Dia Municipal dos Direitos Humanos Dom Hélder Câmara” no Calendário Oficial de Eventos do Município do Recife.,https://publico.recife.pe.leg.br/consultas/norma_juridica/norma_juridica_mostrar_proc?cod_norma=1829,Lei Ordinária,2024-06-19,CalendarioEventos
Lei Ordinária 19253/2024,"Considera Patrimônio Cultural Imaterial do Recife o ""Bloco da Saudade"".",https://publico.recife.pe.leg.br/consultas/norma_juridica/norma_juridica_mostrar_proc?cod_norma=1828,Lei Ordinária,2024-06-19,PatrimonioCultural
Lei Ordinária 19252/2024,Considera Patrimônio Cultural Imaterial da Cidade do Recife o projeto cultural “Som na Rural”.,https://publico.recife.pe.leg.br/consultas/norma_juridica/norma_juridica_mostrar_proc?cod_norma=1763,Lei Ordinária,2024-06-19,PatrimonioCultural
Lei Ordinária 19251/2024,Declara a “Festa de Santo Antônio” Patrimônio Cultural Imaterial do Recife.,https://publico.recife.pe.leg.br/consultas/norma_juridica/norma_juridica_mostrar_proc?cod_norma=1803,Lei Ordinária,2024-06-19,PatrimonioCultural
Lei Ordinária 19250/2024,Reconhece o grafitismo e o muralismo como manifestações de arte conceitual urbana e popular no âmbito do município do Recife,https://publico.recife.pe.leg.br/consultas/norma_juridica/norma_juridica_mostrar_proc?cod_norma=1827,Lei Ordinária,2024-06-19,Outro
Lei Ordinária 19249/2024,Considera Patrimônio Cultural Material do Recife a “Sinagoga Kahal Zur Israel”.,https://publico.recife.pe.leg.br/consultas/norma_juridica/norma_juridica_mostrar_proc?cod_norma=1764,Lei Ordinária,2024-06-19,PatrimonioCultural
Lei Ordinária 19248/2024,Declara Patrimônio Cultural Imaterial do Recife a “Atividade da Pesca do Marisco e do Sururu”.,https://publico.recife.pe.leg.br/consultas/norma_juridica/norma_juridica_mostrar_proc?cod_norma=1804,Lei Ordinária,2024-06-19,PatrimonioCultural
Lei Ordinária 19247/2024,Institui o “Dia Municipal da Imigração Judaica” no Calendário Oficial de Eventos do Município do Recife.,https://publico.recife.pe.leg.br/consultas/norma_juridica/norma_juridica_mostrar_proc?cod_norma=1762,Lei Ordinária,2024-06-19,CalendarioEventos
Lei Ordinária 19246/2024,Considera Patrimônio Cultural e Imaterial do Recife o ”Espetáculo Caixa de Natal”.,https://publico.recife.pe.leg.br/consultas/norma_juridica/norma_juridica_mostrar_proc?cod_norma=1773,Lei Ordinária,2024-06-19,PatrimonioCultural
Lei Ordinária 19245/2024,"Institui e disciplina, no âmbito da Rede Pública de Ensino do Recife, o Programa ""Vacina Nota 10"", e cria cargos em comissão.",https://publico.recife.pe.leg.br/consultas/norma_juridica/norma_juridica_mostrar_proc?cod_norma=1808,Lei Ordinária,2024-06-19,CalendarioEventos
Lei Ordinária 19244/2024,"Denomina de “Hospital da Criança – Antônio Carlos Figueira” o Hospital localizado no bairro do Caçote, no Município do Recife.",https://publico.recife.pe.leg.br/consultas/norma_juridica/norma_juridica_mostrar_proc?cod_norma=1826,Lei Ordinária,2024-06-19,RenomearLogradouro
Lei Ordinária 19243/2024,INSTITUI A “SEMANA EDUCACIONAL NO TRÂNSITO PARA PROTEÇÃO DO CICLISTA” NO MUNICÍPIO DO RECIFE.,https://publico.recife.pe.leg.br/consultas/norma_juridica/norma_juridica_mostrar_proc?cod_norma=1825,Lei Ordinária,2024-06-19,CalendarioEventos
Lei Ordinária 19242/2024,Institui o “Dia Municipal de Conscientização sobre o Uso da Maconha Medicinal” no Calendário Oficial de Eventos do Município do Recife.,https://publico.recife.pe.leg.br/consultas/norma_juridica/norma_juridica_mostrar_proc?cod_norma=1824,Lei Ordinária,2024-06-13,CalendarioEventos
Lei Ordinária 19241/2024,Dispõe sobre o Programa Mãe Coruja Recife.,https://publico.recife.pe.leg.br/consultas/norma_juridica/norma_juridica_mostrar_proc?cod_norma=1823,Lei Ordinária,2024-06-13,Outro
Lei Ordinária 19240/2024,Dispõe sobre a proibição do comércio de cobre queimado sem a demonstração legal da origem do recurso no Município do Recife.,https://publico.recife.pe.leg.br/consultas/norma_juridica/norma_juridica_mostrar_proc?cod_norma=1683,Lei Ordinária,2024-06-03,Outro
Lei Ordinária 19239/2024,"Autoriza o Poder Executivo a contratar operação de crédito com a CAIXA ECONÔMICA FEDERAL, com a garantia da União e dá outras providências.",https://publico.recife.pe.leg.br/consultas/norma_juridica/norma_juridica_mostrar_proc?cod_norma=1685,Lei Ordinária,2024-05-31,Outro
Lei Ordinária 19238/2024,Considera Patrimônio Cultural Imaterial do  Recife a “Omelete do Geraldo”.,https://publico.recife.pe.leg.br/consultas/norma_juridica/norma_juridica_mostrar_proc?cod_norma=1687,Lei Ordinária,2024-05-28,PatrimonioCultural
Lei Ordinária 19237/2024,Institui o ano de 1612 como marco inaugural do Bairro da Várzea e inclui no Calendário Oficial de eventos do Município do Recife o dia 6 de Agosto como aniversário do Bairro.,https://publico.recife.pe.leg.br/consultas/norma_juridica/norma_juridica_mostrar_proc?cod_norma=1822,Lei Ordinária,2024-05-28,CalendarioEventos
Lei Ordinária 19236/2024,"Altera o nome da “Rua Itanhenga”, no Bairro Tejipió, no município do Recife, passando o referido logradouro a denominar-se “Rua Itanhenga - Arquiteta Mabel Rios Diniz”.",https://publico.recife.pe.leg.br/consultas/norma_juridica/norma_juridica_mostrar_proc?cod_norma=1688,Lei Ordinária,2024-05-28,RenomearLogradouro
Lei Ordinária 19235/2024,Considera Patrimônio Cultural Imaterial do Recife a “Bênção de São Félix”.,https://publico.recife.pe.leg.br/consultas/norma_juridica/norma_juridica_mostrar_proc?cod_norma=1689,Lei Ordinária,2024-05-28,PatrimonioCultural
Lei Ordinária 19234/2024,Institui a “Semana Municipal de Conscientização sobre o Abandono Paterno” no Calendário Oficial de Eventos do Município do Recife.,https://publico.recife.pe.leg.br/consultas/norma_juridica/norma_juridica_mostrar_proc?cod_norma=1821,Lei Ordinária,2024-05-28,CalendarioEventos
Lei Ordinária 19233/2024,"Institui o ""Ano da China no Recife"" no Calendário Oficial de Eventos do Município do Recife.",https://publico.recife.pe.leg.br/consultas/norma_juridica/norma_juridica_mostrar_proc?cod_norma=1691,Lei Ordinária,2024-05-28,CalendarioEventos
Lei Ordinária 19232/2024,"Denominar-se-á “Parque da Resistência Leonardo Cisneiros” o parque que será construído no Cais José Estelita, município do Recife.",https://publico.recife.pe.leg.br/consultas/norma_juridica/norma_juridica_mostrar_proc?cod_norma=1760,Lei Ordinária,2024-05-27,RenomearLogradouro
Lei Ordinária 19231/2024,"Altera a denominação do sistema viário formado pela Praça da República, no trecho compreendido entre a Rua do Sol e a Avenida Martins de Barros, para ""Alameda do Palácio da Justiça"".",https://publico.recife.pe.leg.br/consultas/norma_juridica/norma_juridica_mostrar_proc?cod_norma=1820,Lei Ordinária,2024-05-22,RenomearLogradouro
Lei Ordinária 19230/2024,"Altera o Artigo 1° da Lei Municipal nº 19.218, de 03 de maio de 2024, e dá outras providências.",https://publico.recife.pe.leg.br/consultas/norma_juridica/norma_juridica_mostrar_proc?cod_norma=931,Lei Ordinária,2024-05-21,Outro
Lei Ordinária 19229/2024,Institui no Calendário Oficial de Eventos do Município do Recife a “Semana de Conscientização e Atenção às Pessoas com Fibromialgia”,https://publico.recife.pe.leg.br/consultas/norma_juridica/norma_juridica_mostrar_proc?cod_norma=1711,Lei Ordinária,2024-05-16,CalendarioEventos
Lei Ordinária 19228/2024,Considera Patrimônio Cultural Imaterial do Recife a “Festa de Nossa Senhora do Carmo”.,https://publico.recife.pe.leg.br/consultas/norma_juridica/norma_juridica_mostrar_proc?cod_norma=1710,Lei Ordinária,2024-05-16,PatrimonioCultural
Lei Ordinária 19227/2024,Institui a “Festa e o Novenário do Morro da Conceição” no Calendário Oficial de Eventos do Município do Recife.,https://publico.recife.pe.leg.br/consultas/norma_juridica/norma_juridica_mostrar_proc?cod_norma=1709,Lei Ordinária,2024-05-16,CalendarioEventos
Lei Ordinária 19226/2024,Dispõe sobre a instalação de caixas coletoras para retenção de material sólido nas obras e serviços de construção e manutenção de bueiros e galerias de águas pluviais realizados em empreendimentos privados no município do Recife.,https://publico.recife.pe.leg.br/consultas/norma_juridica/norma_juridica_mostrar_proc?cod_norma=1819,Lei Ordinária,2024-05-07,Outro
Lei Ordinária 19225/2024,Institui no Calendário Oficial de Eventos do Município do Recife a “Semana Municipal de Prevenção e Combate à Obesidade Infantil”.,https://publico.recife.pe.leg.br/consultas/norma_juridica/norma_juridica_mostrar_proc?cod_norma=1818,Lei Ordinária,2024-05-07,CalendarioEventos
Lei Ordinária 19224/2024,Institui o “Dia Municipal da Ecologia Integral São Francisco de Assis” no Calendário Oficial de Eventos do Município do Recife.,https://publico.recife.pe.leg.br/consultas/norma_juridica/norma_juridica_mostrar_proc?cod_norma=1817,Lei Ordinária,2024-05-07,CalendarioEventos
Lei Ordinária 19223/2024,Declara Patrimônio Cultural Imaterial do Recife o Bloco Carnavalesco Lírico “O Bonde”.,https://publico.recife.pe.leg.br/consultas/norma_juridica/norma_juridica_mostrar_proc?cod_norma=1816,Lei Ordinária,2024-05-07,PatrimonioCultural
Lei Ordinária 19222/2024,"Denominar-se-á “Joel da Silva” a quadra de esportes da nova sede da Escola Municipal Dr.º Antônio Correia, Bairro Barro, em construção, pela Prefeitura da Cidade do Recife.",https://publico.recife.pe.leg.br/consultas/norma_juridica/norma_juridica_mostrar_proc?cod_norma=1815,Lei Ordinária,2024-05-07,RenomearLogradouro
Lei Ordinária 19221/2024,Considera Patrimônio Cultural Imaterial do Recife o “Baobá”.,https://publico.recife.pe.leg.br/consultas/norma_juridica/norma_juridica_mostrar_proc?cod_norma=1814,Lei Ordinária,2024-05-07,PatrimonioCultural
Lei Ordinária 19220/2024,Declara o “Instituto Dom Helder Camara (IDHeC)” Patrimônio Cultural Imaterial do Recife.,https://publico.recife.pe.leg.br/consultas/norma_juridica/norma_juridica_mostrar_proc?cod_norma=772,Lei Ordinária,2024-05-07,PatrimonioCultural
Lei Ordinária 19219/2024,"Altera a Lei Municipal nº 18.291, de 30 de dezembro de 2016, que dispõe sobre a adequação da estrutura da Administração Direta e Indireta do Município do Recife às novas diretrizes administrativas, e dá outras providências.",https://publico.recife.pe.leg.br/consultas/norma_juridica/norma_juridica_mostrar_proc?cod_norma=642,Lei Ordinária,2024-05-03,Outro
Lei Ordinária 19218/2024,"Autoriza o Poder Executivo a contratar operação de crédito com a CAIXA ECONÔMICA FEDERAL, com a garantia da União e dá outras providências.",https://publico.recife.pe.leg.br/consultas/norma_juridica/norma_juridica_mostrar_proc?cod_norma=641,Lei Ordinária,2024-05-03,Outro
Lei Ordinária 19217/2024,Institui a “Semana Municipal de Conscientização sobre o Transtorno do Espectro Autista (TEA)” no Calendário Oficial de Eventos do Município do Recife.,https://publico.recife.pe.leg.br/consultas/norma_juridica/norma_juridica_mostrar_proc?cod_norma=227,Lei Ordinária,2024-04-22,CalendarioEventos
Lei Ordinária 19216/2024,"Institui, no Calendário Oficial de Eventos do Município do Recife, o “Dia dos Comunicadores Gospels”.",https://publico.recife.pe.leg.br/consultas/norma_juridica/norma_juridica_mostrar_proc?cod_norma=226,Lei Ordinária,2024-04-22,CalendarioEventos
Lei Ordinária 19215/2024,"Institui, no Calendário Oficial de Eventos do Município do Recife, o “Dia Municipal do Marceneiro”.",https://publico.recife.pe.leg.br/consultas/norma_juridica/norma_juridica_mostrar_proc?cod_norma=225,Lei Ordinária,2024-04-22,CalendarioEventos
Lei Ordinária 19214/2024,"Institui, no Calendário Oficial de Eventos do Município do Recife, o “Dia Municipal das Costureiras, dos Costureiros e dos Alfaiates”.",https://publico.recife.pe.leg.br/consultas/norma_juridica/norma_juridica_mostrar_proc?cod_norma=224,Lei Ordinária,2024-04-22,CalendarioEventos
Lei Ordinária 19213/2024,Declara a “Banda Devotos” Patrimônio Cultural Imaterial do Recife.,https://publico.recife.pe.leg.br/consultas/norma_juridica/norma_juridica_mostrar_proc?cod_norma=223,Lei Ordinária,2024-04-22,PatrimonioCultural
Lei Ordinária 19212/2024,Institui no Calendário Oficial de Eventos do Município do Recife o “Dia Municipal de Valorização da Língua Portuguesa”.,https://publico.recife.pe.leg.br/consultas/norma_juridica/norma_juridica_mostrar_proc?cod_norma=222,Lei Ordinária,2024-04-22,CalendarioEventos
Lei Ordinária 19211/2024,Institui o “Dia Municipal da Corrida de Rua Santo’s Silvestre” no Calendário Oficial de Eventos do Município do Recife.,https://publico.recife.pe.leg.br/consultas/norma_juridica/norma_juridica_mostrar_proc?cod_norma=221,Lei Ordinária,2024-04-22,CalendarioEventos
Lei Ordinária 19210/2024,Dispõe sobre a remuneração dos servidores públicos que indica e dá outras providências.,https://publico.recife.pe.leg.br/consultas/norma_juridica/norma_juridica_mostrar_proc?cod_norma=770,Lei Ordinária,2024-04-17,Outro
Lei Ordinária 19209/2024,"Institui, no “Calendário Oficial de Eventos do Município do Recife”, a Semana de Conscientização sobre a Terceirização sem Calote.",https://publico.recife.pe.leg.br/consultas/norma_juridica/norma_juridica_mostrar_proc?cod_norma=1813,Lei Ordinária,2024-04-15,CalendarioEventos
Lei Ordinária 19208/2024,"Altera a Lei Municipal nº 16.934, de 29 de dezembro de 2003, e dá outras providências.",https://publico.recife.pe.leg.br/consultas/norma_juridica/norma_juridica_mostrar_proc?cod_norma=769,Lei Ordinária,2024-04-15,Outro
Lei Ordinária 19207/2024,Institui o “Dia Municipal de Cuidados Paliativos” no Calendário Oficial de Eventos do Município do Recife.,https://publico.recife.pe.leg.br/consultas/norma_juridica/norma_juridica_mostrar_proc?cod_norma=220,Lei Ordinária,2024-04-11,CalendarioEventos
Lei Ordinária 19206/2024,Institui o “Dia Municipal do Cinema Educativo” no Calendário Oficial de Eventos do Município do Recife.,https://publico.recife.pe.leg.br/consultas/norma_juridica/norma_juridica_mostrar_proc?cod_norma=219,Lei Ordinária,2024-04-11,CalendarioEventos
Lei Ordinária 19205/2024,"Considera a Feira Domingo na Rua, conhecida como “Feira do Bom Jesus”, Patrimônio Turístico e Cultural do Recife.",https://publico.recife.pe.leg.br/consultas/norma_juridica/norma_juridica_mostrar_proc?cod_norma=218,Lei Ordinária,2024-04-11,PatrimonioCultural
Lei Ordinária 19204/2024,"Denomina “Unidade de Saúde da Família - USF, Dr. Guilherme José Robalinho de Oliveira Cavalcanti”, o USF da Encanta Moça, localizado na Rua do Patrocínio, n° 264, Pina, Município do Recife.",https://publico.recife.pe.leg.br/consultas/norma_juridica/norma_juridica_mostrar_proc?cod_norma=217,Lei Ordinária,2024-04-11,RenomearLogradouro
Lei Ordinária 19203/2024,Institui o “Dia Municipal do Gestor Governamental” no Calendário Oficial de Eventos no Município do Recife.,https://publico.recife.pe.leg.br/consultas/norma_juridica/norma_juridica_mostrar_proc?cod_norma=216,Lei Ordinária,2024-04-11,CalendarioEventos
Lei Ordinária 19202/2024,"Denomina “Rua Barão de Casa Forte”, o logradouro localizado entre o Parque de Apipucos e o Condomínio Reserva de Apipucos, bairro de Apipucos, Município do Recife.",https://publico.recife.pe.leg.br/consultas/norma_juridica/norma_juridica_mostrar_proc?cod_norma=215,Lei Ordinária,2024-04-11,RenomearLogradouro
Lei Ordinária 19201/2024,"Altera a Lei Municipal nº 16.729, de 27 de dezembro de 2001.",https://publico.recife.pe.leg.br/consultas/norma_juridica/norma_juridica_mostrar_proc?cod_norma=7,Lei Ordinária,2024-03-26,Outro
Lei Ordinária 19200/2024,"Altera o §3º, inciso II, do artigo 4º da Lei Municipal nº 18.785, de 15 de março de 2021, para corrigir um erro material.",https://publico.recife.pe.leg.br/consultas/norma_juridica/norma_juridica_mostrar_proc?cod_norma=11,Lei Ordinária,2024-03-26,Outro
Lei Ordinária 19199/2024,"Dispõe sobre alterações na Lei Municipal nº 19.154, de 15 de dezembro de 2023 (LOA 2024), Lei Municipal nº 18.877, de 17 de dezembro de 2021 (PPA 2022-2025) e autoriza abertura de crédito especial aos Orçamentos Fiscal e da Seguridade Social, por anulação parcial das dotações orçamentárias.",https://publico.recife.pe.leg.br/consultas/norma_juridica/norma_juridica_mostrar_proc?cod_norma=12,Lei Ordinária,2024-03-26,Outro
Lei Ordinária 19198/2024,"Dispõe sobre autorização à Autarquia de Urbanização do Recife – URB Recife alienar ao Município do Recife, mediante doação com encargos, bem imóvel de sua propriedade que especifica.",https://publico.recife.pe.leg.br/consultas/norma_juridica/norma_juridica_mostrar_proc?cod_norma=4,Lei Ordinária,2024-03-26,CalendarioEventos
Lei Ordinária 19197/2024,"Dispõe sobre autorização à Autarquia de Urbanização do Recife – URB Recife alienar ao Município do Recife, mediante doação com encargos, bens imóveis de sua propriedade que especifica.",https://publico.recife.pe.leg.br/consultas/norma_juridica/norma_juridica_mostrar_proc?cod_norma=5,Lei Ordinária,2024-03-26,CalendarioEventos
Lei Ordinária 19196/2024,Institui o “Dia Municipal em Defesa da Democracia¨. no Calendário Oficial de Eventos do Município do Recife.,https://publico.recife.pe.leg.br/consultas/norma_juridica/norma_juridica_mostrar_proc?cod_norma=6,Lei Ordinária,2024-03-26,CalendarioEventos
Lei Ordinária 19195/2024,Institui no Calendário Oficial de Eventos do Município do Recife a “Semana Municipal da Conscientização da Prática de Atividades Físicas”.,https://publico.recife.pe.leg.br/consultas/norma_juridica/norma_juridica_mostrar_proc?cod_norma=9,Lei Ordinária,2024-03-22,CalendarioEventos
Lei Ordinária 19194/2024,Institui a “Semana Municipal de Enfrentamento ao Racismo Marta Almeida” no Calendário Oficial de Eventos do Município do Recife.,https://publico.recife.pe.leg.br/consultas/norma_juridica/norma_juridica_mostrar_proc?cod_norma=10,Lei Ordinária,2024-03-22,CalendarioEventos
Lei Ordinária 19193/2024,Institui o “Dia Municipal dos Aposentados” no Calendário Oficial de Eventos do Município do Recife.,https://publico.recife.pe.leg.br/consultas/norma_juridica/norma_juridica_mostrar_proc?cod_norma=22,Lei Ordinária,2024-03-22,CalendarioEventos
Lei Ordinária 19192/2024,Institui a “Semana de Conscientização sobre a Promoção da Cultura Oceânica” no Calendário Oficial de Eventos do Município do Recife.,https://publico.recife.pe.leg.br/consultas/norma_juridica/norma_juridica_mostrar_proc?cod_norma=21,Lei Ordinária,2024-03-22,CalendarioEventos
Lei Ordinária 19191/2024,Considera Patrimônio Cultural Imaterial do Recife a “Noite dos Tambores Silenciosos”.,https://publico.recife.pe.leg.br/consultas/norma_juridica/norma_juridica_mostrar_proc?cod_norma=20,Lei Ordinária,2024-03-22,PatrimonioCultural
Lei Ordinária 19190/2024,Considera Patrimônio Cultural Imaterial do Recife o “O Bloco Batutas de São José”.,https://publico.recife.pe.leg.br/consultas/norma_juridica/norma_juridica_mostrar_proc?cod_norma=19,Lei Ordinária,2024-03-22,PatrimonioCultural
Lei Ordinária 19189/2024,Considera a “Ciranda” como Patrimônio Artístico e Cultural Imaterial do Recife.,https://publico.recife.pe.leg.br/consultas/norma_juridica/norma_juridica_mostrar_proc?cod_norma=18,Lei Ordinária,2024-03-18,PatrimonioCultural
Lei Ordinária 19188/2024,Institui o “Dia Municipal do Maracatu de Baque Solto” no Calendário Oficial de Eventos do Município do Recife.,https://publico.recife.pe.leg.br/consultas/norma_juridica/norma_juridica_mostrar_proc?cod_norma=17,Lei Ordinária,2024-03-18,CalendarioEventos
Lei Ordinária 19187/2024,Declara Patrimônio Artístico e Cultural do Recife o Maracatu de Baque Solto.,https://publico.recife.pe.leg.br/consultas/norma_juridica/norma_juridica_mostrar_proc?cod_norma=16,Lei Ordinária,2024-03-18,PatrimonioCultural
Lei Ordinária 19186/2024,Declara Patrimônio Artístico e Cultural do Recife o “Maracatu de Baque Virado”,https://publico.recife.pe.leg.br/consultas/norma_juridica/norma_juridica_mostrar_proc?cod_norma=15,Lei Ordinária,2024-03-18,PatrimonioCultural
Lei Ordinária 19185/2024,Dispõe sobre o reajuste da remuneração dos servidores do Poder Legislativo Municipal e dá outras providências.,https://publico.recife.pe.leg.br/consultas/norma_juridica/norma_juridica_mostrar_proc?cod_norma=14,Lei Ordinária,2024-03-15,Outro
Lei Ordinária 19184/2024,"Altera os Artigos 5° e 7° da Lei Municipal nº 19.166, de 20 de dezembro de 2023 e dá outras providências",https://publico.recife.pe.leg.br/consultas/norma_juridica/norma_juridica_mostrar_proc?cod_norma=13,Lei Ordinária,2024-03-05,Outro
Lei Ordinária 19183/2023,"Altera a Lei Municipal nº 17.310, de 28 de março de 2007, que instituiu o Conselho Municipal de Defesa dos Direitos da Pessoa Idosa - COMDIR.",https://publico.recife.pe.leg.br/consultas/norma_juridica/norma_juridica_mostrar_proc?cod_norma=1649,Lei Ordinária,2023-12-29,Outro
Lei Ordinária 19182/2023,"Institui, no Calendário Oficial de Eventos do Município do Recife, o “Dia do Desfile do Clube de Máscaras O Galo da Madrugada”.",https://publico.recife.pe.leg.br/consultas/norma_juridica/norma_juridica_mostrar_proc?cod_norma=1648,Lei Ordinária,2023-12-29,CalendarioEventos
Lei Ordinária 19181/2023,Dispõe sobre a reserva de vagas nos concursos públicos e seleções simplificadas no âmbito da Administração Pública Municipal Direta e Indireta.,https://publico.recife.pe.leg.br/consultas/norma_juridica/norma_juridica_mostrar_proc?cod_norma=1647,Lei Ordinária,2023-12-29,Outro
Lei Ordinária 19180/2023,"Altera o zoneamento da cidade, instituindo, com fundamento nos art. 65, inciso II, e artigos 72, 79 da Lei Complementar nº 2 de 23 de abril de 2021, Zona Especial de Interesse Social 2 – ZEIS 2.",https://publico.recife.pe.leg.br/consultas/norma_juridica/norma_juridica_mostrar_proc?cod_norma=1646,Lei Ordinária,2023-12-29,Outro
Lei Ordinária 19179/2023,Estabelece medidas para unificação e racionalização dos processos de licenciamento no âmbito da Administração Pública Municipal e cria o Comitê de Licenciamento Unificado.,https://publico.recife.pe.leg.br/consultas/norma_juridica/norma_juridica_mostrar_proc?cod_norma=1645,Lei Ordinária,2023-12-29,Outro
Lei Ordinária 19178/2023,"Dispõe sobre a recepção local e à aplicabilidade do artigo 3º, IX da Declaração de Direitos de Liberdade Econômica, prevista na Lei Federal nº 13.874, de 20 de setembro de 2019, no âmbito do Município do Recife.",https://publico.recife.pe.leg.br/consultas/norma_juridica/norma_juridica_mostrar_proc?cod_norma=1644,Lei Ordinária,2023-12-29,Outro
Lei Ordinária 19177/2023,"Estabelece as normas e procedimentos para aplicação do instrumento urbanístico Estudo de Impacto de Vizinhança - EIV no Município do Recife, em cumprimento à Lei Complementar nº 02, de 23 de abril de 2021, que instituiu o Plano Diretor do Município do Recife.",https://publico.recife.pe.leg.br/consultas/norma_juridica/norma_juridica_mostrar_proc?cod_norma=1643,Lei Ordinária,2023-12-29,CalendarioEventos
Lei Ordinária 19176/2023,Altera a Lei Municipal nº 16.292 de 29 de janeiro de 1997 para permitir a adoção de procedimento simplificado e auto declaratório para o licenciamento urbanístico e ambiental.,https://publico.recife.pe.leg.br/consultas/norma_juridica/norma_juridica_mostrar_proc?cod_norma=1642,Lei Ordinária,2023-12-29,Outro
Lei Ordinária 19175/2023,Dispõe sobre o serviço de locação social no Município do Recife e dá outras providências.,https://publico.recife.pe.leg.br/consultas/norma_juridica/norma_juridica_mostrar_proc?cod_norma=1641,Lei Ordinária,2023-12-29,Outro
Lei Ordinária 19174/2023,"Altera a Lei nº 15.563, de 27 de dezembro de 1991 e revoga as Leis nº 17.410, de 2 de janeiro de 2008 e a Lei nº 18.114, de 12 de janeiro de 2015.",https://publico.recife.pe.leg.br/consultas/norma_juridica/norma_juridica_mostrar_proc?cod_norma=1640,Lei Ordinária,2023-12-29,Outro
Lei Ordinária 19173/2023,"Concede isenção total dos tributos municipais que discrimina, remissão de dívidas tributárias e anistia de multas tributárias às entidades de caráter associativo e sem fins lucrativos, e dá outras providências.",https://publico.recife.pe.leg.br/consultas/norma_juridica/norma_juridica_mostrar_proc?cod_norma=1639,Lei Ordinária,2023-12-29,Outro
Lei Ordinária 19172/2023,"Altera a Lei Municipal nº 18.869, de 09 de dezembro de 2021.",https://publico.recife.pe.leg.br/consultas/norma_juridica/norma_juridica_mostrar_proc?cod_norma=1638,Lei Ordinária,2023-12-29,Outro
Lei Ordinária 19171/2023,Dispõe sobre a concessão de incentivos fiscais para o desenvolvimento econômico e social do município do Recife.,https://publico.recife.pe.leg.br/consultas/norma_juridica/norma_juridica_mostrar_proc?cod_norma=1637,Lei Ordinária,2023-12-29,Outro
Lei Ordinária 19170/2023,"Institui, no Município do Recife, o “Programa Geração de Oportunidades – Go Recife”, altera a Lei Municipal nº 18.785, de 15 de março de 2021 e dá outras providências.",https://publico.recife.pe.leg.br/consultas/norma_juridica/norma_juridica_mostrar_proc?cod_norma=1636,Lei Ordinária,2023-12-22,CalendarioEventos
Lei Ordinária 19169/2023,Institui o Programa Municipal de Subsídio à Habitação de Interesse Social - PMSHIS e dá outras providências.,https://publico.recife.pe.leg.br/consultas/norma_juridica/norma_juridica_mostrar_proc?cod_norma=1635,Lei Ordinária,2023-12-21,Outro
Lei Ordinária 19168/2023,"Altera a Lei Municipal nº 18.207, de 30 de dezembro de 2015.",https://publico.recife.pe.leg.br/consultas/norma_juridica/norma_juridica_mostrar_proc?cod_norma=1634,Lei Ordinária,2023-12-21,Outro
Lei Ordinária 19167/2023,"Institui o Programa Moradia Primeiro para Pessoas em Situação de Rua, no âmbito do Município do Recife.",https://publico.recife.pe.leg.br/consultas/norma_juridica/norma_juridica_mostrar_proc?cod_norma=1633,Lei Ordinária,2023-12-20,CalendarioEventos
Lei Ordinária 19166/2023,"Institui alterações à Lei Municipal n° 18.207, de 30 de dezembro de 2015.",https://publico.recife.pe.leg.br/consultas/norma_juridica/norma_juridica_mostrar_proc?cod_norma=1632,Lei Ordinária,2023-12-20,Outro
Lei Ordinária 19165/2023,"Institui e disciplina, no âmbito do Município do Recife, programa de concessão de bolsas de estudos e qualificação profissional para população em situação de rua.",https://publico.recife.pe.leg.br/consultas/norma_juridica/norma_juridica_mostrar_proc?cod_norma=1631,Lei Ordinária,2023-12-20,CalendarioEventos
Lei Ordinária 19164/2023,"Institui e disciplina, no âmbito da Rede Municipal de Ensino do Recife, o Programa RECIFE NO MUNDO.",https://publico.recife.pe.leg.br/consultas/norma_juridica/norma_juridica_mostrar_proc?cod_norma=1630,Lei Ordinária,2023-12-18,CalendarioEventos
Lei Ordinária 19163/2023,Institui a Rede de Segurança Alimentar e Nutricional do Município de Recife.,https://publico.recife.pe.leg.br/consultas/norma_juridica/norma_juridica_mostrar_proc?cod_norma=1629,Lei Ordinária,2023-12-18,CalendarioEventos
Lei Ordinária 19162/2023,"Institui, no Calendário Oficial de Eventos do Município do Recife, a “Semana Municipal da Saúde da População Negra”.",https://publico.recife.pe.leg.br/consultas/norma_juridica/norma_juridica_mostrar_proc?cod_norma=1628,Lei Ordinária,2023-12-15,CalendarioEventos
Lei Ordinária 19161/2023,"Institui a “Semana de Conscientização e Prevenção dos Males causados pelo uso precoce e de longa duração de Dispositivos Eletrônicos por Bebês e
Crianças” no Calendário Oficial de Eventos do Município do Recife.",https://publico.recife.pe.leg.br/consultas/norma_juridica/norma_juridica_mostrar_proc?cod_norma=1627,Lei Ordinária,2023-12-15,CalendarioEventos
Lei Ordinária 19160/2023,"Altera a Lei Municipal nº 16.292, de 29 de janeiro de 1997, que Regula as atividades de edificações e instalações, no Município do Recife, e dá outras providências.",https://publico.recife.pe.leg.br/consultas/norma_juridica/norma_juridica_mostrar_proc?cod_norma=1626,Lei Ordinária,2023-12-15,Outro
Lei Ordinária 19159/2023,"Altera o item 7 do ANEXO VII da Lei Municipal nº 16.286, de 22 de janeiro de 1997, que Dispõe sobre o parcelamento do solo e demais modificações da propriedade urbana.",https://publico.recife.pe.leg.br/consultas/norma_juridica/norma_juridica_mostrar_proc?cod_norma=1665,Lei Ordinária,2023-12-15,Outro
Lei Ordinária 19158/2023,"Altera o art. 1º da Lei Municipal nº 18.174, de 16 de setembro de 2015, que Acrescenta à denominação da avenida Beberibe, o termo santa
cruz futebol clube. doravante chamar-se-á “Avenida Beberibe Santa Cruz Futebol Clube”.",https://publico.recife.pe.leg.br/consultas/norma_juridica/norma_juridica_mostrar_proc?cod_norma=1625,Lei Ordinária,2023-12-15,Outro
Lei Ordinária 19157/2023,Declara o “Festival Rec-Beat” Patrimônio Cultural Imaterial do Recife.,https://publico.recife.pe.leg.br/consultas/norma_juridica/norma_juridica_mostrar_proc?cod_norma=1624,Lei Ordinária,2023-12-15,PatrimonioCultural
Lei Ordinária 19156/2023,Institui o “Dia do Cirurgião de Cabeça e Pescoço” no Calendário Oficial de Eventos do Município do Recife.,https://publico.recife.pe.leg.br/consultas/norma_juridica/norma_juridica_mostrar_proc?cod_norma=1623,Lei Ordinária,2023-12-15,CalendarioEventos
Lei Ordinária 19155/2023,Dispõe sobre a revisão do Plano Plurianual 2022-2025 do Município do Recife para o exercício de 2024.,https://publico.recife.pe.leg.br/consultas/norma_juridica/norma_juridica_mostrar_proc?cod_norma=1622,Lei Ordinária,2023-12-15,Outro
Lei Ordinária 19154/2023,"Dispõe sobre o Projeto de Lei Orçamentária Anual, que estima a receita e fixa a despesa do Município do Recife para o exercício de 2024.",https://publico.recife.pe.leg.br/consultas/norma_juridica/norma_juridica_mostrar_proc?cod_norma=1666,Lei Ordinária,2023-12-15,Outro
Lei Ordinária 19153/2023,"Institui a Base Cartográfica Municipal do Recife, apoiada à Rede de Referência Cadastral Municipal – RRCM/RECIFE e dá outras providências.",https://publico.recife.pe.leg.br/consultas/norma_juridica/norma_juridica_mostrar_proc?cod_norma=1619,Lei Ordinária,2023-12-15,CalendarioEventos
Lei Ordinária 19152/2023,"Autoriza o Poder Executivo Municipal a instituir o Serviço Social Autônomo denominado ""Agência Recifense de Promoção de Investimentos e Competitividade – “INVESTE RECIFE"" e estabelece normas sobre o seu funcionamento.",https://publico.recife.pe.leg.br/consultas/norma_juridica/norma_juridica_mostrar_proc?cod_norma=1617,Lei Ordinária,2023-12-15,CalendarioEventos
Lei Ordinária 19151/2023,"Cria cargos efetivos no âmbito da Secretaria da Mulher, para provimento mediante concurso público, com a finalidade de compor o Grupo Ocupacional de Promoção dos Direitos das Mulheres do Recife, instituído pela Lei Municipal nº 19.064, de 24 de maio de 2023.",https://publico.recife.pe.leg.br/consultas/norma_juridica/norma_juridica_mostrar_proc?cod_norma=1615,Lei Ordinária,2023-12-15,CalendarioEventos
Lei Ordinária 19150/2023,"Altera a Lei Municipal nº 16.600, de 27 de setembro de 2000, que dispõe sobre o Serviço de Transporte Coletivo de Escolares do Recife - SETCER.",https://publico.recife.pe.leg.br/consultas/norma_juridica/norma_juridica_mostrar_proc?cod_norma=1613,Lei Ordinária,2023-12-15,Outro
Lei Ordinária 19149/2023,Cria 40 (quarenta) cargos de Nutricionista Escolar no âmbito da Secretaria de Educação do Município do Recife.,https://publico.recife.pe.leg.br/consultas/norma_juridica/norma_juridica_mostrar_proc?cod_norma=1611,Lei Ordinária,2023-12-08,Outro
Lei Ordinária 19148/2023,Reduz temporariamente a alíquota do Imposto Sobre Serviços De Qualquer Natureza- ISSQN concedendo incentivo fiscal às empresas de hotelaria na forma em que dispõe.,https://publico.recife.pe.leg.br/consultas/norma_juridica/norma_juridica_mostrar_proc?cod_norma=1555,Lei Ordinária,2023-12-08,Outro
Lei Ordinária 19147/2023,"Altera a Lei Municipal nº 17.537, de 16 de janeiro de 2009, que fixa normas para a exploração do Sistema Municipal de Táxi do Município do Recife - SMTX/Recife.",https://publico.recife.pe.leg.br/consultas/norma_juridica/norma_juridica_mostrar_proc?cod_norma=1554,Lei Ordinária,2023-12-08,Outro
Lei Ordinária 19146/2023,Considera Patrimônio Cultural Imaterial do Recife a “Festa de Nossa Senhora da Conceição”.,https://publico.recife.pe.leg.br/consultas/norma_juridica/norma_juridica_mostrar_proc?cod_norma=1553,Lei Ordinária,2023-12-08,PatrimonioCultural
Lei Ordinária 19145/2023,"Dispõe sobre o Sistema de Registro de Preços e sobre a publicidade dos editais de licitações, no âmbito da Administração Pública direta, autárquica e fundacional do Município do Recife e dá outras providências.",https://publico.recife.pe.leg.br/consultas/norma_juridica/norma_juridica_mostrar_proc?cod_norma=1552,Lei Ordinária,2023-12-06,Outro
Lei Ordinária 19144/2023,"Dispõe sobre os Agentes de Contratação, Equipes de Apoio e Comissões de Contratação, no âmbito da Administração Pública Municipal direta, autárquica e fundacional, cria os cargos e funções gratificadas que indica, e altera a Lei Municipal nº 16.365, de 6 de janeiro de 1998.",https://publico.recife.pe.leg.br/consultas/norma_juridica/norma_juridica_mostrar_proc?cod_norma=1551,Lei Ordinária,2023-12-06,Outro
Lei Ordinária 19143/2023,Dispõe sobre a criação do Programa de Regularização Fiscal Educação – PREFIS Educação no Município do Recife.,https://publico.recife.pe.leg.br/consultas/norma_juridica/norma_juridica_mostrar_proc?cod_norma=1654,Lei Ordinária,2023-12-06,Outro
Lei Ordinária 19142/2023,"Adiciona o § 3º ao art. 2º, da Lei Municipal nº 18.359, de 26 de julho de 2017, que dispõe sobre o prazo de licença-paternidade dos servidores municipais.",https://publico.recife.pe.leg.br/consultas/norma_juridica/norma_juridica_mostrar_proc?cod_norma=1550,Lei Ordinária,2023-12-06,Outro
Lei Ordinária 19141/2023,Dispõe sobre o plano de incentivo fiscal que concede isenção de tributos imobiliários e mercantis às agremiações da cultura popular do Município do Recife e dá outras providências.,https://publico.recife.pe.leg.br/consultas/norma_juridica/norma_juridica_mostrar_proc?cod_norma=1549,Lei Ordinária,2023-12-06,ConcessaoTitulo
Lei Ordinária 19140/2023,"Promove a reabertura do ""Programa de Desligamento Voluntário - PDV"" instituído pela Lei Municipal nº 18.811, de 7 de julho de 2021.",https://publico.recife.pe.leg.br/consultas/norma_juridica/norma_juridica_mostrar_proc?cod_norma=1548,Lei Ordinária,2023-12-06,Outro
Lei Ordinária 19139/2023,"Altera a Lei Municipal nº 19.098, de 21 de setembro de 2023, que Denomina “USF Amélia Silvério de Souza” a Unidade de Saúde da Família
(USF) situada na Rua Tupiraçaba, Bairro Dois Unidos, município do Recife.",https://publico.recife.pe.leg.br/consultas/norma_juridica/norma_juridica_mostrar_proc?cod_norma=1547,Lei Ordinária,2023-12-06,RenomearLogradouro
Lei Ordinária 19138/2023,Institui o “Dia Municipal em Memória às Vítimas de Sinistros de Trânsito” no Calendário Oficial de Eventos do Município do Recife.,https://publico.recife.pe.leg.br/consultas/norma_juridica/norma_juridica_mostrar_proc?cod_norma=1546,Lei Ordinária,2023-12-06,CalendarioEventos
Lei Ordinária 19137/2023,Dispõe sobre a identificação dos torcedores nos estádios de futebol no Município do Recife.,https://publico.recife.pe.leg.br/consultas/norma_juridica/norma_juridica_mostrar_proc?cod_norma=1545,Lei Ordinária,2023-11-29,Outro
Lei Ordinária 19136/2023,Institui a “Semana Municipal de Sensibilização e Conscientização sobre a Saúde Mental” no Calendário Oficial de Eventos do Município do Recife.,https://publico.recife.pe.leg.br/consultas/norma_juridica/norma_juridica_mostrar_proc?cod_norma=1544,Lei Ordinária,2023-11-27,CalendarioEventos
Lei Ordinária 19135/2023,Institui o “Dia do Comerciário e do Promotor de Vendas” no Calendário Oficial de Eventos do Município do Recife.,https://publico.recife.pe.leg.br/consultas/norma_juridica/norma_juridica_mostrar_proc?cod_norma=1543,Lei Ordinária,2023-11-27,CalendarioEventos
Lei Ordinária 19134/2023,Considera Patrimônio Cultural Imaterial do Recife a “Banda Sinfônica do Recife (BSR)”,https://publico.recife.pe.leg.br/consultas/norma_juridica/norma_juridica_mostrar_proc?cod_norma=1542,Lei Ordinária,2023-11-27,PatrimonioCultural
Lei Ordinária 19133/2023,Considera Patrimônio Cultural Material do Município do Recife o “Restaurante Leite”.,https://publico.recife.pe.leg.br/consultas/norma_juridica/norma_juridica_mostrar_proc?cod_norma=1541,Lei Ordinária,2023-11-27,PatrimonioCultural
Lei Ordinária 19132/2023,Dispõe sobre o licenciamento de cemitérios e crematórios no município do Recife.,https://publico.recife.pe.leg.br/consultas/norma_juridica/norma_juridica_mostrar_proc?cod_norma=1540,Lei Ordinária,2023-11-28,Outro
Lei Ordinária 19131/2023,"Cria cargos efetivos no âmbito da Secretaria de Saúde do Município, para provimento mediante concurso público e seleção pública, além de ampliar e qualificar a atenção básica da Rede Municipal de Saúde, e dá outras providências.",https://publico.recife.pe.leg.br/consultas/norma_juridica/norma_juridica_mostrar_proc?cod_norma=1539,Lei Ordinária,2023-11-10,Outro
Lei Ordinária 19130/2023,"Autoriza a alienação, mediante permuta, de imóveis do Município do Recife por imóvel de particular para criação do Parque Público da Tamarineira.",https://publico.recife.pe.leg.br/consultas/norma_juridica/norma_juridica_mostrar_proc?cod_norma=1538,Lei Ordinária,2023-11-10,CalendarioEventos
Lei Ordinária 19129/2023,Considera Patrimônio Cultural Imaterial do Recife a “Festa da Vitória Régia”.,https://publico.recife.pe.leg.br/consultas/norma_juridica/norma_juridica_mostrar_proc?cod_norma=1537,Lei Ordinária,2023-11-10,PatrimonioCultural
Lei Ordinária 19128/2023,Inclui no Calendário Oficial de Eventos do Município do Recife o “Forrozão do Galo”.,https://publico.recife.pe.leg.br/consultas/norma_juridica/norma_juridica_mostrar_proc?cod_norma=1536,Lei Ordinária,2023-11-09,CalendarioEventos
Lei Ordinária 19127/2023,Institui o “Dia do Frescobol” no Calendário Oficial de Eventos do Município do Recife.,https://publico.recife.pe.leg.br/consultas/norma_juridica/norma_juridica_mostrar_proc?cod_norma=1535,Lei Ordinária,2023-11-09,CalendarioEventos
Lei Ordinária 19126/2023,"Denomina “Escola Municipal Deocleciano Oliveira Lima” a atual “Escola Municipal Anexa Casa Amarela”, localizada no bairro de Nova Descoberta.",https://publico.recife.pe.leg.br/consultas/norma_juridica/norma_juridica_mostrar_proc?cod_norma=1534,Lei Ordinária,2023-11-09,RenomearLogradouro
Lei Ordinária 19125/2023,"Institui, na Cidade do Recife, o Dia Municipal da Fraternidade Dom Helder Câmara, a ser celebrado anualmente no dia 7 de fevereiro.",https://publico.recife.pe.leg.br/consultas/norma_juridica/norma_juridica_mostrar_proc?cod_norma=1533,Lei Ordinária,2023-11-09,CalendarioEventos
Lei Ordinária 19124/2023,"Institui no calendário oficial de eventos do Município do Recife o Dia Municipal de Enfrentamento ao Transfeminicídio - “Lei Roberta Nascimento"", a ser celebrado no dia 24 de junho.",https://publico.recife.pe.leg.br/consultas/norma_juridica/norma_juridica_mostrar_proc?cod_norma=1532,Lei Ordinária,2023-11-09,CalendarioEventos
Lei Ordinária 19123/2023,"Institui a “Semana da Gastronomia do Recife”, no Calendário Oficial de Eventos do Município do Recife.",https://publico.recife.pe.leg.br/consultas/norma_juridica/norma_juridica_mostrar_proc?cod_norma=1531,Lei Ordinária,2023-11-09,CalendarioEventos
Lei Ordinária 19122/2023,Institui no Calendário Oficial de Eventos do Município do Recife o “Dia Municipal do Maracatu de Baque Virado”.,https://publico.recife.pe.leg.br/consultas/norma_juridica/norma_juridica_mostrar_proc?cod_norma=1530,Lei Ordinária,2023-11-09,CalendarioEventos
Lei Ordinária 19121/2023,"Institui no Calendário Oficial de Eventos do Município do Recife a ""Semana Municipal da Paradiplomacia"".",https://publico.recife.pe.leg.br/consultas/norma_juridica/norma_juridica_mostrar_proc?cod_norma=1409,Lei Ordinária,2023-11-06,CalendarioEventos
Lei Ordinária 19120/2023,Denomina “Ponte Júlia Santiago” a ponte a ser construída para a ligação da zona oeste à zona sul do município do Recife.,https://publico.recife.pe.leg.br/consultas/norma_juridica/norma_juridica_mostrar_proc?cod_norma=1406,Lei Ordinária,2023-10-28,RenomearLogradouro
Lei Ordinária 19119/2023,"Denomina “Unidade Pública de Atendimento Especializado – UPAE, Doutor Cyro de Andrade Lima”, a UPAE da Mustardinha, localizada na Rua Major Mário Portela, n° 279, Bongi, Município do Recife.",https://publico.recife.pe.leg.br/consultas/norma_juridica/norma_juridica_mostrar_proc?cod_norma=1405,Lei Ordinária,2023-10-28,RenomearLogradouro
Lei Ordinária 19118/2023,"Dispõe sobre alterações nas Leis Municipais nº 19.007, de 13 de dezembro de 2022 (Revisão do PPA 2022-2025), e nº 19.006, de 13 de dezembro de 2022 (LOA 2023), e autoriza a abertura de crédito especial aos Orçamentos Fiscal e da Seguridade Social, por anulação parcial de dotações orçamentárias - Implementação e Operacionalização da Lei Paulo Gustavo",https://publico.recife.pe.leg.br/consultas/norma_juridica/norma_juridica_mostrar_proc?cod_norma=1404,Lei Ordinária,2023-10-28,AutorizacaoAusencia
Lei Ordinária 19117/2023,"Dispõe sobre alterações nas Leis Municipais nº 19.007, de 13 de dezembro de 2022 (Revisão do PPA 2022-2025), e nº 19.006, de 13 de dezembro de 2022 (LOA 2023), e autoriza a abertura de crédito especial aos Orçamentos Fiscal e da Seguridade Social, por anulação parcial de dotações orçamentárias.",https://publico.recife.pe.leg.br/consultas/norma_juridica/norma_juridica_mostrar_proc?cod_norma=1403,Lei Ordinária,2023-10-28,AutorizacaoAusencia
Lei Ordinária 19116/2023,Institui a “Semana Municipal do Seguro” no Calendário Oficial de Eventos do Município do Recife.,https://publico.recife.pe.leg.br/consultas/norma_juridica/norma_juridica_mostrar_proc?cod_norma=1395,Lei Ordinária,2023-10-20,CalendarioEventos
Lei Ordinária 19115/2023,Institui no Calendário Oficial de Eventos do Município do Recife o “Dia Municipal dos Ostomizados”.,https://publico.recife.pe.leg.br/consultas/norma_juridica/norma_juridica_mostrar_proc?cod_norma=1653,Lei Ordinária,2023-10-17,CalendarioEventos
Lei Ordinária 19114/2023,"Institui, no Calendário Oficial de Eventos do Município do Recife, a “Semana de Conscientização sobre Lixo Eletrônico”.",https://publico.recife.pe.leg.br/consultas/norma_juridica/norma_juridica_mostrar_proc?cod_norma=1394,Lei Ordinária,2023-10-17,CalendarioEventos
Lei Ordinária 19113/2023,Institui no Calendário Oficial de Eventos do Município do Recife o “Dia Municipal do Maracatu Nação.,https://publico.recife.pe.leg.br/consultas/norma_juridica/norma_juridica_mostrar_proc?cod_norma=1392,Lei Ordinária,2023-10-17,CalendarioEventos
Lei Ordinária 19112/2023,Institui o “Dia Municipal do Juremeiro e Juremeira” no Calendário Oficial de Eventos do Município do Recife.,https://publico.recife.pe.leg.br/consultas/norma_juridica/norma_juridica_mostrar_proc?cod_norma=1391,Lei Ordinária,2023-10-17,CalendarioEventos
Lei Ordinária 19111/2023,Declara a banda “Ave Sangria” Patrimônio Cultural Imaterial do Recife.,https://publico.recife.pe.leg.br/consultas/norma_juridica/norma_juridica_mostrar_proc?cod_norma=1390,Lei Ordinária,2023-10-17,PatrimonioCultural
Lei Ordinária 19110/2023,Institui no Calendário Oficial de Eventos do Município do Recife a “Semana Municipal de Combate à Cinomose e à Parvovirose”.,https://publico.recife.pe.leg.br/consultas/norma_juridica/norma_juridica_mostrar_proc?cod_norma=1388,Lei Ordinária,2023-10-17,CalendarioEventos
Lei Ordinária 19109/2023,"DISPÕE SOBRE CONCESSÃO DE PRIORIDADE NO ATENDIMENTO AOS USUÁRIOS PORTADORES DE DIABETES, NA REALIZAÇÃO DE EXAMES MÉDICOS EM JEJUM TOTAL, NAS UNIDADES DE SAÚDE DO MUNICÍPIO DO RECIFE.",https://publico.recife.pe.leg.br/consultas/norma_juridica/norma_juridica_mostrar_proc?cod_norma=1387,Lei Ordinária,2023-10-17,CalendarioEventos
Lei Ordinária 19108/2023,Institui o ''Outubro Rosa Pet'' no âmbito do município do Recife.,https://publico.recife.pe.leg.br/consultas/norma_juridica/norma_juridica_mostrar_proc?cod_norma=1652,Lei Ordinária,2023-10-04,CalendarioEventos
Lei Ordinária 19107/2023,"Institui a ""Semana de Conscientização sobre a Cistite Idiopática Felina"" no âmbito do município do Recife.",https://publico.recife.pe.leg.br/consultas/norma_juridica/norma_juridica_mostrar_proc?cod_norma=1386,Lei Ordinária,2023-10-04,CalendarioEventos
Lei Ordinária 19106/2023,"Denomina “Creche Municipal Pedro José Mendes Filho”, a creche a ser instalada na Estrada do Arraial, n° 4882, bairro do Monteiro, Município do Recife.",https://publico.recife.pe.leg.br/consultas/norma_juridica/norma_juridica_mostrar_proc?cod_norma=1385,Lei Ordinária,2023-10-04,RenomearLogradouro
Lei Ordinária 19105/2023,Institui no Calendário Oficial de Eventos do Município do Recife o “Dia Municipal do Beach Tennis”.,https://publico.recife.pe.leg.br/consultas/norma_juridica/norma_juridica_mostrar_proc?cod_norma=1384,Lei Ordinária,2023-10-04,CalendarioEventos
Lei Ordinária 19104/2023,"Considera os Clubes do Sport Club do Recife, do Náutico Capibaribe e do Santa Cruz Futebol Clube como Patrimônio Cultural e Imaterial do município do Recife.",https://publico.recife.pe.leg.br/consultas/norma_juridica/norma_juridica_mostrar_proc?cod_norma=1383,Lei Ordinária,2023-10-04,PatrimonioCultural
Lei Ordinária 19103/2023,"Institui, no Calendário Oficial de Eventos do Município do Recife, o “Dia dos Motoristas de Aplicativos”.",https://publico.recife.pe.leg.br/consultas/norma_juridica/norma_juridica_mostrar_proc?cod_norma=1382,Lei Ordinária,2023-10-04,CalendarioEventos
Lei Ordinária 19102/2023,Institui a “Semana Educacional de Conscientização quanto à Declaração Universal dos Direitos dos Animais” no Calendário Oficial de Eventos do Município do Recife.,https://publico.recife.pe.leg.br/consultas/norma_juridica/norma_juridica_mostrar_proc?cod_norma=1381,Lei Ordinária,2023-10-04,CalendarioEventos
Lei Ordinária 19101/2023,Institui no Calendário Oficial de Eventos do Município do Recife a “Semana Municipal do Grafite e da Arte Urbana”.,https://publico.recife.pe.leg.br/consultas/norma_juridica/norma_juridica_mostrar_proc?cod_norma=1380,Lei Ordinária,2023-10-04,CalendarioEventos
Lei Ordinária 19100/2023,"Autoriza o Poder Executivo a realizar o repasse da Assistência Financeira Complementar da União para o Pagamento do Piso Salarial dos Profissionais da Enfermagem, no Município do Recife, e dá outras providências.",https://publico.recife.pe.leg.br/consultas/norma_juridica/norma_juridica_mostrar_proc?cod_norma=1379,Lei Ordinária,2023-10-03,Outro
Lei Ordinária 19099/2023,"Denomina “Gildinho do Alto do Capitão” a quadra de esportes situada na Rua Tupiraçaba, Bairro Dois Unidos, município do Recife.",https://publico.recife.pe.leg.br/consultas/norma_juridica/norma_juridica_mostrar_proc?cod_norma=1378,Lei Ordinária,2023-09-21,RenomearLogradouro
Lei Ordinária 19098/2023,"Denomina de “USF Amélia Silvério de Souza” a Unidade de Saúde da Família - USF situada na Rua Tupiraçaba, bairro de Dois Unidos, no município do Recife.",https://publico.recife.pe.leg.br/consultas/norma_juridica/norma_juridica_mostrar_proc?cod_norma=1377,Lei Ordinária,2023-09-21,RenomearLogradouro
Lei Ordinária 19097/2023,"Denomina “Praça Adalberto Aguiar” a praça situada na Rua do Girassol, Bairro Brasília Teimosa, município do Recife.",https://publico.recife.pe.leg.br/consultas/norma_juridica/norma_juridica_mostrar_proc?cod_norma=1376,Lei Ordinária,2023-09-21,RenomearLogradouro
Lei Ordinária 19096/2023,Declara a “Parada da Diversidade de Dois Unidos” como Patrimônio Cultural Imaterial do Município do Recife.,https://publico.recife.pe.leg.br/consultas/norma_juridica/norma_juridica_mostrar_proc?cod_norma=1375,Lei Ordinária,2023-09-21,PatrimonioCultural
Lei Ordinária 19095/2023,"Altera o zoneamento da cidade, instituindo, com fundamento no art. 72. 79 e art. 65, inciso II da Lei Complementar nº 2 de 23 de abril de 2021, Zona Especial de Interesse Social 2 - ZEIS 2 - Habitacional Via Mangue.",https://publico.recife.pe.leg.br/consultas/norma_juridica/norma_juridica_mostrar_proc?cod_norma=1651,Lei Ordinária,2023-09-15,Outro
Lei Ordinária 19094/2023,"Em decorrência do incêndio ocorrido em 03 de setembro no Mercado da Encruzilhada, institui a suspensão do pagamento da retribuição pecuniária de uso aos permissionários do Mercado da Encruzilhada durante o período em que ocorrerem os serviços de restauro e/ou reforma para a recuperação do equipamento e crua o Auxílio Emergencial aos permissionários impactados pelo incêndio.",https://publico.recife.pe.leg.br/consultas/norma_juridica/norma_juridica_mostrar_proc?cod_norma=1671,Lei Ordinária,2023-09-11,Outro
Lei Ordinária 19093/2023,"Alterar o zoneamento da cidade, instituindo, com fundamento no art. 72, 78, e 65, inciso I da Lei Complementar nº 2 de 23 de abril de 2021, Zona Especial de Interesse Social 1 - ZEIS 1.",https://publico.recife.pe.leg.br/consultas/norma_juridica/norma_juridica_mostrar_proc?cod_norma=1650,Lei Ordinária,2023-09-04,Outro
Lei Ordinária 19092/2023,"OBRIGA A AFIXAÇÃO DE AVISOS NOS ELEVADORES DE PRÉDIOS RESIDENCIAIS E COMERCIAIS DO MUNICÍPIO DO RECIFE, CONTENDO INFORMAÇÕES ACERCA DA ÚLTIMA MANUTENÇÃO DOS ELEVADORES.",https://publico.recife.pe.leg.br/consultas/norma_juridica/norma_juridica_mostrar_proc?cod_norma=1373,Lei Ordinária,2023-07-18,Outro
Lei Ordinária 19091/2023,"Institui o ""Dia Municipal de Enfrentamento ao Etarismo"" no calendário oficial da cidade do Recife e dá outras providências.",https://publico.recife.pe.leg.br/consultas/norma_juridica/norma_juridica_mostrar_proc?cod_norma=1670,Lei Ordinária,2023-07-18,CalendarioEventos
Lei Ordinária 19090/2023,Institui o “Dia Municipal do Corretor de Seguros” no Calendário Oficial de Eventos do Município do Recife.,https://publico.recife.pe.leg.br/consultas/norma_juridica/norma_juridica_mostrar_proc?cod_norma=1371,Lei Ordinária,2023-07-05,CalendarioEventos
Lei Ordinária 19089/2023,Considera Patrimônio Cultural Imaterial do Recife o” Clube Carnavalesco Misto das Pás Douradas”.,https://publico.recife.pe.leg.br/consultas/norma_juridica/norma_juridica_mostrar_proc?cod_norma=1370,Lei Ordinária,2023-07-05,PatrimonioCultural
Lei Ordinária 19088/2023,Institui no Calendário Oficial de Eventos do Município do Recife o “Dia Municipal do esporte Amador”.,https://publico.recife.pe.leg.br/consultas/norma_juridica/norma_juridica_mostrar_proc?cod_norma=1369,Lei Ordinária,2023-07-05,CalendarioEventos
Lei Ordinária 19087/2023,Denomina “Luis Tenderini” a creche do Complexo Educacional a ser inaugurado no bairro de Dois Unidos no município do Recife.,https://publico.recife.pe.leg.br/consultas/norma_juridica/norma_juridica_mostrar_proc?cod_norma=1368,Lei Ordinária,2023-07-05,RenomearLogradouro
Lei Ordinária 19086/2023,Dispõe e disciplina o Programa Municipal educação para Todos - NOVO PROUNI E PROTEC RECIFE.,https://publico.recife.pe.leg.br/consultas/norma_juridica/norma_juridica_mostrar_proc?cod_norma=1669,Lei Ordinária,2023-06-30,Outro
Lei Ordinária 19085/2023,Dispõe sobre as diretrizes para elaboração e execução da Lei Orçamentária de 2024.,https://publico.recife.pe.leg.br/consultas/norma_juridica/norma_juridica_mostrar_proc?cod_norma=1366,Lei Ordinária,2023-06-30,Outro
Lei Ordinária 19084/2023,"Desafeta da Rua Caraçatuba, 2ª Travessa do Jasmim e Rua Velame, no bairro do Pina, nesta cidade e autoriza a permuta das áreas desafetadas por imóvel de particular para construção de unidade educacional.",https://publico.recife.pe.leg.br/consultas/norma_juridica/norma_juridica_mostrar_proc?cod_norma=1365,Lei Ordinária,2023-06-28,RenomearLogradouro
Lei Ordinária 19083/2023,"Autoriza o Poder Executivo a contratar parceria Público-Privada (PPP), na modalidade de concessão administrativa e mediante prévia licitação, destinada à construção, gestão, operação e manutenção de unidades de ensino infantil, vinculada recursos para a criação de mecanismos de pagamento e de garantia pública para a referida parceria e dá outras providências.",https://publico.recife.pe.leg.br/consultas/norma_juridica/norma_juridica_mostrar_proc?cod_norma=1364,Lei Ordinária,2023-06-28,Outro
Lei Ordinária 19082/2023,"Dispõe sobre o sistema de controle interno, as competências da Controladoria-Geral do Município - CGM e dá outras providências.",https://publico.recife.pe.leg.br/consultas/norma_juridica/norma_juridica_mostrar_proc?cod_norma=1668,Lei Ordinária,2023-06-28,Outro
Lei Ordinária 19081/2023,"Altera a Lei Municipal nº 18.189 de 14 de dezembro de 2015, que dispõe sobre o Programa de Melhoria Habitacional, que trata da realização de melhorias de unidades habitacionais, para promoção da Dignidade da Pessoa Humana e da Função Social da Cidade, daqueles que têm perfil socioeconômico para Habitação de Interesse Social, localizadas no Município de Recife.",https://publico.recife.pe.leg.br/consultas/norma_juridica/norma_juridica_mostrar_proc?cod_norma=1360,Lei Ordinária,2023-06-28,Outro
Lei Ordinária 19080/2023,"Altera a Lei Municipal n° 19.026, de 30 de dezembro de 2022 que institui o Código de Limpeza Urbana e Manejo de Resíduos Sólidos Urbanos do Município do Recife e dá outras providências.",https://publico.recife.pe.leg.br/consultas/norma_juridica/norma_juridica_mostrar_proc?cod_norma=1359,Lei Ordinária,2023-06-28,CalendarioEventos
Lei Ordinária 19079/2023,"Declara de Utilidade Pública, no âmbito do Município do Recife, a Associação Católica dos Samaritanos.",https://publico.recife.pe.leg.br/consultas/norma_juridica/norma_juridica_mostrar_proc?cod_norma=1358,Lei Ordinária,2023-06-22,Outro
Lei Ordinária 19078/2023,"Institui, no “Calendário Oficial de Eventos do Município do Recife”, a Semana de Conscientização sobre a Terceirização sem Calote.",https://publico.recife.pe.leg.br/consultas/norma_juridica/norma_juridica_mostrar_proc?cod_norma=1357,Lei Ordinária,2023-06-22,CalendarioEventos
Lei Ordinária 19077/2023,"Denomina “Praça do Rosarinho Dr. Zé Neves” a praça situada na Avenida Santos Dumont, Bairro Rosarinho, município do Recife.",https://publico.recife.pe.leg.br/consultas/norma_juridica/norma_juridica_mostrar_proc?cod_norma=1356,Lei Ordinária,2023-06-21,RenomearLogradouro
Lei Ordinária 19076/2023,Institui no Calendário Oficial de Eventos do Município do Recife o “Mês Recife: Cidade da Música”.,https://publico.recife.pe.leg.br/consultas/norma_juridica/norma_juridica_mostrar_proc?cod_norma=1355,Lei Ordinária,2023-06-16,CalendarioEventos
Lei Ordinária 19075/2023,Institui o Dia do Pescador no calendário oficial do município do Recife.,https://publico.recife.pe.leg.br/consultas/norma_juridica/norma_juridica_mostrar_proc?cod_norma=1354,Lei Ordinária,2023-06-16,CalendarioEventos
Lei Ordinária 19074/2023,Considera Patrimônio Cultural Imaterial do Recife o Trem do Forró.,https://publico.recife.pe.leg.br/consultas/norma_juridica/norma_juridica_mostrar_proc?cod_norma=1353,Lei Ordinária,2023-06-16,PatrimonioCultural
Lei Ordinária 19073/2023,Institui no Calendário Oficial de Eventos do Município do Recife o “Dia Municipal dos Avós”.,https://publico.recife.pe.leg.br/consultas/norma_juridica/norma_juridica_mostrar_proc?cod_norma=1351,Lei Ordinária,2023-06-16,CalendarioEventos
Lei Ordinária 19072/2023,Institui no Calendário Oficial de Eventos do Município do Recife o “Dia Municipal do Terceiro Setor”.,https://publico.recife.pe.leg.br/consultas/norma_juridica/norma_juridica_mostrar_proc?cod_norma=1349,Lei Ordinária,2023-06-14,CalendarioEventos
Lei Ordinária 19071/2023,Dispõe sobre a instituição da “Semana de Mobilização Municipal para Doação de Medula Óssea” no Calendário Oficial de Eventos do Município do Recife.,https://publico.recife.pe.leg.br/consultas/norma_juridica/norma_juridica_mostrar_proc?cod_norma=1346,Lei Ordinária,2023-06-14,CalendarioEventos
Lei Ordinária 19070/2023,"Institui o Programa VALORIZAÇÃO DE INICIATIVAS JUVENIS - VAI JOVEM - no âmbito da Secretaria de Desenvolvimento Social, Direitos Humanos, Juventude e Políticas Sobre Drogas.",https://publico.recife.pe.leg.br/consultas/norma_juridica/norma_juridica_mostrar_proc?cod_norma=1344,Lei Ordinária,2023-06-12,Outro
Lei Ordinária 19069/2023,"Altera o zoneamento da cidade, instituindo, com fundamento nos artigos 65, inciso II, 72 e 79 da Lei Complementar nº 2, de 23 de abril de 2021, Zona Especial de Interesse Social 2 - ZEIS 2.",https://publico.recife.pe.leg.br/consultas/norma_juridica/norma_juridica_mostrar_proc?cod_norma=1341,Lei Ordinária,2023-06-07,Outro
Lei Ordinária 19068/2023,Institui a isenção do pagamento da retribuição pecuniária de uso aos permissionários do Mercado de São José durante o período em que ocorrerem os serviços de reforma para requalificação do equipamento e cria o Auxílio Emergencial aos permissionários impactados a cada fase da obra.,https://publico.recife.pe.leg.br/consultas/norma_juridica/norma_juridica_mostrar_proc?cod_norma=1340,Lei Ordinária,2023-06-07,Outro
Lei Ordinária 19067/2023,Declara o “Afoxé” como Patrimônio Cultural Imaterial do Município do Recife.,https://publico.recife.pe.leg.br/consultas/norma_juridica/norma_juridica_mostrar_proc?cod_norma=1339,Lei Ordinária,2023-06-02,PatrimonioCultural
Lei Ordinária 19066/2023,Institui o Estatuto da Liberdade Religiosa no Município do Recife e dá outras providências.,https://publico.recife.pe.leg.br/consultas/norma_juridica/norma_juridica_mostrar_proc?cod_norma=1337,Lei Ordinária,2023-06-02,CalendarioEventos
Lei Ordinária 19065/2023,Institui no Calendário Oficial de Eventos do Município do Recife o “Dia do Influenciador Digital”.,https://publico.recife.pe.leg.br/consultas/norma_juridica/norma_juridica_mostrar_proc?cod_norma=1335,Lei Ordinária,2023-06-02,CalendarioEventos
Lei Ordinária 19064/2023,"Institui o Grupo Ocupacional de Promoção dos Direitos das Mulheres do Município do Recife, criando os cargos efetivos necessários para a sua composição.",https://publico.recife.pe.leg.br/consultas/norma_juridica/norma_juridica_mostrar_proc?cod_norma=1333,Lei Ordinária,2023-05-24,CalendarioEventos
Lei Ordinária 19063/2023,"Denomina “Irmã Cininha” a Creche Escola a ser construída na Comunidade Córrego do Deodato, Bairro Água Fria, município do Recife.",https://publico.recife.pe.leg.br/consultas/norma_juridica/norma_juridica_mostrar_proc?cod_norma=1330,Lei Ordinária,2023-05-24,RenomearLogradouro
Lei Ordinária 19062/2023,"Declara Patrimônio Cultural Imaterial do Recife a ""Batalha da Escadaria"".",https://publico.recife.pe.leg.br/consultas/norma_juridica/norma_juridica_mostrar_proc?cod_norma=1327,Lei Ordinária,2023-05-17,PatrimonioCultural
Lei Ordinária 19061/2023,"OBRIGA BARES, RESTAURANTES, CASAS NOTURNAS, CASAS DE EVENTOS E AFINS, LOCALIZADOS NO MUNICÍPIO DO RECIFE, A ADOTAR MEDIDAS DE AUXÍLIO À MULHER EM SITUAÇÃO DE RISCO.",https://publico.recife.pe.leg.br/consultas/norma_juridica/norma_juridica_mostrar_proc?cod_norma=1667,Lei Ordinária,2023-05-17,CalendarioEventos
Lei Ordinária 19060/2023,Dispõe sobre a remuneração dos servidores e empregados públicos que indica e dá outras providências.,https://publico.recife.pe.leg.br/consultas/norma_juridica/norma_juridica_mostrar_proc?cod_norma=1294,Lei Ordinária,2023-05-10,Outro
Lei Ordinária 19059/2023,"DISPÕE SOBRE A OBRIGATORIEDADE DA DIVULGAÇÃO DE MENSAGENS DE COMBATE À VIOLÊNCIA CONTRA A MULHER, DURANTE A REALIZAÇÃO DE EVENTOS ESPORTIVOS NOS ESTÁDIOS DE FUTEBOL, NO MUNICÍPIO DO RECIFE.",https://publico.recife.pe.leg.br/consultas/norma_juridica/norma_juridica_mostrar_proc?cod_norma=1319,Lei Ordinária,2023-05-10,CalendarioEventos
Lei Ordinária 19058/2023,Considera a “Arte da Capoeira” como Patrimônio Cultural Imaterial do Município do Recife.,https://publico.recife.pe.leg.br/consultas/norma_juridica/norma_juridica_mostrar_proc?cod_norma=1287,Lei Ordinária,2023-05-10,PatrimonioCultural
Lei Ordinária 19057/2023,"Assegura às pessoas com deficiência auditiva ou surdas, em atendimento nas instituições de saúde privada do Município de Recife, o direito a acompanhante ou atendente pessoal, e dá outras providências.",https://publico.recife.pe.leg.br/consultas/norma_juridica/norma_juridica_mostrar_proc?cod_norma=1285,Lei Ordinária,2023-05-05,CalendarioEventos
Lei Ordinária 19056/2023,Declara a “Marcha para Jesus” como Patrimônio Cultural Imaterial do Município do Recife.,https://publico.recife.pe.leg.br/consultas/norma_juridica/norma_juridica_mostrar_proc?cod_norma=1282,Lei Ordinária,2023-05-05,PatrimonioCultural
Lei Ordinária 19055/2023,Dispõe sobre o polo de apoio presencial do sistema Universidade Aberta do Brasil no município do Recife.,https://publico.recife.pe.leg.br/consultas/norma_juridica/norma_juridica_mostrar_proc?cod_norma=1278,Lei Ordinária,2023-05-03,Outro
Lei Ordinária 19054/2023,"Desafeta a Rua SD 9273 no trecho entre as Ruas Tenente João Cícero e Professor José Brandão, constante na quadra J do loteamento desmembrado do Sítio Passo da Barreta (Loteamento Novo Jardim Sítio Passo da Barreta), e autoriza a doação da área desafetada com encargos para o Instituto de Apoio Socioassistencial de Pernambuco - IASP para implantação de Centro de apoio ao transplante de medula óssea.",https://publico.recife.pe.leg.br/consultas/norma_juridica/norma_juridica_mostrar_proc?cod_norma=1274,Lei Ordinária,2023-04-28,Outro
Lei Ordinária 19053/2023,Institui a “Semana do Direito à Memória e à Verdade” no Calendário Oficial de Eventos do Município do Recife.,https://publico.recife.pe.leg.br/consultas/norma_juridica/norma_juridica_mostrar_proc?cod_norma=1289,Lei Ordinária,2023-04-26,CalendarioEventos
Lei Ordinária 19052/2023,"Dispõe sobre o Sistema de Incentivo à Cultura (SIC), concede Incentivos Fiscais a Projetos
Culturais e dá outras providências, revogando a Lei nº 16.215/96, de 12 de julho de 1996 (Lei que
Institui o Sistema de Incentivo à Cultura, concede Incentivos Fiscais a Projetos Culturais e dá outras
providências), bem como o Decreto Municipal nº 17.617, de 14 de abril de 1997 e o Decreto
Municipal nº 32.984, de 11 de outubro de 2019.",https://publico.recife.pe.leg.br/consultas/norma_juridica/norma_juridica_mostrar_proc?cod_norma=1251,Lei Ordinária,2023-04-26,Outro
Lei Ordinária 19051/2023,"Altera o zoneamento da cidade, instituindo, com fundamento no art. 79 e art. 65, inciso II da Lei Complementar nº 2 de 23 de abril de 2021, ZEIS 2. (Conjunto Habitacional Várzea II)",https://publico.recife.pe.leg.br/consultas/norma_juridica/norma_juridica_mostrar_proc?cod_norma=1249,Lei Ordinária,2023-04-25,Outro
Lei Ordinária 19050/2023,"Altera o zoneamento da cidade, instituindo, com fundamento no art. 79 e art. 65, inciso II da Lei Complementar nº 2 de 23 de abril de 2021, ZEIS 2. (Conjunto Habitacional Clube do Automóvel)",https://publico.recife.pe.leg.br/consultas/norma_juridica/norma_juridica_mostrar_proc?cod_norma=1248,Lei Ordinária,2023-04-25,Outro
Lei Ordinária 19049/2023,"Altera o zoneamento da cidade, instituindo, com fundamento no art. 79 e art. 65, inciso II da Lei Complementar nº 2, de 23 de abril de 2021, ZEIS 2. (Conjunto Habitacional Imbiribeira I - São Francisco)",https://publico.recife.pe.leg.br/consultas/norma_juridica/norma_juridica_mostrar_proc?cod_norma=1246,Lei Ordinária,2023-04-25,Outro
Lei Ordinária 19048/2023,"Altera o zoneamento da cidade, instituindo, com fundamento no art. 79 e art. 65, inciso II da Lei Complementar nº 2, de 23 de abril de 2021, ZEIS 2. (Conjunto Habitacional Imbiribeira II - Cinco de Maio)",https://publico.recife.pe.leg.br/consultas/norma_juridica/norma_juridica_mostrar_proc?cod_norma=1244,Lei Ordinária,2023-04-25,Outro
Lei Ordinária 19047/2023,"Altera o zoneamento da cidade, instituindo, com fundamento no art. 72, 79 e art. 65, inciso II da Lei Complementar nº 2 de 23 de abril de 2021, ZEIS 2. (Conjunto Habitacional Imbiribeira II - Nicolau Copérnico)",https://publico.recife.pe.leg.br/consultas/norma_juridica/norma_juridica_mostrar_proc?cod_norma=1242,Lei Ordinária,2023-04-25,Outro
Lei Ordinária 19046/2023,"Altera o zoneamento da cidade, instituindo, com fundamento no art. 79 e art. 65, inciso II da Lei Complementar nº 2 de 23 de abril de 2021, ZEIS 2. (Conjunto Habitacional Dom Hélder - Nova Descoberta)",https://publico.recife.pe.leg.br/consultas/norma_juridica/norma_juridica_mostrar_proc?cod_norma=1239,Lei Ordinária,2023-04-25,Outro
Lei Ordinária 19045/2023,"Altera o zoneamento da cidade, instituindo, com fundamento no art. 79 e art. 65, inciso II da Lei Complementar nº 2 de 23 de abril de 2021, ZEIS 2. (Conjunto Habitacional Condomínio Dom Hélder - Iputinga)",https://publico.recife.pe.leg.br/consultas/norma_juridica/norma_juridica_mostrar_proc?cod_norma=1236,Lei Ordinária,2023-04-25,Outro
Lei Ordinária 19044/2023,"Altera o zoneamento da cidade, instituindo, com fundamento nos artigos 65, inciso II, 72 e 79 da Lei Complementar nº 2, de 23 de abril de 2021, ZEIS 2. (Conjunto Habitacional Travessa do Gusmão e Praça Sérgio Loreto)",https://publico.recife.pe.leg.br/consultas/norma_juridica/norma_juridica_mostrar_proc?cod_norma=1229,Lei Ordinária,2023-04-25,Outro
Lei Ordinária 19043/2023,"Acrescenta Projeto em favor da Secretaria de Planejamento, Gestão e Transformação Digital no Anexo da Lei Municipal nº 19.007, de 13 de dezembro de 2022 (Revisão 2023 do PPA 2022- 2025), e no Anexo II da Lei Municipal nº 19.006, de 13 de dezembro de 2022 (LOA 2023), e autoriza a abertura de crédito especial, por anulação parcial de dotação, no orçamento do corrente exercício.",https://publico.recife.pe.leg.br/consultas/norma_juridica/norma_juridica_mostrar_proc?cod_norma=1227,Lei Ordinária,2023-04-20,Outro
Lei Ordinária 19042/2023,Estabelece novo modelo de gestão da Defesa Civil Municipal.,https://publico.recife.pe.leg.br/consultas/norma_juridica/norma_juridica_mostrar_proc?cod_norma=1115,Lei Ordinária,2023-04-18,Outro
Lei Ordinária 19041/2023,"ACRESCENTA OS ARTIGOS 118-A, 118-B, 118-C, 118-D À LEI MUNICIPAL 16.292 DE 29 DE JANEIRO DE 1997, QUE REGULA AS ATIVIDADES DE EDIFICAÇÕES E INSTALAÇÕES NO MUNICÍPIO DO RECIFE, PARA CRIAR REGRAS E CRITÉRIOS PARA A CONSTRUÇÃO E MANUTENÇÃO DE GUARITAS NAS EDIFICAÇÕES COMERCIAIS E RESIDENCIAIS NO MUNICÍPIO DO RECIFE.",https://publico.recife.pe.leg.br/consultas/norma_juridica/norma_juridica_mostrar_proc?cod_norma=1114,Lei Ordinária,2023-04-17,Outro
Lei Ordinária 19040/2023,"Altera a Lei Municipal nº 18.043, de 23 de julho de 2014, ampliando o rol de beneficiários do Programa Passe Livre.",https://publico.recife.pe.leg.br/consultas/norma_juridica/norma_juridica_mostrar_proc?cod_norma=433,Lei Ordinária,2023-04-14,Outro
Lei Ordinária 19039/2023,Considera Patrimônio Cultural Imaterial do Recife o bloco de rua “Galo da Madrugada”.,https://publico.recife.pe.leg.br/consultas/norma_juridica/norma_juridica_mostrar_proc?cod_norma=1113,Lei Ordinária,2023-04-12,PatrimonioCultural
Lei Ordinária 19038/2023,Dispõe sobre o reajuste da remuneração dos servidores do Poder Legislativo Municipal e dá outras providências.,https://publico.recife.pe.leg.br/consultas/norma_juridica/norma_juridica_mostrar_proc?cod_norma=414,Lei Ordinária,2023-04-05,Outro
Lei Ordinária 19037/2023,INCLUI O DIA DE TEREZA DE BENGUELA E DA MULHER NEGRA NO CALENDÁRIO OFICIAL DO MUNICÍPIO DE RECIFE.,https://publico.recife.pe.leg.br/consultas/norma_juridica/norma_juridica_mostrar_proc?cod_norma=400,Lei Ordinária,2023-03-31,CalendarioEventos
Lei Ordinária 19036/2023,Dispõe sobre a nova nomenclatura da Autarquia e Serviços Urbanos do Recife - CSURB que passará a chamar CONVIVA Mercados e Feiras - Autarquia Municipal.,https://publico.recife.pe.leg.br/consultas/norma_juridica/norma_juridica_mostrar_proc?cod_norma=394,Lei Ordinária,2023-03-31,Outro
Lei Ordinária 19035/2023,"Dispõe sobre o uso da musicoterapia como procedimento terapêutico no tratamento de pessoas, no âmbito do município do Recife.",https://publico.recife.pe.leg.br/consultas/norma_juridica/norma_juridica_mostrar_proc?cod_norma=387,Lei Ordinária,2023-03-15,Outro
Lei Ordinária 19034/2023,"Assegura à mulher o direito à presença de acompanhante, de sua escolha, durante as consultas e exames, inclusive ginecológicos, nos
estabelecimentos públicos e privados de saúde do município de Recife.",https://publico.recife.pe.leg.br/consultas/norma_juridica/norma_juridica_mostrar_proc?cod_norma=208,Lei Ordinária,2023-03-15,Outro
Lei Ordinária 19033/2023,"Denomina de “Rua Waldeci Marinheiro da Silva” o logradouro situado no Bairro do Ibura, no município do Recife, e altera o nome de um trecho do referido logradouro intitulado de Rua Mimoso do Sul.",https://publico.recife.pe.leg.br/consultas/norma_juridica/norma_juridica_mostrar_proc?cod_norma=202,Lei Ordinária,2023-03-15,RenomearLogradouro
Lei Ordinária 19032/2023,INCLUI NO CALENDÁRIO OFICIAL DE EVENTOS DO MUNICÍPIO DO RECIFE O “AGOSTO INDÍGENA”.,https://publico.recife.pe.leg.br/consultas/norma_juridica/norma_juridica_mostrar_proc?cod_norma=66,Lei Ordinária,2023-03-15,CalendarioEventos
Lei Ordinária 19031/2023,Dispõe sobre a remoção dos telefones públicos inativos e com defeitos no município do Recife e dá outras providências.,https://publico.recife.pe.leg.br/consultas/norma_juridica/norma_juridica_mostrar_proc?cod_norma=64,Lei Ordinária,2023-03-15,Outro
Lei Ordinária 19030/2023,Declara de Utilidade Pública a Agência Adventista de Desenvolvimento e Recursos Assistenciais (ADRA).,https://publico.recife.pe.leg.br/consultas/norma_juridica/norma_juridica_mostrar_proc?cod_norma=62,Lei Ordinária,2023-03-15,Outro
Lei Ordinária 19029/2023,Inclui no Calendário Oficial de Eventos do Município do Recife o “Dia do Imigrante Africano”.,https://publico.recife.pe.leg.br/consultas/norma_juridica/norma_juridica_mostrar_proc?cod_norma=60,Lei Ordinária,2023-03-15,CalendarioEventos
Lei Ordinária 19028/2023,Autoriza o Poder Executivo a desafetar e alienar os bens imóveis que indica.,https://publico.recife.pe.leg.br/consultas/norma_juridica/norma_juridica_mostrar_proc?cod_norma=32,Lei Ordinária,2023-02-16,Outro
Lei Ordinária 19027/2023,Dispõe sobre os Conselhos Tutelares da Cidade do Recife e estabelece outras providências.,https://publico.recife.pe.leg.br/consultas/norma_juridica/norma_juridica_mostrar_proc?cod_norma=31,Lei Ordinária,2023-01-04,Outro
Lei Ordinária 19026/2022,Institui o Código de Limpeza Urbana e Manejo de Resíduos Sólidos Urbanos do Município do Recife e dá outras providencias,https://publico.recife.pe.leg.br/consultas/norma_juridica/norma_juridica_mostrar_proc?cod_norma=26,Lei Ordinária,2022-12-30,CalendarioEventos
Lei Ordinária 19025/2022,"Altera os requisitos para investidura e a jornada de trabalho do cargo de Auxiliar de Desenvolvimento Infantil, e dá outras providências.",https://publico.recife.pe.leg.br/consultas/norma_juridica/norma_juridica_mostrar_proc?cod_norma=27,Lei Ordinária,2022-12-30,Outro
Lei Ordinária 19024/2022,"Altera dispositivos da Lei Municipal nº 16.856, de 16 de abril de 2003, que dispõe sobre o Serviço de Transporte Complementar de Passageiros do Município do Recife-STCP/Recife.",https://publico.recife.pe.leg.br/consultas/norma_juridica/norma_juridica_mostrar_proc?cod_norma=28,Lei Ordinária,2022-12-30,Outro
Lei Ordinária 19023/2022,"Autoriza a Prefeitura da Cidade do Recife a ceder, com encargo, imóvel público de sua propriedade, situado no Município do Recife.",https://publico.recife.pe.leg.br/consultas/norma_juridica/norma_juridica_mostrar_proc?cod_norma=29,Lei Ordinária,2022-12-29,Outro
Lei Ordinária 19022/2022,"Altera a disciplina da Gratificação de Verba Honorária – GVH, modificando a Lei Municipal nº 17.626, de 4 de junho de 2010, dispõe sobre a destinação dos honorários advocatícios devidos aos Procuradores Judiciais do Município do Recife, cria o Fundo Especial dos Honorários Advocatícios, o Conselho Gestor dos Honorários Advocatícios – CGHA, e dá outras providências.",https://publico.recife.pe.leg.br/consultas/norma_juridica/norma_juridica_mostrar_proc?cod_norma=30,Lei Ordinária,2022-12-29,Outro
Lei Ordinária 19021/2022,"Promove alterações no Estatuto dos Funcionários Públicos do Município do Recife - EFPMR, constante do Anexo Único da Lei Municipal nº 14.728, de 8 de março de 1985, e dá outras providências.",https://publico.recife.pe.leg.br/consultas/norma_juridica/norma_juridica_mostrar_proc?cod_norma=34,Lei Ordinária,2022-12-28,Outro
Lei Ordinária 19020/2022,"Altera a Lei Municipal nº 16.065/95 que estabelece normas para a urbanização de logradouro, por iniciativa da comunidade.",https://publico.recife.pe.leg.br/consultas/norma_juridica/norma_juridica_mostrar_proc?cod_norma=36,Lei Ordinária,2022-12-28,Outro
Lei Ordinária 19019/2022,"Inclui, no Calendário Oficial de Eventos do Município do Recife, o Concurso “Comida di Buteco”.",https://publico.recife.pe.leg.br/consultas/norma_juridica/norma_juridica_mostrar_proc?cod_norma=37,Lei Ordinária,2022-12-28,CalendarioEventos
Lei Ordinária 19018/2022,"Denomina “Engenheiro Antônio de Queiroz Galvão” a obra de arte caracterizada como Complexo de Viadutos localizados sobre a Rua Antônio Falcão, no Bairro Boa Viagem, Recife-PE.",https://publico.recife.pe.leg.br/consultas/norma_juridica/norma_juridica_mostrar_proc?cod_norma=38,Lei Ordinária,2022-12-28,RenomearLogradouro
Lei Ordinária 19017/2022,"Altera a Lei Municipal nº 18.565/2019, de 09 de abril de 2019.",https://publico.recife.pe.leg.br/consultas/norma_juridica/norma_juridica_mostrar_proc?cod_norma=39,Lei Ordinária,2022-12-28,Outro
Lei Ordinária 19016/2022,"Promove alterações na Lei Municipal nº 17.772, de 16 de janeiro de 2012.",https://publico.recife.pe.leg.br/consultas/norma_juridica/norma_juridica_mostrar_proc?cod_norma=40,Lei Ordinária,2022-12-28,Outro
Lei Ordinária 19015/2022,"Revoga a Lei Ordinária nº 17.800, de 25 de abril de 2012, que Dispõe sobre proibição de entrada em bancos com aparelho celular.",https://publico.recife.pe.leg.br/consultas/norma_juridica/norma_juridica_mostrar_proc?cod_norma=176,Lei Ordinária,2022-12-15,Outro
Lei Ordinária 19014/2022,"Cria a Bonificação por Desempenho para os agentes públicos que especifica, lotados na Estratégia de Saúde da Família e na Estratégia de Agente Comunitário de Saúde do município do Recife.",https://publico.recife.pe.leg.br/consultas/norma_juridica/norma_juridica_mostrar_proc?cod_norma=179,Lei Ordinária,2022-12-16,Outro
Lei Ordinária 19013/2022,"Cria o quadro próprio de cargos efetivos da Autarquia de Manutenção e Limpeza Urbana – EMLURB e da Autarquia de Urbanização do Recife – URB RECIFE e institui o seu respectivo Plano de Cargos, Carreiras e Vencimentos – PCCV, e dá outras providências.",https://publico.recife.pe.leg.br/consultas/norma_juridica/norma_juridica_mostrar_proc?cod_norma=181,Lei Ordinária,2022-12-16,CalendarioEventos
Lei Ordinária 19012/2022,"Altera e adiciona dispositivos à Lei n.º 17.957/2013, de 23 de dezembro de 2013, e dá outras providências.",https://publico.recife.pe.leg.br/consultas/norma_juridica/norma_juridica_mostrar_proc?cod_norma=182,Lei Ordinária,2022-12-16,Outro
Lei Ordinária 19011/2022,"Autoriza o Poder Executivo a contratar operação de crédito com o Banco Nacional de Desenvolvimento Econômico e Social - BNDES, e dá outras providências.",https://publico.recife.pe.leg.br/consultas/norma_juridica/norma_juridica_mostrar_proc?cod_norma=183,Lei Ordinária,2022-12-16,Outro
Lei Ordinária 19010/2022,"Dispõe sobre a vedação do emprego de técnicas de arquitetura hostil em espaços livres de uso público, no Município de Recife - Lei Padre Júlio Lancelotti.",https://publico.recife.pe.leg.br/consultas/norma_juridica/norma_juridica_mostrar_proc?cod_norma=3,Lei Ordinária,2022-12-16,Outro
Lei Ordinária 19009/2022,Dispõe sobre a criação e disciplina do Programa “Porto Lilás” no âmbito da Secretaria da Mulher do Recife.,https://publico.recife.pe.leg.br/consultas/norma_juridica/norma_juridica_mostrar_proc?cod_norma=185,Lei Ordinária,2022-12-13,Outro
Lei Ordinária 19008/2022,"Institui, no Calendário Oficial de Eventos do Município do Recife, o “Dia Municipal da Solidariedade"".",https://publico.recife.pe.leg.br/consultas/norma_juridica/norma_juridica_mostrar_proc?cod_norma=1,Lei Ordinária,2022-12-13,CalendarioEventos
Lei Ordinária 19007/2022,Dispõe sobre a revisão do Plano Plurianual 2022-2025 do Município do Recife para o exercício de 2023.,https://publico.recife.pe.leg.br/consultas/norma_juridica/norma_juridica_mostrar_proc?cod_norma=212,Lei Ordinária,2022-12-13,Outro
Lei Ordinária 19006/2022,"Dispõe sobre Projeto de Lei Orçamentária Anual, que estima a receita e fixa a despesa do Município do Recife para o exercício de 2023.",https://publico.recife.pe.leg.br/consultas/norma_juridica/norma_juridica_mostrar_proc?cod_norma=213,Lei Ordinária,2022-12-13,Outro
Lei Ordinária 19005/2022,Institui no Calendário Oficial de Eventos do Município do Recife a “Semana Municipal de Enfrentamento à Psicofobia”.,https://publico.recife.pe.leg.br/consultas/norma_juridica/norma_juridica_mostrar_proc?cod_norma=214,Lei Ordinária,2022-12-12,CalendarioEventos
Lei Ordinária 19004/2022,"Altera a Lei Municipal nº 18.984, de 13 de setembro de 2022.",https://publico.recife.pe.leg.br/consultas/norma_juridica/norma_juridica_mostrar_proc?cod_norma=344,Lei Ordinária,2022-12-08,Outro
Lei Ordinária 19003/2022,"Altera a Lei Municipal nº 18.538, de 21 de dezembro de 2018, que trata da composição dos Núcleos de Processo Administrativo e Sindicância, e a Lei Municipal nº 18.894, de 21 de fevereiro de 2022, no que trata do adicional de plantão dos servidores em exercício na Secretaria de Saúde.",https://publico.recife.pe.leg.br/consultas/norma_juridica/norma_juridica_mostrar_proc?cod_norma=346,Lei Ordinária,2022-12-02,Outro
Lei Ordinária 19002/2022,"Promove a reabertura do ""Programa de Desligamento Voluntário - PDV"" instituído pela Lei Municipal n. 18.811, de 7 de julho de 2021.",https://publico.recife.pe.leg.br/consultas/norma_juridica/norma_juridica_mostrar_proc?cod_norma=348,Lei Ordinária,2022-12-02,Outro
Lei Ordinária 19001/2022,"Reduz temporariamente a alíquota do imposto sobre serviços de qualquer Natureza incidente sobre os sobre serviços tributáveis definidos nos subitens 12.07,12.08,12.13,12.15,17.09,17.10, do artigo 102 da lei Municipal nº 15.563, de 27 de dezembro de 1991.",https://publico.recife.pe.leg.br/consultas/norma_juridica/norma_juridica_mostrar_proc?cod_norma=354,Lei Ordinária,2022-11-25,Outro
Lei Ordinária 19000/2022,"Reduz temporariamente a alíquota do Imposto sobre Transmissão ""inter vivos"" de Bens Imóveis e de Direitos a eles Relativos -ITBI, incidente sobre as transmissões a título oneroso prevista no inciso ii do artigo 52 da Lei Municipal nº 15.563, de 27 de dezembro de 1991.",https://publico.recife.pe.leg.br/consultas/norma_juridica/norma_juridica_mostrar_proc?cod_norma=364,Lei Ordinária,2022-11-25,Outro
Lei Ordinária 18999/2022,"Institui, no Calendário Oficial de Eventos do Município do Recife, o “Dia do Turismo Criativo”.",https://publico.recife.pe.leg.br/consultas/norma_juridica/norma_juridica_mostrar_proc?cod_norma=362,Lei Ordinária,2022-11-21,CalendarioEventos
Lei Ordinária 18998/2022,Dispõe sobre a eleição dos dirigentes das unidades da Rede Municipal de Ensino.,https://publico.recife.pe.leg.br/consultas/norma_juridica/norma_juridica_mostrar_proc?cod_norma=538,Lei Ordinária,2022-11-16,Outro
Lei Ordinária 18997/2022,"Dispõe sobre a alternância de denominação de
logradouros e prédios públicos do município do
Recife com nomes de homens e de mulheres.",https://publico.recife.pe.leg.br/consultas/norma_juridica/norma_juridica_mostrar_proc?cod_norma=541,Lei Ordinária,2022-11-04,RenomearLogradouro
Lei Ordinária 18996/2022,"Institui, no Calendário Oficial de Eventos do Município do Recife, o “Novembro Brega”, mês dedicado à valorização do Movimento Brega.",https://publico.recife.pe.leg.br/consultas/norma_juridica/norma_juridica_mostrar_proc?cod_norma=1070,Lei Ordinária,2022-11-04,CalendarioEventos
Lei Ordinária 18995/2022,Institui o Código de Administração Financeira do Município do Recife e dá outras providências.,https://publico.recife.pe.leg.br/consultas/norma_juridica/norma_juridica_mostrar_proc?cod_norma=1077,Lei Ordinária,2022-11-04,CalendarioEventos
Lei Ordinária 18994/2022,TORNA OBRIGATÓRIA A DIVULGAÇÃO DE ALERTA SOBRE INJÚRIA RACIAL EM EVENTOS ESPORTIVOS.,https://publico.recife.pe.leg.br/consultas/norma_juridica/norma_juridica_mostrar_proc?cod_norma=1082,Lei Ordinária,2022-11-04,Outro
Lei Ordinária 18993/2022,INSTITUI NO CALENDÁRIO OFICIAL DE EVENTOS DO MUNICÍPIO DO RECIFE O “DIA DO CATÓLICO”.,https://publico.recife.pe.leg.br/consultas/norma_juridica/norma_juridica_mostrar_proc?cod_norma=1092,Lei Ordinária,2022-10-19,CalendarioEventos
Lei Ordinária 18992/2022,Inclui as festividades relativas à comemoração do Ano Novo Chinês no Calendário Oficial da Cidade do Recife.,https://publico.recife.pe.leg.br/consultas/norma_juridica/norma_juridica_mostrar_proc?cod_norma=1097,Lei Ordinária,2022-10-19,CalendarioEventos
Lei Ordinária 18991/2022,"Institui, no Calendário Oficial do Município do Recife, a “Semana Municipal da Cultura Suburbana”.",https://publico.recife.pe.leg.br/consultas/norma_juridica/norma_juridica_mostrar_proc?cod_norma=1099,Lei Ordinária,2022-10-19,CalendarioEventos
Lei Ordinária 18990/2022,"INSTITUI NO CALENDÁRIO OFICIAL DE EVENTOS DO MUNICÍPIO DO RECIFE O “MAIO ROXO”, MÊS DE CONSCIENTIZAÇÃO EM RELAÇÃO ÀS
DOENÇAS INFLAMATÓRIAS INTESTINAIS (DII).",https://publico.recife.pe.leg.br/consultas/norma_juridica/norma_juridica_mostrar_proc?cod_norma=1110,Lei Ordinária,2022-10-19,CalendarioEventos
Lei Ordinária 18989/2022,"Institui, no Calendário Oficial de Eventos do Município do Recife, o “dia da Educação Pública”.",https://publico.recife.pe.leg.br/consultas/norma_juridica/norma_juridica_mostrar_proc?cod_norma=1111,Lei Ordinária,2022-10-07,CalendarioEventos
Lei Ordinária 18988/2022,"Institui no Calendário Oficial de Eventos do Município do Recife a “Semana Municipal do Empreendedorismo""",https://publico.recife.pe.leg.br/consultas/norma_juridica/norma_juridica_mostrar_proc?cod_norma=1112,Lei Ordinária,2022-10-07,CalendarioEventos
Lei Ordinária 18987/2022,Institui no Calendário Oficial de Eventos do Município do Recife a “Semana Municipal de Prevenção ao Câncer Infantil”.,https://publico.recife.pe.leg.br/consultas/norma_juridica/norma_juridica_mostrar_proc?cod_norma=1313,Lei Ordinária,2022-10-07,CalendarioEventos
Lei Ordinária 18986/2022,"Institui, no Calendário Oficial de Eventos do Município do Recife o “Dia Municipal de Combate à LGBTFOBIA”.",https://publico.recife.pe.leg.br/consultas/norma_juridica/norma_juridica_mostrar_proc?cod_norma=1317,Lei Ordinária,2022-10-07,CalendarioEventos
Lei Ordinária 18985/2022,"Introduz alterações na Lei Municipal nº 18.869, de 09 de dezembro de 2021, e seu ANEXO ÚNICO.",https://publico.recife.pe.leg.br/consultas/norma_juridica/norma_juridica_mostrar_proc?cod_norma=1320,Lei Ordinária,2022-09-30,Outro
Lei Ordinária 18984/2022,"Autoriza o Poder Executivo a contratar operação de crédito externo junto ao Banco Interamericano de Desenvolvimento - BID, com a garantia da União, ao amparo do artigo 17, inciso III da Lei Complementar nº 178, de 13 de janeiro de 2021, e dá outras providências.",https://publico.recife.pe.leg.br/consultas/norma_juridica/norma_juridica_mostrar_proc?cod_norma=1321,Lei Ordinária,2022-09-13,Outro
Lei Ordinária 18983/2022,CRIA O GABINETE DE GERENCIAMENTO DO PROGRAMA DE REQUALIFICAÇÃO E RESILIÊNCIA URBANA EM ÁREAS DE VULNERABILIDADE SOCIOAMBIENTAL - PROMORAR RECIFE.,https://publico.recife.pe.leg.br/consultas/norma_juridica/norma_juridica_mostrar_proc?cod_norma=1326,Lei Ordinária,2022-09-13,Outro
Lei Ordinária 18982/2022,Considera de Utilidade Pública a Sociedade Assistencial Saravida.,https://publico.recife.pe.leg.br/consultas/norma_juridica/norma_juridica_mostrar_proc?cod_norma=1329,Lei Ordinária,2022-09-13,Outro
Lei Ordinária 18981/2022,"INSTITUI O ESTATUTO DO PEDESTRE NO MUNICÍPIO DO RECIFE, E DÁ OUTRAS PROVIDÊNCIAS.",https://publico.recife.pe.leg.br/consultas/norma_juridica/norma_juridica_mostrar_proc?cod_norma=1331,Lei Ordinária,2022-09-05,CalendarioEventos
Lei Ordinária 18980/2022,"Institui o programa de parceria visando estimular a prática desportiva e a inclusão social junto às comunidades carentes, à  rede pública municipal de ensino e à política municipal de esporte e lazer.",https://publico.recife.pe.leg.br/consultas/norma_juridica/norma_juridica_mostrar_proc?cod_norma=1332,Lei Ordinária,2022-08-31,Outro
Lei Ordinária 18979/2022,DISPÕE SOBRE A OBRIGAÇÃO DA UTILIZAÇÃO DE LACRES INVIOLÁVEIS NAS EMBALAGENS DE ALIMENTOS ENTREGUES EM DOMICÍLIO NO MUNICÍPIO DO RECIFE.,https://publico.recife.pe.leg.br/consultas/norma_juridica/norma_juridica_mostrar_proc?cod_norma=1334,Lei Ordinária,2022-08-31,Outro
Lei Ordinária 18978/2022,DISPÕE SOBRE A OBRIGATORIEDADE DA VEICULAÇÃO DE MENSAGENS DE COMBATE À VIOLÊNCIA CONTRA A MULHER E AO ABUSO E EXPLORAÇÃO SEXUAL DE CRIANÇAS E ADOLESCENTES NOS SHOWS QUE FOREM REALIZADOS NO MUNICÍPIO DO RECIFE.,https://publico.recife.pe.leg.br/consultas/norma_juridica/norma_juridica_mostrar_proc?cod_norma=1336,Lei Ordinária,2022-08-31,Outro
Lei Ordinária 18977/2022,Inclui no Calendário Oficial de Eventos do Município do Recife o “Dia dos Povos Ciganos”.,https://publico.recife.pe.leg.br/consultas/norma_juridica/norma_juridica_mostrar_proc?cod_norma=1338,Lei Ordinária,2022-08-31,CalendarioEventos
Lei Ordinária 18976/2022,"Altera a Lei Municipal n° 18.212, de 15 de janeiro de 2016, que “Institui procedimentos para licenciamento, construção e instalação de postos de abastecimento de combustíveis automotivos no município do Recife.”.",https://publico.recife.pe.leg.br/consultas/norma_juridica/norma_juridica_mostrar_proc?cod_norma=1342,Lei Ordinária,2022-08-31,CalendarioEventos
Lei Ordinária 18975/2022,DISPÕE SOBRE O DIREITO DAS LACTANTES AMAMENTAREM SEUS FILHOS DURANTE AS ETAPAS DOS CONCURSOS E SELEÇÕES PÚBLICAS REALIZADOS PELA ADMINISTRAÇÃO PÚBLICA DIRETA E INDIRETA DO MUNICÍPIO DO RECIFE.,https://publico.recife.pe.leg.br/consultas/norma_juridica/norma_juridica_mostrar_proc?cod_norma=1343,Lei Ordinária,2022-08-31,Outro
Lei Ordinária 18974/2022,"Dispõe sobre incentivos às atividades de ciência, tecnologia e inovação no Recife.",https://publico.recife.pe.leg.br/consultas/norma_juridica/norma_juridica_mostrar_proc?cod_norma=1345,Lei Ordinária,2022-08-31,Outro
Lei Ordinária 18973/2022,"Revoga a Lei Ordinária nº 16.458, de 13 de janeiro de 1999, que Estabelece penalidades aos estabelecimentos que pratiquem atos de vendas ou locação de fita de programação em vídeo em desacordo com a classificação atribuída pelo órgão competente.",https://publico.recife.pe.leg.br/consultas/norma_juridica/norma_juridica_mostrar_proc?cod_norma=1347,Lei Ordinária,2022-07-28,Outro
Lei Ordinária 18972/2022,"Revoga a Lei Ordinária nº 17.219, de 31 de maio de 2006, que Torna obrigatória a presença de ascensoristas no interior de elevadores em prédios comerciais e mistos do município do Recife e dá outras providências",https://publico.recife.pe.leg.br/consultas/norma_juridica/norma_juridica_mostrar_proc?cod_norma=1348,Lei Ordinária,2022-07-28,Outro
Lei Ordinária 18971/2022,"Autoriza o repasse, ao Poder Executivo municipal, de parte dos recursos que compõem o Fundo Especial instituído pela Lei n.º 17.853, de 28 de dezembro de 2012.",https://publico.recife.pe.leg.br/consultas/norma_juridica/norma_juridica_mostrar_proc?cod_norma=1350,Lei Ordinária,2022-07-27,Outro
Lei Ordinária 18970/2022,"Altera a Lei nº 17.997, de 25 de março de 2014, a Lei nº 17.102, de 1º de julho de 2005, a Lei nº 17.277, de 20 de dezembro de 2006, a Lei nº 17.202, de 05 de maio de 2006, e a Lei nº 17.178, de 1º de janeiro de 2006, e revoga a Lei nº 17.092, de 20 de maio de 2005, a Lei nº 17.159, de 21 de dezembro de 2005, e a Lei nº 17.522, de 31 de dezembro de 2008, e dá outras providências.",https://publico.recife.pe.leg.br/consultas/norma_juridica/norma_juridica_mostrar_proc?cod_norma=1352,Lei Ordinária,2022-07-27,Outro
Lei Ordinária 18969/2022,Estabelece novo modelo de gestão dos distritos sanitários e das unidades de saúde da rede municipal de saúde e dá outras providências.,https://publico.recife.pe.leg.br/consultas/norma_juridica/norma_juridica_mostrar_proc?cod_norma=1362,Lei Ordinária,2022-07-26,Outro
Lei Ordinária 18968/2022,Dispõe sobre a Política Municipal de Atenção Integral à População em situação de rua.,https://publico.recife.pe.leg.br/consultas/norma_juridica/norma_juridica_mostrar_proc?cod_norma=1363,Lei Ordinária,2022-07-26,Outro
Lei Ordinária 18967/2022,Institui o Programa Bom de Morar para Locação Social no âmbito do Município do Recife e dá outras providências.,https://publico.recife.pe.leg.br/consultas/norma_juridica/norma_juridica_mostrar_proc?cod_norma=1367,Lei Ordinária,2022-07-26,CalendarioEventos
Lei Ordinária 18966/2022,"Regulamenta os Instrumentos Urbanísticos do Parcelamento, Edificação e Utilização Compulsórios - PEUC e Sucedâneos, previstos na Lei Orgânica do Município do Recife e na Lei Complementar nº 02, de 23 de abril de 2021, que institui a possibilidade de utilização da Desapropriação por Hasta Pública.",https://publico.recife.pe.leg.br/consultas/norma_juridica/norma_juridica_mostrar_proc?cod_norma=1418,Lei Ordinária,2022-07-26,CalendarioEventos
Lei Ordinária 18965/2022,Institui o Programa Primeiras Letras.,https://publico.recife.pe.leg.br/consultas/norma_juridica/norma_juridica_mostrar_proc?cod_norma=1432,Lei Ordinária,2022-07-26,Outro
Lei Ordinária 18964/2022,"Implementa novo modelo de gestão organizacional no âmbito da Rede Municipal de Educação, promove alterações remuneratórias, cria gratificações, extingue e cria cargos comissionados e funções gratificadas, altera dispositivos das Leis Municipais nº 18.584, de 7 de junho de 2019, 17.448, de 7 de abril de 2008, 18.894, de 21 de fevereiro de 2022, 16.520, de 20 de outubro de 1999, 15.831, de 13 de dezembro de 1993, e revoga a Lei Municipal nº 18.583, de 7 de junho de 2019.",https://publico.recife.pe.leg.br/consultas/norma_juridica/norma_juridica_mostrar_proc?cod_norma=1433,Lei Ordinária,2022-07-26,Outro
Lei Ordinária 18963/2022,Dispõe sobre a proibição de homenagens a violadores de direitos humanos no Município do Recife.,https://publico.recife.pe.leg.br/consultas/norma_juridica/norma_juridica_mostrar_proc?cod_norma=1434,Lei Ordinária,2022-07-22,Outro
Lei Ordinária 18962/2022,"Dispõe sobre a obrigatoriedade de bares, restaurantes, casas noturnas, casas de shows, estabelecimentos comerciais, shopping centers, cinemas e eventos culturais afixarem cartazes com informações sobre os serviços de atendimento à mulher em situação de violência de gênero.",https://publico.recife.pe.leg.br/consultas/norma_juridica/norma_juridica_mostrar_proc?cod_norma=1435,Lei Ordinária,2022-07-22,Outro
Lei Ordinária 18961/2022,"Institui, no Calendário Oficial de Eventos do Município do Recife, o “Dia Municipal da Síndrome de Down”",https://publico.recife.pe.leg.br/consultas/norma_juridica/norma_juridica_mostrar_proc?cod_norma=1556,Lei Ordinária,2022-07-15,CalendarioEventos
Lei Ordinária 18960/2022,"DENOMINA “RUA CAMARÕES” A VIA PÚBLICA LOCALIZADA NO BAIRRO TORRE, NO MUNICÍPIO DO RECIFE.",https://publico.recife.pe.leg.br/consultas/norma_juridica/norma_juridica_mostrar_proc?cod_norma=1557,Lei Ordinária,2022-07-15,RenomearLogradouro
Lei Ordinária 18959/2022,"Institui o Conselho Municipal de Políticas Públicas para a População de Lésbicas, Gays, Bissexuais, Travestis, Transexuais e Intersex (LGBTI+) e dá outras providências.",https://publico.recife.pe.leg.br/consultas/norma_juridica/norma_juridica_mostrar_proc?cod_norma=1558,Lei Ordinária,2022-07-08,Outro
Lei Ordinária 18958/2022,Dispõe sobre os benefícios eventuais no âmbito da política municipal social do Município do Recife.,https://publico.recife.pe.leg.br/consultas/norma_juridica/norma_juridica_mostrar_proc?cod_norma=1559,Lei Ordinária,2022-07-08,Outro
Lei Ordinária 18957/2022,"Institui o Bônus de Desempenho Educacional - BDE, no âmbito da Rede Municipal de Ensino do Recife.",https://publico.recife.pe.leg.br/consultas/norma_juridica/norma_juridica_mostrar_proc?cod_norma=1560,Lei Ordinária,2022-07-06,CalendarioEventos
Lei Ordinária 18956/2022,"Denomina de ""Upinha Padre José Edwaldo Gomes"" a Upinha localizada no bairro do Poço da Panela, no município do Recife.",https://publico.recife.pe.leg.br/consultas/norma_juridica/norma_juridica_mostrar_proc?cod_norma=1561,Lei Ordinária,2022-07-06,RenomearLogradouro
Lei Ordinária 18955/2022,Lei de Diretrizes Orçamentárias 2023 do Município do Recife.,https://publico.recife.pe.leg.br/consultas/norma_juridica/norma_juridica_mostrar_proc?cod_norma=1573,Lei Ordinária,2022-07-04,Outro
Lei Ordinária 18954/2022,"Dispõe sobre autorização para contratação de operação de crédito junto ao Banco de Brasília, Financiamento a infraestrutura e ao Saneamento no valor de R$ 300.000.000,00.",https://publico.recife.pe.leg.br/consultas/norma_juridica/norma_juridica_mostrar_proc?cod_norma=1574,Lei Ordinária,2022-06-29,Outro
Lei Ordinária 18953/2022,"Autoriza o Poder Executivo a contratar operação de crédito externo junto ao Banco Interamericano de Desenvolvimento - BID, com a garantia da União, ao amparo do artigo 17, inciso III da Lei Complementar nº 178, de 13 de janeiro de 2021, e dá outras providências.",https://publico.recife.pe.leg.br/consultas/norma_juridica/norma_juridica_mostrar_proc?cod_norma=1575,Lei Ordinária,2022-06-29,Outro
Lei Ordinária 18952/2022,"Reajusta a ajuda de custo percebida pelos representantes do segmento popular na Coordenação do Fórum do PREZEIS, das Comissões de Urbanização e Legalização das ZEIS e dos Grupos de Apoio de Mobilização e Fiscalização do Plano de Regularização das Zonas Especiais de Interesse Social.",https://publico.recife.pe.leg.br/consultas/norma_juridica/norma_juridica_mostrar_proc?cod_norma=1576,Lei Ordinária,2022-06-29,Outro
Lei Ordinária 18951/2022,"Dispõe sobre a periodicidade da Conferência Municipal da Mulher, conferindo nova redação ao art. 26 da Lei Municipal nº 18.566, de 9 de abril de 2019.",https://publico.recife.pe.leg.br/consultas/norma_juridica/norma_juridica_mostrar_proc?cod_norma=1578,Lei Ordinária,2022-06-29,Outro
Lei Ordinária 18950/2022,Inclui o “Dia dos Jovens Cristãos” no Calendário Oficial de Eventos do Município do Recife.,https://publico.recife.pe.leg.br/consultas/norma_juridica/norma_juridica_mostrar_proc?cod_norma=1580,Lei Ordinária,2022-06-27,CalendarioEventos
Lei Ordinária 18949/2022,"Institui no calendário oficial de eventos do Município do Recife o Dia Municipal de Enfrentamento ao Lesbocídio - “Lei Luana Barbosa"", a ser celebrado no dia 13 de abril.",https://publico.recife.pe.leg.br/consultas/norma_juridica/norma_juridica_mostrar_proc?cod_norma=1582,Lei Ordinária,2022-06-27,CalendarioEventos
Lei Ordinária 18948/2022,"Institui, no Calendário Oficial de Eventos do Município do Recife, a “Semana dos Esportes Radicais de Ação e Aventura”.",https://publico.recife.pe.leg.br/consultas/norma_juridica/norma_juridica_mostrar_proc?cod_norma=1584,Lei Ordinária,2022-06-27,CalendarioEventos
Lei Ordinária 18947/2022,"Institui no Calendário Oficial de Eventos do Município do Recife o “Dia Municipal do Choro Luperce Miranda"".",https://publico.recife.pe.leg.br/consultas/norma_juridica/norma_juridica_mostrar_proc?cod_norma=1587,Lei Ordinária,2022-06-27,CalendarioEventos
Lei Ordinária 18946/2022,"INSTITUI, NO CALENDÁRIO OFICIAL DE EVENTOS DO MUNICÍPIO DO RECIFE, O ""DIA MUNICIPAL DOS ORIENTADORES DE TRÂNSITO"".",https://publico.recife.pe.leg.br/consultas/norma_juridica/norma_juridica_mostrar_proc?cod_norma=1589,Lei Ordinária,2022-06-27,CalendarioEventos
Lei Ordinária 18945/2022,"Institui a “Semana Municipal de Prevenção, Orientação e Combate ao Retinoblastoma” no Calendário Oficial de Eventos do Município do
Recife.",https://publico.recife.pe.leg.br/consultas/norma_juridica/norma_juridica_mostrar_proc?cod_norma=1592,Lei Ordinária,2022-06-27,CalendarioEventos
Lei Ordinária 18944/2022,Institui no Município do Recife a “Semana da Favela”.,https://publico.recife.pe.leg.br/consultas/norma_juridica/norma_juridica_mostrar_proc?cod_norma=1593,Lei Ordinária,2022-06-27,CalendarioEventos
Lei Ordinária 18943/2022,Considera a Feira de Arte e Artesanato de Boa Viagem Patrimônio Turístico e Cultural do Município do Recife.,https://publico.recife.pe.leg.br/consultas/norma_juridica/norma_juridica_mostrar_proc?cod_norma=1594,Lei Ordinária,2022-06-27,PatrimonioCultural
Lei Ordinária 18942/2022,"DENOMINA “CAMPO DO BUEIRÃO MAURICIO ANTÔNIO DE ASSIS” O CAMPO DE VÁRZEA SITUADO NO BAIRRO TORRE, MUNICÍPIO DO RECIFE.",https://publico.recife.pe.leg.br/consultas/norma_juridica/norma_juridica_mostrar_proc?cod_norma=1598,Lei Ordinária,2022-06-20,RenomearLogradouro
Lei Ordinária 18941/2022,INSTITUI NO CALENDÁRIO OFICIAL DE EVENTOS DO MUNICÍPIO DO RECIFE O “DIA MUNICIPAL DA CIRANDA”.,https://publico.recife.pe.leg.br/consultas/norma_juridica/norma_juridica_mostrar_proc?cod_norma=1601,Lei Ordinária,2022-06-20,CalendarioEventos
Lei Ordinária 18940/2022,"Denomina “Kauê José de Lima Santana Vital” a Academia Recife a ser inaugurada na Avenida Hildebrando de Vasconcelos, no Bairro Dois Unidos, município do Recife.",https://publico.recife.pe.leg.br/consultas/norma_juridica/norma_juridica_mostrar_proc?cod_norma=1603,Lei Ordinária,2022-06-20,RenomearLogradouro
Lei Ordinária 18939/2022,"Institui, no Calendário Oficial de Eventos do Município do Recife, o “Dia do Capoeirista”.",https://publico.recife.pe.leg.br/consultas/norma_juridica/norma_juridica_mostrar_proc?cod_norma=1604,Lei Ordinária,2022-06-20,CalendarioEventos
Lei Ordinária 18938/2022,"Dispõe sobre o plantio, podas, supressões e respectivas compensações no âmbito do município do Recife, visando a proteção de espécies arbóreas, isenta a taxa ambiental das podas de árvores e dá outras providências.",https://publico.recife.pe.leg.br/consultas/norma_juridica/norma_juridica_mostrar_proc?cod_norma=1612,Lei Ordinária,2022-06-17,Outro
Lei Ordinária 18937/2022,"Institui, no Calendário Oficial de Eventos do Município do Recife, a “Semana Municipal do Assistente Social”.",https://publico.recife.pe.leg.br/consultas/norma_juridica/norma_juridica_mostrar_proc?cod_norma=1614,Lei Ordinária,2022-06-08,CalendarioEventos
Lei Ordinária 18936/2022,Disciplina o Benefício de Auxílio-Moradia no âmbito do Município do Recife.,https://publico.recife.pe.leg.br/consultas/norma_juridica/norma_juridica_mostrar_proc?cod_norma=1616,Lei Ordinária,2022-06-08,CalendarioEventos
Lei Ordinária 18935/2022,"Cria e disciplina a concessão do Auxílio Municipal Emergencial – AME, destinado às famílias que tiveram seus imóveis atingidos, com danos materiais relevantes, inclusive com a perda de mobiliários, utensílios domésticos e de uso pessoal, decorrentes dos efeitos do fenômeno climático “Ondas de Leste”, que resultou na situação de emergência declarada pelo Decreto Municipal nº 35.669, de 28/05/22.",https://publico.recife.pe.leg.br/consultas/norma_juridica/norma_juridica_mostrar_proc?cod_norma=1618,Lei Ordinária,2022-06-08,Outro
Lei Ordinária 18934/2022,Insere no Calendário Oficial de Eventos do Município de Recife o Dia Municipal em Memória às Vítimas do Holocausto.,https://publico.recife.pe.leg.br/consultas/norma_juridica/norma_juridica_mostrar_proc?cod_norma=1620,Lei Ordinária,2022-06-07,CalendarioEventos
Lei Ordinária 18933/2022,"Denomina “Avenida Arlindo dos 8 (oito) Baixos” a Avenida paralela à Avenida Hildebrando de Vasconcelos, próxima ao Rio Beberibe, Bairro Dois Unidos, no município do Recife.",https://publico.recife.pe.leg.br/consultas/norma_juridica/norma_juridica_mostrar_proc?cod_norma=1621,Lei Ordinária,2022-06-07,RenomearLogradouro
Lei Ordinária 18932/2022,"Dispõe sobre a inclusão no calendário de eventos da cidade do Recife, o Dia Municipal do Conservadorismo.",https://publico.recife.pe.leg.br/consultas/norma_juridica/norma_juridica_mostrar_proc?cod_norma=1673,Lei Ordinária,2022-05-30,CalendarioEventos
Lei Ordinária 18931/2022,"Institui, no Calendário Oficial de Eventos do Município do Recife, o “Dia em Memória às Vítimas de Feminicídio Recifenses''.",https://publico.recife.pe.leg.br/consultas/norma_juridica/norma_juridica_mostrar_proc?cod_norma=1674,Lei Ordinária,2022-05-23,CalendarioEventos
Lei Ordinária 18930/2022,Institui no Calendário Oficial de Eventos do Município do Recife a “Semana de Conscientização sobre a Síndrome de Rett”.,https://publico.recife.pe.leg.br/consultas/norma_juridica/norma_juridica_mostrar_proc?cod_norma=1675,Lei Ordinária,2022-05-20,CalendarioEventos
Lei Ordinária 18929/2022,"Institui no âmbito do Município do Recife o “Dia Municipal do Programa Mãos que Ajudam"".",https://publico.recife.pe.leg.br/consultas/norma_juridica/norma_juridica_mostrar_proc?cod_norma=1676,Lei Ordinária,2022-05-20,CalendarioEventos
Lei Ordinária 18928/2022,Institui no Calendário Oficial de Eventos do Município do Recife o “Dia Municipal da Família Acolhedora”.,https://publico.recife.pe.leg.br/consultas/norma_juridica/norma_juridica_mostrar_proc?cod_norma=1677,Lei Ordinária,2022-05-20,CalendarioEventos
Lei Ordinária 18927/2022,"Denomina “Ponte Carlos Eduardo Cadoca” a próxima ponte a ser inaugurada sobre o Rio Morno, no município do Recife.",https://publico.recife.pe.leg.br/consultas/norma_juridica/norma_juridica_mostrar_proc?cod_norma=1678,Lei Ordinária,2022-05-13,RenomearLogradouro
Lei Ordinária 18926/2022,"Inclui no Calendário Oficial de Eventos do Município do Recife, o ""Dia Júlia Santiago de Enfrentamento à Violência Política conta as Mulheres"".",https://publico.recife.pe.leg.br/consultas/norma_juridica/norma_juridica_mostrar_proc?cod_norma=1680,Lei Ordinária,2022-05-13,CalendarioEventos
Lei Ordinária 18925/2022,"Altera a Lei nº 17.973, de 10 de janeiro de 2014.",https://publico.recife.pe.leg.br/consultas/norma_juridica/norma_juridica_mostrar_proc?cod_norma=1681,Lei Ordinária,2022-05-13,Outro
Lei Ordinária 18924/2022,"Revoga a Lei Ordinária nº 17.217, de 31 de maio de 2006, que dispõe sobre a obrigatoriedade para que todos os cartões telefônicos disponíveis para venda na cidade do Recife apresentem o seu valor de comercialização impresso em sua face.",https://publico.recife.pe.leg.br/consultas/norma_juridica/norma_juridica_mostrar_proc?cod_norma=1682,Lei Ordinária,2022-05-13,Outro
Lei Ordinária 18923/2022,"Institui no Calendário Oficial de Eventos do Município do Recife, a “Semana pela Vida”.",https://publico.recife.pe.leg.br/consultas/norma_juridica/norma_juridica_mostrar_proc?cod_norma=1694,Lei Ordinária,2022-05-11,CalendarioEventos
Lei Ordinária 18922/2022,"Denomina ""Praça Maria da Conceição de Barros "" a praça localizada no Bairro de Água Fria, município do Recife.",https://publico.recife.pe.leg.br/consultas/norma_juridica/norma_juridica_mostrar_proc?cod_norma=1697,Lei Ordinária,2022-05-11,RenomearLogradouro
Lei Ordinária 18921/2022,"Revoga a Lei Ordinária nº 14.207, de 27 de outubro de 1980, que Disciplina o horário de funcionamento das indústrias de panificação e dá outras providências.",https://publico.recife.pe.leg.br/consultas/norma_juridica/norma_juridica_mostrar_proc?cod_norma=1699,Lei Ordinária,2022-05-11,Outro
Lei Ordinária 18920/2022,"Declara a Rádio Frei Caneca, Patrimônio Cultural Imaterial do Município do Recife.",https://publico.recife.pe.leg.br/consultas/norma_juridica/norma_juridica_mostrar_proc?cod_norma=1701,Lei Ordinária,2022-05-11,PatrimonioCultural
Lei Ordinária 18919/2022,"Denominar-se-á Parque da Esperança, o espaço de antes destinado como centro de treinamento do Santa Cruz Futebol Clube, a ser inaugurado na Cidade do Recife, localizado na Rua Canavial, n° 98, Dois Unidos, Recife - PE, CEP: 52140-030.",https://publico.recife.pe.leg.br/consultas/norma_juridica/norma_juridica_mostrar_proc?cod_norma=1705,Lei Ordinária,2022-05-02,RenomearLogradouro
Lei Ordinária 18918/2022,"INSTITUI, NO CALENDÁRIO OFICIAL DE EVENTOS DO MUNICÍPIO DO RECIFE, O “DIA MUNICIPAL DE COMBATE À FOME”.",https://publico.recife.pe.leg.br/consultas/norma_juridica/norma_juridica_mostrar_proc?cod_norma=1712,Lei Ordinária,2022-05-02,CalendarioEventos
Lei Ordinária 18917/2022,INSTITUI A OBRIGATORIEDADE DE INCLUSÃO DE MENSAGENS E CONTEÚDOS DE ENFRENTAMENTO AO ASSÉDIO E IMPORTUNAÇÃO SEXUAL PELOS PATROCINADORES DA INICIATIVA PRIVADA NAS PEÇAS PUBLICITÁRIAS DOS CICLOS FESTIVOS DO RECIFE E DEMAIS EVENTOS FESTIVOS DE GRANDE PORTE.,https://publico.recife.pe.leg.br/consultas/norma_juridica/norma_juridica_mostrar_proc?cod_norma=1713,Lei Ordinária,2022-04-22,CalendarioEventos
Lei Ordinária 18916/2022,"OBRIGA TODOS OS PET SHOPS, NO MUNICÍPIO DO RECIFE, A AFIXAR EM LOCAL VISÍVEL O COMPROVANTE DE CAPACITAÇÃO PROFISSIONAL DE SEUS TOSADORES E BANHISTAS.",https://publico.recife.pe.leg.br/consultas/norma_juridica/norma_juridica_mostrar_proc?cod_norma=1714,Lei Ordinária,2022-04-22,Outro
Lei Ordinária 18915/2022,INSTITUI NO CALENDÁRIO OFICIAL MUNICÍPIO DO RECIFE O “DIA MUNICIPAL DO FUTEBOL DE VÁRZEA.,https://publico.recife.pe.leg.br/consultas/norma_juridica/norma_juridica_mostrar_proc?cod_norma=1715,Lei Ordinária,2022-04-22,CalendarioEventos
Lei Ordinária 18914/2022,INSTITUI NO MUNICÍPIO DO RECIFE A “SEMANA MUNICIPAL DE CONSCIENTIZAÇÃO SOBRE MUDANÇAS CLIMÁTICAS”.,https://publico.recife.pe.leg.br/consultas/norma_juridica/norma_juridica_mostrar_proc?cod_norma=1716,Lei Ordinária,2022-04-22,CalendarioEventos
Lei Ordinária 18913/2022,INSTITUI NO CALENDÁRIO OFICIAL DE EVENTOS DO MUNICÍPIO DO RECIFE O “DIA MUNICIPAL DO PATINADOR”.,https://publico.recife.pe.leg.br/consultas/norma_juridica/norma_juridica_mostrar_proc?cod_norma=1717,Lei Ordinária,2022-04-22,CalendarioEventos
Lei Ordinária 18912/2022,"Confere nova redação ao art. 10 da Lei Municipal nº 18.122, de 6 de março de 2015.",https://publico.recife.pe.leg.br/consultas/norma_juridica/norma_juridica_mostrar_proc?cod_norma=1718,Lei Ordinária,2022-04-18,Outro
Lei Ordinária 18911/2022,DISPÕE SOBRE A PROIBIÇÃO DO CONFINAMENTO DE ANIMAIS NO MUNICÍPIO DO RECIFE.,https://publico.recife.pe.leg.br/consultas/norma_juridica/norma_juridica_mostrar_proc?cod_norma=1719,Lei Ordinária,2022-04-18,Outro
Lei Ordinária 18910/2022,DECLARA PATRIMÔNIO CULTURAL IMATERIAL DO MUNICÍPIO DO RECIFE O RITMO MUSICAL FORRÓ.,https://publico.recife.pe.leg.br/consultas/norma_juridica/norma_juridica_mostrar_proc?cod_norma=1720,Lei Ordinária,2022-04-18,PatrimonioCultural
Lei Ordinária 18909/2022,"Promove alterações na Lei Municipal nº 18.894, de 21 de fevereiro e 2022, cria cargos efetivos e dispõe sobre a remuneração dos servidores públicos que indica.",https://publico.recife.pe.leg.br/consultas/norma_juridica/norma_juridica_mostrar_proc?cod_norma=1721,Lei Ordinária,2022-04-08,Outro
Lei Ordinária 18908/2022,"Institui e disciplina o Auxílio Municipal denominado ""Cria Esperança"", destinado a beneficiar órfãos e órfãs vítimas do feminicídio.",https://publico.recife.pe.leg.br/consultas/norma_juridica/norma_juridica_mostrar_proc?cod_norma=1722,Lei Ordinária,2022-04-06,Outro
Lei Ordinária 18907/2022,INSTITUI A OBRIGATORIEDADE DOS CLUBES DE FUTEBOL SEDIADOS NO MUNICÍPIO DO RECIFE PROMOVEREM FORMAÇÃO EM DIREITOS HUMANOS AOS ATLETAS DE SUAS CATEGORIAS DE BASE.,https://publico.recife.pe.leg.br/consultas/norma_juridica/norma_juridica_mostrar_proc?cod_norma=1723,Lei Ordinária,2022-04-01,CalendarioEventos
Lei Ordinária 18906/2022,"INSTITUI, NO CALENDÁRIO OFICIAL DE EVENTOS DO MUNICÍPIO DO RECIFE, A “SEMANA DA POESIA POPULAR”.",https://publico.recife.pe.leg.br/consultas/norma_juridica/norma_juridica_mostrar_proc?cod_norma=1724,Lei Ordinária,2022-04-01,CalendarioEventos
Lei Ordinária 18905/2022,DISPÕE SOBRE A OBRIGATORIEDADE DA PRESTAÇÃO DE SOCORRO AOS ANIMAIS ATROPELADOS NAS VIAS PÚBLICAS DO MUNICÍPIO DO RECIFE E DÁ OUTRAS PROVIDÊNCIAS.,https://publico.recife.pe.leg.br/consultas/norma_juridica/norma_juridica_mostrar_proc?cod_norma=1725,Lei Ordinária,2022-04-01,Outro
Lei Ordinária 18904/2022,"INCLUI NO CALENDÁRIO OFICIAL DE EVENTOS DO MUNICÍPIO DO RECIFE O “DIA DO SOCIOLÓGO”, A SER COMEMORADO, ANUALMENTE, EM 10 DE DEZEMBRO.",https://publico.recife.pe.leg.br/consultas/norma_juridica/norma_juridica_mostrar_proc?cod_norma=1726,Lei Ordinária,2022-04-01,CalendarioEventos
Lei Ordinária 18903/2022,Dispõe sobre o reajuste da remuneração dos servidores do Poder Legislativo Municipal e dá outras providências.,https://publico.recife.pe.leg.br/consultas/norma_juridica/norma_juridica_mostrar_proc?cod_norma=1727,Lei Ordinária,2022-04-01,Outro
Lei Ordinária 18902/2022,"Dispõe sobre o auxílio Municipal Emergencial - AME Carnaval do Recife 2022, destinado à Concessão de benefício financeiro aos comerciantes informais e catadores de materiais recicláveis que atuaram nos polos centralizado e descentralizados do carnaval do Recife em 2020 e preencham os demais requisitos previstos nesta Lei, diante da impossibilidade de realização de eventos carnavalescos em 2022.",https://publico.recife.pe.leg.br/consultas/norma_juridica/norma_juridica_mostrar_proc?cod_norma=1728,Lei Ordinária,2022-03-29,CalendarioEventos
Lei Ordinária 18901/2022,"Estabelece as normas e procedimentos que regulamentam a aplicação do instrumento Urbanístico da Transferência do Direito de Construir - TDC, previsto na Lei Orgânica do Município do Recife e na Lei Complementar n° 02, de 23 de abril de 2021, que institui o Plano Diretor do Município do Recife.",https://publico.recife.pe.leg.br/consultas/norma_juridica/norma_juridica_mostrar_proc?cod_norma=1729,Lei Ordinária,2022-03-23,CalendarioEventos
Lei Ordinária 18900/2022,"Regulamenta o Instrumento Urbanistico da Outorga Onerosa do Direito de Construir - OODC, previsto no Art. 98, VI e 15 a 123 da Lei Complementar n° 02 de 23 de abril de 2021, que institui o Plano Diretor do Município do Recife.",https://publico.recife.pe.leg.br/consultas/norma_juridica/norma_juridica_mostrar_proc?cod_norma=1730,Lei Ordinária,2022-03-23,CalendarioEventos
Lei Ordinária 18899/2022,"Denomina ""Praça do Sebo Liêdo Maranhão"" a praça situada na Rua da Roda, Bairro Santo Antônio, no município do Recife.",https://publico.recife.pe.leg.br/consultas/norma_juridica/norma_juridica_mostrar_proc?cod_norma=1731,Lei Ordinária,2022-03-21,RenomearLogradouro
Lei Ordinária 18898/2022,"Altera o art. 7º da Lei Municipal nº 16.729, de 27 de dezembro de 2001, e o artigo 51 da Lei Municipal nº 17.108, de 27 de julho de 2005, disciplinando o funcionamento dos órgãos colegiados da entidade gestora do Regime Próprio de Previdência Social do Município do Recife.",https://publico.recife.pe.leg.br/consultas/norma_juridica/norma_juridica_mostrar_proc?cod_norma=1732,Lei Ordinária,2022-03-11,Outro
Lei Ordinária 18897/2022,"ALTERA A LEI Nº 17.610, DE 30 DE MARÇO DE 2010, QUE CRIA A UNIDADE DE CONSERVAÇÃO DA PAISAGEM PARQUE DA JAQUEIRA, NO MUNICÍPIO DO RECIFE, PARA DENOMINÁ-LA “UNIDADE DE CONSERVAÇÃO DA PAISAGEM (UCP) PARQUE DA JAQUEIRA GOVERNADOR JOAQUIM FRANCISCO”.",https://publico.recife.pe.leg.br/consultas/norma_juridica/norma_juridica_mostrar_proc?cod_norma=1733,Lei Ordinária,2022-03-09,RenomearLogradouro
Lei Ordinária 18896/2022,Institui a obrigatoriedade dos estabelecimentos de ensino da Rede Particular situados no município do Recife disponibilizarem cardápio especial adequado às necessidades dietéticas de alunos portadores de alergia alimentar e dá outras providências.,https://publico.recife.pe.leg.br/consultas/norma_juridica/norma_juridica_mostrar_proc?cod_norma=1734,Lei Ordinária,2022-03-09,CalendarioEventos
Lei Ordinária 18895/2022,"Institui o Plano AMA Carnaval, destinado à concessão de premiação para agremiações, atrações artísticas diversas e outros participantes da cadeia produtiva cultural que atuaram no Carnaval do Recife nos anos de 2019 e/ou 2020 e que preencheram os demais requisitos previstos nesta Lei, em virtude da impossibilidade de realização de eventos carnavalescos em 2022, por força da permanência da pandemia",https://publico.recife.pe.leg.br/consultas/norma_juridica/norma_juridica_mostrar_proc?cod_norma=1735,Lei Ordinária,2022-02-21,CalendarioEventos
Lei Ordinária 18894/2022,Dispõe sobre a remuneração dos servidores e empregados públicos que indica e dá outras providências.,https://publico.recife.pe.leg.br/consultas/norma_juridica/norma_juridica_mostrar_proc?cod_norma=1736,Lei Ordinária,2022-02-21,Outro
Lei Ordinária 18893/2022,"DECLARA DE UTILIDADE PÚBLICA, NO ÂMBITO DO MUNICÍPIO DO RECIFE, A ACADEMIA PERNAMBUCANA DE QUÍMICA (APQ).",https://publico.recife.pe.leg.br/consultas/norma_juridica/norma_juridica_mostrar_proc?cod_norma=1737,Lei Ordinária,2022-01-12,Outro
Lei Ordinária 18892/2022,"INSTITUI NO CALENDÁRIO OFICIAL DE EVENTOS DO MUNICÍPIO DO RECIFE A “SEMANA MUNICIPAL DA
CONSCIENTIZAÇÃO DOS CUIDADOS PALIATIVOS”.",https://publico.recife.pe.leg.br/consultas/norma_juridica/norma_juridica_mostrar_proc?cod_norma=1738,Lei Ordinária,2022-01-05,CalendarioEventos
Lei Ordinária 18891/2022,"VEDA A NOMEAÇÃO PARA CARGOS EM COMISSÃO DE PESSOAS QUE TENHAM SIDO CONDENADAS PELAS LEIS FEDERAIS Nº 11.340, DE 7 DE AGOSTO DE 2006 (LEI MARIA DA PENHA) E Nº 13.104, DE 9 DE MARÇO DE 2015 (LEI DO FEMINICÍDIO), NO ÂMBITO DO MUNICÍPIO DO RECIFE.",https://publico.recife.pe.leg.br/consultas/norma_juridica/norma_juridica_mostrar_proc?cod_norma=1739,Lei Ordinária,2022-01-05,Outro
Lei Ordinária 18890/2022,"Dispõe sobre a administração e o funcionamento dos mercados públicos e seus anexos, pátios de feira, feiras livres, praças de alimentação e outros equipamentos diversos de promoção de comércio popular do Município do Recife.",https://publico.recife.pe.leg.br/consultas/norma_juridica/norma_juridica_mostrar_proc?cod_norma=1740,Lei Ordinária,2022-01-05,RenomearLogradouro
Lei Ordinária 18889/2022,Declara a música gospel como Patrimônio Cultural Imaterial do Município do Recife.,https://publico.recife.pe.leg.br/consultas/norma_juridica/norma_juridica_mostrar_proc?cod_norma=1741,Lei Ordinária,2022-01-05,PatrimonioCultural
Lei Ordinária 18888/2022,DENOMINAR-SE-Á “PRAÇA DA PALESTINA” A PRAÇA SITUADA NA CONFLUÊNCIA DA RUA ANA CAMELO DA SILVA E DA RUA JOSÉ ADERVAL CHAVES NO BAIRRO DE BOA VIAGEM NO MUNICÍPIO DO RECIFE.,https://publico.recife.pe.leg.br/consultas/norma_juridica/norma_juridica_mostrar_proc?cod_norma=1742,Lei Ordinária,2022-01-04,RenomearLogradouro
Lei Ordinária 18887/2021,"Define a Política Municipal de Mobilidade Urbana, institui o Plano de Mobilidade Urbana do Recife, e dá outras providências.",https://publico.recife.pe.leg.br/consultas/norma_juridica/norma_juridica_mostrar_proc?cod_norma=887,Lei Ordinária,2021-12-29,CalendarioEventos
Lei Ordinária 18886/2021,Dispõe sobre normas de veiculação de anúncios e seu ordenamento no espaço urbano do município do Recife. Revoga as Leis Municipais nº 17.215/2006 e nº 17.521/2008.,https://publico.recife.pe.leg.br/consultas/norma_juridica/norma_juridica_mostrar_proc?cod_norma=886,Lei Ordinária,2021-12-29,Outro
Lei Ordinária 18885/2021,"Altera a Redação da Lei Municipal Nº 17.105, de 15 de julho de 2005, que rege o Conselho Municipal de Política Cultural.",https://publico.recife.pe.leg.br/consultas/norma_juridica/norma_juridica_mostrar_proc?cod_norma=885,Lei Ordinária,2021-12-28,Outro
Lei Ordinária 18884/2021,"DENOMINAR-SE-Á “VIA PARQUE LÚCIA MOURA” A VIA PARQUE QUE SERÁ CONSTRUÍDA NO BAIRRO DAS GRAÇAS, MUNICÍPIO DO RECIFE.",https://publico.recife.pe.leg.br/consultas/norma_juridica/norma_juridica_mostrar_proc?cod_norma=884,Lei Ordinária,2021-12-28,RenomearLogradouro
Lei Ordinária 18883/2021,"Altera a redação do artigo 7º, da Lei nº 17.537, de 16 de janeiro de 2009, e do artigo 11, da Lei nº 18.528, 21 de novembro de 2018, dispondo sobre a idade veicular dos veículos utilizados para a prestação do serviço de táxi e do transporte remunerado privado individual de passageiros – TRPIP, no município do Recife, modo excepcional e temporário.",https://publico.recife.pe.leg.br/consultas/norma_juridica/norma_juridica_mostrar_proc?cod_norma=883,Lei Ordinária,2021-12-27,Outro
Lei Ordinária 18882/2021,"INSTITUI NO CALENDÁRIO OFICIAL DE EVENTOS DO MUNICÍPIO DO RECIFE O “AGOSTO DOURADO”, MÊS 
DEDICADO À LUTA PELO INCENTIVO À AMAMENTAÇÃO.",https://publico.recife.pe.leg.br/consultas/norma_juridica/norma_juridica_mostrar_proc?cod_norma=882,Lei Ordinária,2021-12-21,CalendarioEventos
Lei Ordinária 18881/2021,Dispõe sobre a alteração de denominações dos cargos integrantes do Quadro de Pessoal do Poder Legislativo Municipal e dá outras providências,https://publico.recife.pe.leg.br/consultas/norma_juridica/norma_juridica_mostrar_proc?cod_norma=881,Lei Ordinária,2021-12-20,Outro
Lei Ordinária 18880/2021,INSTITUI NO CALENDÁRIO OFICIAL DE EVENTOS DO MUNICÍPIO DO RECIFE A “SEMANA MUNICIPAL DE LUTA DA POPULAÇÃO EM SITUAÇÃO DE RUA.,https://publico.recife.pe.leg.br/consultas/norma_juridica/norma_juridica_mostrar_proc?cod_norma=1067,Lei Ordinária,2021-12-17,CalendarioEventos
Lei Ordinária 18879/2021,INSTITUI A “SEMANA EDUCAR PELA IGUALDADE RACIAL”,https://publico.recife.pe.leg.br/consultas/norma_juridica/norma_juridica_mostrar_proc?cod_norma=1066,Lei Ordinária,2021-12-17,Outro
Lei Ordinária 18878/2021,Estima a receita e fixa a despesa do Município do Recife para o exercício de 2022.,https://publico.recife.pe.leg.br/consultas/norma_juridica/norma_juridica_mostrar_proc?cod_norma=880,Lei Ordinária,2021-12-17,Outro
Lei Ordinária 18877/2021,INSTITUI O PLANO PLURIANUAL DO MUNICÍPIO DO RECIFE PARA O PERÍODO DE 2022 A 2025.,https://publico.recife.pe.leg.br/consultas/norma_juridica/norma_juridica_mostrar_proc?cod_norma=879,Lei Ordinária,2021-12-17,CalendarioEventos
Lei Ordinária 18876/2021,"Autoriza o repasse, ao Poder Executivo municipal, de parte dos recursos que compõem o Fundo Especial instituído pela Lei n.º 17.853, de 28 de dezembro de 2012, e d os recursos duodecimais recebidos e não utilizados pelo Poder Legislativo municipal no exercício financeiro de 2021.",https://publico.recife.pe.leg.br/consultas/norma_juridica/norma_juridica_mostrar_proc?cod_norma=878,Lei Ordinária,2021-12-17,Outro
Lei Ordinária 18875/2021,"Projeto de Lei referente a operação de crédito, por meio da linha de financiamento da CAIXA ECONÔMICA FEDERAL ( CAIXA), no âmbito do programa nacional de Apoio à Gestão Administrativa e Fiscal dos Municípios Brasileiros-PNAFM",https://publico.recife.pe.leg.br/consultas/norma_juridica/norma_juridica_mostrar_proc?cod_norma=877,Lei Ordinária,2021-12-15,Outro
Lei Ordinária 18874/2021,CONSIDERA PATRIMÔNIO CULTURAL IMATERIAL DO RECIFE A“PARADA DA DIVERSIDADE DE PERNAMBUCO”.,https://publico.recife.pe.leg.br/consultas/norma_juridica/norma_juridica_mostrar_proc?cod_norma=321,Lei Ordinária,2021-12-09,PatrimonioCultural
Lei Ordinária 18873/2021,"Institui, no Calendário Oficial de Eventos do Município do Recife, o “Dia da Fundação do Mercado Público de Casa Amarela”.",https://publico.recife.pe.leg.br/consultas/norma_juridica/norma_juridica_mostrar_proc?cod_norma=876,Lei Ordinária,2021-12-13,CalendarioEventos
Lei Ordinária 18872/2021,"Autoriza ao Poder Executivo a contratar operações de crédito com o BRANCO DO BRASIL S.A, e dá outras providências.",https://publico.recife.pe.leg.br/consultas/norma_juridica/norma_juridica_mostrar_proc?cod_norma=875,Lei Ordinária,2021-12-10,Outro
Lei Ordinária 18871/2021,"Dispõe sobre o plano de incentivos a projetos habitacionais populares de interesse social, vinculado ao Programa Federal ""Casa Verde e Amarela"" - Recursos do Fundo de Arrendamento Residencial - FAR e Fundo de Desenvolvimento Social - FDS, que autoriza o executivo a doar áreas de propriedade do município; institui isenção de tributos para operações vinculadas ao Programa Federal ""Casa Verde e Amarela"", nas condições especificadas, e dá outras providências.",https://publico.recife.pe.leg.br/consultas/norma_juridica/norma_juridica_mostrar_proc?cod_norma=874,Lei Ordinária,2021-12-09,Outro
Lei Ordinária 18870/2021,"Altera o art. 1º da Lei Municipal nº 18.291, de 30 de dezembro de 2016, que dispõe sobre a adequação da estrutura da Administração Direta e Indireta do Município do Recife às novas diretrizes administrativas, e dá outras providências.",https://publico.recife.pe.leg.br/consultas/norma_juridica/norma_juridica_mostrar_proc?cod_norma=873,Lei Ordinária,2021-12-09,Outro
Lei Ordinária 18869/2021,"Institui o RECENTRO: Plano de incentivos fiscais para atividades econômicas, moradias para fins de interesse social, construções ou intervenções destinadas à recuperação, renovação, reparo ou manutenção de imóveis situados no sítio histórico dos Bairros do Recife, Santo Antônio e São José nas condições especificadas, e dá outras providências.",https://publico.recife.pe.leg.br/consultas/norma_juridica/norma_juridica_mostrar_proc?cod_norma=872,Lei Ordinária,2021-12-09,CalendarioEventos
Lei Ordinária 18868/2021,"Prorroga o prazo para adesão ao ""Programa de Desligamento Voluntário - PDV"" dos empregados públicos da Administração Indireta do Município do Recife, instituído pela Lei Municipal nº 18.811, de 7 de julho de 2021.",https://publico.recife.pe.leg.br/consultas/norma_juridica/norma_juridica_mostrar_proc?cod_norma=871,Lei Ordinária,2021-12-09,CalendarioEventos
Lei Ordinária 18867/2021,"Altera a Lei Municipal nº 17.244, de 27 de julho de 2006 e dá outras providências.",https://publico.recife.pe.leg.br/consultas/norma_juridica/norma_juridica_mostrar_proc?cod_norma=870,Lei Ordinária,2021-12-09,Outro
Lei Ordinária 18866/2021,"Altera a Lei Municipal nº 16.639/2001, de 16 de abril de 2001, que dispõe sobre a utilização de programas e sistemas de computador abertos  pela Prefeitura da Cidade do Recife.",https://publico.recife.pe.leg.br/consultas/norma_juridica/norma_juridica_mostrar_proc?cod_norma=869,Lei Ordinária,2021-12-09,Outro
Lei Ordinária 18865/2021,"PROÍBE A COMERCIALIZAÇÃO, NO ÂMBITO DO MUNICÍPIO DO RECIFE, DE DISPOSITIVOS ORTODÔNTICOS  E DEMAIS PRODUTOS ODONTOLÓGICOS POR VENDEDORES AMBULANTES E POR QUEM NÃO DETENHA A AUTORIZAÇÃO LEGAL PARA TANTO.",https://publico.recife.pe.leg.br/consultas/norma_juridica/norma_juridica_mostrar_proc?cod_norma=1064,Lei Ordinária,2021-12-02,Outro
Lei Ordinária 18864/2021,"Estabelece novos procedimentos relativos ao licenciamento sanitário, no âmbito do município do Recife.",https://publico.recife.pe.leg.br/consultas/norma_juridica/norma_juridica_mostrar_proc?cod_norma=868,Lei Ordinária,2021-12-02,Outro
Lei Ordinária 18863/2021,"INSTITUI A POLÍTICA MUNICIPAL DE HABITAÇÃO DE INTERESSE SOCIAL – PMHIS, DISPÕE SOBRE O SISTEMA MUNICIPAL DE HABITAÇÃO DE INTERESSE SOCIAL – SIMHIS, E INSTITUI ELEMENTOS PARA ELABORAÇÃO DO PLANO LOCAL DE HABITAÇÃO DE INTERESSE SOCIAL – PLHIS DO MUNICÍPIO DO RECIFE.",https://publico.recife.pe.leg.br/consultas/norma_juridica/norma_juridica_mostrar_proc?cod_norma=867,Lei Ordinária,2021-11-29,CalendarioEventos
Lei Ordinária 18862/2021,"ALTERA A LEI MUNICIPAL Nº 18.348, DE 21 DE JUNHO DE 2017, A QUAL OBRIGA A INSTALAÇÃO DE RECIPIENTES COM ÁLCOOL GEL ANTI-SÉPTICO, NOS ESTABELECIMENTOS QUE MENCIONA E DÁ OUTRAS  PROVIDÊNCIAS, A FIM DE DETERMINAR QUE OS ESTABELECIMENTOS PRIVADOS ONDE SEJA UTILIZADA IDENTIFICAÇÃO BIOMÉTRICA DISPONIBILIZEM RECIPIENTE COM ÁLCOOL GEL ANTISSÉPTICO NAS   PROXIMIDADES DESSE EQUIPAMENTO",https://publico.recife.pe.leg.br/consultas/norma_juridica/norma_juridica_mostrar_proc?cod_norma=866,Lei Ordinária,2021-11-29,Outro
Lei Ordinária 18861/2021,INSTITUI NO CALENDÁRIO OFICIAL DE EVENTOS DO MUNICÍPIO DO RECIFE O “DIA MUNICIPAL DA FAVELA”.,https://publico.recife.pe.leg.br/consultas/norma_juridica/norma_juridica_mostrar_proc?cod_norma=865,Lei Ordinária,2021-11-29,CalendarioEventos
Lei Ordinária 18860/2021,INCLUI O “DIA DA VISIBILIDADE LÉSBICA” NO CALENDÁRIO OFICIAL DE EVENTOS DO MUNICÍPIO DO RECIFE.,https://publico.recife.pe.leg.br/consultas/norma_juridica/norma_juridica_mostrar_proc?cod_norma=317,Lei Ordinária,2021-11-23,CalendarioEventos
Lei Ordinária 18859/2021,Autoriza o Poder Executivo a desafetar e alienar os bens imóveis que indica.,https://publico.recife.pe.leg.br/consultas/norma_juridica/norma_juridica_mostrar_proc?cod_norma=864,Lei Ordinária,2021-11-18,Outro
Lei Ordinária 18858/2021,"DISPÕE SOBRE A INSTALAÇÃO DE PISO ANTIDERRAPANTE EM ÁREAS MOLHADAS NOS BANHEIROS    PÚBLICOS E PRIVADOS DE USO COLETIVO, NO MUNICÍPIO DO RECIFE.",https://publico.recife.pe.leg.br/consultas/norma_juridica/norma_juridica_mostrar_proc?cod_norma=863,Lei Ordinária,2021-11-18,Outro
Lei Ordinária 18857/2021,"INSTITUI NO CALENDÁRIO OFICIAL DE EVENTOS DO MUNICÍPIO DO RECIFE O “SETEMBRO AMARELO”, MÊS DE PREVENÇÃO AO SUICÍDIO.",https://publico.recife.pe.leg.br/consultas/norma_juridica/norma_juridica_mostrar_proc?cod_norma=1063,Lei Ordinária,2021-10-22,CalendarioEventos
Lei Ordinária 18856/2021,INCLUI NO CALENDÁRIO OFICIAL DE EVENTOS DO MUNICÍPIO DO RECIFE O “DIA DOS VETERANOS DA POLÍCIA MILITAR DO ESTADO DE PERNAMBUCO’’,https://publico.recife.pe.leg.br/consultas/norma_juridica/norma_juridica_mostrar_proc?cod_norma=1062,Lei Ordinária,2021-10-22,CalendarioEventos
Lei Ordinária 18855/2021,AUTORIZA O PODER EXECUTIVO A FILIAR O MUNICÍPIO DO RECIFE NA CONFEDERAÇÃO NACIONAL DE MUNICÍPIOS - CNM E A CONTRIBUIR FINANCEIRAMENTE COM A REFERIDA ENTIDADE.,https://publico.recife.pe.leg.br/consultas/norma_juridica/norma_juridica_mostrar_proc?cod_norma=862,Lei Ordinária,2021-10-22,Outro
Lei Ordinária 18854/2021,"INSTITUI ISENÇÃO DE TRIBUTOS PARA OPERAÇÕES VINCULADAS AO PROGRAMA A CASA É SUA, VISANDO IMPLEMENTAR A REGULARIZAÇÃO FUNDIÁRIA DE INTERESSE SOCIAL DE IMÓVEIS LOCALIZADOS NO MUNICÍPIO DO RECIFE.",https://publico.recife.pe.leg.br/consultas/norma_juridica/norma_juridica_mostrar_proc?cod_norma=861,Lei Ordinária,2021-10-22,CalendarioEventos
Lei Ordinária 18853/2021,"AUTORIZA O PODER EXECUTIVO A CONCEDER ISENÇÃO, REMISSÃO E A ANISTIA DO IMPOSTO SOBRE A PROPRIEDADE TERRITORIAL URBANA (IPTU), DA TAXA DE LIMPEZA PÚBLICA (TLP) E DA TAXA DE COLETA, REMOÇÃO E DESTINAÇÃO DE RESÍDUOS SÓLIDOS DOMICILIARES (TRSD), INCIDENTES SOBRE IMÓVEIS, LOCALIZADOS NO MUNICÍPIO DO RECIFE, VINCULADOS AOS PROGRAMAS FEDERAIS DE HABITACIONAIS POPULARES DE INTERESSE SOCIAL.",https://publico.recife.pe.leg.br/consultas/norma_juridica/norma_juridica_mostrar_proc?cod_norma=860,Lei Ordinária,2021-10-22,ConcessaoTitulo
Lei Ordinária 18852/2021,"DENOMINA “JOSÉ TORQUATO SANTIAGO” A PRAÇA SITUADA NA CONFLUÊNCIA DA PISTA LOCAL DA AGAMENON MAGALHÃES, DO Nº 4098 ATÉ O 13º BATALHÃO DA POLÍCIA MILITAR, NO MUNICÍPIO DO RECIFE.",https://publico.recife.pe.leg.br/consultas/norma_juridica/norma_juridica_mostrar_proc?cod_norma=859,Lei Ordinária,2021-10-20,RenomearLogradouro
Lei Ordinária 18851/2021,"Altera a Lei Municipal nº 17.142, de 2 de dezembro de 2005, que reestrutura o Regime Próprio de Previdência Social do Município do Recife.",https://publico.recife.pe.leg.br/consultas/norma_juridica/norma_juridica_mostrar_proc?cod_norma=1060,Lei Ordinária,2021-10-18,Outro
Lei Ordinária 18850/2021,INSTITUI A POLÍTICA MUNICIPAL DE CULTURA DE PAZ E JUSTIÇA RESTAURATIVA DO RECIFE.,https://publico.recife.pe.leg.br/consultas/norma_juridica/norma_juridica_mostrar_proc?cod_norma=1059,Lei Ordinária,2021-10-13,CalendarioEventos
Lei Ordinária 18849/2021,"INSTITUI A “SEMANA DE EDUCAÇÃO, CONSCIENTIZAÇÃO E ORIENTAÇÃO SOBRE FISSURA LABIOPALATINA” NO CALENDÁRIO OFICIAL DE EVENTOS DO MUNICÍPIO DO RECIFE.",https://publico.recife.pe.leg.br/consultas/norma_juridica/norma_juridica_mostrar_proc?cod_norma=1057,Lei Ordinária,2021-10-13,CalendarioEventos
Lei Ordinária 18848/2021,"ALTERA A LEI MUNICIPAL Nº 18.668, DE 5 DE DEZEMBRO DE 2019, QUE ESTABELECE NORMAS BÁSICAS DE SEGURANÇA PARA A EXPLORAÇÃO DO SERVIÇO DE ENTRETENIMENTO DE KART AMADOR NO MUNICÍPIO DO RECIFE.",https://publico.recife.pe.leg.br/consultas/norma_juridica/norma_juridica_mostrar_proc?cod_norma=858,Lei Ordinária,2021-10-13,Outro
Lei Ordinária 18847/2021,"DENOMINA DE ""PRAÇA DAS AZEITONAS"" A PRAÇA LOCALIZADA NA COMUNIDADE DE NOVA MORADA, NO BAIRRO DA CAXANGÁ.",https://publico.recife.pe.leg.br/consultas/norma_juridica/norma_juridica_mostrar_proc?cod_norma=857,Lei Ordinária,2021-10-13,RenomearLogradouro
Lei Ordinária 18846/2021,"CRIA AUXÍLIO SOCIAL DESTINADO AOS OCUPANTES DE ÁREAS PÚBLICAS DESALOJADOS DE SUAS MORADIAS, PARA FINS DE EXECUÇÃO DE OBRAS PÚBLICAS E DÁ OUTRAS PROVIDÊNCIAS.",https://publico.recife.pe.leg.br/consultas/norma_juridica/norma_juridica_mostrar_proc?cod_norma=1056,Lei Ordinária,2021-10-06,Outro
Lei Ordinária 18845/2021,VEDA QUALQUER DISCRIMINAÇÃO À CRIANÇA E AO ADOLESCENTE COM DEFICIÊNCIA OU DOENÇA CRÔNICA NOS ESTABELECIMENTOS DE ENSINO DA REDE PARTICULAR SITUADOS NO MUNICÍPIO DO RECIFE.,https://publico.recife.pe.leg.br/consultas/norma_juridica/norma_juridica_mostrar_proc?cod_norma=856,Lei Ordinária,2021-10-06,Outro
Lei Ordinária 18844/2021,DISPÕE SOBRE OS PROCEDIMENTOS RELACIONADOS À HUMANIZAÇÃO DO LUTO MATERNO E PARENTAL NAS INSTITUIÇÕES DE SAÚDE DO MUNICÍPIO DO RECIFE.,https://publico.recife.pe.leg.br/consultas/norma_juridica/norma_juridica_mostrar_proc?cod_norma=855,Lei Ordinária,2021-09-28,CalendarioEventos
Lei Ordinária 18843/2021,"DENOMINA “CENTRO DE ESPORTES E LAZER LUIZ ALBACORA” A QUADRA ESPORTIVA, A PISTA DE COOPER E A PRAÇA LOCALIZADAS NA AV. AGAMENON MAGALHÃES, NAS PROXIMIDADES DO Nº 191 ATÉ A RUA NOVA LONDRINA, NO BAIRRO SANTO AMARO.",https://publico.recife.pe.leg.br/consultas/norma_juridica/norma_juridica_mostrar_proc?cod_norma=854,Lei Ordinária,2021-09-28,RenomearLogradouro
Lei Ordinária 18842/2021,"ADICIONA O INCISO XIII AO ART. 6º DA LEI MUNICIPAL Nº 18.212, DE15 DE JANEIRO DE 2016,    QUE INSTITUI PROCEDIMENTOS PARA LICENCIAMENTO, CONSTRUÇÃO E INSTALAÇÃO DE POSTOS DE  ABASTECIMENTO DE COMBUSTÍVEIS AUTOMOTIVOS NO MUNICÍPIO DO RECIFE E ALTERA A LEI Nº 16.786, DE 22 DE JULHO DE 2002.",https://publico.recife.pe.leg.br/consultas/norma_juridica/norma_juridica_mostrar_proc?cod_norma=853,Lei Ordinária,2021-09-28,CalendarioEventos
Lei Ordinária 18841/2021,DENOMINA “LIVREIRO TARCÍSIO PEREIRA” A BIBLIOTECA A SER INAUGURADA NO PRÓXIMO CENTRO COMUNITÁRIO DA PAZ (COMPAZ) NO MUNICÍPIO DO RECIFE.,https://publico.recife.pe.leg.br/consultas/norma_juridica/norma_juridica_mostrar_proc?cod_norma=852,Lei Ordinária,2021-09-28,RenomearLogradouro
Lei Ordinária 18840/2021,"INSTITUI, NO CALENDÁRIO OFICIAL DE EVENTOS DO MUNICÍPIO DO RECIFE, A “SEMANA DE CONSCIENTIZAÇÃO, PREVENÇÃO, DIAGNOSE E COMBATE AO BULLYING E AO CYBERBULLYING ESCOLAR”.",https://publico.recife.pe.leg.br/consultas/norma_juridica/norma_juridica_mostrar_proc?cod_norma=851,Lei Ordinária,2021-09-25,CalendarioEventos
Lei Ordinária 18839/2021,AUTORIZA O PODER EXECUTIVO A PROCEDER À CESSÃO DE IMÓVEL INTEGRANTE DE SEU PATRIMÔNIO AO PODER EXECUTIVO DO ESTADO DE PERNAMBUCO.,https://publico.recife.pe.leg.br/consultas/norma_juridica/norma_juridica_mostrar_proc?cod_norma=850,Lei Ordinária,2021-09-24,Outro
Lei Ordinária 18838/2021,"Institui no Calendário Oficial de Eventos do Município do Recife o “Dia Municipal do Advogado Previdenciário""",https://publico.recife.pe.leg.br/consultas/norma_juridica/norma_juridica_mostrar_proc?cod_norma=849,Lei Ordinária,2021-09-24,CalendarioEventos
Lei Ordinária 18837/2021,DENOMINA “DESEMBARGADOR ITAMAR PEREIRA” A PRÓXIMA RUA A SER CONSTRUÍDA NO MUNICÍPIO DO RECIFE.,https://publico.recife.pe.leg.br/consultas/norma_juridica/norma_juridica_mostrar_proc?cod_norma=313,Lei Ordinária,2021-09-20,RenomearLogradouro
Lei Ordinária 18836/2021,"INSTITUI O PROGRAMA DE PARCELAMENTO INCENTIVADO (PPI), NO MUNICÍPIO DO RECIFE.",https://publico.recife.pe.leg.br/consultas/norma_juridica/norma_juridica_mostrar_proc?cod_norma=750,Lei Ordinária,2021-09-20,CalendarioEventos
Lei Ordinária 18835/2021,"ALTERA A LEI MUNICIPAL Nº 18.352, DE 19 DE JULHO DE 2017, E A LEI MUNICIPAL Nº 18.676, DE 27 DE DEZEMBRO DE 2019, PREVENDO O MEIO ELETRÔNICO DE NOTIFICAÇÃO E TRAMITAÇÃO PROCESSUAL E DETALHANDO AS HIPÓTESES DE REDUÇÃO DA MULTA ADMINISTRATIVA E DE CONCESSÃO DE PARCELAMENTO; E MODIFICA A LEI MUNICIPAL Nº 15.307, DE 05 DE JANEIRO DE 1990, INSTITUINDO A TURMA DE CONTROLE URBANO, A TURMA DE DEFESA DO CONSUMIDOR E A TURMA DE MANUTENÇÃO E LIMPEZA URBANA NO CONSELHO DE REVISÃO ADMINISTRATIVA – CRA.",https://publico.recife.pe.leg.br/consultas/norma_juridica/norma_juridica_mostrar_proc?cod_norma=749,Lei Ordinária,2021-09-20,Outro
Lei Ordinária 18834/2021,DECLARA ENTIDADE DE UTILIDADE PÚBLICA A COOPERATIVA DE TRABALHO DE CATADORAS DE MATERIAL RECICLÁVEL ECOVIDA PALHA DE ARROZ.,https://publico.recife.pe.leg.br/consultas/norma_juridica/norma_juridica_mostrar_proc?cod_norma=748,Lei Ordinária,2021-09-13,PatrimonioCultural
Lei Ordinária 18833/2021,INSTITUI NO CALENDÁRIO OFICIAL DE EVENTOS DO MUNICÍPIO DO RECIFE O “DIA MUNICIPAL DA AGROECOLOGIA URBANA”.,https://publico.recife.pe.leg.br/consultas/norma_juridica/norma_juridica_mostrar_proc?cod_norma=747,Lei Ordinária,2021-09-13,CalendarioEventos
Lei Ordinária 18832/2021,DISPÕE SOBRE MEDIDAS PARA ASSEGURAR A INCLUSÃO E A PROTEÇÃO DA PESSOA GORDA NOS ESTABELECIMENTOS DE ENSINO LOCALIZADOS NO MUNICÍPIO DO RECIFE.,https://publico.recife.pe.leg.br/consultas/norma_juridica/norma_juridica_mostrar_proc?cod_norma=746,Lei Ordinária,2021-09-13,Outro
Lei Ordinária 18831/2021,INSTITUI O “DIA MUNICIPAL DE LUTA CONTRA A GORDOFOBIA” NO MUNICÍPIO DO RECIFE.,https://publico.recife.pe.leg.br/consultas/norma_juridica/norma_juridica_mostrar_proc?cod_norma=745,Lei Ordinária,2021-09-13,CalendarioEventos
Lei Ordinária 18830/2021,OBRIGA OS EQUIPAMENTOS PÚBLICOS SOB ADMINISTRAÇÃO DO MUNICÍPIO DO RECIFE A DIVULGAR OS MEIOS DE CONTATO E AS FUNÇÕES DA OUVIDORIA GERAL DO MUNICÍPIO DO RECIFE.,https://publico.recife.pe.leg.br/consultas/norma_juridica/norma_juridica_mostrar_proc?cod_norma=744,Lei Ordinária,2021-09-13,Outro
Lei Ordinária 18829/2021,"TORNA OBRIGATÓRIA A AFIXAÇÃO NOS ELEVADORES DE PRÉDIOS RESIDENCIAIS E COMERCIAIS DO MUNICÍPIO DO RECIFE, DE AVISO CONTENDO INFORMAÇÕES ACERCA DA ÚLTIMA MANUTENÇÃO DOS ELEVADORES.",https://publico.recife.pe.leg.br/consultas/norma_juridica/norma_juridica_mostrar_proc?cod_norma=743,Lei Ordinária,2021-09-13,Outro
Lei Ordinária 18828/2021,INCLUI NO CALENDÁRIO OFICIAL DE EVENTOS DO MUNICÍPIO DO RECIFE A “SEMANA MUNICIPAL DO ATLETA PARALÍMPICO”.,https://publico.recife.pe.leg.br/consultas/norma_juridica/norma_juridica_mostrar_proc?cod_norma=739,Lei Ordinária,2021-09-10,CalendarioEventos
Lei Ordinária 18827/2021,"INSTITUI E DISCIPLINA, NO ÂMBITO DA ADMINISTRAÇÃO PÚBLICA MUNICIPAL, O REGISTRO DO PATRIMÔNIO VIVO DO MUNICÍPIO DO RECIFE (RPV-RECIFE).",https://publico.recife.pe.leg.br/consultas/norma_juridica/norma_juridica_mostrar_proc?cod_norma=738,Lei Ordinária,2021-09-06,CalendarioEventos
Lei Ordinária 18826/2021,"ALTERA A LEI MUNICIPAL Nº 18.076, DE 10 DE DEZEMBRO DE 2014, QUE ESTABELECE NORMAS DE PREVENÇÃO DE ACIDENTES A SEREM CUMPRIDAS PELOS CONDÔMINOS E/OU ADMINISTRADORES NOS ELEVADORES DOS EDIFÍCIOS DA CIDADE DO RECIFE.",https://publico.recife.pe.leg.br/consultas/norma_juridica/norma_juridica_mostrar_proc?cod_norma=734,Lei Ordinária,2021-09-03,Outro
Lei Ordinária 18825/2021,INCLUI A “SEMANA DE CONSCIENTIZAÇÃO E COMBATE AO RELACIONAMENTO ABUSIVO” NO CALENDÁRIO OFICIAL DE EVENTOS DO MUNICÍPIO DO RECIFE.,https://publico.recife.pe.leg.br/consultas/norma_juridica/norma_juridica_mostrar_proc?cod_norma=733,Lei Ordinária,2021-09-03,CalendarioEventos
Lei Ordinária 18824/2021,"DISPÕE SOBRE O REGIME DAS CONCESSÕES E PERMISSÕES DE SERVIÇOS PÚBLICOS MUNICIPAIS E ALTERA DISPOSITIVOS DA LEI NO 17.856, DE 01 DE JANEIRO DE 2013.",https://publico.recife.pe.leg.br/consultas/norma_juridica/norma_juridica_mostrar_proc?cod_norma=732,Lei Ordinária,2021-08-30,Outro
Lei Ordinária 18823/2021,"ESTABELECE NORMAS SOBRE A ALIENAÇÃO DE BENS IMÓVEIS NAS MODALIDADES LICITATÓRIAS LEILÃO E CONCORRÊNCIA, BEM COMO TRATA DA PERMUTA DE BENS IMÓVEIS, DE PROPRIEDADE DO MUNICÍPIO OU DAS ENTIDADES DA ADMINISTRAÇÃO PÚBLICA INDIRETA, POR BENS IMÓVEIS PÚBLICOS OU PARTICULARES, OU POR OBRAS E SERVIÇOS NECESSÁRIOS AO DESENVOLVIMENTO DE PROJETOS DE INTERESSE PÚBLICO.",https://publico.recife.pe.leg.br/consultas/norma_juridica/norma_juridica_mostrar_proc?cod_norma=730,Lei Ordinária,2021-08-30,Outro
Lei Ordinária 18822/2021,"INSTITUI, NO CALENDÁRIO OFICIAL DE EVENTOS DO MUNICÍPIO DO RECIFE, A CAMPANHA “CUIDA BEM  DE MIM”, DESTINADA A COMBATER A VIOLÊNCIA E OS MAUS-TRATOS CONTRA CRIANÇAS E ADOLESCENTES.",https://publico.recife.pe.leg.br/consultas/norma_juridica/norma_juridica_mostrar_proc?cod_norma=1055,Lei Ordinária,2021-08-27,CalendarioEventos
Lei Ordinária 18821/2021,"ALTERA O ARTIGO 1° DA LEI MUNICIPAL Nº 18.660, DE 13 DE NOVEMBRO DE 2019 E DÁ OUTRAS PROVIDÊNCIAS.",https://publico.recife.pe.leg.br/consultas/norma_juridica/norma_juridica_mostrar_proc?cod_norma=729,Lei Ordinária,2021-08-25,Outro
Lei Ordinária 18820/2021,"ALTERA A LEI MUNICIPAL Nº 18.811, DE 7 DE JULHO DE 2021, QUE INSTITUI O ""PROGRAMA DE DESLIGAMENTO VOLUNTÁRIO - PDV"" DOS EMPREGADOS PÚBLICOS DA ADMINISTRAÇÃO INDIRETA DO MUNICÍPIO DO RECIFE.",https://publico.recife.pe.leg.br/consultas/norma_juridica/norma_juridica_mostrar_proc?cod_norma=728,Lei Ordinária,2021-08-18,CalendarioEventos
Lei Ordinária 18819/2021,CRIA NOVA UNIDADE ORÇAMENTÁRIA E AUTORIZA A ABERTURA DE CRÉDITO ESPECIAL AO ORÇAMENTO FISCAL DO MUNICÍPIO.,https://publico.recife.pe.leg.br/consultas/norma_juridica/norma_juridica_mostrar_proc?cod_norma=727,Lei Ordinária,2021-08-13,Outro
Lei Ordinária 18818/2021,"NO CURSO DA VIGÊNCIA DO ESTADO DE CALAMIDADE NO ÂMBITO MUNICIPAL DECORRENTE DA PANDEMIA DE COVID-19, SUSPENDE O TRANSCURSO DOS PRAZOS PRESCRICIONAIS PREVISTOS NO ART. 204 DO ESTATUTO DOS FUNCIONÁRIOS PÚBLICOS DO MUNICÍPIO DO RECIFE (ANEXO ÚNICO DA LEI MUNICIPAL Nº 14.728, DE 08 DE MARÇO DE 1985) SEMPRE QUE HOUVER ATO ADMINISTRATIVO DETERMINANDO A SUSPENSÃO DOS ATOS E PRAZOS PROCESSUAIS DOS PROCESSOS ADMINISTRATIVOS DISCIPLINARES.",https://publico.recife.pe.leg.br/consultas/norma_juridica/norma_juridica_mostrar_proc?cod_norma=726,Lei Ordinária,2021-08-13,Outro
Lei Ordinária 18817/2021,DISPÕE SOBRE O FORNECIMENTO DE ABSORVENTES HIGIÊNICOS NAS ESCOLAS PÚBLICAS DO MUNICÍPIO DO RECIFE.,https://publico.recife.pe.leg.br/consultas/norma_juridica/norma_juridica_mostrar_proc?cod_norma=1053,Lei Ordinária,2021-07-23,Outro
Lei Ordinária 18816/2021,INCLUI NO CALENDÁRIO OFICIAL DE EVENTOS DO MUNICÍPIO DO RECIFE A “SEMANA MUNICIPAL DE PREVENÇÃO E CONSCIENTIZAÇÃO DA SÍNDROME OU TRANSTORNO DO PÂNICO.,https://publico.recife.pe.leg.br/consultas/norma_juridica/norma_juridica_mostrar_proc?cod_norma=1052,Lei Ordinária,2021-07-23,CalendarioEventos
Lei Ordinária 18815/2021,"INSTITUI NO MUNICÍPIO DO RECIFE O “PROGRAMA DE COOPERAÇÃO SINAL VERMELHO”, OBJETIVANDO AJUDAR MULHERES VÍTIMAS DE VIOLÊNCIA DOMÉSTICA.",https://publico.recife.pe.leg.br/consultas/norma_juridica/norma_juridica_mostrar_proc?cod_norma=725,Lei Ordinária,2021-07-23,CalendarioEventos
Lei Ordinária 18814/2021,DECLARA A RÁDIO CLUBE AM 720 PATRIMÔNIO CULTURAL IMATERIAL DO RECIFE.,https://publico.recife.pe.leg.br/consultas/norma_juridica/norma_juridica_mostrar_proc?cod_norma=724,Lei Ordinária,2021-07-19,PatrimonioCultural
Lei Ordinária 18813/2021,"DENOMINA “DOUTOR ALDENIR FERRAZ” A UNIDADE DE SAÚDE DA FAMÍLIA LOCALIZADA NO BAIRRO DO IBURA, UR-3, NO MUNICÍPIO DO RECIFE.",https://publico.recife.pe.leg.br/consultas/norma_juridica/norma_juridica_mostrar_proc?cod_norma=722,Lei Ordinária,2021-07-07,RenomearLogradouro
Lei Ordinária 18812/2021,"DISPÕE SOBRE AUTORIZAÇÃO PARA CONTRATAÇÃO DE OPERAÇÃO DE CRÉDITO JUNTO À CAIXA ECONÔMICA FEDERAL NO ÂMBITO DO FINISA – FINANCIAMENTO A INFRAESTRUTURA E AO SANEAMENTO NO VALOR DE R$ 100.000.000,00.",https://publico.recife.pe.leg.br/consultas/norma_juridica/norma_juridica_mostrar_proc?cod_norma=635,Lei Ordinária,2021-07-07,Outro
Lei Ordinária 18811/2021,INSTITUI O “PROGRAMA DE DESLIGAMENTO VOLUNTÁRIO - PDV” DOS EMPREGADOS PÚBLICOS DA ADMINISTRAÇÃO INDIRETA DO MUNICÍPIO DO RECIFE.,https://publico.recife.pe.leg.br/consultas/norma_juridica/norma_juridica_mostrar_proc?cod_norma=634,Lei Ordinária,2021-07-07,CalendarioEventos
Lei Ordinária 18810/2021,INSTITUI O REGIME DE PREVIDÊNCIA COMPLEMENTAR E FIXA O LIMITE MÁXIMO PARA APOSENTADORIAS E PENSÕES DOS SERVIDORES PÚBLICOS DOS PODERES EXECUTIVO E LEGISLATIVO DO MUNICÍPIO DO RECIFE.,https://publico.recife.pe.leg.br/consultas/norma_juridica/norma_juridica_mostrar_proc?cod_norma=633,Lei Ordinária,2021-07-07,CalendarioEventos
Lei Ordinária 18809/2021,"ALTERA A LEI MUNICIPAL Nº 17.142, DE 2 DE DEZEMBRO DE 2005, QUE REESTRUTURA O REGIME PRÓPRIO DE PREVIDÊNCIA SOCIAL DO MUNICÍPIO DO RECIFE, E DÁ OUTRAS PROVIDÊNCIAS.",https://publico.recife.pe.leg.br/consultas/norma_juridica/norma_juridica_mostrar_proc?cod_norma=632,Lei Ordinária,2021-07-07,Outro
Lei Ordinária 18808/2021,"AUTORIZA O USO DE VIDEOCONFERÊNCIA OU DE OUTRO RECURSO TECNOLÓGICO DE PRODUÇÃO E TRANSMISSÃO DE SOM E IMAGEM EM TEMPO REAL, COM GRAVAÇÃO, NAS AUDIÊNCIAS DOS PROCEDIMENTOS ADMINISTRATIVOS DISCIPLINARES E DAS SINDICÂNCIAS, NO ÂMBITO DO MUNICÍPIO DO RECIFE.",https://publico.recife.pe.leg.br/consultas/norma_juridica/norma_juridica_mostrar_proc?cod_norma=631,Lei Ordinária,2021-07-07,Outro
Lei Ordinária 18807/2021,DECLARA PATRIMÔNIO CULTURAL IMATERIAL DO MUNICÍPIO DO RECIFE O “MOVIMENTO BREGA”.,https://publico.recife.pe.leg.br/consultas/norma_juridica/norma_juridica_mostrar_proc?cod_norma=630,Lei Ordinária,2021-06-29,PatrimonioCultural
Lei Ordinária 18806/2021,DISPÕE SOBRE AS DIRETRIZES PARA ELABORAÇÃO E EXECUÇÃO DA LEI ORÇAMENTÁRIA DE 2022.,https://publico.recife.pe.leg.br/consultas/norma_juridica/norma_juridica_mostrar_proc?cod_norma=1071,Lei Ordinária,2021-06-29,Outro
Lei Ordinária 18805/2021,"INSTITUI O AUXÍLIO MUNICIPAL EMERGENCIAL – AME SÃO JOÃO DO RECIFE, DESTINADO À CONCESSÃO DE BENEFÍCIO FINANCEIRO À CADEIA PRODUTIVA CULTURAL DO CICLO JUNINO, DIANTE DA IMPOSSIBILIDADE DE REALIZAÇÃO DAS FESTIVIDADES EM 2021, DEVIDO ÀS MEDIDAS RESTRITIVAS VIGENTES POR FORÇA DO AGRAVAMENTO DA PANDEMIA DA COVID-19.",https://publico.recife.pe.leg.br/consultas/norma_juridica/norma_juridica_mostrar_proc?cod_norma=629,Lei Ordinária,2021-06-29,CalendarioEventos
Lei Ordinária 18804/2021,"INSTITUI, NO CALENDÁRIO OFICIAL DE EVENTOS DO MUNICÍPIO DO RECIFE, O ""MAIO BLACK DAS DANÇAS URBANAS"".",https://publico.recife.pe.leg.br/consultas/norma_juridica/norma_juridica_mostrar_proc?cod_norma=1051,Lei Ordinária,2021-06-21,CalendarioEventos
Lei Ordinária 18803/2021,INSTITUI O ESTATUTO DO FUTEBOL DE VÁRZEA DO RECIFE - EFV/RECIFE.,https://publico.recife.pe.leg.br/consultas/norma_juridica/norma_juridica_mostrar_proc?cod_norma=627,Lei Ordinária,2021-06-11,CalendarioEventos
Lei Ordinária 18802/2021,"CRIA, NO CALENDÁRIO OFICIAL DE EVENTOS DO MUNICÍPIO DO RECIFE, O “DIA MUNICIPAL DE COMBATE À DEPRESSÃO DE CRIANÇAS E ADOLESCENTES – PARE, OBSERVE E ACOLHA”.",https://publico.recife.pe.leg.br/consultas/norma_juridica/norma_juridica_mostrar_proc?cod_norma=626,Lei Ordinária,2021-06-11,CalendarioEventos
Lei Ordinária 18801/2021,"INSTITUI, NO CALENDÁRIO OFICIAL DE EVENTOS DO MUNICÍPIO DO RECIFE, A ""SEMANA DA DOAÇÃO DE LIVROS"".",https://publico.recife.pe.leg.br/consultas/norma_juridica/norma_juridica_mostrar_proc?cod_norma=625,Lei Ordinária,2021-06-11,CalendarioEventos
Lei Ordinária 18800/2021,"DENOMINA A RUA ESTRADA DO BONGI, SITUADA NO MUNICÍPIO DO RECIFE, DE RUA ESTRADA DO BONGI ARMANDO DA FONTE.",https://publico.recife.pe.leg.br/consultas/norma_juridica/norma_juridica_mostrar_proc?cod_norma=303,Lei Ordinária,2021-06-01,RenomearLogradouro
Lei Ordinária 18799/2021,"CRIA, NO ÂMBITO DO MUNICÍPIO DO RECIFE, O CONSELHO DE ACOMPANHAMENTO E CONTROLE SOCIAL DO FUNDO DE MANUTENÇÃO E DESENVOLVIMENTO DA EDUCAÇÃO BÁSICA E DE VALORIZAÇÃO DOS PROFISSIONAIS DE EDUCAÇÃO – CACS FUNDEB RECIFE, E DÁ OUTRAS PROVIDÊNCIAS.",https://publico.recife.pe.leg.br/consultas/norma_juridica/norma_juridica_mostrar_proc?cod_norma=567,Lei Ordinária,2021-05-28,Outro
Lei Ordinária 18798/2021,INSTITUI AS BASES PARA A ELABORAÇÃO DA “POLÍTICA MUNICIPAL DE PROMOÇÃO DOS DIREITOS DOS MIGRANTES E REFUGIADOS” NO MUNICÍPIO DO RECIFE.,https://publico.recife.pe.leg.br/consultas/norma_juridica/norma_juridica_mostrar_proc?cod_norma=1050,Lei Ordinária,2021-05-20,CalendarioEventos
Lei Ordinária 18797/2021,"OBRIGA AS INSTITUIÇÕES DE SAÚDE, NO ÂMBITO DO MUNICÍPIO DO RECIFE, A PROMOVER ORIENTAÇÃO SOBRE AS DOENÇAS RARAS NÃO DETECTÁVEIS PELO TESTE DE TRIAGEM NEONATAL (TESTE DO PEZINHO).",https://publico.recife.pe.leg.br/consultas/norma_juridica/norma_juridica_mostrar_proc?cod_norma=1049,Lei Ordinária,2021-05-19,CalendarioEventos
Lei Ordinária 18796/2021,"ALTERA A DENOMINAÇÃO DO TRECHO DA AVENIDA BEIRA RIO COMPREENDIDO ENTRE O TÉRMINO DA RUA HEITOR MAIA FILHO E O CRUZAMENTO COM A RUA CONDE DE IRAJÁ PARA “AVENIDA BEIRA RIO GOVERNADOR EDUARDO CAMPOS”, NO MUNICÍPIO DO RECIFE.",https://publico.recife.pe.leg.br/consultas/norma_juridica/norma_juridica_mostrar_proc?cod_norma=299,Lei Ordinária,2021-05-06,RenomearLogradouro
Lei Ordinária 18795/2021,ALTERA A DENOMINAÇÃO DO TRECHO DA AVENIDA BEIRA RIO COMPREENDIDO ENTRE A RUA CONDE DE IRAJÁ E A RUA MARCOS ANDRÉ PARA “AVENIDA BEIRA RIO JORNALISTA GENETON MORAES NETO”.,https://publico.recife.pe.leg.br/consultas/norma_juridica/norma_juridica_mostrar_proc?cod_norma=297,Lei Ordinária,2021-05-06,RenomearLogradouro
Lei Ordinária 18794/2021,"ALTERA A DENOMINAÇÃO DO TRECHO DA AVENIDA BEIRA RIO COMPREENDIDO ENTRE O TÉRMINO DA AVENIDA DESEMBARGADOR GUERRA BARRETO E O TÚNEL CHICO SCIENCE PARA “AVENIDA BEIRA RIO DEPUTADO OSVALDO COELHO”, NO MUNICÍPIO DO RECIFE.",https://publico.recife.pe.leg.br/consultas/norma_juridica/norma_juridica_mostrar_proc?cod_norma=294,Lei Ordinária,2021-05-06,RenomearLogradouro
Lei Ordinária 18793/2021,INSTITUI O PROGRAMA EMERGENCIAL DE PAGAMENTO DO IPTU E DA TRSD REFERENTES AO EXERCÍCIO DE 2021.,https://publico.recife.pe.leg.br/consultas/norma_juridica/norma_juridica_mostrar_proc?cod_norma=566,Lei Ordinária,2021-04-13,Outro
Lei Ordinária 18792/2021,"INSTITUI, NO ÂMBITO DO MUNICÍPIO DO RECIFE, O AUXÍLIO MUNICIPAL EMERGENCIAL PARA SOCORRER E ASSISTIR FAMÍLIAS EM SITUAÇÃO DE POBREZA, EM RAZÃO DO ESTADO DE CALAMIDADE PÚBLICA DECORRENTE DA PANDEMIA DE COVID-19.",https://publico.recife.pe.leg.br/consultas/norma_juridica/norma_juridica_mostrar_proc?cod_norma=565,Lei Ordinária,2021-04-12,CalendarioEventos
Lei Ordinária 18791/2021,"ALTERA AS LEIS MUNICIPAIS NºS 15.563, DE 27 DE DEZEMBRO DE 1991 – CÓDIGO TRIBUTÁRIO MUNICIPAL, E 18.276, DE 2 DE DEZEMBRO DE 2016.",https://publico.recife.pe.leg.br/consultas/norma_juridica/norma_juridica_mostrar_proc?cod_norma=564,Lei Ordinária,2021-03-30,Outro
Lei Ordinária 18790/2021,"DISPÕE SOBRE AUTORIZAÇÃO PARA CONTRATAÇÃO DE OPERAÇÃO DE CRÉDITO JUNTO À CAIXA ECONÔMICA FEDERAL NO PROGRAMA AVANÇAR CIDADES – SES BEBERIBE, NO VALOR DE R$ 56.078.344,69.",https://publico.recife.pe.leg.br/consultas/norma_juridica/norma_juridica_mostrar_proc?cod_norma=563,Lei Ordinária,2021-03-30,Outro
Lei Ordinária 18789/2021,DISCIPLINA A COMISSÃO PERMANENTE DE LICITAÇÃO NO ÂMBITO DA CÂMARA MUNICIPAL DO RECIFE E DÁ OUTRAS PROVIDÊNCIAS.,https://publico.recife.pe.leg.br/consultas/norma_juridica/norma_juridica_mostrar_proc?cod_norma=562,Lei Ordinária,2021-03-19,Outro
Lei Ordinária 18788/2021,"DENOMINAR-SE-Á “VICENTE ANDRÉ GOMES” O PRÓXIMO PARQUE A SER INAUGURADO NA RUA PARAISÓPOLIS, SITUADA NO BAIRRO NOVA DESCOBERTA, NO MUNICÍPIO DO RECIFE.",https://publico.recife.pe.leg.br/consultas/norma_juridica/norma_juridica_mostrar_proc?cod_norma=291,Lei Ordinária,2021-03-17,RenomearLogradouro
Lei Ordinária 18787/2021,"ALTERA OS ARTS. 1º,  4º E 11, DA LEI MUNICIPAL Nº 18.276, DE 2 DEDEZEMBRO DE 2016.",https://publico.recife.pe.leg.br/consultas/norma_juridica/norma_juridica_mostrar_proc?cod_norma=289,Lei Ordinária,2021-03-17,Outro
Lei Ordinária 18786/2021,"RATIFICA PROTOCOLO DE INTENÇÕES FIRMADO ENTRE MUNICÍPIOS BRASILEIROS, COM A FINALIDADE DE ADQUIRIR VACINAS PARA COMBATE À PANDEMIA DO CORONAVÍRUS, MEDICAMENTOS, INSUMOS, EQUIPAMENTOS E SERVIÇOS NA ÁREA DA SAÚDE",https://publico.recife.pe.leg.br/consultas/norma_juridica/norma_juridica_mostrar_proc?cod_norma=288,Lei Ordinária,2021-03-15,Outro
Lei Ordinária 18785/2021,"DISPÕE SOBRE O PROGRAMA CRÉDITO POPULAR DO RECIFE E DÁ OUTRAS PROVIDÊNCIAS.
""REGIME DE URGÊNCIA""",https://publico.recife.pe.leg.br/consultas/norma_juridica/norma_juridica_mostrar_proc?cod_norma=285,Lei Ordinária,2021-03-15,Outro
Lei Ordinária 18784/2021,"INSTITUI O AUXÍLIO MUNICIPAL EMERGENCIAL - AME CARNAVAL DO RECIFE, DESTINADO À CONCESSÃO DE BENEFÍCIO FINANCEIRO A AGREMIAÇÕES E DEMAIS ATRAÇÕES ARTÍSTICAS QUE ATUARAM NO CARNAVAL DO RECIFE EM 2020 E PREENCHAM OS DEMAIS REQUISITOS PREVISTOS NESTA LEI, DIANTE DA IMPOSSIBILIDADE DE REALIZAÇÃO DE EVENTOS CARNAVALESCOS EM 2021, POR FORÇA DA PERMANÊNCIA DA PANDEMIA DE COVID 19.    ""REGIME DE URGÊNCIA""",https://publico.recife.pe.leg.br/consultas/norma_juridica/norma_juridica_mostrar_proc?cod_norma=282,Lei Ordinária,2021-02-16,CalendarioEventos
Lei Ordinária 18783/2021,"INSTITUI A CARTEIRA DE IDENTIDADE FUNCIONAL DOS VEREADORES DO MUNICÍPIO DO RECIFE, CONSOANTE NORMAS GERAIS DISCIPLINADAS NA LEI FEDERAL Nº 13.862, DE 30 DE JULHO DE 2019, E DÁ OUTRAS PROVIDÊNCIAS.",https://publico.recife.pe.leg.br/consultas/norma_juridica/norma_juridica_mostrar_proc?cod_norma=279,Lei Ordinária,2021-01-19,CalendarioEventos
Lei Ordinária 18782/2021,"CRIA A “SEMANA MUNICIPAL DO MOTOCICLISMO”, PARA ESTIMULAR E APERFEIÇOAR A PRÁTICA DA MODALIDADE NA CIDADE DO RECIFE, COMO ATIVIDADE DE LAZER, ESPORTIVA E MEIO DE TRANSPORTE.
.",https://publico.recife.pe.leg.br/consultas/norma_juridica/norma_juridica_mostrar_proc?cod_norma=274,Lei Ordinária,2021-01-15,Outro
Lei Ordinária 18781/2021,"DENOMINA “RUA VALERIANO EUGÊNIO DE MELO - CORONEL VAVÁ” A ARTÉRIA QUE ESPECIFICA, SITUADA NO BAIRRO DE BEBERIBE, NO MUNICÍPIO DO RECIFE.",https://publico.recife.pe.leg.br/consultas/norma_juridica/norma_juridica_mostrar_proc?cod_norma=271,Lei Ordinária,2021-01-15,RenomearLogradouro
Lei Ordinária 18780/2021,"DENOMINA “RUA DOS CRENTES” A ARTÉRIA QUE ESPECIFICA, SITUADA NO BAIRRO DE PASSARINHO, NO MUNICIPIO DO RECIFE.",https://publico.recife.pe.leg.br/consultas/norma_juridica/norma_juridica_mostrar_proc?cod_norma=269,Lei Ordinária,2021-01-15,RenomearLogradouro
Lei Ordinária 18779/2021,DENOMINA DE MESTRE GERALDO DE ALMEIDA A  PRÓXIMA RUA  A SER CRIADA  NA CIDADE DO RECIFE.,https://publico.recife.pe.leg.br/consultas/norma_juridica/norma_juridica_mostrar_proc?cod_norma=35,Lei Ordinária,2021-01-15,RenomearLogradouro
Lei Ordinária 18778/2020,RECONHECE O PARQUE DE DIVERSÃO COMO PATRIMÔNIO CULTURAL DA CIDADE DO RECIFE E DÁ OUTRAS PROVIDÊNCIAS.,https://publico.recife.pe.leg.br/consultas/norma_juridica/norma_juridica_mostrar_proc?cod_norma=99,Lei Ordinária,2020-12-30,PatrimonioCultural
Lei Ordinária 18777/2020,"DENOMINAR-SE-Á DE “PRAÇA CAPIBARIBE, PARQUE E ACADEMIA DA CIDADE JERÔNIMO TAVARES DE ALMEIDA-CORONEL DO CAJUEIRO”, OS EQUIPAMENTOS PÚBLICOS LOCALIZADOS NA RUA CORONEL URBANO DE SENA, ESQUINA COM A RUA SUDESTE/NOROESTE, BAIRRO DO FUNDÃO, NESTA CIDADE DO RECIFE.",https://publico.recife.pe.leg.br/consultas/norma_juridica/norma_juridica_mostrar_proc?cod_norma=96,Lei Ordinária,2020-12-30,RenomearLogradouro
Lei Ordinária 18776/2020,DENOMINAR-SE-Á DE RADIALISTA ELIAS LOURENÇO A PRÓXIMA RUA A SER CRIADA NO PERÍMETRO URBANO DA CIDADE DO RECIFE.,https://publico.recife.pe.leg.br/consultas/norma_juridica/norma_juridica_mostrar_proc?cod_norma=94,Lei Ordinária,2020-12-30,CalendarioEventos
Lei Ordinária 18775/2020,DENOMINAR-SE-Á DE PROFESSOR JURISTA ROQUE DE BRITO ALVES À PRÓXIMA UNIDADE ESCOLAR A SER INAUGURADA NA CIDADE DO RECIFE.,https://publico.recife.pe.leg.br/consultas/norma_juridica/norma_juridica_mostrar_proc?cod_norma=93,Lei Ordinária,2020-12-30,Outro
Lei Ordinária 18774/2020,"ALTERA O ARTIGO 1° DA LEI MUNICIPAL Nº 18.692, DE 24 DE MARÇO DE 2020 E DÁ OUTRAS PROVIDÊNCIAS. ""REGIME DE URGÊNCIA""",https://publico.recife.pe.leg.br/consultas/norma_juridica/norma_juridica_mostrar_proc?cod_norma=89,Lei Ordinária,2020-12-30,Outro
Lei Ordinária 18773/2020,"PROMOVE A REESTRUTURAÇÃO DA ADMINISTRAÇÃO DIRETA E INDIRETA DO MUNICÍPIO DO RECIFE, EXTINGUE E TRANSFORMA CARGOS COMISSIONADOS E FUNÇÕES GRATIFICADAS, E DÁ OUTRAS PROVIDÊNCIAS.",https://publico.recife.pe.leg.br/consultas/norma_juridica/norma_juridica_mostrar_proc?cod_norma=85,Lei Ordinária,2020-12-29,Outro
Lei Ordinária 18772/2020,"ACRESCENTA O ART. 15 A, DA LEI MUNICIPAL Nº 16.719 DE 30 DE NOVEMBRO DE 2001.",https://publico.recife.pe.leg.br/consultas/norma_juridica/norma_juridica_mostrar_proc?cod_norma=79,Lei Ordinária,2020-12-29,Outro
Lei Ordinária 18771/2020,DISPÕE SOBRE O DESMEMBRAMENTO E POSTERIOR AMPLIAÇÃO DA ZEIS IBURA E JORDÃO.,https://publico.recife.pe.leg.br/consultas/norma_juridica/norma_juridica_mostrar_proc?cod_norma=77,Lei Ordinária,2020-12-29,Outro
Lei Ordinária 18770/2020,"INSTITUI O PLANO DIRETOR DO MUNICÍPIO DO RECIFE, REVOGANDO A LEI MUNICIPAL Nº 17.511, DE 29 DE DEZEMBRO DE 2008.",https://publico.recife.pe.leg.br/consultas/norma_juridica/norma_juridica_mostrar_proc?cod_norma=43,Lei Ordinária,2020-12-29,CalendarioEventos
Lei Ordinária 18769/2020,INSTITUI O PRIMEIRO PLANO DECENAL PARA A PRIMEIRA INFÂNCIA DO RECIFE.,https://publico.recife.pe.leg.br/consultas/norma_juridica/norma_juridica_mostrar_proc?cod_norma=907,Lei Ordinária,2020-12-23,CalendarioEventos
Lei Ordinária 18768/2020,"DISPÕE SOBRE A REGULARIZAÇÃO DE EDIFICAÇÕES, LOTES DE TERRENO E PROCESSOS CORRELATOS NO ÂMBITO DO MUNICÍPIO DO RECIFE.",https://publico.recife.pe.leg.br/consultas/norma_juridica/norma_juridica_mostrar_proc?cod_norma=102,Lei Ordinária,2020-12-23,Outro
Lei Ordinária 18767/2020,"DISPÕE SOBRE PROJETO DE LEI ORÇAMENTÁRIA ANUAL, QUE ESTIMA A RECEITA E FIXA A DESPESA DO MUNICÍPIO DO RECIFE PARA O EXERCÍCIO DE 2021.",https://publico.recife.pe.leg.br/consultas/norma_juridica/norma_juridica_mostrar_proc?cod_norma=108,Lei Ordinária,2020-12-16,Outro
Lei Ordinária 18766/2020,DISPÕE SOBRE A REVISÃO DO PLANO PLURIANUAL 2018-2021 DO MUNICÍPIO DO RECIFE PARA O EXERCÍCIO DE 2021.,https://publico.recife.pe.leg.br/consultas/norma_juridica/norma_juridica_mostrar_proc?cod_norma=110,Lei Ordinária,2020-12-16,Outro
Lei Ordinária 18765/2020,"ALTERA O INCISO III DO ART. 11, DA LEI MUNICIPAL Nº 18.528, DE 21 DE NOVEMBRO DE 2018, QUE DISPÕE SOBRE A UTILIZAÇÃO INTENSIVA DO SISTEMA VIÁRIO PARA O TRANSPORTE REMUNERADO INDIVIDUAL PRIVADO DE PASSAGEIROS INTERMEDIADOS POR PLATAFORMAS DIGITAIS NO MUNICÍPIO DO RECIFE.",https://publico.recife.pe.leg.br/consultas/norma_juridica/norma_juridica_mostrar_proc?cod_norma=124,Lei Ordinária,2020-11-19,CalendarioEventos
Lei Ordinária 18764/2020,"INSTITUI, NO CALENDÁRIO OFICIAL DE EVENTOS DO MUNICÍPIO DO RECIFE, A “SEMANA MUNICIPAL DA PREVENÇÃO DE ACIDENTES COM CRIANÇAS”.",https://publico.recife.pe.leg.br/consultas/norma_juridica/norma_juridica_mostrar_proc?cod_norma=125,Lei Ordinária,2020-11-19,CalendarioEventos
Lei Ordinária 18763/2020,"ACRESCENTA OS §§ 1º E 2º AO ART. 2º DA LEI MUNICIPAL Nº 15.819, DE 19 DE NOVEMBRO DE 1993, QUE OBRIGA OS ÓRGÃOS PÚBLICOS DO MUNICÍPIO A PROCEDER À COLETA SELETIVA DOS RESÍDUOS SÓLIDOS PARA FINS DE RECICLAGEM.",https://publico.recife.pe.leg.br/consultas/norma_juridica/norma_juridica_mostrar_proc?cod_norma=165,Lei Ordinária,2020-11-03,Outro
Lei Ordinária 18762/2020,"HOMENAGEIA OS RECIFENSES MORTOS PELO COVID-19, COM UM MONUMENTO NO RECIFE E DÁ OUTRAS PROVIDÊNCIAS.",https://publico.recife.pe.leg.br/consultas/norma_juridica/norma_juridica_mostrar_proc?cod_norma=167,Lei Ordinária,2020-11-03,Outro
Lei Ordinária 18761/2020,PROÍBE O ACÚMULO DAS FUNÇÕES DE MOTORISTA DE ÔNIBUS E COBRADOR DE TARIFAS NO TRANSPORTE PÚBLICO COLETIVO DO MUNICÍPIO DO RECIFE.,https://publico.recife.pe.leg.br/consultas/norma_juridica/norma_juridica_mostrar_proc?cod_norma=168,Lei Ordinária,2020-10-30,Outro
Lei Ordinária 18760/2020,"DENOMINA DE ""PRAÇA DE EVENTOS EDMILSON RODRIGUES DE FRANÇA"" A PRAÇA DE EVENTOS EXISTENTE NA LAGOA DO ARAÇÁ, NO MUNICÍPIO DO RECIFE.",https://publico.recife.pe.leg.br/consultas/norma_juridica/norma_juridica_mostrar_proc?cod_norma=170,Lei Ordinária,2020-10-28,CalendarioEventos
Lei Ordinária 18759/2020,"DECLARA DE UTILIDADE PÚBLICA, NO ÂMBITO DO MUNICÍPIO DO RECIFE, A FEDERAÇÃO DE ÓRGÃOS PARA ASSISTÊNCIA SOCIAL E EDUCACIONAL (FASE).",https://publico.recife.pe.leg.br/consultas/norma_juridica/norma_juridica_mostrar_proc?cod_norma=171,Lei Ordinária,2020-10-27,Outro
Lei Ordinária 18758/2020,"INSTITUI, NO CALENDÁRIO OFICIAL DE EVENTOS DO MUNICÍPIO DO RECIFE, A ""SEMANA MUNICIPAL DE SENSIBILIZAÇÃO À PERDA GESTACIONAL, NEONATAL E INFANTIL"".",https://publico.recife.pe.leg.br/consultas/norma_juridica/norma_juridica_mostrar_proc?cod_norma=173,Lei Ordinária,2020-10-27,CalendarioEventos
Lei Ordinária 18757/2020,"DISPÕE SOBRE O ACOMPANHAMENTO PSICOLÓGICO PARA AS MÃES DE NATIMORTO E AS MÃES COM ÓBITO FETAL, NO ÂMBITO DA CIDADE DO RECIFE E DÁ OUTRAS PROVIDÊNCIAS.",https://publico.recife.pe.leg.br/consultas/norma_juridica/norma_juridica_mostrar_proc?cod_norma=180,Lei Ordinária,2020-09-30,Outro
Lei Ordinária 18756/2020,OBRIGA OS CONDUTORES DOS VEÍCULOS DO SISTEMA DE TRANSPORTE PÚBLICO DE PASSAGEIROS DO RECIFE A SOCORRER DE IMEDIATO QUALQUER PASSAGEIRO COM SINAIS VITAIS COMPROMETIDOS OU MAL SÚBITO.,https://publico.recife.pe.leg.br/consultas/norma_juridica/norma_juridica_mostrar_proc?cod_norma=184,Lei Ordinária,2020-09-30,CalendarioEventos
Lei Ordinária 18755/2020,DISPÕE SOBRE A PROIBIÇÃO DE ALIMENTAÇÃO E/OU MANUTENÇÃO DE ABRIGO PARA POMBOS URBANOS (COLUMBA LIVIA - VARIEDADE DOMÉSTICA) NO ÂMBITO DO MUNICÍPIO DO RECIFE E DÁ OUTRAS PROVIDÊNCIAS.,https://publico.recife.pe.leg.br/consultas/norma_juridica/norma_juridica_mostrar_proc?cod_norma=186,Lei Ordinária,2020-09-28,Outro
Lei Ordinária 18754/2020,INSTITUI O MÊS “MAIO LARANJA” E O “DIA MUNICIPAL DE COMBATE AO ABUSO E À EXPLORAÇÃO SEXUAL DE CRIANÇAS E ADOLESCENTES” NO MUNICÍPIO DO RECIFE E DÁ OUTRAS PROVIDÊNCIAS.,https://publico.recife.pe.leg.br/consultas/norma_juridica/norma_juridica_mostrar_proc?cod_norma=187,Lei Ordinária,2020-09-28,CalendarioEventos
Lei Ordinária 18753/2020,DISPÕE SOBRE A IDENTIFICAÇÃO DE PREPOSTOS DE EMPRESAS PRESTADORAS DE SERVIÇOS NO ÂMBITO DO MUNICÍPIO DO RECIFE.,https://publico.recife.pe.leg.br/consultas/norma_juridica/norma_juridica_mostrar_proc?cod_norma=188,Lei Ordinária,2020-09-28,Outro
Lei Ordinária 18752/2020,"PROÍBE O USO, A PRODUÇÃO, O FORNECIMENTO E A VENDA DE CEROL E LINHA CHILENA NO MUNICÍPIO DO RECIFE.",https://publico.recife.pe.leg.br/consultas/norma_juridica/norma_juridica_mostrar_proc?cod_norma=189,Lei Ordinária,2020-09-17,Outro
Lei Ordinária 18751/2020,"DETERMINA QUE ESTABELECIMENTOS PRIVADOS INSTALADOS NO MUNICÍPIO DO RECIFE CONSIDERADOS COMO DE SERVIÇOS ESSENCIAIS FORNEÇAM MÁSCARAS, ÁLCOOL 70% E DISPONHAM DE PIA COM ÁGUA E SABÃO EM LOCAL DE FÁCIL ACESSO AOS SEUS FUNCIONÁRIOS.",https://publico.recife.pe.leg.br/consultas/norma_juridica/norma_juridica_mostrar_proc?cod_norma=190,Lei Ordinária,2020-09-15,Outro
Lei Ordinária 18750/2020,DISPÕE SOBRE A CRIAÇÃO DO PROJETO “SOM NA PRAÇA” NO MUNICÍPIO DO RECIFE.,https://publico.recife.pe.leg.br/consultas/norma_juridica/norma_juridica_mostrar_proc?cod_norma=191,Lei Ordinária,2020-08-26,RenomearLogradouro
Lei Ordinária 18749/2020,DISPÕE SOBRE A INSTITUIÇÃO DA “SEMANA MUNICIPAL DE COMBATE E PREVENÇÃO AO CÂNCER DE COLO DE ÚTERO” NO MUNICÍPIO DO RECIFE.,https://publico.recife.pe.leg.br/consultas/norma_juridica/norma_juridica_mostrar_proc?cod_norma=192,Lei Ordinária,2020-08-26,CalendarioEventos
Lei Ordinária 18748/2020,"INSTITUI, NO CALENDÁRIO OFICIAL DE EVENTOS DO MUNICÍPIO DO RECIFE, A “SEMANA DE PREVENÇÃO AO CÂNCER DE INTESTINO”.",https://publico.recife.pe.leg.br/consultas/norma_juridica/norma_juridica_mostrar_proc?cod_norma=193,Lei Ordinária,2020-08-26,CalendarioEventos
Lei Ordinária 18747/2020,"DISPÕE SOBRE AS VISITAS VIRTUAIS, POR MEIO DE VIDEOCHAMADAS DE FAMILIARES A PACIENTES INFECTADOS PELO NOVO CORONAVÍRUS (COVID-19) INTERNADOS EM UNIDADES DE TERAPIA INTENSIVA (UTIS) NO MUNICÍPIO DO RECIFE.",https://publico.recife.pe.leg.br/consultas/norma_juridica/norma_juridica_mostrar_proc?cod_norma=194,Lei Ordinária,2020-08-26,Outro
Lei Ordinária 18746/2020,DISPÕE SOBRE O REGISTRO E A DIVULGAÇÃO SEMESTRAL DOS ÍNDICES DE VIOLÊNCIA CONTRA A POPULAÇÃO LGBT NO ÂMBITO DO MUNICÍPIO DO RECIFE.,https://publico.recife.pe.leg.br/consultas/norma_juridica/norma_juridica_mostrar_proc?cod_norma=195,Lei Ordinária,2020-07-30,Outro
Lei Ordinária 18745/2020,"INSTITUI, NO CALENDÁRIO OFICIAL DE EVENTOS DA CIDADE DO RECIFE, A “SEMANA MUNICIPAL DO AGENTE COMUNITÁRIO DE SAÚDE (ACS) E DO AGENTE DE COMBATE ÀS ENDEMIAS (ACE)”.",https://publico.recife.pe.leg.br/consultas/norma_juridica/norma_juridica_mostrar_proc?cod_norma=196,Lei Ordinária,2020-07-27,CalendarioEventos
Lei Ordinária 18744/2020,"INSTITUI NO CALENDÁRIO OFICIAL DE EVENTOS DO MUNICÍPIO DO RECIFE, A “SEMANA MUNICIPAL DE CONSCIENTIZAÇÃO E COMBATE À DISSEMINAÇÃO DE NOTÍCIAS FALSAS FAKE NEWS.",https://publico.recife.pe.leg.br/consultas/norma_juridica/norma_juridica_mostrar_proc?cod_norma=197,Lei Ordinária,2020-07-27,CalendarioEventos
Lei Ordinária 18743/2020,DENOMINAR-SE-Á DE DR. ENIO LUSTOSA CANTARELLI A   MAIS NOVA UNIDADE HOSPITALAR A SER CRIADA NA CIDADE DO RECIFE.,https://publico.recife.pe.leg.br/consultas/norma_juridica/norma_juridica_mostrar_proc?cod_norma=205,Lei Ordinária,2020-07-27,Outro
Lei Ordinária 18742/2020,DISPÕE SOBRE A LIBERAÇÃO DA ENTRADA DE ANIMAIS DE ESTIMAÇÃO EM CASAS DE REPOUSO DESTINADAS À POPULAÇÃO IDOSA NO MUNICÍPIO DO RECIFE E DÁ OUTRAS PROVIDÊNCIAS.,https://publico.recife.pe.leg.br/consultas/norma_juridica/norma_juridica_mostrar_proc?cod_norma=259,Lei Ordinária,2020-07-20,Outro
Lei Ordinária 18741/2020,"DENOMINA DE “CICLOFAIXA PROFESSOR JOSIAS ALBUQUERQUE” A ROTA CICLÁVEL EXISTENTE NAS RUAS BISPO CARDOSO AYRES E TREZE DE MAIO, NO MUNICÍPIO DO RECIFE.",https://publico.recife.pe.leg.br/consultas/norma_juridica/norma_juridica_mostrar_proc?cod_norma=261,Lei Ordinária,2020-07-20,RenomearLogradouro
Lei Ordinária 18740/2020,"DISPÕE SOBRE A CONTRATAÇÃO DE ARTISTAS LOCAIS, ECONOMICAMENTE AFETADOS PELA PANDEMIA DO NOVO CORONAVÍRUS (COVID-19), PARA A REALIZAÇÃO DE SHOWS VIRTUAIS DURANTE O CICLO JUNINO NO MUNICÍPIO DO RECIFE.",https://publico.recife.pe.leg.br/consultas/norma_juridica/norma_juridica_mostrar_proc?cod_norma=262,Lei Ordinária,2020-07-17,Outro
Lei Ordinária 18739/2020,INSTITUI A “SEMANA MUNICIPAL DE ORIENTAÇÃO PROFISSIONAL PARA O PRIMEIRO EMPREGO” NO MUNICÍPIO DO RECIFE.,https://publico.recife.pe.leg.br/consultas/norma_juridica/norma_juridica_mostrar_proc?cod_norma=263,Lei Ordinária,2020-07-15,CalendarioEventos
Lei Ordinária 18738/2020,"ALTERA O ART. 7°, ACRESCENTA O ART. 12-A E PRORROGA O PRAZO DO ART. 39 DA LEI MUNICIPAL Nº 17.537/2009 – QUE FIXA NORMAS PARA A EXPLORAÇÃO DO SISTEMA MUNICIPAL DE TÁXI NO MUNICÍPIO DO RECIFE - SMTX/RECIFE.",https://publico.recife.pe.leg.br/consultas/norma_juridica/norma_juridica_mostrar_proc?cod_norma=264,Lei Ordinária,2020-07-06,Outro
Lei Ordinária 18737/2020,INSTITUI NO CALENDÁRIO OFICIAL DE EVENTOS DO MUNICÍPIO DO RECIFE A “SEMANA DE CONSCIENTIZAÇÃO E COMBATE AOS CRIMES COMETIDOS POR MEIO DA INTERNET”.,https://publico.recife.pe.leg.br/consultas/norma_juridica/norma_juridica_mostrar_proc?cod_norma=265,Lei Ordinária,2020-06-29,CalendarioEventos
Lei Ordinária 18736/2020,DISPÕE SOBRE A SUSPENSÃO DE CORTE DE ÁGUA E ENERGIA DURANTE 120 DIAS NO MUNICÍPIO DO RECIFE.,https://publico.recife.pe.leg.br/consultas/norma_juridica/norma_juridica_mostrar_proc?cod_norma=267,Lei Ordinária,2020-06-29,CalendarioEventos
Lei Ordinária 18735/2020,"DISPÕE SOBRE MENSAGENS EDUCATIVAS INFORMANDO OS MALEFÍCIOS DAS DROGAS E DO USO ABUSIVO DO ÁLCOOL EM SHOWS, EVENTOS CULTURAIS E ESPORTIVOS VOLTADOS PARA O PÚBLICO INFANTO-JUVENIL NO MUNICÍPIO DO RECIFE.",https://publico.recife.pe.leg.br/consultas/norma_juridica/norma_juridica_mostrar_proc?cod_norma=268,Lei Ordinária,2020-06-26,CalendarioEventos
Lei Ordinária 18734/2020,"INSTITUI O “DIA MUNICIPAL DE PREVENÇÃO, ORIENTAÇÃO E COMBATE AO ACIDENTE VASCULAR CEREBRAL (AVC)” NO MUNICÍPIO DO RECIFE.",https://publico.recife.pe.leg.br/consultas/norma_juridica/norma_juridica_mostrar_proc?cod_norma=270,Lei Ordinária,2020-06-29,CalendarioEventos
Lei Ordinária 18733/2020,"DENOMINA PROFESSOR FERNANDO FIGUEIRA A UNIDADE PÚBLICA AMBULATORIAL ESPECIALIZADA (UPA-E) A SER CONSTRUÍDA NO BAIRRO IBURA, LOCALIZADA NA AVENIDA DOIS RIOS, S/N, IBURA, RECIFE-PE.",https://publico.recife.pe.leg.br/consultas/norma_juridica/norma_juridica_mostrar_proc?cod_norma=272,Lei Ordinária,2020-06-29,RenomearLogradouro
Lei Ordinária 18732/2020,INSTITUI NO CALENDÁRIO OFICIAL DE EVENTOS DO MUNICÍPIO DO RECIFE O “DIA MUNICIPAL DO CUIDADOR”.,https://publico.recife.pe.leg.br/consultas/norma_juridica/norma_juridica_mostrar_proc?cod_norma=276,Lei Ordinária,2020-06-29,CalendarioEventos
Lei Ordinária 18731/2020,"INSTITUI O MÊS “JANEIRO BRANCO”, DEDICADO À CONSCIENTIZAÇÃO E À MOBILIZAÇÃO DA SOCIEDADE EM FAVOR DA SAÚDE MENTAL NO MUNICÍPIO DO RECIFE.",https://publico.recife.pe.leg.br/consultas/norma_juridica/norma_juridica_mostrar_proc?cod_norma=278,Lei Ordinária,2020-06-29,CalendarioEventos
Lei Ordinária 18730/2020,"DENOMINA MAURÍCIO PEDROSA A PRAÇA A SER CONSTRUÍDA NA QUADRA ""A"" DO LOTEAMENTO NOVA MORADA, NO BAIRRO CAXANGÁ, NO MUNICÍPIO DO RECIFE.",https://publico.recife.pe.leg.br/consultas/norma_juridica/norma_juridica_mostrar_proc?cod_norma=281,Lei Ordinária,2020-06-29,RenomearLogradouro
Lei Ordinária 18729/2020,INSTITUI A “SEMANA DO AMBIENTALISMO CONSCIENTE” NO MUNICÍPIO DO RECIFE.,https://publico.recife.pe.leg.br/consultas/norma_juridica/norma_juridica_mostrar_proc?cod_norma=284,Lei Ordinária,2020-06-29,CalendarioEventos
Lei Ordinária 18728/2020,"AUTORIZA, EM ATENDIMENTO AO § 2º DO ART. 9º DA LEI COMPLEMENTAR FEDERAL Nº 173, DE 27 DE MAIO DE 2020, A SUSPENSÃO DOS PAGAMENTOS DAS CONTRIBUIÇÕES PREVIDENCIÁRIAS PATRONAIS DO MUNICÍPIO DO RECIFE, DE SUAS AUTARQUIAS E FUNDAÇÕES DEVIDAS AO FUNDO PREVIDENCIÁRIO – RECIPREV, COM VENCIMENTO ENTRE 1º DE MARÇO E 31 DE DEZEMBRO DE 2020.",https://publico.recife.pe.leg.br/consultas/norma_juridica/norma_juridica_mostrar_proc?cod_norma=293,Lei Ordinária,2020-06-22,Outro
Lei Ordinária 18727/2020,"DENOMINA FRANCISCO BRENNAND O CENTRO COMUNITÁRIO DA PAZ (COMPAZ) A SER CONSTRUÍDO NO BAIRRO DA VÁRZEA, NO MUNICÍPIO DO RECIFE.",https://publico.recife.pe.leg.br/consultas/norma_juridica/norma_juridica_mostrar_proc?cod_norma=301,Lei Ordinária,2020-06-22,RenomearLogradouro
Lei Ordinária 18726/2020,INSTITUI NO CALENDÁRIO OFICIAL DE EVENTOS DO MUNICÍPIO DO RECIFE O “DIA MUNICIPAL DO OPTOMETRISTA”.,https://publico.recife.pe.leg.br/consultas/norma_juridica/norma_juridica_mostrar_proc?cod_norma=308,Lei Ordinária,2020-06-22,CalendarioEventos
Lei Ordinária 18725/2020,DISPÕE SOBRE AS DIRETRIZES PARA ELABORAÇÃO E EXECUÇÃO DA LEI ORÇAMENTÁRIA DE 2021.,https://publico.recife.pe.leg.br/consultas/norma_juridica/norma_juridica_mostrar_proc?cod_norma=506,Lei Ordinária,2020-06-19,Outro
Lei Ordinária 18724/2020,"AUTORIZA A CRIAÇÃO, NO PLANO PLURIANUAL, DE OBJETIVO ESPECÍFICO RELACIONADO AO COMBATE DE SITUAÇÕES DE EMERGÊNCIA, COMO EPIDEMIAS E PANDEMIAS, E A CRIAÇÃO DE AÇÃO ORÇAMENTÁRIA ESPECÍFICA, EM FAVOR DA SECRETARIA DE SAÚDE E DO FUNDO MUNICIPAL DE SAÚDE.
""REGIME DE URGÊNCIA""",https://publico.recife.pe.leg.br/consultas/norma_juridica/norma_juridica_mostrar_proc?cod_norma=514,Lei Ordinária,2020-06-08,Outro
Lei Ordinária 18723/2020,"DISPÕE SOBRE A SUSPENSÃO DO PRAZO DE VALIDADE DOS CONCURSOS PÚBLICOS REALIZADOS NO ÂMBITO DO MUNICÍPIO DO RECIFE, ENQUANTO VIGENTE O “ESTADO DE CALAMIDADE PÚBLICA” DECORRENTE DA PANDEMIA DO CORONAVÍRUS (COVID-19).",https://publico.recife.pe.leg.br/consultas/norma_juridica/norma_juridica_mostrar_proc?cod_norma=518,Lei Ordinária,2020-06-01,Outro
Lei Ordinária 18722/2020,DISPÕE SOBRE A AFIXAÇÃO DE AVISOS QUE ORIENTEM SOBRE O CRIME DE ABUSO SEXUAL NO INTERIOR DOS VEÍCULOS DE TRANSPORTE PÚBLICO DO MUNICÍPIO DO RECIFE.,https://publico.recife.pe.leg.br/consultas/norma_juridica/norma_juridica_mostrar_proc?cod_norma=526,Lei Ordinária,2020-05-25,Outro
Lei Ordinária 18721/2020,PROÍBE A UTILIZAÇÃO DE CÃES DE GUARDA SEM A PRESENÇA DE UM PROFISSIONAL CAPACITADO NA PRESTAÇÃO DE SERVIÇOS DE VIGILÂNCIA A IMÓVEL E TERRENO DE ÓRGÃOS E ENTIDADES DA ADMINISTRAÇÃO PÚBLICA DO MUNICÍPIO DO RECIFE.,https://publico.recife.pe.leg.br/consultas/norma_juridica/norma_juridica_mostrar_proc?cod_norma=527,Lei Ordinária,2020-05-25,Outro
Lei Ordinária 18720/2020,"INSTITUI, NO CALENDÁRIO OFICIAL DE EVENTOS DO MUNICÍPIO DO RECIFE, O “DIA MUNICIPAL DE CONSCIENTIZAÇÃO SOBRE A EPILEPSIA”.",https://publico.recife.pe.leg.br/consultas/norma_juridica/norma_juridica_mostrar_proc?cod_norma=528,Lei Ordinária,2020-05-25,CalendarioEventos
Lei Ordinária 18719/2020,INSTITUI O DIA MUNICIPAL DO TRIATHLON NO CALENDÁRIO OFICIAL DE EVENTOS DO MUNICÍPIO DO RECIFE.,https://publico.recife.pe.leg.br/consultas/norma_juridica/norma_juridica_mostrar_proc?cod_norma=529,Lei Ordinária,2020-05-25,CalendarioEventos
Lei Ordinária 18718/2020,"INSTITUI, NO CALENDÁRIO OFICIAL DE EVENTOS DO MUNICÍPIO DO RECIFE, O “DIA MUNICIPAL DO PROFISSIONAL DA IMPRENSA ESPORTIVA”.",https://publico.recife.pe.leg.br/consultas/norma_juridica/norma_juridica_mostrar_proc?cod_norma=530,Lei Ordinária,2020-05-25,CalendarioEventos
Lei Ordinária 18717/2020,DECLARA UTILIDADE PÚBLICA O CENTRO DE EDUCAÇÃO COMUNITÁRIA GABRIELA FELIZ,https://publico.recife.pe.leg.br/consultas/norma_juridica/norma_juridica_mostrar_proc?cod_norma=531,Lei Ordinária,2020-05-25,Outro
Lei Ordinária 18716/2020,"ACRESCENTA NOVA ATRIBUIÇÃO À SECRETARIA DE EDUCAÇÃO, ALTERANDO A LEI Nº 17.108, DE 27 DE JULHO DE 2005.",https://publico.recife.pe.leg.br/consultas/norma_juridica/norma_juridica_mostrar_proc?cod_norma=537,Lei Ordinária,2020-05-13,Outro
Lei Ordinária 18715/2020,INSTITUI A “SEMANA DE PROTEÇÃO ANIMAL” NO MUNICÍPIO DO RECIFE.,https://publico.recife.pe.leg.br/consultas/norma_juridica/norma_juridica_mostrar_proc?cod_norma=539,Lei Ordinária,2020-05-06,CalendarioEventos
Lei Ordinária 18714/2020,"CONCEDE ISENÇÃO DA CONTRIBUIÇÃO PARA O CUSTEIO DA ILUMINAÇÃO PÚBLICA – CIP PARA CONSUMIDORES DA CLASSE RESIDENCIAL ENQUADRADOS NA FAIXA DE CONSUMO ENTRE 80 (OITENTA) KWH E 220 (DUZENTOS E VINTE) KWH, DURANTE O PERÍODO COMPREENDIDO ENTRE 1º DE ABRIL E 30 DE JUNHO DE 2020.",https://publico.recife.pe.leg.br/consultas/norma_juridica/norma_juridica_mostrar_proc?cod_norma=540,Lei Ordinária,2020-05-06,Outro
Lei Ordinária 18713/2020,"INSTITUI, NO CALENDÁRIO OFICIAL DE EVENTOS DO MUNICÍPIO DO RECIFE, A “SEMANA MUNICIPAL DE CONSCIENTIZAÇÃO SOBRE A ALERGIA ALIMENTAR”.",https://publico.recife.pe.leg.br/consultas/norma_juridica/norma_juridica_mostrar_proc?cod_norma=542,Lei Ordinária,2020-03-30,CalendarioEventos
Lei Ordinária 18712/2020,INSTITUI O “DIA MUNICIPAL DO HISTORIADOR” NO CALENDÁRIO OFICIAL DE EVENTOS DO MUNICÍPIO DO RECIFE.,https://publico.recife.pe.leg.br/consultas/norma_juridica/norma_juridica_mostrar_proc?cod_norma=543,Lei Ordinária,2020-04-29,CalendarioEventos
Lei Ordinária 18711/2020,"INSTITUI, NO CALENDÁRIO OFICIAL DE EVENTOS DA CIDADE DO RECIFE, O “DIA MUNICIPAL DE VALORIZAÇÃO DAS PRERROGATIVAS DA ADVOCACIA”.",https://publico.recife.pe.leg.br/consultas/norma_juridica/norma_juridica_mostrar_proc?cod_norma=544,Lei Ordinária,2020-04-29,CalendarioEventos
Lei Ordinária 18710/2020,"CONCEDE PENSÃO ESPECIAL COMPLEMENTAR AOS DEPENDENTES DOS SERVIDORES PÚBLICOS EFETIVOS, DA AREA DE SAÚDE, 
QUE VENHAM A FALECER NO EXERCÍCIO DAS SUAS ATIVIDADES ESSENCIAIS E PRESENCIAIS DE ENFRENTAMENTO À PANDEMIA DO COVID-19.",https://publico.recife.pe.leg.br/consultas/norma_juridica/norma_juridica_mostrar_proc?cod_norma=545,Lei Ordinária,2020-04-17,Outro
Lei Ordinária 18709/2020,INSTITUI NO CALENDÁRIO OFICIAL DE EVENTOS DO MUNICÍPIO DO RECIFE A “SEMANA MUNICIPAL DA JUVENTUDE”.,https://publico.recife.pe.leg.br/consultas/norma_juridica/norma_juridica_mostrar_proc?cod_norma=546,Lei Ordinária,2020-03-30,CalendarioEventos
Lei Ordinária 18708/2020,INSTITUI O DIA MUNICIPAL DO GRÊMIO ESTUDANTIL.,https://publico.recife.pe.leg.br/consultas/norma_juridica/norma_juridica_mostrar_proc?cod_norma=547,Lei Ordinária,2020-04-06,CalendarioEventos
Lei Ordinária 18707/2020,"REVOGA A LEI Nº 18.706, DE 1º DE ABRIL DE 2020 (LEI QUE DISPÕE SOBRE O REAJUSTE DA REMUNERAÇÃO DOS SERVIDORES DO PODER LEGISLATIVO MUNICIPAL E DÁ OUTRAS PROVIDÊNCIAS).",https://publico.recife.pe.leg.br/consultas/norma_juridica/norma_juridica_mostrar_proc?cod_norma=548,Lei Ordinária,2020-04-03,Outro
Lei Ordinária 18706/2020,DISPÕE SOBRE O REAJUSTE DA REMUNERAÇÃO DOS SERVIDORES DO PODER LEGISLATIVO MUNICIPAL E DÁ OUTRAS PROVIDÊNCIAS.,https://publico.recife.pe.leg.br/consultas/norma_juridica/norma_juridica_mostrar_proc?cod_norma=549,Lei Ordinária,2020-04-01,Outro
Lei Ordinária 18705/2020,"DECLARA DE UTILIDADE PÚBLICA, NO ÂMBITO DO MUNICÍPIO DO RECIFE, O INSTITUTO DE APOIO SOCIOASSISTENCIAL DE PERNAMBUCO (IASPE).",https://publico.recife.pe.leg.br/consultas/norma_juridica/norma_juridica_mostrar_proc?cod_norma=550,Lei Ordinária,2020-03-30,Outro
Lei Ordinária 18704/2020,"REGULAMENTA OS PROCEDIMENTOS PARA CONTRATAÇÕES DESTINADAS AO FORNECIMENTO DE BENS, À PRESTAÇÃO DE SERVIÇOS, À LOCAÇÃO DE BENS E À EXECUÇÃO DE OBRAS NECESSÁRIAS AO ENFRENTAMENTO DA EMERGÊNCIA EM SAÚDE PÚBLICA DE IMPORTÂNCIA INTERNACIONAL, DECORRENTE DO CORONAVÍRUS, NO ÂMBITO DO PODER EXECUTIVO MUNICIPAL.",https://publico.recife.pe.leg.br/consultas/norma_juridica/norma_juridica_mostrar_proc?cod_norma=551,Lei Ordinária,2020-03-30,Outro
Lei Ordinária 18703/2020,INSTITUI O PROGRAMA EMERGENCIAL DE PAGAMENTO DO IPTU E DA TRSD REFERENTES AO EXERCÍCIO DE 2020.,https://publico.recife.pe.leg.br/consultas/norma_juridica/norma_juridica_mostrar_proc?cod_norma=552,Lei Ordinária,2020-03-30,Outro
Lei Ordinária 18702/2020,"CRIAÇÃO DO CONSELHO GESTOR DE CONFORMIDADE DOS CONTRATOS DE GESTÃO FIRMADOS COM AS ORGANIZAÇÕES SOCIAIS DE SAÚDE – OSS, NO ÂMBITO DA SECRETARIA DE SAÚDE DO RECIFE.",https://publico.recife.pe.leg.br/consultas/norma_juridica/norma_juridica_mostrar_proc?cod_norma=553,Lei Ordinária,2020-03-30,Outro
Lei Ordinária 18701/2020,"PRORROGA O PRAZO PARA ADESÃO PROGRAMA DE PARCELAMENTO INCENTIVADO (PPI) PREVISTO NA LEI N. 18.650, DE 30 DE OUTUBRO DE 2019, EM RAZÃO DE ESTADO DE EMERGÊNCIA DECORRENTE DA PANDEMIA DO COVID-19 (CORONAVÍRUS.",https://publico.recife.pe.leg.br/consultas/norma_juridica/norma_juridica_mostrar_proc?cod_norma=554,Lei Ordinária,2020-03-30,Outro
Lei Ordinária 18700/2020,"DENOMINAR-SE-Á RUA VICENTE FERREIRA DOS GUIMARÃES PEIXOTO A RUA FRANCISCO JACINTO, SITUADA NO BAIRRO DE SANTO AMARO.",https://publico.recife.pe.leg.br/consultas/norma_juridica/norma_juridica_mostrar_proc?cod_norma=555,Lei Ordinária,2020-03-30,RenomearLogradouro
Lei Ordinária 18699/2020,CRIA A “SEMANA MUNICIPAL DE PREVENÇÃO E CONSCIENTIZAÇÃO CONTRA VIOLÊNCIA E MAUS-TRATOS ÀS PESSOAS COM DEFICIÊNCIA”.,https://publico.recife.pe.leg.br/consultas/norma_juridica/norma_juridica_mostrar_proc?cod_norma=556,Lei Ordinária,2020-03-30,Outro
Lei Ordinária 18698/2020,"INSTITUI NO CALENDÁRIO OFICIAL DE EVENTOS DO MUNICÍPIO DO RECIFE O “DIA MUNICIPAL DO CAIAQUEIRO"".",https://publico.recife.pe.leg.br/consultas/norma_juridica/norma_juridica_mostrar_proc?cod_norma=558,Lei Ordinária,2020-03-30,CalendarioEventos
Lei Ordinária 18697/2020,"DENOMINAR-SE-Á “ENGENHEIRO HÉLIO ALMEIDA ARAÚJO” A PRAÇA LOCALIZADA NA RUA DOS PALMARES, NO BAIRRO DE SANTO AMARO, NO MUNICÍPIO DO RECIFE.",https://publico.recife.pe.leg.br/consultas/norma_juridica/norma_juridica_mostrar_proc?cod_norma=559,Lei Ordinária,2020-03-30,RenomearLogradouro
Lei Ordinária 18696/2020,"DISPÕE SOBRE A INCLUSÃO NO CALENDÁRIO OFICIAL DE EVENTOS DO MUNICÍPIO DO RECIFE DO “DIA DA FAMÍLIA RECIFENSE”, A SER COMEMORADO NO PRIMEIRO DOMINGO APÓS O DIA INTERNACIONAL DA FAMÍLIA.",https://publico.recife.pe.leg.br/consultas/norma_juridica/norma_juridica_mostrar_proc?cod_norma=560,Lei Ordinária,2020-03-30,CalendarioEventos
Lei Ordinária 18695/2020,"DENOMINAR-SE-Á “VEREADOR GILBERTO LUNA” A CICLOVIA A SER INAUGURADA NA AV. MASCARENHAS DE MORAES, NO MUNICÍPIO DO RECIFE.",https://publico.recife.pe.leg.br/consultas/norma_juridica/norma_juridica_mostrar_proc?cod_norma=561,Lei Ordinária,2020-03-30,RenomearLogradouro
Lei Ordinária 18694/2020,"INSTITUI, NO CALENDÁRIO OFICIAL DE EVENTOS DO MUNICÍPIO DO RECIFE, O “DIA MUNICIPAL DO PROFISSIONAL DE GESTÃO EM QUALIDADE”.",https://publico.recife.pe.leg.br/consultas/norma_juridica/norma_juridica_mostrar_proc?cod_norma=717,Lei Ordinária,2020-03-30,CalendarioEventos
Lei Ordinária 18693/2020,INSTITUI O PROGRAMA EMERGENCIAL DE ANTECIPAÇÃO DO PAGAMENTO DO IPTU E DA TRSD REFERENTES AO EXERCÍCIO.,https://publico.recife.pe.leg.br/consultas/norma_juridica/norma_juridica_mostrar_proc?cod_norma=718,Lei Ordinária,2020-03-24,Outro
Lei Ordinária 18692/2020,DISPÕE SOBRE AUTORIZAÇÃO PARA CONTRATAÇÃO DE OPERAÇÃO DE CRÉDITO JUNTO AO BANCO DO BRASIL S.A.,https://publico.recife.pe.leg.br/consultas/norma_juridica/norma_juridica_mostrar_proc?cod_norma=719,Lei Ordinária,2020-03-24,Outro
Lei Ordinária 18691/2020,PROÍBE A COMERCIALIZAÇÃO E A OFERTA GRATUITA DE CANUDOS DE PLÁSTICO EM ESTABELECIMENTOS QUE MANIPULEM ALIMENTOS E BEBIDAS NO MUNICÍPIO DO RECIFE.,https://publico.recife.pe.leg.br/consultas/norma_juridica/norma_juridica_mostrar_proc?cod_norma=720,Lei Ordinária,2020-03-20,Outro
Lei Ordinária 18690/2020,INSTITUI O FUNDO MUNICIPAL DE POLÍTICA PARA A MULHER - FMPM E DÁ OUTRAS PROVIDÊNCIAS.,https://publico.recife.pe.leg.br/consultas/norma_juridica/norma_juridica_mostrar_proc?cod_norma=721,Lei Ordinária,2020-03-16,Outro
Lei Ordinária 18689/2020,"REVOGA O § 3º DO ART. 2°DA LEI MUNICIPAL Nº 18.661, DE 14 DE NOVEMBRO DE 2019 E DÁ OUTRAS PROVIDÊNCIAS.
""REGIME DE URGÊNCIA""",https://publico.recife.pe.leg.br/consultas/norma_juridica/norma_juridica_mostrar_proc?cod_norma=723,Lei Ordinária,2020-03-16,Outro
Lei Ordinária 18688/2020,"ALTERA O ART.1°DA LEI MUNICIPAL Nº 18.615, DE 04 DE SETEMBRO DE 2019 E DÁ OUTRAS PROVIDÊNCIAS. 

""REGIME DE URGÊNCIA""",https://publico.recife.pe.leg.br/consultas/norma_juridica/norma_juridica_mostrar_proc?cod_norma=731,Lei Ordinária,2020-03-16,Outro
Lei Ordinária 18687/2020,DISPÕE SOBRE A AMPLIAÇÃO DA ZEIS CARANGUEJO TABAIARES.,https://publico.recife.pe.leg.br/consultas/norma_juridica/norma_juridica_mostrar_proc?cod_norma=735,Lei Ordinária,2020-03-10,Outro
Lei Ordinária 18686/2020,INSTITUI NO CALENDÁRIO OFICIAL DE EVENTOS DO MUNICÍPIO DO RECIFE O “DIA MUNICIPAL DO TRADUTOR E INTÉRPRETE DA LÍNGUA BRASILEIRA DE SINAIS (LIBRAS)”.,https://publico.recife.pe.leg.br/consultas/norma_juridica/norma_juridica_mostrar_proc?cod_norma=736,Lei Ordinária,2020-03-11,CalendarioEventos
Lei Ordinária 18685/2020,"MODIFICA O ART. 1º DA LEI MUNICIPAL Nº 18.567, DE 9 DE ABRIL DE 2019, QUE INSTITUI NO CALENDÁRIO OFICIAL DE EVENTOS DO MUNICÍPIO DO RECIFE O ""DIA DA SECRETÁRIA"", A SER COMEMORADO, ANUALMENTE, NO DIA 30 DE SETEMBRO.",https://publico.recife.pe.leg.br/consultas/norma_juridica/norma_juridica_mostrar_proc?cod_norma=737,Lei Ordinária,2020-03-11,CalendarioEventos
Lei Ordinária 18684/2020,CONSIDERA PATRIMÔNIO CULTURAL MATERIAL DO RECIFE O “PARQUE DAS ESCULTURAS”.,https://publico.recife.pe.leg.br/consultas/norma_juridica/norma_juridica_mostrar_proc?cod_norma=740,Lei Ordinária,2020-03-11,PatrimonioCultural
Lei Ordinária 18683/2020,DENOMINAR-SE-Á “JEFFERSON ROBERTO DOS SANTOS” A PRÓXIMA ESCOLA MUNICIPAL A SER CONSTRUÍDA NO BAIRRO MANGABEIRA PELA PREFEITURA DA CIDADE DO RECIFE.,https://publico.recife.pe.leg.br/consultas/norma_juridica/norma_juridica_mostrar_proc?cod_norma=741,Lei Ordinária,2020-03-11,RenomearLogradouro
Lei Ordinária 18682/2020,"ESTABELECE NORMAS SUPLEMENTARES RELATIVAS À ATUAÇÃO DOS BOMBEIROS CIVIS NO MUNICÍPIO DO RECIFE, OBSERVADA A LEGISLAÇÃO FEDERAL E ESTADUAL EM VIGOR.",https://publico.recife.pe.leg.br/consultas/norma_juridica/norma_juridica_mostrar_proc?cod_norma=742,Lei Ordinária,2020-01-13,Outro
Lei Ordinária 18681/2020,"INSTITUI, NO CALENDÁRIO OFICIAL DE EVENTOS DO MUNICÍPIO DO RECIFE, A SEMANA MUNICIPAL DO PROFISSIONAL DE EDUCAÇÃO FÍSICA.",https://publico.recife.pe.leg.br/consultas/norma_juridica/norma_juridica_mostrar_proc?cod_norma=41,Lei Ordinária,2020-01-13,CalendarioEventos
Lei Ordinária 18680/2020,DENOMINAR-SE-Á “JEFFERSON ROBERTO DOS SANTOS” A PRÓXIMA ESCOLA MUNICIPAL A SER CONSTRUÍDA NO BAIRRO MANGABEIRA PELA PREFEITURA DA CIDADE DO RECIFE.,https://publico.recife.pe.leg.br/consultas/norma_juridica/norma_juridica_mostrar_proc?cod_norma=927,Lei Ordinária,2020-01-14,RenomearLogradouro
Lei Ordinária 18679/2020,"DENOMINA “FLORANCE MARY FERREIRA MONT´ALVERNE” A PRAÇA SITUADA NO BAIRRO TORRE, MUNICÍPIO DO RECIFE.",https://publico.recife.pe.leg.br/consultas/norma_juridica/norma_juridica_mostrar_proc?cod_norma=928,Lei Ordinária,2020-01-04,RenomearLogradouro
Lei Ordinária 18680/2019,DENOMINAR-SE-Á “JEFFERSON ROBERTO DOS SANTOS” A PRÓXIMA ESCOLA MUNICIPAL A SER CONSTRUÍDA NO BAIRRO MANGABEIRA PELA PREFEITURA DA CIDADE DO RECIFE.,https://publico.recife.pe.leg.br/consultas/norma_juridica/norma_juridica_mostrar_proc?cod_norma=1577,Lei Ordinária,2019-12-11,RenomearLogradouro
Lei Ordinária 18679/2019,"DENOMINA “FLORANCE MARY FERREIRA MONT´ALVERNE” A PRAÇA SITUADA NO BAIRRO TORRE, MUNICÍPIO DO RECIFE.",https://publico.recife.pe.leg.br/consultas/norma_juridica/norma_juridica_mostrar_proc?cod_norma=1579,Lei Ordinária,2019-12-31,RenomearLogradouro
Lei Ordinária 18678/2019,"ALTERA ZONEAMENTO DA CIDADE, INSTITUINDO ZONA ESPECIAL DE INTERESSE SOCIAL II - ZEIS II",https://publico.recife.pe.leg.br/consultas/norma_juridica/norma_juridica_mostrar_proc?cod_norma=933,Lei Ordinária,2019-12-27,Outro
Lei Ordinária 18677/2019,"AUTORIZA O PREFEITO DA CIDADE DO RECIFE, ASSINAR ACORDOS COM ESCRITÓRIO DAS NAÇÕES UNIDAS SOBRE DROGAS E CRIME- UNODC.",https://publico.recife.pe.leg.br/consultas/norma_juridica/norma_juridica_mostrar_proc?cod_norma=937,Lei Ordinária,2019-12-27,Outro
Lei Ordinária 18676/2019,"DISPÕE SOBRE A ESTRUTURA ORGÂNICA DO PROCON RECIFE, O FUNDO MUNICIPAL DE DEFESA DO CONSUMIDOR – FUNDEC, REVOGA A LEI Nº 16.695, DE 5 DE OUTUBRO DE 2001, E DÁ OUTRAS PROVIDÊNCIAS.",https://publico.recife.pe.leg.br/consultas/norma_juridica/norma_juridica_mostrar_proc?cod_norma=938,Lei Ordinária,2019-12-27,Outro
Lei Ordinária 18675/2019,"DÁ NOVA REDAÇÃO AO ARTIGO 6º, DA LEI Nº 17.103, DE 06 DE JULHO DE 2005.(QUE DISPÕE SOBRE GRATIFICAÇÃO  A SERVIDORES MUNICIPAIS RESPONSÁVEIS POR ENTREGA DE DOCUMENTOS ORIUNDOS DA SECRETARIA DE FINANÇAS E PROCURADORIA GERAL DO MUNICÍPIO).",https://publico.recife.pe.leg.br/consultas/norma_juridica/norma_juridica_mostrar_proc?cod_norma=939,Lei Ordinária,2019-12-27,Outro
Lei Ordinária 18674/2019,"INSTITUI, NO CALENDÁRIO OFICIAL DE EVENTOS DO MUNICÍPIO DO RECIFE, O “DIA MUNICIPAL DE COMBATE À INTOLERÂNCIA RELIGIOSA”.",https://publico.recife.pe.leg.br/consultas/norma_juridica/norma_juridica_mostrar_proc?cod_norma=940,Lei Ordinária,2019-12-23,CalendarioEventos
Lei Ordinária 18673/2019,"ALTERA DISPOSITIVOS DA LEI Nº 15.563, DE 27 DE DEZEMBRO DE 1991 - CÓDIGO TRIBUTÁRIO MUNICIPAL, DA LEI Nº 18.276, DE 2 DEZEMBRO DE 2016 E DA LEI Nº 17.944, DE 9 DEZEMBRO DE 2013.",https://publico.recife.pe.leg.br/consultas/norma_juridica/norma_juridica_mostrar_proc?cod_norma=942,Lei Ordinária,2019-12-23,Outro
Lei Ordinária 18672/2019,ESTIMA A RECEITA E FIXA A DESPESA DO MUNICÍPIO DO RECIFE PARA O EXERCÍCIO DE 2020.,https://publico.recife.pe.leg.br/consultas/norma_juridica/norma_juridica_mostrar_proc?cod_norma=944,Lei Ordinária,2019-12-16,Outro
Lei Ordinária 18671/2019,DISPÕE SOBRE A REVISÃO DO PLANO PLURIANUAL 2018-2021 DO MUNICÍPIO DO RECIFE PARA O EXERCÍCIO DE 2020.,https://publico.recife.pe.leg.br/consultas/norma_juridica/norma_juridica_mostrar_proc?cod_norma=947,Lei Ordinária,2019-12-16,Outro
Lei Ordinária 18670/2019,"ALTERA O NOME DA RUA CLETO PRAIA, NO BAIRRO DE NOVA DESCOBERTA, PARA “RUA MARIA JOSÉ DE SOUZA MENDONÇA""",https://publico.recife.pe.leg.br/consultas/norma_juridica/norma_juridica_mostrar_proc?cod_norma=949,Lei Ordinária,2019-12-13,RenomearLogradouro
Lei Ordinária 18669/2019,"INSTITUI, NO CALENDÁRIO OFICIAL DO RECIFE, O DIA 17 DE SETEMBRO COMO  DIA MUNICIPAL DA PESSOA COM DOENÇAS NEUROMUSCULAR.",https://publico.recife.pe.leg.br/consultas/norma_juridica/norma_juridica_mostrar_proc?cod_norma=951,Lei Ordinária,2019-12-05,CalendarioEventos
Lei Ordinária 18668/2019,ESTABELECE NORMAS BÁSICAS DE SEGURANÇA PARA O FUNCIONAMENTO DE KARTÓDROMOS NO MUNICÍPIO DO RECIFE.,https://publico.recife.pe.leg.br/consultas/norma_juridica/norma_juridica_mostrar_proc?cod_norma=978,Lei Ordinária,2019-12-05,Outro
Lei Ordinária 18667/2019,"TORNA OBRIGATÓRIA A AFIXAÇÃO DE PLACA EM BRAILE NAS ESCADAS E ESTEIRAS ROLANTES DE SHOPPINGS, CENTROS DE FEIRAS E GALERIAS COMERCIAIS BEM COMO DE LOJAS E CINEMAS DO MUNICÍPIO DO RECIFE.",https://publico.recife.pe.leg.br/consultas/norma_juridica/norma_juridica_mostrar_proc?cod_norma=979,Lei Ordinária,2019-12-03,Outro
Lei Ordinária 18666/2019,"DENOMINAR-SE-Á “DESEMBARGADOR MÁRIO  MELO” A RUA SITUADA NO BAIRRO ILHA DO RETIRO, NO MUNICÍPIO DO RECIFE.",https://publico.recife.pe.leg.br/consultas/norma_juridica/norma_juridica_mostrar_proc?cod_norma=980,Lei Ordinária,2019-12-03,RenomearLogradouro
Lei Ordinária 18665/2019,"MODIFICA A LEI Nº 18.258, DE 05 DE AGOSTO DE 2016, QUE REGULA O USO DE ALARMES SONOROS DE GARAGENS NO MUNICÍPIO DE RECIFE.",https://publico.recife.pe.leg.br/consultas/norma_juridica/norma_juridica_mostrar_proc?cod_norma=981,Lei Ordinária,2019-12-02,Outro
Lei Ordinária 18664/2019,"INSTITUI, NO CALENDÁRIO OFICIAL DE EVENTOS DO MUNICÍPIO DO RECIFE, O “DIA MUNICIPAL DO RADIALISTA”.",https://publico.recife.pe.leg.br/consultas/norma_juridica/norma_juridica_mostrar_proc?cod_norma=982,Lei Ordinária,2019-12-02,CalendarioEventos
Lei Ordinária 18663/2019,"CRIA CARGOS PÚBLICOS EFETIVOS NO ÂMBITO DA SECRETARIA DE SAÚDE DO MUNICÍPIO DO RECIFE, ALTERA DISPOSITIVOS DA LEI Nº 18.592, DE 20 DE JUNHO DE 2019, DA LEI Nº 18.504, DE 5 DE JULHO DE 2018, DA LEI Nº 17.772, DE 16 DE JANEIRO DE 2012, DA LEI Nº 17.732, DE 29 DE AGOSTO DE 2011, INSTITUI A COMISSÃO PERMANENTE DE APURAÇÃO E APLICAÇÃO DE PENALIDADES, E DÁ OUTRAS PROVIDÊNCIAS.       
""REGIME DE URGÊNCIA""",https://publico.recife.pe.leg.br/consultas/norma_juridica/norma_juridica_mostrar_proc?cod_norma=983,Lei Ordinária,2019-11-29,CalendarioEventos
Lei Ordinária 18662/2019,"INSTITUI, NO CALENDÁRIO OFICIAL DE EVENTOS DO MUNICÍPIO DO RECIFE, O “DIA MUNICIPAL DO PROFISSIONAL DE TECNOLOGIA DA INFORMAÇÃO”.",https://publico.recife.pe.leg.br/consultas/norma_juridica/norma_juridica_mostrar_proc?cod_norma=984,Lei Ordinária,2019-11-18,CalendarioEventos
Lei Ordinária 18661/2019,"DISPÕE SOBRE AUTORIZAÇÃO PARA CONTRATAÇÃO DE OPERAÇÃO DE CRÉDITO JUNTO À CAIXA ECONÔMICA FEDERAL. NO ÂMBITO DO FINISA – FINANCIAMENTO A INFRAESTRUTURA E AO SANEAMENTO NO VALOR DE R$ 201.000.000,00.",https://publico.recife.pe.leg.br/consultas/norma_juridica/norma_juridica_mostrar_proc?cod_norma=985,Lei Ordinária,2019-11-13,Outro
Lei Ordinária 18660/2019,"DISPÕE SOBRE AUTORIZAÇÃO PARA CONTRATAÇÃO DE OPERAÇÃO DE CRÉDITO JUNTO AO BANCO DO BRASIL S.A. NO ÂMBITO DO PROGRAMA EFICIÊNCIA MUNICIPAL NO VALOR DE R$ 35.000.000,00.
""REGIME DE URGÊNCIA""",https://publico.recife.pe.leg.br/consultas/norma_juridica/norma_juridica_mostrar_proc?cod_norma=986,Lei Ordinária,2019-11-13,Outro
Lei Ordinária 18659/2019,"ALTERA A REDAÇÃO DA LEI MUNICIPAL Nº 17.105, DE 15 DE JULHO DE 2005, QUE REGE O CONSELHO MUNICIPAL DE POLÍTICA CULTURAL.",https://publico.recife.pe.leg.br/consultas/norma_juridica/norma_juridica_mostrar_proc?cod_norma=987,Lei Ordinária,2019-11-13,Outro
Lei Ordinária 18658/2019,DECLARA O RECIFENSE PAULO FREIRE PATRONO DA EDUCAÇÃO DO RECIFE.,https://publico.recife.pe.leg.br/consultas/norma_juridica/norma_juridica_mostrar_proc?cod_norma=988,Lei Ordinária,2019-11-06,Outro
Lei Ordinária 18657/2019,"INSTITUI O DIA MUNICIPAL DA SEGURANÇA URBANA NO CALENDÁRIO OFICIAL DE EVENTOS DO MUNICÍPIO DO RECIFE,  A SER CELEBRADO NO DIA 21 DE ABRIL E DÁ OUTRAS PROVIDÊNCIAS.",https://publico.recife.pe.leg.br/consultas/norma_juridica/norma_juridica_mostrar_proc?cod_norma=1003,Lei Ordinária,2019-11-04,CalendarioEventos
Lei Ordinária 18656/2019,INSTITUI MULTA AO USUÁRIO DOS VEÍCULOS QUE OPERAM LINHAS DO SISTEMA DE TRANSPORTE PÚBLICO DE PASSAGEIROS DO RECIFE – STPP/RECIFE.,https://publico.recife.pe.leg.br/consultas/norma_juridica/norma_juridica_mostrar_proc?cod_norma=1004,Lei Ordinária,2019-11-04,CalendarioEventos
Lei Ordinária 18655/2019,"DENOMINAR-SE-Á “GOVERNADOR EDUARDO CAMPOS” O PARQUE PÚBLICO A SER INSTALADO NO ANTIGO TERRENO DO AEROCLUBE DE PERNAMBUCO, NO BAIRRO PINA, RECIFE/PE.",https://publico.recife.pe.leg.br/consultas/norma_juridica/norma_juridica_mostrar_proc?cod_norma=1005,Lei Ordinária,2019-11-04,RenomearLogradouro
Lei Ordinária 18654/2019,"AUTORIZA A ABERTURA DE CRÉDITO ESPECIAL AO ORÇAMENTO FISCAL DO MUNICÍPIO DO RECIFE, EM FAVOR DA AUTARQUIA DE TRÂNSITO E TRANSPORTES URBANOS – CTTU, NO VALOR DE R$ 100.000,00 (CEM MIL REAIS).",https://publico.recife.pe.leg.br/consultas/norma_juridica/norma_juridica_mostrar_proc?cod_norma=1006,Lei Ordinária,2019-11-04,Outro
Lei Ordinária 18653/2019,DISPÕE SOBRE RETRIBUIÇÃO PECUNIÁRIA A SERVIDORES NO ÂMBITO DA CÂMARA MUNICIPAL DO RECIFE E DÁ OUTRAS PROVIDENCIAS,https://publico.recife.pe.leg.br/consultas/norma_juridica/norma_juridica_mostrar_proc?cod_norma=1008,Lei Ordinária,2019-11-01,Outro
Lei Ordinária 18652/2019,"AUTORIZA O PODER EXECUTIVO A CONTRATAR OPERAÇÃO DE CRÉDITO JUNTO AO BANCO NACIONAL DE DESENVOLVIMENTO ECONÔMICO E SOCIAL (BNDES) RELATIVA AO PROGRAMA DE MODERNIZAÇÃO DA ADMINISTRAÇÃO TRIBUTÁRIA E DA GESTÃO DOS SETORES SOCIAIS BÁSICOS (PMAT). 
 ""REGIME DE URGÊNCIA""",https://publico.recife.pe.leg.br/consultas/norma_juridica/norma_juridica_mostrar_proc?cod_norma=1570,Lei Ordinária,2019-10-30,Outro
Lei Ordinária 18651/2019,INSTITUI O PROGRAMA DE REGULARIZAÇÃO DO IPTU COMPLEMENTAR 2015/2016.,https://publico.recife.pe.leg.br/consultas/norma_juridica/norma_juridica_mostrar_proc?cod_norma=1036,Lei Ordinária,2019-10-30,Outro
Lei Ordinária 18650/2019,"INSTITUI O PROGRAMA DE PARCELAMENTO INCENTIVADO - PPI, NO MUNICÍPIO DO RECIFE.",https://publico.recife.pe.leg.br/consultas/norma_juridica/norma_juridica_mostrar_proc?cod_norma=1040,Lei Ordinária,2019-10-30,CalendarioEventos
Lei Ordinária 18649/2019,"INSTITUI A DATA DE 15/01/1654 COMO MARCO INAUGURAL DE CRIAÇÃO DO BAIRRO DE SANTO AMARO E INCLUI, NO CALENDÁRIO OFICIAL DE EVENTOS DO MUNICÍPIO DO RECIFE, O DIA 15 DE JANEIRO COMO ANIVERSÁRIO DO BAIRRO.",https://publico.recife.pe.leg.br/consultas/norma_juridica/norma_juridica_mostrar_proc?cod_norma=1045,Lei Ordinária,2019-10-28,CalendarioEventos
Lei Ordinária 18648/2019,"DENOMINA “SEVERINO MIGUEL DE SOUZA (BIBIU)” A PRAÇA E A QUADRA DE ESPORTES LOCALIZADAS NA RUA ALTO JOSÉ BONIFÁCIO, NO BAIRRO ALTO JOSÉ BONIFÁCIO.",https://publico.recife.pe.leg.br/consultas/norma_juridica/norma_juridica_mostrar_proc?cod_norma=1048,Lei Ordinária,2019-10-28,RenomearLogradouro
Lei Ordinária 18647/2019,INSTITUI O “DIA MUNICIPAL DE CONSCIENTIZAÇÃO DA SÍNDROME DE TOURETTE” NO CALENDÁRIO OFICIAL DE EVENTOS DO MUNICÍPIO DO RECIFE.,https://publico.recife.pe.leg.br/consultas/norma_juridica/norma_juridica_mostrar_proc?cod_norma=1068,Lei Ordinária,2019-10-18,CalendarioEventos
Lei Ordinária 18646/2019,"INSTITUI, NO CALENDÁRIO OFICIAL DE EVENTOS DO MUNICÍPIO DO RECIFE, O “DIA DE UMA ÁRVORE NA CALÇADA”.",https://publico.recife.pe.leg.br/consultas/norma_juridica/norma_juridica_mostrar_proc?cod_norma=1569,Lei Ordinária,2019-10-18,CalendarioEventos
Lei Ordinária 18645/2019,INCLUI NO CALENDÁRIO OFICIAL DE EVENTOS DO MUNICÍPIO DO RECIFE O “DIA MUNICIPAL DO AGENTE DE SAÚDE AMBIENTAL E COMBATE ÀS ENDEMIAS (ASACE)”.,https://publico.recife.pe.leg.br/consultas/norma_juridica/norma_juridica_mostrar_proc?cod_norma=1086,Lei Ordinária,2019-10-18,CalendarioEventos
Lei Ordinária 18644/2019,"DISPÕE SOBRE A OBRIGATORIEDADE DO FORNECIMENTO DE CARDÁPIO EM BRAILE NOS BARES, RESTAURANTES, LANCHONETES, HOTÉIS, CLUBES, CASAS DE SHOW E SIMILARES SITUADOS NO MUNICÍPIO DO RECIFE",https://publico.recife.pe.leg.br/consultas/norma_juridica/norma_juridica_mostrar_proc?cod_norma=1088,Lei Ordinária,2019-10-18,Outro
Lei Ordinária 18643/2019,"ALTERA A REDAÇÃO DO ART. 1º DA LEI Nº 16.900, DE 17 DE OUTUBRO DE 2003.",https://publico.recife.pe.leg.br/consultas/norma_juridica/norma_juridica_mostrar_proc?cod_norma=1091,Lei Ordinária,2019-10-18,Outro
Lei Ordinária 18642/2019,INSTITUI O “DIA MUNICIPAL DO TÉCNICO EM SEGURANÇA DO TRABALHO” NO CALENDÁRIO OFICIAL DE EVENTOS DO MUNICÍPIO DO RECIFE.,https://publico.recife.pe.leg.br/consultas/norma_juridica/norma_juridica_mostrar_proc?cod_norma=1093,Lei Ordinária,2019-10-18,CalendarioEventos
Lei Ordinária 18641/2019,"INSTITUI O MÊS “JUNHO BRANCO” PARA A PREVENÇÃO, CONSCIENTIZAÇÃO E EDUCAÇÃO QUANTO AOS MALEFÍCIOS DO CONSUMO DE DROGAS LÍCITAS E ILÍCITAS NO MUNICÍPIO DO RECIFE.",https://publico.recife.pe.leg.br/consultas/norma_juridica/norma_juridica_mostrar_proc?cod_norma=1095,Lei Ordinária,2019-10-18,CalendarioEventos
Lei Ordinária 18640/2019,"DISPÕE SOBRE A COLOCAÇÃO DE INFORMAÇÕES SOBRE CAMPANHAS DE VACINAÇÃO NAS AGENDAS, CADERNOS E/OU QUALQUER MEIO DE COMUNICAÇÃO ESCRITO ESTABELECIDO COM OS PAIS DOS ALUNOS DA REDE PÚBLICA DE ENSINO NO ÂMBITO DO MUNICÍPIO DO RECIFE.",https://publico.recife.pe.leg.br/consultas/norma_juridica/norma_juridica_mostrar_proc?cod_norma=1096,Lei Ordinária,2019-10-18,Outro
Lei Ordinária 18639/2019,"DENOMINAR-SE-Á “NEM BARROCE”, O VESTIÁRIO DO PARQUE ARRAIAL NOVO DO BOM JESUS, LOCALIZADO NA ESTRADA DO FORTE DO ARRAIAL NOVO DO BOM JESUS, NO BAIRRO TORRÕES.",https://publico.recife.pe.leg.br/consultas/norma_juridica/norma_juridica_mostrar_proc?cod_norma=1098,Lei Ordinária,2019-10-14,RenomearLogradouro
Lei Ordinária 18638/2019,CRIA O “DIA MUNICIPAL DE COMBATE À IMPORTUNAÇÃO SEXUAL – NÃO É NÃO” NO CALENDÁRIO OFICIAL DE EVENTOS DO MUNICÍPIO DO RECIFE.,https://publico.recife.pe.leg.br/consultas/norma_juridica/norma_juridica_mostrar_proc?cod_norma=1104,Lei Ordinária,2019-10-11,CalendarioEventos
Lei Ordinária 18637/2019,"INSTITUI, NO CALENDÁRIO OFICIAL DE EVENTOS DO MUNICÍPIO DO RECIFE, O “DIA DO CATADOR”.",https://publico.recife.pe.leg.br/consultas/norma_juridica/norma_juridica_mostrar_proc?cod_norma=1105,Lei Ordinária,2019-10-11,CalendarioEventos
Lei Ordinária 18636/2019,"DENOMINA “CRECHE MIGUEL ARRAES”, O CENTRO MUNICIPAL DE EDUCAÇÃO INFANTIL (CMEI), LOCALIZADO NA RUA PINTOR HÉLIO FEIJÓ, NA COMUNIDADE RODA DE FOGO, NO BAIRRO TORRÕES.",https://publico.recife.pe.leg.br/consultas/norma_juridica/norma_juridica_mostrar_proc?cod_norma=1109,Lei Ordinária,2019-10-11,RenomearLogradouro
Lei Ordinária 18635/2019,REESTRUTURA O PROGRAMA FAMÍLIA ACOLHEDORA DO RECIFE E REVOGA A LEI Nº. 17.255/2006.,https://publico.recife.pe.leg.br/consultas/norma_juridica/norma_juridica_mostrar_proc?cod_norma=1228,Lei Ordinária,2019-10-11,Outro
Lei Ordinária 18634/2019,DISPÕE SOBRE AS NORMAS GERAIS DE SEGURANÇA EM INSTITUIÇÕES FINANCEIRAS E AFINS SEDIADAS NO MUNICÍPIO DO RECIFE.,https://publico.recife.pe.leg.br/consultas/norma_juridica/norma_juridica_mostrar_proc?cod_norma=1230,Lei Ordinária,2019-10-02,CalendarioEventos
Lei Ordinária 18633/2019,DISPÕE SOBRE O GUIA MUNICIPAL DE SAÚDE DO RECIFE.,https://publico.recife.pe.leg.br/consultas/norma_juridica/norma_juridica_mostrar_proc?cod_norma=1232,Lei Ordinária,2019-10-02,Outro
Lei Ordinária 18632/2019,INSTITUI NO CALENDÁRIO OFICIAL DE EVENTOS DO MUNICÍPIO DO RECIFE O “DIA MUNICIPAL DO TRABALHADOR DA CONSTRUÇÃO CIVIL”.,https://publico.recife.pe.leg.br/consultas/norma_juridica/norma_juridica_mostrar_proc?cod_norma=1237,Lei Ordinária,2019-09-30,CalendarioEventos
Lei Ordinária 18631/2019,"ALTERA A LEI Nº 16.856, DE 16 DE ABRIL DE 2003, QUE DISPÕE SOBRE O SERVIÇO DE TRANSPORTE COMPLEMENTAR DE PASSAGEIROS DO MUNICÍPIO DO RECIFE – STCP/RECIFE.",https://publico.recife.pe.leg.br/consultas/norma_juridica/norma_juridica_mostrar_proc?cod_norma=1247,Lei Ordinária,2019-09-25,Outro
Lei Ordinária 18630/2019,DISPÕE SOBRE INSTRUÇÕES DE SEGURANÇA E SAÚDE NO TRABALHO PARA OS PROFISSIONAIS DA GUARDA MUNICIPAL DO RECIFE.,https://publico.recife.pe.leg.br/consultas/norma_juridica/norma_juridica_mostrar_proc?cod_norma=1252,Lei Ordinária,2019-09-30,Outro
Lei Ordinária 18629/2019,"DENOMINAR-SE-Á COMPAZ GOVERNADOR MIGUEL ARRAES DE ALENCAR O COMPAZ LOCALIZADO NA ANTIGA FÁBRICA DE ESTOPA DO ZUMBI, NA AV. CAXANGÁ, Nº 653, NO BAIRRO DO ZUMBI.",https://publico.recife.pe.leg.br/consultas/norma_juridica/norma_juridica_mostrar_proc?cod_norma=1258,Lei Ordinária,2019-09-25,RenomearLogradouro
Lei Ordinária 18628/2019,"INSTITUI, NO CALENDÁRIO OFICIAL DE EVENTOS DO MUNICÍPIO DO RECIFE, O DIA MUNICIPAL DA MERENDEIRA ESCOLAR.",https://publico.recife.pe.leg.br/consultas/norma_juridica/norma_juridica_mostrar_proc?cod_norma=1265,Lei Ordinária,2019-09-25,CalendarioEventos
Lei Ordinária 18627/2019,ESTABELECE O CONTROLE NA COMERCIALIZAÇÃO DE ÁCIDOS A PESSOAS FÍSICAS E JURÍDICAS NOS ESTABELECIMENTOS LOCALIZADOS NO MUNICÍPIO DO RECIFE E DÁ OUTRAS PROVIDÊNCIAS.,https://publico.recife.pe.leg.br/consultas/norma_juridica/norma_juridica_mostrar_proc?cod_norma=1268,Lei Ordinária,2019-09-17,Outro
Lei Ordinária 18626/2019,"ACRESCENTA DISPOSITIVOS AO ART. 81. E AO ART. 88. DA LEI MUNICIPAL Nº 14.985, DE 29 DE JULHO DE 1987, PARA OBRIGAR AS EMPRESAS PRESTADORAS DE SERVIÇOS TERCEIRIZADOS À ADMINISTRAÇÃO PÚBLICA MUNICIPAL À COMPROVAÇÃO MENSAL DAS OBRIGAÇÕES TRABALHISTAS E PREVIDENCIÁRIAS DA TOTALIDADE DE SEUS FUNCIONÁRIOS.",https://publico.recife.pe.leg.br/consultas/norma_juridica/norma_juridica_mostrar_proc?cod_norma=1270,Lei Ordinária,2019-09-17,Outro
Lei Ordinária 18625/2019,LIMITA A QUANTIDADE DE VEZES QUE UMA MESMA PESSOA PODERÁ SER HOMENAGEADA POR MEIO DA ATRIBUIÇÃO DO NOME AOS ESPAÇOS E EQUIPAMENTOS PÚBLICOS MUNICIPAIS.,https://publico.recife.pe.leg.br/consultas/norma_juridica/norma_juridica_mostrar_proc?cod_norma=1271,Lei Ordinária,2019-09-17,Outro
Lei Ordinária 18624/2019,DECLARA DE UTILIDADE PÚBLICA A ESCOLA DE PAIS DO BRASIL – SECCIONAL RECIFE.,https://publico.recife.pe.leg.br/consultas/norma_juridica/norma_juridica_mostrar_proc?cod_norma=1273,Lei Ordinária,2019-09-17,Outro
Lei Ordinária 18623/2019,"ALTERA O NOME DA RUA COSMORAMA, NO BAIRRO DE BOA VIAGEM, PARA RUA ARTHUR BRUNO SCHWAMBACH.",https://publico.recife.pe.leg.br/consultas/norma_juridica/norma_juridica_mostrar_proc?cod_norma=1275,Lei Ordinária,2019-09-17,RenomearLogradouro
Lei Ordinária 18622/2019,"REVOGA A LEI MUNICIPAL N. 18.308, DE 4 DE MAIO DE 2017.(QUE DISPÕE SOBRE PENALIDADE A SER APLICADA AOS PRATICANTES DE AÇÕES ANTI-CIDADÃS DE CHAMADAS DO SAMU - SERVIÇO DE ASSISTÊNCIA MÉDICA DE URGÊNCIA PARA ATENDIMENTOS INVERÍDICOS)",https://publico.recife.pe.leg.br/consultas/norma_juridica/norma_juridica_mostrar_proc?cod_norma=1290,Lei Ordinária,2019-09-17,Outro
Lei Ordinária 18621/2019,"DECLARA DE UTILIDADE PÚBLICA, NO ÂMBITO MUNICIPAL, O MOVIMENTO SOCIAL E CULTURAL CORES DO AMANHÃ.",https://publico.recife.pe.leg.br/consultas/norma_juridica/norma_juridica_mostrar_proc?cod_norma=1291,Lei Ordinária,2019-09-17,PatrimonioCultural
Lei Ordinária 18620/2019,"INSTITUI, NO CALENDÁRIO OFICIAL DE EVENTOS DO MUNICÍPIO DO RECIFE, O “DIA DO ENGENHEIRO”.",https://publico.recife.pe.leg.br/consultas/norma_juridica/norma_juridica_mostrar_proc?cod_norma=1292,Lei Ordinária,2019-09-17,CalendarioEventos
Lei Ordinária 18619/2019,"INCLUI, NO CALENDÁRIO OFICIAL DE EVENTOS DO MUNICÍPIO DO RECIFE, O DIA MUNICIPAL DO TEATRO.",https://publico.recife.pe.leg.br/consultas/norma_juridica/norma_juridica_mostrar_proc?cod_norma=1295,Lei Ordinária,2019-09-17,CalendarioEventos
Lei Ordinária 18618/2019,INSTITUI O PROGRAMA “CHEGANDO JUNTO” E DÁ OUTRAS PROVIDÊNCIAS.,https://publico.recife.pe.leg.br/consultas/norma_juridica/norma_juridica_mostrar_proc?cod_norma=1297,Lei Ordinária,2019-09-17,Outro
Lei Ordinária 18617/2019,"CRIA O FUNDO DO TRABALHO DO MUNICÍPIO DO RECIFE/ FT-RECIFE E INSTITUI O CONSELHO MUNICIPAL DO TRABALHO, EMPREGO E RENDA - CTER/RECIFE, NOS TERMOS E PARA OS FINS QUE ESPECIFICA.",https://publico.recife.pe.leg.br/consultas/norma_juridica/norma_juridica_mostrar_proc?cod_norma=1299,Lei Ordinária,2019-09-17,CalendarioEventos
Lei Ordinária 18616/2019,"DISPÕE SOBRE A PROIBIÇÃO DA PICHAÇÃO E A REGULAMENTAÇÃO DA PRÁTICA DO GRAFITE, BEM COMO SOBRE A RECUPERAÇÃO E PRESERVAÇÃO DO CONFORTO AMBIENTAL E ESTÉTICO NO MUNICÍPIO DO RECIFE, E DÁ OUTRAS PROVIDÊNCIAS.",https://publico.recife.pe.leg.br/consultas/norma_juridica/norma_juridica_mostrar_proc?cod_norma=1302,Lei Ordinária,2019-09-10,Outro
Lei Ordinária 18615/2019,"AUTORIZA O PODER EXECUTIVO A CONTRATAR OPERAÇÃO DE CRÉDITO COM A CAIXA ECONÔMICA FEDERAL, E DÁ OUTRAS PROVIDÊNCIAS.   ""REGIME DE URGÊNCIA""",https://publico.recife.pe.leg.br/consultas/norma_juridica/norma_juridica_mostrar_proc?cod_norma=1309,Lei Ordinária,2019-09-04,Outro
Lei Ordinária 18614/2019,"AUTORIZA O MUNICÍPIO DO RECIFE A REALIZAR CESSÃO DE DIREITO REAL DE USO DA ÁREA DE DOMÍNIO PÚBLICO QUE MENCIONA, E DÁ OUTRAS PROVIDÊNCIAS.",https://publico.recife.pe.leg.br/consultas/norma_juridica/norma_juridica_mostrar_proc?cod_norma=1318,Lei Ordinária,2019-08-28,Outro
Lei Ordinária 18613/2019,DISPÕE SOBRE O AUMENTO DA REMUNERAÇÃO DOS SERVIDORES DO PODER LEGISLATIVO MUNICIPAL E DÁ OUTRAS PROVIDÊNCIAS.,https://publico.recife.pe.leg.br/consultas/norma_juridica/norma_juridica_mostrar_proc?cod_norma=1322,Lei Ordinária,2019-07-30,Outro
Lei Ordinária 18612/2019,INSTITUI A “SEMANA MUNICIPAL DE CONSCIENTIZAÇÃO CONTRA A VIOLÊNCIA OBSTÉTRICA” NO ÂMBITO DO MUNICÍPIO DE RECIFE.,https://publico.recife.pe.leg.br/consultas/norma_juridica/norma_juridica_mostrar_proc?cod_norma=1389,Lei Ordinária,2019-07-26,CalendarioEventos
Lei Ordinária 18611/2019,"DISPÕE SOBRE A LEGÍSTICA E A CONSOLIDAÇÃO DAS LEIS MUNICIPAIS, CONFORME DETERMINA O § 2º DO ART. 24 DA LEI ORGÂNICA DO MUNICÍPIO DO RECIFE.",https://publico.recife.pe.leg.br/consultas/norma_juridica/norma_juridica_mostrar_proc?cod_norma=1393,Lei Ordinária,2019-07-26,Outro
Lei Ordinária 18610/2019,"INSTITUI NO CALENDÁRIO OFICIAL DO MUNICÍPIO DO RECIFE A SEMANA MUNICIPAL DE PREVENÇÃO, CONSCIENTIZAÇÃO E COMBATE A AUTOMUTILAÇÃO, A SER REALIZADA ANUALMENTE.",https://publico.recife.pe.leg.br/consultas/norma_juridica/norma_juridica_mostrar_proc?cod_norma=1397,Lei Ordinária,2019-07-24,CalendarioEventos
Lei Ordinária 18609/2019,CRIA O “PROGRAMA ESTUDANTE MULTIPLICADOR”.,https://publico.recife.pe.leg.br/consultas/norma_juridica/norma_juridica_mostrar_proc?cod_norma=1398,Lei Ordinária,2019-07-24,Outro
Lei Ordinária 18608/2019,"INSTITUI, NO CALENDÁRIO OFICIAL DE EVENTOS DO MUNICÍPIO DO RECIFE, A “NOITE DO DENDÊ”.",https://publico.recife.pe.leg.br/consultas/norma_juridica/norma_juridica_mostrar_proc?cod_norma=1399,Lei Ordinária,2019-07-24,CalendarioEventos
Lei Ordinária 18607/2019,DENOMINAR-SE-Á “GRAÇA ARAÚJO” A PRÓXIMA CICLOVIA A SER INAUGURADA NO MUNICÍPIO DO RECIFE.,https://publico.recife.pe.leg.br/consultas/norma_juridica/norma_juridica_mostrar_proc?cod_norma=1400,Lei Ordinária,2019-07-24,RenomearLogradouro
Lei Ordinária 18606/2019,DENOMINAR-SE-Á “PAULO FREIRE” O COMPAZ A SER CONSTRUÍDO NO BAIRRO DO IBURA.,https://publico.recife.pe.leg.br/consultas/norma_juridica/norma_juridica_mostrar_proc?cod_norma=1401,Lei Ordinária,2019-07-24,RenomearLogradouro
Lei Ordinária 18605/2019,"INSTITUI, NO CALENDÁRIO OFICIAL DO MUNICÍPIO DO RECIFE, O DIA MUNICIPAL DA PESSOA COM ESCLERODERMIA.",https://publico.recife.pe.leg.br/consultas/norma_juridica/norma_juridica_mostrar_proc?cod_norma=1402,Lei Ordinária,2019-07-24,CalendarioEventos
Lei Ordinária 18604/2019,AUTORIZA O PODER EXECUTIVO A PRORROGAR O COMODATO DO IMÓVEL QUE MENCIONA.,https://publico.recife.pe.leg.br/consultas/norma_juridica/norma_juridica_mostrar_proc?cod_norma=1407,Lei Ordinária,2019-07-24,Outro
Lei Ordinária 18603/2019,"ACRESCENTA O ART. 5º- A À LEI MUNICIPAL Nº 18.207, DE 30 DE DEZEMBRO DE 2015.(DISPÕE SOBRE IMPOSTO PREDIAL URBANO) ""REGIME DE URGÊNCIA""",https://publico.recife.pe.leg.br/consultas/norma_juridica/norma_juridica_mostrar_proc?cod_norma=1408,Lei Ordinária,2019-07-24,Outro
Lei Ordinária 18602/2019,TORNA OBRIGATÓRIO O ATENDIMENTO PREFERENCIAL ÀS PESSOAS COM SÍNDROME CONGÊNITA DA ZIKA VÍRUS (MICROCEFALIA) NOS ESTABELECIMENTOS PÚBLICOS E PRIVADOS DO MUNICÍPIO DO RECIFE.,https://publico.recife.pe.leg.br/consultas/norma_juridica/norma_juridica_mostrar_proc?cod_norma=1562,Lei Ordinária,2019-07-09,Outro
Lei Ordinária 18601/2019,INSTITUI NO CALENDÁRIO OFICIAL DE EVENTOS DO MUNICÍPIO DO RECIFE O ANIVERSÁRIO DA COMUNIDADE BOLA DA REDE.,https://publico.recife.pe.leg.br/consultas/norma_juridica/norma_juridica_mostrar_proc?cod_norma=1563,Lei Ordinária,2019-07-09,CalendarioEventos
Lei Ordinária 18600/2019,"INSTITUI, NO CALENDÁRIO OFICIAL DE EVENTOS DO MUNICÍPIO DO RECIFE, O “DIA MUNICIPAL DE INFORMAÇÃO E CONSCIENTIZAÇÃO SOBRE A ENDOMETRIOSE”.",https://publico.recife.pe.leg.br/consultas/norma_juridica/norma_juridica_mostrar_proc?cod_norma=1564,Lei Ordinária,2019-07-09,CalendarioEventos
Lei Ordinária 18599/2019,"INSTITUÍ, NO CALENDÁRIO OFICIAL DE EVENTOS DO MUNICÍPIO DO RECIFE, O MÊS DO ARTESÃO.",https://publico.recife.pe.leg.br/consultas/norma_juridica/norma_juridica_mostrar_proc?cod_norma=1565,Lei Ordinária,2019-07-09,CalendarioEventos
Lei Ordinária 18598/2019,"DISPÕE SOBRE A OBRIGATORIEDADE DE COLOCAÇÃO DE PLACA INDICATIVA DE LOCAÇÃO NOS PRÉDIOS UTILIZADOS PELA ADMINISTRAÇÃO PÚBLICA DIRETA, INDIRETA E AUTÁRQUICA DO MUNICÍPIO DO RECIFE.",https://publico.recife.pe.leg.br/consultas/norma_juridica/norma_juridica_mostrar_proc?cod_norma=1566,Lei Ordinária,2019-07-09,Outro
Lei Ordinária 18597/2019,DENOMINAR-SE-Á FERNANDO COELHO O COMPAZ A SER CONSTRUÍDO NO BAIRRO DO PINA LOCALIZADO A RUA MANOEL DE BRITO S/N PINA.,https://publico.recife.pe.leg.br/consultas/norma_juridica/norma_juridica_mostrar_proc?cod_norma=1567,Lei Ordinária,2019-07-03,RenomearLogradouro
Lei Ordinária 18596/2019,"DENOMINA DOM HELDER CÂMARA O CENTRO COMUNITÁRIO PELA PAZ (COMPAZ) A SER INAUGURADO NA COMUNIDADE DO COQUE, LOCALIZADA NA ILHA DE JOANA BEZERRA, NO MUNICÍPIO DE RECIFE.",https://publico.recife.pe.leg.br/consultas/norma_juridica/norma_juridica_mostrar_proc?cod_norma=1568,Lei Ordinária,2019-07-03,RenomearLogradouro
Lei Ordinária 18595/2019,"DENOMINAR-SE-Á “GOVERNADOR EDUARDO CAMPOS, A PRÓXIMA UNIDADE DE SAÚDE DO IDOSO, A SER CONSTRUÍDA NO BAIRRO DE AREIAS.",https://publico.recife.pe.leg.br/consultas/norma_juridica/norma_juridica_mostrar_proc?cod_norma=926,Lei Ordinária,2019-06-20,RenomearLogradouro
Lei Ordinária 18594/2019,DISPÕE SOBRE AS DIRETRIZES PARA ELABORAÇÃO E EXECUÇÃO DA LEI ORÇAMENTÁRIA DE 2020.,https://publico.recife.pe.leg.br/consultas/norma_juridica/norma_juridica_mostrar_proc?cod_norma=929,Lei Ordinária,2019-06-20,Outro
Lei Ordinária 18593/2019,"CRIA O ABONO ESPECIAL DESTINADO A SUBSIDIAR OS GASTOS COM INTERNET MÓVEL DOS SERVIDORES OCUPANTES DO CARGO DE AUXILIAR DE DESENVOLVIMENTO INFANTIL - ADI. ""REGIME DE URGÊNCIA""",https://publico.recife.pe.leg.br/consultas/norma_juridica/norma_juridica_mostrar_proc?cod_norma=930,Lei Ordinária,2019-06-20,Outro
Lei Ordinária 18591/2019,"DISPÕE SOBRE A REMUNERAÇÃO DOS CARGOS PÚBLICOS DE AGENTE COMUNITÁRIO DE SAÚDE E DE AGENTE DE SAÚDE E DE AGENTE DE SAÚDE E COMBATE ÀS ENDEMIAS. 
""REGIME DE URGÊNCIA""",https://publico.recife.pe.leg.br/consultas/norma_juridica/norma_juridica_mostrar_proc?cod_norma=932,Lei Ordinária,2019-06-20,Outro
Lei Ordinária 18590/2019,INSTITUI O DIA DO ADVOGADO NO ÂMBITO DO MUNICÍPIO DO RECIFE.,https://publico.recife.pe.leg.br/consultas/norma_juridica/norma_juridica_mostrar_proc?cod_norma=934,Lei Ordinária,2019-06-19,CalendarioEventos
Lei Ordinária 18589/2019,DENOMINAR-SE-Á CONJUNTO HABITACIONAL JORNALISTA MARIA GRACILANE ARAÚJO DA SILVA – “JORNALISTA GRAÇA ARAÚJO” - O PRÓXIMO CONJUNTO HABITACIONAL A SER INAUGURADO NA CIDADE DO RECIFE.,https://publico.recife.pe.leg.br/consultas/norma_juridica/norma_juridica_mostrar_proc?cod_norma=936,Lei Ordinária,2019-06-19,Outro
Lei Ordinária 18588/2019,"INSTITUI NO CALENDÁRIO OFICIAL DE EVENTOS DO MUNICÍPIO DO RECIFE O ""O DIA MUNICIPAL DA IMIGRAÇÃO CHINESA""",https://publico.recife.pe.leg.br/consultas/norma_juridica/norma_juridica_mostrar_proc?cod_norma=941,Lei Ordinária,2019-06-19,CalendarioEventos
Lei Ordinária 18587/2019,"INSTITUI A DATA DE 06/09/1853 COMO MARCO INAUGURAL DE CRIAÇÃO DO BAIRRO DO BONGI, E INCLUI, NO CALENDÁRIO DE EVENTOS DA CIDADE DO RECIFE, O DIA 6 DE SETEMBRO COMO ANIVERSÁRIO DO BAIRRO E DÁ OUTRAS PROVIDÊNCIAS.",https://publico.recife.pe.leg.br/consultas/norma_juridica/norma_juridica_mostrar_proc?cod_norma=943,Lei Ordinária,2019-06-19,CalendarioEventos
Lei Ordinária 18586/2019,DISPÕE SOBRE O RESTABELECIMENTO DOS EFEITOS DOS ARTIGOS QUE MENCIONA DA LEI MUNICIPAL Nº 18.508/2018.,https://publico.recife.pe.leg.br/consultas/norma_juridica/norma_juridica_mostrar_proc?cod_norma=945,Lei Ordinária,2019-06-06,Outro
Lei Ordinária 18585/2019,"DISPÕE SOBRE A CRIAÇÃO DO PRÊMIO ""ESCOLA DO FUTURO"", QUE TEM O OBJETIVO DE VALORIZAR O TRABALHO REALIZADO PELOS PROFESSORES NO QUE DIZ RESPEITO AO DESEMPENHO DOS ESTUDANTES DO 6º (SEXTO) AO 9º (NONO) ANO DAS ESCOLAS MUNICIPAIS DE ENSINO FUNDAMENTAL - ANOS FINAIS DO RECIFE.",https://publico.recife.pe.leg.br/consultas/norma_juridica/norma_juridica_mostrar_proc?cod_norma=946,Lei Ordinária,2019-06-06,Outro
Lei Ordinária 18584/2019,CRIA A GRATIFICAÇÃO DE LOCALIZAÇÃO ESPECIAL DESTINADA AOS PROFESSORES LOTADOS NAS ESCOLAS MUNICIPAIS EM TEMPO INTEGRAL DE ANOS FINAIS.,https://publico.recife.pe.leg.br/consultas/norma_juridica/norma_juridica_mostrar_proc?cod_norma=948,Lei Ordinária,2019-06-06,Outro
Lei Ordinária 18583/2019,DISPÕE SOBRE A REMUNERAÇÃO DA FUNÇÃO DE CONFIANÇA DE COORDENAÇÃO PEDAGÓGICA.,https://publico.recife.pe.leg.br/consultas/norma_juridica/norma_juridica_mostrar_proc?cod_norma=1231,Lei Ordinária,2019-06-07,Outro
Lei Ordinária 18582/2019,INSTITUI AS BASES PARA A ELABORAÇÃO DA POLÍTICA MUNICIPAL DE COMBATE À CORRUPÇÃO E À IMPUNIDADE DOS AGENTES PÚBLICOS NO MUNÍCIPIO DO RECIFE.,https://publico.recife.pe.leg.br/consultas/norma_juridica/norma_juridica_mostrar_proc?cod_norma=1234,Lei Ordinária,2019-06-03,CalendarioEventos
Lei Ordinária 18580/2019,INSTITUI O DIA MUNICIPAL DE COMBATE À CORRUPÇÃO NO MUNICÍPIO DO RECIFE,https://publico.recife.pe.leg.br/consultas/norma_juridica/norma_juridica_mostrar_proc?cod_norma=1241,Lei Ordinária,2019-05-29,CalendarioEventos
Lei Ordinária 18579/2019,"DENOMINAR-SE-Á O HOSPITAL VETERINÁRIO DO RECIFE, LOCALIZADO NO BAIRRO DO CORDEIRO, HOSPITAL VETERINÁRIO DO RECIFE ROBSON JOSÉ GOMES DE MELO.",https://publico.recife.pe.leg.br/consultas/norma_juridica/norma_juridica_mostrar_proc?cod_norma=1250,Lei Ordinária,2019-05-29,RenomearLogradouro
Lei Ordinária 18577/2019,"DENOMINAR-SE-Á “JARDIM SECRETO DO POÇO DA PANELA”, A ÁREA PÚBLICA LOCALIZADA AO FINAL DA RUA MARQUÊS DE TAMANDARÉ, ÀS MARGENS DO RIO CAPIBARIBE, NO BAIRRO DO POÇO DA PANELA.",https://publico.recife.pe.leg.br/consultas/norma_juridica/norma_juridica_mostrar_proc?cod_norma=1263,Lei Ordinária,2019-05-27,RenomearLogradouro
Lei Ordinária 18576/2019,OBRIGA OS CONCESSIONÁRIOS E PERMISSIONÁRIOS DE SERVIÇOS PÚBLICOS QUE ATUAM NO MUNICÍPIO DO RECIFE A FIXAREM DATA E TURNO PARA ENTREGA DOS PRODUTOS OU PARA REALIZAÇÃO DOS SERVIÇOS AOS CONSUMIDORES.,https://publico.recife.pe.leg.br/consultas/norma_juridica/norma_juridica_mostrar_proc?cod_norma=1264,Lei Ordinária,2019-05-22,Outro
Lei Ordinária 18575/2019,DETERMINA A HIGIENIZAÇÃO QUINZENAL DOS EQUIPAMENTOS DE USO CONTINUADO DE BAIXA CRITICIDADE NOS ESTABELECIMENTOS DE COMÉRCIO VAREJISTA EM GERAL E DÁ OUTRAS PROVIDÊNCIAS.,https://publico.recife.pe.leg.br/consultas/norma_juridica/norma_juridica_mostrar_proc?cod_norma=1266,Lei Ordinária,2019-05-16,Outro
Lei Ordinária 18574/2019,"INCLUI, NO CALENDÁRIO OFICIAL DE EVENTOS DO MUNICÍPIO DO RECIFE, O DIA MUNICIPAL DE COMBATE AO ABUSO E À EXPLORAÇÃO SEXUAL DE CRIANÇAS E ADOLESCENTES E DÁ OUTRAS PROVIDÊNCIAS.",https://publico.recife.pe.leg.br/consultas/norma_juridica/norma_juridica_mostrar_proc?cod_norma=1267,Lei Ordinária,2019-05-10,CalendarioEventos
Lei Ordinária 18573/2019,"INSTITUI, NO CALENDÁRIO DE EVENTOS DO MUNICÍPIO DO RECIFE, O “DIA MUNICIPAL DO ESCOTISMO.",https://publico.recife.pe.leg.br/consultas/norma_juridica/norma_juridica_mostrar_proc?cod_norma=1269,Lei Ordinária,2019-05-10,CalendarioEventos
Lei Ordinária 18572/2019,"INSTITUI, NO CALENDÁRIO OFICIAL DE EVENTOS DO MUNICÍPIO DO RECIFE, O “DIA MUNICIPAL DO CONSUMO CONSCIENTE”.",https://publico.recife.pe.leg.br/consultas/norma_juridica/norma_juridica_mostrar_proc?cod_norma=1272,Lei Ordinária,2019-05-10,CalendarioEventos
Lei Ordinária 18571/2019,"INSTITUI, NO CALENDÁRIO OFICIAL DO MUNICÍPIO DO RECIFE, O DIA DO PROFISSIONAL DE EDUCAÇÃO FÍSICA, A SER COMEMORADO ANUALMENTE EM 1º DE SETEMBRO.",https://publico.recife.pe.leg.br/consultas/norma_juridica/norma_juridica_mostrar_proc?cod_norma=1276,Lei Ordinária,2019-05-10,CalendarioEventos
Lei Ordinária 18570/2019,"REVOGA O §1º DO ART. 14 DA LEI MUNICIPAL Nº 16.776, DE 19 DE JUNHO DE 2002 E DÁ OUTRAS PROVIDÊNCIAS.",https://publico.recife.pe.leg.br/consultas/norma_juridica/norma_juridica_mostrar_proc?cod_norma=1277,Lei Ordinária,2019-04-12,Outro
Lei Ordinária 18569/2019,"CRIA QUADRO PRÓPRIO DE SERVIDORES NA AUTARQUIA MUNICIPAL DE PREVIDÊNCIA E ASSISTÊNCIA À SAÚDE DOS SERVIDORES – AMPASS E INSTITUI O RESPECTIVO PLANO DE CARGOS, CARREIRAS E VENCIMENTOS – PCCV.",https://publico.recife.pe.leg.br/consultas/norma_juridica/norma_juridica_mostrar_proc?cod_norma=1279,Lei Ordinária,2019-04-12,Outro
Lei Ordinária 18568/2019,"FIXA O SUBSÍDIO DO PREFEITO, DO VICE-PREFEITO E DOS SECRETÁRIOS DO MUNICÍPIO DO RECIFE.",https://publico.recife.pe.leg.br/consultas/norma_juridica/norma_juridica_mostrar_proc?cod_norma=1280,Lei Ordinária,2019-04-12,Outro
Lei Ordinária 18567/2019,"INSTITUI NO CALENDÁRIO OFICIAL DE EVENTOS DO MUNICÍPIO DO RECIFE O “DIA DA SECRETÁRIA”, A SER COMEMORADO, ANUALMENTE, NO DIA 30 DE SETEMBRO.",https://publico.recife.pe.leg.br/consultas/norma_juridica/norma_juridica_mostrar_proc?cod_norma=1281,Lei Ordinária,2019-04-09,CalendarioEventos
Lei Ordinária 18566/2019,"DISPÕE SOBRE O CONSELHO MUNICIPAL DA MULHER – CMM E REVOGA A LEI MUNICIPAL Nº 16.849, DE 31 DE MARÇO DE 2003.",https://publico.recife.pe.leg.br/consultas/norma_juridica/norma_juridica_mostrar_proc?cod_norma=1283,Lei Ordinária,2019-04-09,Outro
Lei Ordinária 18565/2019,DISPÕE SOBRE A CRIAÇÃO DO CONSELHO MUNICIPAL DE ESPORTES DA CIDADE DO RECIFE.,https://publico.recife.pe.leg.br/consultas/norma_juridica/norma_juridica_mostrar_proc?cod_norma=1284,Lei Ordinária,2019-04-09,Outro
Lei Ordinária 18564/2019,"DISPÕE SOBRE A IMPLANTAÇÃO DE ASSISTÊNCIA PSICOPEDAGÓGICA EM TODA A REDE MUNICIPAL DE ENSINO, COM O OBJETIVO DE DIAGNOSTICAR, INTERVIR E PREVENIR PROBLEMAS DE APRENDIZAGEM, TENDO COMO ENFOQUE O EDUCANDO E AS INSTITUIÇÕES DE EDUCAÇÃO INFANTIL E ENSINO FUNDAMENTAL.",https://publico.recife.pe.leg.br/consultas/norma_juridica/norma_juridica_mostrar_proc?cod_norma=1606,Lei Ordinária,2019-03-29,CalendarioEventos
Lei Ordinária 18563/2019,DISPÕE SOBRE A INSTALAÇÃO DO FÓRUM MUNICIPAL PARA CULTURA DE PAZ E LIBERDADE DE CRENÇA NO MUNICÍPIO DO RECIFE E DÁ OUTRAS PROVIDÊNCIAS.,https://publico.recife.pe.leg.br/consultas/norma_juridica/norma_juridica_mostrar_proc?cod_norma=1286,Lei Ordinária,2019-03-22,Outro
Lei Ordinária 18562/2019,INSTITUI NO CALENDÁRIO OFICIAL DO RECIFE A SEMANA MUNICIPAL DA VIVÊNCIA E PRÁTICA DA CULTURA AFRO-INDÍGENA PERNAMBUCANA.,https://publico.recife.pe.leg.br/consultas/norma_juridica/norma_juridica_mostrar_proc?cod_norma=1288,Lei Ordinária,2019-03-15,CalendarioEventos
Lei Ordinária 18561/2019,DENOMINAR-SE-Á “RINALDO BERNARDO MUNIZ” O MERCADO PÚBLICO A SER INSTALADO NO BAIRRO DA VÁRZEA.,https://publico.recife.pe.leg.br/consultas/norma_juridica/norma_juridica_mostrar_proc?cod_norma=1411,Lei Ordinária,2019-03-15,RenomearLogradouro
Lei Ordinária 18560/2019,DISPÕE SOBRE A OBRIGATORIEDADE DA IMPLANTAÇÃO DA “SEMANA DA ORIENTAÇÃO VOCACIONAL” NAS TURMAS DE 9° ANO DO ENSINO FUNDAMENTAL II DAS ESCOLAS PÚBLICAS MUNICIPAIS DA CIDADE DO RECIFE.,https://publico.recife.pe.leg.br/consultas/norma_juridica/norma_juridica_mostrar_proc?cod_norma=1412,Lei Ordinária,2019-03-13,Outro
Lei Ordinária 18559/2019,DISPÕE SOBRE A OBRIGATORIEDADE DE FIXAÇÃO DE AVISO INFORMATIVO NOS CARTÓRIOS DE REGISTRO DE IMÓVEIS E IMOBILIÁRIAS COM SEDE NA CIDADE DO RECIFE E DÁ OUTRAS PROVIDÊNCIAS.,https://publico.recife.pe.leg.br/consultas/norma_juridica/norma_juridica_mostrar_proc?cod_norma=1413,Lei Ordinária,2019-03-13,Outro
Lei Ordinária 18558/2019,"INSTITUI A CAMPANHA PERMANENTE DE ORIENTAÇÃO, CONSCIENTIZAÇÃO, PREVENÇÃO E COMBATE AO MOSQUITO AEDES AEGYPTI NAS ESCOLAS PÚBLICAS MUNICIPAIS DO RECIFE.",https://publico.recife.pe.leg.br/consultas/norma_juridica/norma_juridica_mostrar_proc?cod_norma=1414,Lei Ordinária,2019-03-13,CalendarioEventos
Lei Ordinária 18557/2019,DETERMINA A HIGIENIZAÇÃO QUINZENAL DOS EQUIPAMENTOS DE USO CONTINUADO DE BAIXA CRITICIDADE NOS ESTABELECIMENTOS DE COMÉRCIO VAREJISTA EM GERAL E DÁ OUTRAS PROVIDÊNCIAS.,https://publico.recife.pe.leg.br/consultas/norma_juridica/norma_juridica_mostrar_proc?cod_norma=1417,Lei Ordinária,2019-05-16,Outro
Lei Ordinária 18556/2019,TORNA OBRIGATÓRIA A APRESENTAÇÃO DOS MATERIAIS UTILIZADOS EM PROCEDIMENTOS DE VACINAÇÃO AO PACIENTE OU SEU RESPONSÁVEL.,https://publico.recife.pe.leg.br/consultas/norma_juridica/norma_juridica_mostrar_proc?cod_norma=1419,Lei Ordinária,2019-03-07,Outro
Lei Ordinária 18555/2019,"EXTINGUE CARGOS COMISSIONADOS, PROMOVE A REESTRUTURAÇÃO DA ADMINISTRAÇÃO DIRETA E INDIRETA DO MUNICÍPIO DO RECIFE E DÁ OUTRAS PROVIDÊNCIAS.",https://publico.recife.pe.leg.br/consultas/norma_juridica/norma_juridica_mostrar_proc?cod_norma=1422,Lei Ordinária,2019-02-12,Outro
Lei Ordinária 18554/2019,"DISPÕE SOBRE A OBRIGAÇÃO DE REALIZAR A LIMPEZA E A REMOÇÃO E DE DAR DESTINO ADEQUADO ÀS FEZES GERADAS POR ANIMAIS EM PRAÇAS, PARQUES E LOGRADOUROS PÚBLICOS NO ÂMBITO DO RECIFE.",https://publico.recife.pe.leg.br/consultas/norma_juridica/norma_juridica_mostrar_proc?cod_norma=1423,Lei Ordinária,2019-01-14,Outro
Lei Ordinária 18553/2019,"DENOMINAR-SE-Á “LARGO DO HOLANDÊS”, A ÁREA LOCALIZADA NA CONFLUÊNCIA DA RUA DA HARMONIA COM A RUA DR. SAMUEL LINS NO BAIRRO DE CASA FORTE.",https://publico.recife.pe.leg.br/consultas/norma_juridica/norma_juridica_mostrar_proc?cod_norma=1424,Lei Ordinária,2019-01-14,RenomearLogradouro
Lei Ordinária 18551/2018,ESTABELECE MEDIDAS E PROCEDIMENTOS PARA OS CASOS DE VIOLÊNCIA CONTRA PROFISSIONAIS DA EDUCAÇÃO OCORRIDOS NO ÂMBITO DAS UNIDADES DE ENSINO DA REDE PÚBLICA MUNICIPAL E DA REDE PARTICULAR LOCALIZADAS NO MUNICÍPIO DO RECIFE E DÁ OUTRAS PROVIDÊNCIAS.,https://publico.recife.pe.leg.br/consultas/norma_juridica/norma_juridica_mostrar_proc?cod_norma=1664,Lei Ordinária,2018-12-24,Outro
Lei Ordinária 18550/2018,DISPÕE SOBRE OBRIGATORIEDADE DAS INSTITUIÇÕES PARTICULARES DE ENSINO EM POSSUIR E DISPONIBILIZAR DE CADEIRA DE RODAS PARA ALUNOS COM DEFICIÊNCIA OU COM MOBILIDADE REDUZIDA.,https://publico.recife.pe.leg.br/consultas/norma_juridica/norma_juridica_mostrar_proc?cod_norma=1663,Lei Ordinária,2018-12-24,Outro
Lei Ordinária 18549/2018,OBRIGA OS ESTABELECIMENTOS PRIVADOS DO MUNICÍPIO DO RECIFE A INSERIREM O SÍMBOLO MUNDIAL DO TRANSTORNO DO ESPECTRO AUTISTA (TEA) NAS PLACAS DE ATENDIMENTO PRIORITÁRIO E DÁ OUTRAS PROVIDÊNCIAS.,https://publico.recife.pe.leg.br/consultas/norma_juridica/norma_juridica_mostrar_proc?cod_norma=1662,Lei Ordinária,2018-12-24,CalendarioEventos
Lei Ordinária 18548/2018,"INSTITUIR NO CALENDÁRIO DO MUNICÍPIO O DIA DO SOCORRO AOS ANIMAIS, DEDICADO AO ATIVISTAS DA CAUSA ANIMAL",https://publico.recife.pe.leg.br/consultas/norma_juridica/norma_juridica_mostrar_proc?cod_norma=1661,Lei Ordinária,2018-12-24,CalendarioEventos
Lei Ordinária 18547/2018,"DENOMINAR-SE-À ""ALUÍZIO CABRAL DA SILVA"" A PRAÇA LOCALIZADA NA RUA RIO NOVO DO SUL, NO BAIRRO IBURA DE BAIXO, NA CIDADE DO RECIFE.",https://publico.recife.pe.leg.br/consultas/norma_juridica/norma_juridica_mostrar_proc?cod_norma=1660,Lei Ordinária,2018-12-24,RenomearLogradouro
Lei Ordinária 18546/2018,"DISPÕE SOBRE INSTITUIR O ""DIA MUNICIPAL DO DEFENSOR PÚBLICO”, A SER COMEMORADO ANUALMENTE NO DIA 19 (DEZENOVE) DE MAIO.",https://publico.recife.pe.leg.br/consultas/norma_juridica/norma_juridica_mostrar_proc?cod_norma=1659,Lei Ordinária,2018-12-24,CalendarioEventos
Lei Ordinária 18545/2018,"DISPÕE SOBRE A INSTITUIÇÃO DO ""DIA MUNICIPAL DA ZUMBA” NO CALENDÁRIO OFICIAL DE EVENTOS DO MUNICÍPIO DO RECIFE E DÁ OUTRAS PROVIDÊNCIAS.",https://publico.recife.pe.leg.br/consultas/norma_juridica/norma_juridica_mostrar_proc?cod_norma=1658,Lei Ordinária,2018-12-24,CalendarioEventos
Lei Ordinária 18544/2018,"DISPÕE SOBRE A OBRIGATORIEDADE DAS FACULDADES, CENTROS UNIVERSITÁRIOS E UNIVERSIDADES PRIVADAS DO MUNICÍPIO DO RECIFE DE MINISTRAREM TREINAMENTO ADEQUADO DE EVACUAÇÃO EM CASO DE INCÊNDIO AOS SEUS FUNCIONÁRIOS, PROFESSORES E ESTUDANTES.",https://publico.recife.pe.leg.br/consultas/norma_juridica/norma_juridica_mostrar_proc?cod_norma=1657,Lei Ordinária,2018-12-24,Outro
Lei Ordinária 18543/2018,"DISPÕE SOBRE A POLÍTICA MUNICIPAL DE APROVEITAMENTO DOS ESPAÇOS PÚBLICOS OCIOSOS OU DEGRADADOS DA CIDADE DO RECIFE, E DÁ OUTRAS PROVIDÊNCIAS.",https://publico.recife.pe.leg.br/consultas/norma_juridica/norma_juridica_mostrar_proc?cod_norma=1656,Lei Ordinária,2018-12-21,Outro
Lei Ordinária 18542/2018,"EXTINGUE O FUNDO DE VIAS PÚBLICAS E REVOGA AS LEIS MUNICIPAIS NOS. 16.356, DE 29 DE DEZEMBRO DE 1997 E 16.380, DE 15 DE ABRIL DE 1998.",https://publico.recife.pe.leg.br/consultas/norma_juridica/norma_juridica_mostrar_proc?cod_norma=1655,Lei Ordinária,2018-12-21,Outro
Lei Ordinária 18541/2018,ALTERA A REDAÇÃO DO ART. 1º DA LEI MUNICIPAL Nº. 17.813 DE 03 DE JULHO DE 2012 E DÁ OUTRAS PROVIDÊNCIAS.,https://publico.recife.pe.leg.br/consultas/norma_juridica/norma_juridica_mostrar_proc?cod_norma=1610,Lei Ordinária,2018-12-21,Outro
Lei Ordinária 18540/2018,AUTORIZA A PARTICIPAÇÃO DO MUNICÍPIO DO RECIFE NO CONSÓRCIO DE INFORMÁTICA NA GESTÃO PÚBLICA MUNICIPAL (CIGA).,https://publico.recife.pe.leg.br/consultas/norma_juridica/norma_juridica_mostrar_proc?cod_norma=1609,Lei Ordinária,2018-12-21,Outro
Lei Ordinária 18539/2018,"ALTERA DISPOSITIVO DA LEI Nº 14.512, DE 17 DE JANEIRO DE 1983 - CÓDIGO DE ADMINISTRAÇÃO FINANCEIRA DO MUNICÍPIO DO RECIFE.",https://publico.recife.pe.leg.br/consultas/norma_juridica/norma_juridica_mostrar_proc?cod_norma=1608,Lei Ordinária,2018-12-21,Outro
Lei Ordinária 18538/2018,"INSTITUI OS NÚCLEOS DE PROCESSO ADMINISTRATIVO E SINDICÂNCIA NO ÂMBITO DAS SECRETARIAS DE EDUCAÇÃO E DE SAÚDE, FIXANDO GRATIFICAÇÕES PARA OS SEUS MEMBROS.",https://publico.recife.pe.leg.br/consultas/norma_juridica/norma_juridica_mostrar_proc?cod_norma=1607,Lei Ordinária,2018-12-21,Outro
Lei Ordinária 18537/2018,"ALTERA DISPOSITIVOS DA LEI Nº 14.512, DE 17 DE JANEIRO DE 1983 – CÓDIGO DE ADMINISTRAÇÃO FINANCEIRA DO MUNICÍPIO DO RECIFE.",https://publico.recife.pe.leg.br/consultas/norma_juridica/norma_juridica_mostrar_proc?cod_norma=1605,Lei Ordinária,2018-12-21,Outro
Lei Ordinária 18536/2018,ESTIMA A RECEITA E FIXA A DESPESA DO MUNICÍPIO DO RECIFE PARA O EXERCÍCIO DE 2019.(LOA),https://publico.recife.pe.leg.br/consultas/norma_juridica/norma_juridica_mostrar_proc?cod_norma=1602,Lei Ordinária,2018-12-10,Outro
Lei Ordinária 18535/2018,"DISPÕE SOBRE A REVISÃO DO PLANO PLURIANUAL 2018-2021 DO MUNICÍPIO DO RECIFE, PARA O EXERCÍCIO DE 2019. (PPA)",https://publico.recife.pe.leg.br/consultas/norma_juridica/norma_juridica_mostrar_proc?cod_norma=1599,Lei Ordinária,2018-12-10,Outro
Lei Ordinária 18534/2018,INSTITUI NO CALENDÁRIO OFICIAL DE EVENTOS DO MUNICÍPIO DO RECIFE O DIA DA CULTURA POPULAR DO RECIFE.,https://publico.recife.pe.leg.br/consultas/norma_juridica/norma_juridica_mostrar_proc?cod_norma=1597,Lei Ordinária,2018-12-10,CalendarioEventos
Lei Ordinária 18533/2018,"DISPÕE SOBRE A OBRIGATORIEDADE DA UTILIZAÇÃO DE CRACHÁ DE IDENTIFICAÇÃO POR FUNCIONÁRIOS QUE PRESTAM SERVIÇOS DE SEGURANÇA EM EVENTOS, CASAS NOTURNAS, BARES, CASAS DE SHOWS, TEATROS, BOATES, RESTAURANTES E SIMILARES NO MUNICÍPIO DO RECIFE.",https://publico.recife.pe.leg.br/consultas/norma_juridica/norma_juridica_mostrar_proc?cod_norma=1806,Lei Ordinária,2018-12-06,CalendarioEventos
Lei Ordinária 18532/2018,DISPÕE SOBRE A CRIAÇÃO DE FÓRUM MUNICIPAL DE PROTEÇÃO E DEFESA ANIMAL.,https://publico.recife.pe.leg.br/consultas/norma_juridica/norma_juridica_mostrar_proc?cod_norma=1596,Lei Ordinária,2018-12-06,Outro
Lei Ordinária 18531/2018,"DISPÕE SOBRE A OBRIGATORIEDADE DA CONSTRUÇÃO OU ADAPTAÇÃO DE FRALDÁRIOS ACESSÍVEIS A FREQUENTADORES MASCULINOS EM SHOPPING CENTERS E ESTABELECIMENTOS SIMILARES, E DÁ OUTRAS PROVIDÊNCIAS.",https://publico.recife.pe.leg.br/consultas/norma_juridica/norma_juridica_mostrar_proc?cod_norma=1595,Lei Ordinária,2018-12-06,Outro
Lei Ordinária 18530/2018,INSTITUI A SEMANA MUNICIPAL DE INCENTIVO A ADOÇÃO DE CRIANÇAS E ADOLESCENTES.,https://publico.recife.pe.leg.br/consultas/norma_juridica/norma_juridica_mostrar_proc?cod_norma=1805,Lei Ordinária,2018-12-04,Outro
Lei Ordinária 18529/2018,"DENOMINAR-SE-Á DE NICOLA PEDULLA A RUA LOCALIZADA NA VILA  SANTO ANTONIO, EM FRENTE AO NÚMERO 348 DA AV. HILDEBRANDO DE VASCONCELOS NO BAIRRO DE DOIS UNIDOS.",https://publico.recife.pe.leg.br/consultas/norma_juridica/norma_juridica_mostrar_proc?cod_norma=1591,Lei Ordinária,2018-12-14,RenomearLogradouro
Lei Ordinária 18528/2018,"DISPÕE SOBRE A INSERÇÃO DE INSTITUIÇÕES DE LONGA PERMANÊNCIA E CRECHES NOS SERVIÇOS OFERECIDOS PELAS REGIÕES POLÍTICO-ADMINISTRATIVAS(RPAS), NO ÂMBITO DO MUNICÍPIO DO RECIFE.",https://publico.recife.pe.leg.br/consultas/norma_juridica/norma_juridica_mostrar_proc?cod_norma=1590,Lei Ordinária,2018-11-21,CalendarioEventos
Lei Ordinária 18527/2018,INSTITUI A “SEMANA  DA GUARDA MUNICIPAL DO RECIFE” NO CALENDÁRIO OFICIAL DE EVENTOS DO MUNICÍPIO.,https://publico.recife.pe.leg.br/consultas/norma_juridica/norma_juridica_mostrar_proc?cod_norma=1588,Lei Ordinária,2018-11-19,CalendarioEventos
Lei Ordinária 18526/2018,INSTITUI A SEMANA DA PAZ NO CALENDÁRIO DE COMEMORAÇÕES OFICIAIS DO MUNICÍPIO DO RECIFE.,https://publico.recife.pe.leg.br/consultas/norma_juridica/norma_juridica_mostrar_proc?cod_norma=1586,Lei Ordinária,2018-11-13,CalendarioEventos
Lei Ordinária 18525/2018,"INSTITUI A DATA DE 15/11/1825 COMO MARCO INAUGURAL DE CRIAÇÃO DO BAIRRO DA MUSTARDINHA, INCLUI, NO CALENDÁRIO DE EVENTOS DA CIDADE DO RECIFE, O DIA 15 DE NOVEMBRO COMO ANIVERSÁRIO DO BAIRRO E DÁ OUTRAS PROVIDÊNCIAS.",https://publico.recife.pe.leg.br/consultas/norma_juridica/norma_juridica_mostrar_proc?cod_norma=1583,Lei Ordinária,2018-11-13,CalendarioEventos
Lei Ordinária 18524/2018,"INSTITUI, NO CALENDÁRIO OFICIAL DE EVENTOS DO MUNICÍPIO DO RECIFE, A SEMANA MUNICIPAL DE CONSCIENTIZAÇÃO SOBRE DIAGNÓSTICO, ACOMPANHAMENTO E TRATAMENTO DA SÍNDROME DA DEFICIÊNCIA IMUNOLÓGICA ADQUIRIDA (AIDS) E DÁ OUTRAS PROVIDÊNCIAS.",https://publico.recife.pe.leg.br/consultas/norma_juridica/norma_juridica_mostrar_proc?cod_norma=1581,Lei Ordinária,2018-11-13,CalendarioEventos
Lei Ordinária 18523/2018,"INSTITUI, NO MUNICÍPIO DO RECIFE, O PROGRAMA DE COMBATE AOS CRIMES CONTRA A DIGNIDADE SEXUAL NO SISTEMA DE TRANSPORTE PÚBLICO.",https://publico.recife.pe.leg.br/consultas/norma_juridica/norma_juridica_mostrar_proc?cod_norma=1571,Lei Ordinária,2018-07-07,CalendarioEventos
Lei Ordinária 18522/2018,"INSTITUI, NO CALENDÁRIO OFICIAL DE EVENTOS DO MUNICÍPIO DO RECIFE, O “DIA MUNICIPAL DO ROCK”.",https://publico.recife.pe.leg.br/consultas/norma_juridica/norma_juridica_mostrar_proc?cod_norma=1421,Lei Ordinária,2018-10-17,CalendarioEventos
Lei Ordinária 18521/2018,"INSTITUI O ""MÊS DE PREVENÇÃO E CONSCIENTIZAÇÃO SOBRE A MICROCEFALIA"", A SER CELEBRADO NO MÊS DE MARÇO, E DÁ OUTRAS PROVIDÊNCIAS.",https://publico.recife.pe.leg.br/consultas/norma_juridica/norma_juridica_mostrar_proc?cod_norma=1420,Lei Ordinária,2018-10-08,Outro
Lei Ordinária 18520/2018,"INSTITUI, NO CALENDÁRIO OFICIAL DE EVENTOS DO MUNICÍPIO DE RECIFE, O “DIA DAS MÃES” E O “DIA DOS PAIS”, E DÁ OUTRAS PROVIDÊNCIAS.",https://publico.recife.pe.leg.br/consultas/norma_juridica/norma_juridica_mostrar_proc?cod_norma=1416,Lei Ordinária,2018-10-08,CalendarioEventos
Lei Ordinária 18519/2018,CONSIDERA PATRIMÔNIO CULTURAL IMATERIAL A  ORQUESTRA SINFÔNICA DO RECIFE (OSR).,https://publico.recife.pe.leg.br/consultas/norma_juridica/norma_juridica_mostrar_proc?cod_norma=1415,Lei Ordinária,2018-10-08,PatrimonioCultural
Lei Ordinária 18518/2018,INSTITUI O PROJETO “CULTURA NAS PRAÇAS” NO ÂMBITO DO MUNICÍPIO DO RECIFE.,https://publico.recife.pe.leg.br/consultas/norma_juridica/norma_juridica_mostrar_proc?cod_norma=1108,Lei Ordinária,2018-10-01,CalendarioEventos
Lei Ordinária 18517/2018,"DENOMINAR-SE-Á “ARNALDO FRANCISCO DAS NEVES (CORUJA)” A PRAÇA LOCALIZADA NA ESQUINA DA AVENIDA NORTE COM A RUA BUARQUE DE MACÊDO, NO BAIRRO DE SANTO AMARO.",https://publico.recife.pe.leg.br/consultas/norma_juridica/norma_juridica_mostrar_proc?cod_norma=1107,Lei Ordinária,2018-10-01,RenomearLogradouro
Lei Ordinária 18516/2018,INSTITUI A SEMANA MUNICIPAL PARA CONSCIENTIZAÇÃO E APOIO AOS PORTADORES DA DOENÇA DE PARKINSON NO MUNICÍPIO DO RECIFE E DÁ OUTRAS PROVIDÊNCIAS.,https://publico.recife.pe.leg.br/consultas/norma_juridica/norma_juridica_mostrar_proc?cod_norma=1106,Lei Ordinária,2018-09-18,CalendarioEventos
Lei Ordinária 18515/2018,INSTITUI A SEMANA MUNICIPAL DO MOVIMENTO CULTURAL HIP HOP E DÁ OUTRAS PROVIDENCIAS.,https://publico.recife.pe.leg.br/consultas/norma_juridica/norma_juridica_mostrar_proc?cod_norma=1103,Lei Ordinária,2018-08-28,Outro
Lei Ordinária 18514/2018,INSTITUI A SEMANA MUNICIPAL DO MOVIMENTO CULTURAL MANGUE BEAT.,https://publico.recife.pe.leg.br/consultas/norma_juridica/norma_juridica_mostrar_proc?cod_norma=1102,Lei Ordinária,2018-08-28,Outro
Lei Ordinária 18513/2018,"DISPÕE SOBRE AUTORIZAÇÃO PARA CONTRATAÇÃO DE OPERAÇÃO DE CRÉDITO JUNTO AO BANCO DO BRASIL S.A. NO ÂMBITO DO PROGRAMA EFICIÊNCIA MUNICIPAL, NO VALOR DE R$ 4.025.336,24.   ""REGIME DE URGÊNCIA""",https://publico.recife.pe.leg.br/consultas/norma_juridica/norma_juridica_mostrar_proc?cod_norma=1101,Lei Ordinária,2018-08-18,Outro
Lei Ordinária 18512/2018,"REVOGA O ART. 4º E SEUS PARÁGRAFOS DA LEI Nº 18.457, DE 1º DE DEZEMBRO DE 2017, QUE ALTERA A ESTRUTURA ADMINISTRATIVA DO QUADRO DE PESSOAL COMISSIONADO - QCP DA CÂMARA MUNICIPAL DO RECIFE, E DÁ OUTRAS PROVIDÊNCIAS.",https://publico.recife.pe.leg.br/consultas/norma_juridica/norma_juridica_mostrar_proc?cod_norma=1100,Lei Ordinária,2018-07-04,Outro
Lei Ordinária 18511/2018,DISPÕE SOBRE A PROIBIÇÃO DE INCENTIVOS FISCAIS A EMPRESAS QUE TENHAM ENVOLVIMENTO EM CORRUPÇÃO DE QUALQUER ESPÉCIE OU EM ATO DE IMPROBIDADE ADMINISTRATIVA NO MUNICÍPIO DO RECIFE.,https://publico.recife.pe.leg.br/consultas/norma_juridica/norma_juridica_mostrar_proc?cod_norma=1085,Lei Ordinária,2018-07-25,Outro
Lei Ordinária 18510/2018,"DISPÕE SOBRE A REVISÃO DO PLANO DE CARGOS, CARREIRA E VENCIMENTOS (PCCV) DO GRUPO OCUPACIONAL SEGURANÇA MUNICIPAL. ""REGIME DE URGÊNCIA""",https://publico.recife.pe.leg.br/consultas/norma_juridica/norma_juridica_mostrar_proc?cod_norma=1083,Lei Ordinária,2018-07-23,Outro
Lei Ordinária 18509/2018,"INSTITUI O PLANO DE CARGOS, CARREIRA DESENVOLVIMENTO E VENCIMENTOS – PCCDV DO GRUPO OCUPACIONAL DE APOIO AO MAGISTÉRIO, E DÁ OUTRAS PROVIDÊNCIAS.   ""REGIME DE URGÊNCIA""",https://publico.recife.pe.leg.br/consultas/norma_juridica/norma_juridica_mostrar_proc?cod_norma=1081,Lei Ordinária,2018-07-23,Outro
Lei Ordinária 18508/2018,DISPÕE SOBRE O REAJUSTE DA REMUNERAÇÃO DOS SERVIDORES DO PODER LEGISLATIVO MUNICIPAL.,https://publico.recife.pe.leg.br/consultas/norma_juridica/norma_juridica_mostrar_proc?cod_norma=1079,Lei Ordinária,2018-07-19,Outro
Lei Ordinária 18507/2018,"INSTITUI, NO CALENDÁRIO OFICIAL DE EVENTOS DO MUNICÍPIO DO RECIFE, A SEMANA MUNICIPAL DE CONSCIENTIZAÇÃO SOBRE AS DOENÇAS RARAS.",https://publico.recife.pe.leg.br/consultas/norma_juridica/norma_juridica_mostrar_proc?cod_norma=1078,Lei Ordinária,2018-07-16,CalendarioEventos
Lei Ordinária 18506/2018,DENOMINAR-SE-Á “ESTAÇÃO DE TRATAMENTO DE ESGOTO PAULO AUGUSTO DO NASCIMENTO FEITOSA” A ESTAÇÃO DE TRATAMENTO DE ESGOTO EM CONSTRUÇÃO NO BAIRRO CORDEIRO.,https://publico.recife.pe.leg.br/consultas/norma_juridica/norma_juridica_mostrar_proc?cod_norma=1076,Lei Ordinária,2018-07-16,RenomearLogradouro
Lei Ordinária 18505/2018,"INSTITUI A VIRADA ANIMAL, NO MUNICÍPIO DO RECIFE, E DÁ OUTRAS PROVIDÊNCIAS",https://publico.recife.pe.leg.br/consultas/norma_juridica/norma_juridica_mostrar_proc?cod_norma=1075,Lei Ordinária,2018-07-12,CalendarioEventos
Lei Ordinária 18504/2018,DISPÕE SOBRE A REMUNERAÇÃO DOS SERVIDORES E EMPREGADOS PÚBLICOS QUE INDICA.,https://publico.recife.pe.leg.br/consultas/norma_juridica/norma_juridica_mostrar_proc?cod_norma=1074,Lei Ordinária,2018-07-05,Outro
Lei Ordinária 18503/2018,INSTITUI O COMITÊ INTERSETORIAL DE ACOMPANHAMENTO E MONITORAMENTO DA POLÍTICA MUNICIPAL PARA A POPULAÇÃO EM SITUAÇÃO DE RUA DO RECIFE.,https://publico.recife.pe.leg.br/consultas/norma_juridica/norma_juridica_mostrar_proc?cod_norma=1073,Lei Ordinária,2018-07-05,CalendarioEventos
Lei Ordinária 18502/2018,DISPÕE SOBRE AS DIRETRIZES PARA ELABORAÇÃO E EXECUÇÃO DA LEI ORÇAMENTÁRIA DE 2019.,https://publico.recife.pe.leg.br/consultas/norma_juridica/norma_juridica_mostrar_proc?cod_norma=1072,Lei Ordinária,2018-06-25,Outro
Lei Ordinária 18501/2018,"INSTITUI NO CALENDÁRIO OFICIAL DO MUNICÍPIO DO RECIFE O DIA DO TÉCNICO EM SAÚDE BUCAL E DO AUXILIAR EM SAÚDE BUCAL, A SER COMEMORADO ANUALMENTE EM 24 DE DEZEMBRO.",https://publico.recife.pe.leg.br/consultas/norma_juridica/norma_juridica_mostrar_proc?cod_norma=536,Lei Ordinária,2018-06-14,CalendarioEventos
Lei Ordinária 18500/2018,"DENOMINAR-SE-Á “DEPUTADO ALCIDES TEIXEIRA” O PRÓXIMO EQUIPAMENTO A SER CONSTRUÍDO E INAUGURADO NO BAIRRO DE SANTO AMARO, NA CIDADE DO RECIFE/PE.",https://publico.recife.pe.leg.br/consultas/norma_juridica/norma_juridica_mostrar_proc?cod_norma=535,Lei Ordinária,2018-06-14,RenomearLogradouro
Lei Ordinária 18499/2018,"ALTERA A LEI Nº 18.426, DE 11 DE DEZEMBRO 2017, QUE DISPÕE SOBRE A INSTITUIÇÃO DA ""BRIGADA MARIA DA PENHA"" NO MUNICÍPIO DO RECIFE.",https://publico.recife.pe.leg.br/consultas/norma_juridica/norma_juridica_mostrar_proc?cod_norma=534,Lei Ordinária,2018-06-06,CalendarioEventos
Lei Ordinária 18498/2018,DISPÕE SOBRE A ORGANIZAÇÃO DA UNIDADE DE PERÍCIAS MÉDICAS E SAÚDE DO TRABALHADOR DO MUNICÍPIO DO RECIFE.,https://publico.recife.pe.leg.br/consultas/norma_juridica/norma_juridica_mostrar_proc?cod_norma=533,Lei Ordinária,2018-06-06,Outro
Lei Ordinária 18497/2018,"INSTITUI, NO CALENDÁRIO OFICIAL DE EVENTOS DO MUNICÍPIO DO RECIFE, O DIA MUNICIPAL DAS PONTES.",https://publico.recife.pe.leg.br/consultas/norma_juridica/norma_juridica_mostrar_proc?cod_norma=532,Lei Ordinária,2018-06-06,CalendarioEventos
Lei Ordinária 18496/2018,"DISPÕE SOBRE A INSTALAÇÃO E DISPONIBILIZAÇÃO DE ""GUICHÊS DE CAIXA RÁPIDO"" NAS AGÊNCIAS BANCÁRIAS NO MUNICÍPIO DO RECIFE, NA FORMA QUE ESPECIFICA, E DÁ OUTRAS PROVIDÊNCIAS.",https://publico.recife.pe.leg.br/consultas/norma_juridica/norma_juridica_mostrar_proc?cod_norma=510,Lei Ordinária,2018-06-04,Outro
Lei Ordinária 18495/2018,"ALTERA A LEI MUNICIPAL Nº 17.537, DE 26 DE MAIO DE 2009, QUE FIXA NORMAS PARA A EXPLORAÇÃO DO SISTEMA MUNICIPAL DE TÁXI NO MUNICÍPIO DO RECIFE - SMTX/RECIFE.",https://publico.recife.pe.leg.br/consultas/norma_juridica/norma_juridica_mostrar_proc?cod_norma=504,Lei Ordinária,2018-06-04,Outro
Lei Ordinária 18494/2018,"DISPÕE SOBRE A ALTERAÇÃO DAS LEIS Nº 18.432, DE 18 DE DEZEMBRO DE 2017 (PPA 2018-2021), Nº 18.327, DE 03 DE JULHO DE 2017 (LDO 2018) E Nº 18.433, DE 18 DE DEZEMBRO DE 2017 (LOA 2018), CRIA UNIDADE ORÇAMENTÁRIA E AUTORIZA A ABERTURA DE CRÉDITO ESPECIAL, POR ANULAÇÃO PARCIAL DE DOTAÇÃO NO ORÇAMENTO DO CORRENTE EXERCÍCIO.",https://publico.recife.pe.leg.br/consultas/norma_juridica/norma_juridica_mostrar_proc?cod_norma=503,Lei Ordinária,2018-06-01,Outro
Lei Ordinária 18493/2018,INSTITUI A “CAMPANHA DE INTEGRAÇÃO DOS CICLISTAS NO TRÂNSITO” NO MUNICÍPIO DO RECIFE.,https://publico.recife.pe.leg.br/consultas/norma_juridica/norma_juridica_mostrar_proc?cod_norma=502,Lei Ordinária,2018-05-25,CalendarioEventos
Lei Ordinária 18492/2018,"ACRESCENTA PARÁGRAFO ÚNICO AO ART. 1º DA LEI MUNICIPAL Nº 17.339, DE 15 DE SETEMBRO DE 2007, QUE DISPÕE SOBRE A INSTALAÇÃO DE SINAIS SONOROS NOS SEMÁFOROS DEFRONTE DE HOSPITAIS E ESCOLAS LOCALIZADAS NO MUNICÍPIO DO RECIFE.",https://publico.recife.pe.leg.br/consultas/norma_juridica/norma_juridica_mostrar_proc?cod_norma=501,Lei Ordinária,2018-05-25,Outro
Lei Ordinária 18491/2018,INSTITUI O MARCO LEGAL DA PRIMEIRA INFÂNCIA DO RECIFE E DÁ OUTRAS PROVIDÊNCIAS.,https://publico.recife.pe.leg.br/consultas/norma_juridica/norma_juridica_mostrar_proc?cod_norma=133,Lei Ordinária,2018-05-25,CalendarioEventos
Lei Ordinária 18490/2018,"ACRESCENTA PARÁGRAFO ÚNICO AO ART. 21 E O §5º AO ART. 23 DA LEI Nº 17.239, DE 7 DE JULHO DE 2016. (LEI QUE DISPÕE SOBRE REMUNERAÇÃO E VANTAGENS DOS SERVIDORES MUNICIPAIS)
""REGIME DE URGÊNCIA""",https://publico.recife.pe.leg.br/consultas/norma_juridica/norma_juridica_mostrar_proc?cod_norma=132,Lei Ordinária,2018-05-23,Outro
Lei Ordinária 18489/2018,"DENOMINAR-SE-Á CAMILO SIMÕES À “PRAÇA”, LOCALIZADA NA AV. BEBERIBE, S/N, NO BAIRRO DE ÁGUA FRIA.",https://publico.recife.pe.leg.br/consultas/norma_juridica/norma_juridica_mostrar_proc?cod_norma=131,Lei Ordinária,2018-05-23,RenomearLogradouro
Lei Ordinária 18488/2018,"ACRESCENTA OS ARTS. 8º-A, 8º-B E 8º-C À LEI Nº 16.737, DE 28 DE DEZEMBRO DE 2001, PARA OBRIGAR A REMOÇÃO DOS CABOS E DA FIAÇÃO AÉREA EXCEDENTES OU SEM USO INSTALADOS POR EMPRESAS PUBLICAS E PRIVADAS, CONCESSIONÁRIAS DE SERVIÇOS PÚBLICOS E PRESTADORES DE SERVIÇO NO MUNICÍPIO DO RECIFE E DÁ OUTRAS PROVIDÊNCIAS.",https://publico.recife.pe.leg.br/consultas/norma_juridica/norma_juridica_mostrar_proc?cod_norma=130,Lei Ordinária,2018-05-11,Outro
Lei Ordinária 18487/2018,INSTITUI A SEMANA EDUCATIVA DA NUTRIÇÃO INFANTIL NO MUNICÍPIO DO RECIFE.,https://publico.recife.pe.leg.br/consultas/norma_juridica/norma_juridica_mostrar_proc?cod_norma=129,Lei Ordinária,2018-05-11,CalendarioEventos
Lei Ordinária 18486/2018,"ALTERA O §2º DO ART. 3º DA LEI Nº 17.159, DE 21 DE DEZEMBRO DE 2005.",https://publico.recife.pe.leg.br/consultas/norma_juridica/norma_juridica_mostrar_proc?cod_norma=128,Lei Ordinária,2018-04-04,Outro
Lei Ordinária 18485/2018,"INSTITUI, NO CALENDÁRIO OFICIAL DE EVENTOS DO MUNICÍPIO DO RECIFE, O “DIA MUNICIPAL DA COMUNICAÇÃO POPULAR”.",https://publico.recife.pe.leg.br/consultas/norma_juridica/norma_juridica_mostrar_proc?cod_norma=127,Lei Ordinária,2018-05-08,CalendarioEventos
Lei Ordinária 18484/2018,DECLARA DE UTILIDADE PÚBLICA A ASSOCIAÇÃO GRUPO HUMANIZAR.,https://publico.recife.pe.leg.br/consultas/norma_juridica/norma_juridica_mostrar_proc?cod_norma=126,Lei Ordinária,2018-05-03,Outro
Lei Ordinária 18483/2018,DECLARA DE UTILIDADE PÚBLICA A PROVÍNCIA NOSSA SENHORA DA PENHA DO NORDESTE DO BRASIL PRONEB.,https://publico.recife.pe.leg.br/consultas/norma_juridica/norma_juridica_mostrar_proc?cod_norma=123,Lei Ordinária,2018-05-03,Outro
Lei Ordinária 18482/2018,"DENOMINAR-SE-Á “ZECA BARBOSA DE LIMA” A PRAÇA LOCALIZADA ENTRE ASRUAS SÃO VICENTE E ALFREDO OSÓRIO, EM FRENTE AO SUPERMERCADO EXTRA E DO COLÉGIO SANTA CATARINA, NO BAIRRO DA TAMARINEIRA, NA CIDADE DO RECIFE/PE.",https://publico.recife.pe.leg.br/consultas/norma_juridica/norma_juridica_mostrar_proc?cod_norma=122,Lei Ordinária,2018-05-03,RenomearLogradouro
Lei Ordinária 18481/2018,"INCLUI NO CALENDÁRIO OFICIAL DE EVENTOS DO MUNICÍPIO DO RECIFE, O “PRÊMIO DA MÚSICA DE PERNAMBUCO.",https://publico.recife.pe.leg.br/consultas/norma_juridica/norma_juridica_mostrar_proc?cod_norma=121,Lei Ordinária,2018-05-03,CalendarioEventos
Lei Ordinária 18480/2018,"DENOMINAR-SE-Á “RUA DESEMBARGADOR OTÍLIO NEIVA” O PROLONGAMENTO EM CURVA DA AV. DESEMBARGADOR GUERRA BARRETO, ANTIGA AV. BEIRA RIO, NO BAIRRO DA ILHA JOANA BEZERRA.",https://publico.recife.pe.leg.br/consultas/norma_juridica/norma_juridica_mostrar_proc?cod_norma=120,Lei Ordinária,2018-05-03,RenomearLogradouro
Lei Ordinária 18479/2018,"INSTITUI O DIA MUNICIPAL DO SINDICALISTA NO RECIFE, A SER COMEMORADO ANUALMENTE EM 30 DE ABRIL.",https://publico.recife.pe.leg.br/consultas/norma_juridica/norma_juridica_mostrar_proc?cod_norma=119,Lei Ordinária,2018-05-03,CalendarioEventos
Lei Ordinária 18478/2018,"CRIA NO CALENDÁRIO OFICIAL DE EVENTOS DO MUNICÍPIO DO RECIFE, O MÊS DO DOADOR DE SANGUE E DÁ OUTRAS PROVIDÊNCIAS.",https://publico.recife.pe.leg.br/consultas/norma_juridica/norma_juridica_mostrar_proc?cod_norma=118,Lei Ordinária,2018-04-23,CalendarioEventos
Lei Ordinária 18477/2018,"INSTITUI, NO CALENDÁRIO OFICIAL DE EVENTOS DO MUNICÍPIO DO RECIFE, A SEMANA MUNICIPAL DE COMBATE AO FEMINICÍDIO.",https://publico.recife.pe.leg.br/consultas/norma_juridica/norma_juridica_mostrar_proc?cod_norma=117,Lei Ordinária,2018-04-23,CalendarioEventos
Lei Ordinária 18476/2018,DISPÕE SOBRE A CRIAÇÃO DO “DIA MUNICIPAL DE COMBATE À EXPLORAÇÃO SEXUAL DE MULHERES” E DÁ OUTRAS PROVIDÊNCIAS.,https://publico.recife.pe.leg.br/consultas/norma_juridica/norma_juridica_mostrar_proc?cod_norma=116,Lei Ordinária,2018-04-23,Outro
Lei Ordinária 18475/2018,DENOMINAR-SE-Á NANÁ VASCONCELOS A PRÓXIMA ESCOLA MUNICIPAL A SER CONSTRUÍDA PELA PREFEITURA DA CIDADE DO RECIFE.,https://publico.recife.pe.leg.br/consultas/norma_juridica/norma_juridica_mostrar_proc?cod_norma=115,Lei Ordinária,2018-04-18,Outro
Lei Ordinária 18474/2018,"INSTITUI, NO CALENDÁRIO OFICIAL DE EVENTOS DO MUNICÍPIO DO RECIFE, O DIA MUNICIPAL DA MÚSICA BREGA.",https://publico.recife.pe.leg.br/consultas/norma_juridica/norma_juridica_mostrar_proc?cod_norma=114,Lei Ordinária,2018-04-18,CalendarioEventos
Lei Ordinária 18473/2018,"DENOMINAR-SE-Á “MIGUEL BATISTA” A PRAÇA LOCALIZADA NA RUA ARLINDO GOUVEIA, NO BAIRRO DA MADALENA.",https://publico.recife.pe.leg.br/consultas/norma_juridica/norma_juridica_mostrar_proc?cod_norma=113,Lei Ordinária,2018-04-18,RenomearLogradouro
Lei Ordinária 18472/2018,INSTITUI A SEMANA MUNICIPAL DE COMBATE À ESCLEROSE MÚLTIPLA E A INCLUI NO CALENDÁRIO OFICIAL DE EVENTOS DO MUNICÍPIO DO RECIFE.,https://publico.recife.pe.leg.br/consultas/norma_juridica/norma_juridica_mostrar_proc?cod_norma=112,Lei Ordinária,2018-04-18,CalendarioEventos
Lei Ordinária 18471/2018,"DISPÕE SOBRE A CONTRATAÇÃO POR TEMPO DETERMINADO PARA ATENDER ÀS NECESSIDADES TEMPORÁRIAS DE EXCEPCIONAL INTERESSE PÚBLICO DE QUE TRATA O ART. 63, INCISO IX, ALÍNEA ""B"", DA LEI ORGÂNICA DO MUNICÍPIO DO RECIFE.",https://publico.recife.pe.leg.br/consultas/norma_juridica/norma_juridica_mostrar_proc?cod_norma=59,Lei Ordinária,2018-03-27,Outro
Lei Ordinária 18470/2018,CONSIDERA PATRIMÔNIO CULTURAL IMATERIAL O BALÉ POPULAR DO RECIFE.,https://publico.recife.pe.leg.br/consultas/norma_juridica/norma_juridica_mostrar_proc?cod_norma=58,Lei Ordinária,2018-03-21,PatrimonioCultural
Lei Ordinária 18469/2018,INSTITUI A SEMANA MUNICIPAL DA ASTRONOMIA E A INCLUI NO CALENDÁRIO OFICIAL DE EVENTOS DO MUNICÍPIO DO RECIFE.,https://publico.recife.pe.leg.br/consultas/norma_juridica/norma_juridica_mostrar_proc?cod_norma=57,Lei Ordinária,2018-03-19,CalendarioEventos
Lei Ordinária 18468/2018,"DECLARA DE UTILIDADE PÚBLICA, NO ÂMBITO MUNICIPAL, O INSTITUTO ARQUEOLÓGICO, HISTÓRICO E GEOGRÁFICO PERNAMBUCANO (IAHGP) E DÁ OUTRAS PROVIDÊNCIAS.",https://publico.recife.pe.leg.br/consultas/norma_juridica/norma_juridica_mostrar_proc?cod_norma=56,Lei Ordinária,2018-03-05,PatrimonioCultural
Lei Ordinária 18467/2018,DISPÕE SOBRE A REMUNERAÇÃO DOS SERVIDORES PÚBLICOS QUE INDICA E DÁ OUTRAS PROVIDÊNCIAS.,https://publico.recife.pe.leg.br/consultas/norma_juridica/norma_juridica_mostrar_proc?cod_norma=55,Lei Ordinária,2018-02-28,Outro
Lei Ordinária 18466/2018,DECLARA PATRIMÔNIO ARTÍSTICO E CULTURAL DO RECIFE OS BLOCOS LÍRICOS EXISTENTES NA CIDADE DO RECIFE.,https://publico.recife.pe.leg.br/consultas/norma_juridica/norma_juridica_mostrar_proc?cod_norma=54,Lei Ordinária,2018-01-16,PatrimonioCultural
Lei Ordinária 18465/2018,DISPÕE SOBRE AS GARANTIAS DE ACESSIBILIDADE NAS ESTRUTURAS TEMPORÁRIAS PARA EVENTOS.,https://publico.recife.pe.leg.br/consultas/norma_juridica/norma_juridica_mostrar_proc?cod_norma=53,Lei Ordinária,2018-01-16,Outro
Lei Ordinária 18464/2018,"DISPÕE SOBRE A PROIBIÇÃO DA COMERCIALIZAÇÃO DO CACHIMBO DE ÁGUA EGÍPCIO, CONHECIDO COMO NARGUILÉ, AOS MENORES DE DEZOITO ANOS DE IDADE NO ÂMBITO DO MUNICÍPIO DO RECIFE.",https://publico.recife.pe.leg.br/consultas/norma_juridica/norma_juridica_mostrar_proc?cod_norma=52,Lei Ordinária,2018-01-16,Outro
Lei Ordinária 18463/2018,"DISPÕE SOBRE A OBRIGATORIEDADE DE CASAS DE SHOWS, BOATES, SALÕES DE FESTAS, E ESTABELECIMENTOS SIMILARES EXIBIREM, EM SUAS DEPENDÊNCIAS, ADVERTÊNCIA SOBRE O PERIGO DA ASSOCIAÇÃO ENTRE BEBIDA ALCOÓLICA E DIREÇÃO NO TRÂNSITO.",https://publico.recife.pe.leg.br/consultas/norma_juridica/norma_juridica_mostrar_proc?cod_norma=51,Lei Ordinária,2018-01-16,Outro
Lei Ordinária 18462/2018,"OBRIGA OS BARES, RESTAURANTES E SIMILARES QUE APRESENTEM MÚSICA AO VIVO A DIVULGAR ESTE SERVIÇO NA FORMA DESTA LEI, E DÁ OUTRAS PROVIDÊNCIAS.",https://publico.recife.pe.leg.br/consultas/norma_juridica/norma_juridica_mostrar_proc?cod_norma=50,Lei Ordinária,2018-01-16,Outro
Lei Ordinária 18461/2018,DECLARA PATRIMÔNIO ARTÍSTICO E CULTURAL DO RECIFE AS QUADRILHAS JUNINAS EXISTENTES NA CIDADE.,https://publico.recife.pe.leg.br/consultas/norma_juridica/norma_juridica_mostrar_proc?cod_norma=49,Lei Ordinária,2018-01-10,PatrimonioCultural
Lei Ordinária 18460/2018,DECLARA PATRIMÔNIO ARTÍSTICO E CULTURAL DO RECIFE OS CABOCLINHOS E AS TRIBOS DE ÍNDIOS EXISTENTES NA CIDADE.,https://publico.recife.pe.leg.br/consultas/norma_juridica/norma_juridica_mostrar_proc?cod_norma=48,Lei Ordinária,2018-01-10,PatrimonioCultural
Lei Ordinária 18459/2018,INSTITUI O DIA MUNICIPAL DO ASSESSOR PARLAMENTAR.,https://publico.recife.pe.leg.br/consultas/norma_juridica/norma_juridica_mostrar_proc?cod_norma=47,Lei Ordinária,2018-01-10,CalendarioEventos
Lei Ordinária 18458/2018,"DENOMINA RUA MAESTRO JOÃO VIEIRA DE ARAÚJO O LOGRADOURO PÚBLICO EXISTENTE NA CIDADE DO
RECIFE.",https://publico.recife.pe.leg.br/consultas/norma_juridica/norma_juridica_mostrar_proc?cod_norma=46,Lei Ordinária,2018-01-10,RenomearLogradouro
Lei Ordinária 18457/2018,"ALTERA A ESTRUTURA ADMINISTRATIVA DO QUADRO DE PESSOAL COMISSIONADO – QPC DA CÂMARA MUNICIPAL DO RECIFE, CRIANDO CARGOS, INSTITUI REPRESENTAÇÃO E DÁ OUTRAS PROVIDÊNCIAS.",https://publico.recife.pe.leg.br/consultas/norma_juridica/norma_juridica_mostrar_proc?cod_norma=45,Lei Ordinária,2018-01-08,CalendarioEventos
Lei Ordinária 18456/2017,"ALTERA A LEI N.º 15.563, DE 27 DE DEZEMBRO DE 1991, A LEI N.º 17.399, DE 28 DE DEZEMBRO DE 2007, A LEI N.º 18.276, DE 02 DE DEZEMBRO DE 2016, E A LEI N.º 17.244, DE 27 DE JULHO DE 2006.",https://publico.recife.pe.leg.br/consultas/norma_juridica/norma_juridica_mostrar_proc?cod_norma=72,Lei Ordinária,2017-12-27,Outro
Lei Ordinária 18455/2017,"ALTERA O INCISO V DO ARTIGO 4º, DA LEI Nº 18.093/2014, PUBLICADA NO DIÁRIO OFICIAL DO MUNICÍPIO Nº 144, DE 18 DE DEZEMBRO DE 2014, QUE ALTERA O ZONEAMENTO DA CIDADE – ZEIS II.",https://publico.recife.pe.leg.br/consultas/norma_juridica/norma_juridica_mostrar_proc?cod_norma=71,Lei Ordinária,2017-12-27,CalendarioEventos
Lei Ordinária 18454/2017,INSTITUI NO MUNICÍPIO DO RECIFE O CADASTRO TÉCNICO AMBIENTAL DE ATIVIDADES POTENCIALMENTE POLUIDORAS OU UTILIZADORAS DE RECURSOS AMBIENTAIS (CTAA) E A TAXA DE CONTROLE E FISCALIZAÇÃO AMBIENTAL DO MUNICÍPIO DE RECIFE (TCFA-REC).,https://publico.recife.pe.leg.br/consultas/norma_juridica/norma_juridica_mostrar_proc?cod_norma=70,Lei Ordinária,2017-12-27,CalendarioEventos
Lei Ordinária 18453/2017,"ALTERA A REDAÇÃO DO ARTIGO 48, DA LEI MUNICIPAL Nº 16.290/1997, DE 29 DE JANEIRO DE 1997, QUE ""APROVA O PLANO ESPECÍFICO DE REVITALIZAÇÃO DA ZONA ESPECIAL DE PRESERVAÇÃO DO PATRIMÔNIO HISTÓRICO-CULTURAL 09 - SÍTIO HISTÓRICO DO BAIRRO DO RECIFE, ESTABELECE CONDIÇÕES ESPECIAIS DE USO E OCUPAÇÃO DO SOLO, CRIA MECANISMOS DE PLANEJAMENTO E GESTÃO, E DÁ OUTRAS PROVIDÊNCIAS"".",https://publico.recife.pe.leg.br/consultas/norma_juridica/norma_juridica_mostrar_proc?cod_norma=69,Lei Ordinária,2017-12-27,PatrimonioCultural
Lei Ordinária 18452/2017,"ALTERA A LEI MUNICIPAL Nº 18.043, DE 23 DE JULHO DE 2014, AMPLIANDO O ROL DE BENEFICIÁRIOS DA GRATUIDADE DO SISTEMA DE TRANSPORTE PÚBLICO DE PASSAGEIROS (PASSE LIVRE) E INCLUINDO NORMAS SOBRE A SUA UTILIZAÇÃO.",https://publico.recife.pe.leg.br/consultas/norma_juridica/norma_juridica_mostrar_proc?cod_norma=68,Lei Ordinária,2017-12-27,Outro
Lei Ordinária 18451/2017,"ACRESCENTA OS §§ 1º A 6º AO ART. 27 DA LEI Nº 18.014, DE 09 DE MAIO DE 2014, QUE DISPÕE SOBRE O SISTEMA MUNICIPAL DE UNIDADES PROTEGIDAS DO RECIFE - SMUP RECIFE.",https://publico.recife.pe.leg.br/consultas/norma_juridica/norma_juridica_mostrar_proc?cod_norma=67,Lei Ordinária,2017-12-27,Outro
Lei Ordinária 18450/2017,ALTERA A LEI Nº 17.765/2012 E DÁ OUTRAS PROVIDÊNCIAS.,https://publico.recife.pe.leg.br/consultas/norma_juridica/norma_juridica_mostrar_proc?cod_norma=65,Lei Ordinária,2017-12-27,Outro
Lei Ordinária 18449/2017,"DECLARA DE UTILIDADE PUBLICA NO ÂMBITO MUNICIPAL A ASSOCIAÇÃO AFETO, A ASSOCIAÇÃO DE FAMÍLIAS PARA O BEM-ESTAR E TRATAMENTO DA PESSOA COM AUTISMO - AFETO.",https://publico.recife.pe.leg.br/consultas/norma_juridica/norma_juridica_mostrar_proc?cod_norma=63,Lei Ordinária,2017-12-27,Outro
Lei Ordinária 18448/2017,ALTERA A LEI MUNICIPAL Nº 18.137 DE 23 DE JUNHO DE 2017.,https://publico.recife.pe.leg.br/consultas/norma_juridica/norma_juridica_mostrar_proc?cod_norma=61,Lei Ordinária,2017-12-27,Outro
Lei Ordinária 18447/2017,"ALTERA O ART. 16 DA LEI MUNICIPAL Nº 16.856, DE 16 DE ABRIL DE 2003, PARA AUTORIZAR, EXCEPCIONALMENTE E MEDIANTE DETERMINADAS CONDIÇÕES, VEÍCULOS DE 21 (VINTE E UM) LUGARES NAS LINHAS ALIMENTADORAS DO SERVIÇO DE TRANSPORTE COMPLEMENTAR DE PASSAGEIROS DO MUNICÍPIO DO RECIFE - STCP/RECIFE.",https://publico.recife.pe.leg.br/consultas/norma_juridica/norma_juridica_mostrar_proc?cod_norma=44,Lei Ordinária,2017-12-27,CalendarioEventos
Lei Ordinária 18446/2017,AUTORIZA O MUNICÍPIO DO RECIFE A CUSTEAR AS DESPESAS CARTORÁRIAS DOS CONSELHOS ESCOLARES/UNIDADES EXECUTORAS PRÓPRIAS.,https://publico.recife.pe.leg.br/consultas/norma_juridica/norma_juridica_mostrar_proc?cod_norma=73,Lei Ordinária,2017-12-27,Outro
Lei Ordinária 18445/2017,INSTITUI A SEMANA MUNICIPAL DO BRINCAR DO RECIFE E DÁ OUTRAS PROVIDÊNCIAS.,https://publico.recife.pe.leg.br/consultas/norma_juridica/norma_juridica_mostrar_proc?cod_norma=74,Lei Ordinária,2017-12-27,CalendarioEventos
Lei Ordinária 18444/2017,INSTITUI O FUNDO MUNICIPAL DOS DIREITOS DA PESSOA COM DEFICIÊNCIA.,https://publico.recife.pe.leg.br/consultas/norma_juridica/norma_juridica_mostrar_proc?cod_norma=75,Lei Ordinária,2017-12-27,Outro
Lei Ordinária 18443/2017,"DISPÕE SOBRE A APLICAÇÃO DO ART. 46 DA LEI Nº 18.217, DE 23 DE MARÇO DE 2016.",https://publico.recife.pe.leg.br/consultas/norma_juridica/norma_juridica_mostrar_proc?cod_norma=76,Lei Ordinária,2017-12-27,Outro
Lei Ordinária 18442/2017,"ALTERA O ART. 2º DA LEI MUNICIPAL Nº 16.856, DE 16 DE ABRIL DE 2003.",https://publico.recife.pe.leg.br/consultas/norma_juridica/norma_juridica_mostrar_proc?cod_norma=78,Lei Ordinária,2017-12-27,Outro
Lei Ordinária 18441/2017,DISPÕE SOBRE A REESTRUTURAÇÃO DO INQUÉRITO ADMINISTRATIVO DISCIPLINAR E DA COMISSÃO CENTRAL DE INQUÉRITO – CCI.,https://publico.recife.pe.leg.br/consultas/norma_juridica/norma_juridica_mostrar_proc?cod_norma=80,Lei Ordinária,2017-12-27,Outro
Lei Ordinária 18440/2017,DENOMINAR-SE-Á KÁTIA MARCELINO DE SOUZA A PRÓXIMA ESCOLA MUNICIPAL A SER CONSTRUÍDA PELA PREFEITURA DA CIDADE DO RECIFE.,https://publico.recife.pe.leg.br/consultas/norma_juridica/norma_juridica_mostrar_proc?cod_norma=81,Lei Ordinária,2017-12-27,Outro
Lei Ordinária 18439/2017,"DENOMINAR-SE-Á PE. JOSÉ EDWALDO GOMES A PRÓXIMA RUA OU LOGRADOURO A SER INAUGURADA NO BAIRRO DE CASA FORTE, NESTE MUNICÍPIO.",https://publico.recife.pe.leg.br/consultas/norma_juridica/norma_juridica_mostrar_proc?cod_norma=82,Lei Ordinária,2017-12-22,RenomearLogradouro
Lei Ordinária 18438/2017,"DISPÕE SOBRE O PREÇO DO SERVIÇO DEVIDO PELA REMOÇÃO E RECOLHIMENTO DE VEÍCULOS POR DESCUMPRIMENTO DAS NORMAS DO CÓDIGO DE TRÂNSITO BRASILEIRO – CTB E DA LEGISLAÇÃO MUNICIPAL, REVOGA A LEI MUNICIPAL 16.828/2002 E DÁ OUTRAS PROVIDÊNCIAS.",https://publico.recife.pe.leg.br/consultas/norma_juridica/norma_juridica_mostrar_proc?cod_norma=83,Lei Ordinária,2017-12-20,Outro
Lei Ordinária 18437/2017,"INSTITUI, NO ÂMBITO DO MUNICÍPIO DO RECIFE, A SEMANA DA CASTRAÇÃO DE CÃES E GATOS, NA FORMA QUE INDICA.",https://publico.recife.pe.leg.br/consultas/norma_juridica/norma_juridica_mostrar_proc?cod_norma=84,Lei Ordinária,2017-12-20,CalendarioEventos
Lei Ordinária 18436/2017,"DENOMINAR-SE-Á CONJUNTO HABITACIONAL PADRE JOSÉ EDWALDO GOMES, O CONJUNTO HABITACIONAL LOCALIZADO NA RUA LEMOS TORRES, CASA FORTE, RECIFE - PE",https://publico.recife.pe.leg.br/consultas/norma_juridica/norma_juridica_mostrar_proc?cod_norma=86,Lei Ordinária,2017-12-20,RenomearLogradouro
Lei Ordinária 18435/2017,REAJUSTA AS GRATIFICAÇÕES DE FUNÇÃO DOS ADMINISTRADORES E DIRIGENTES DAS UNIDADES EDUCACIONAIS DA REDE MUNICIPAL DE ENSINO.,https://publico.recife.pe.leg.br/consultas/norma_juridica/norma_juridica_mostrar_proc?cod_norma=88,Lei Ordinária,2017-12-20,Outro
Lei Ordinária 18434/2017,CRIA A GRATIFICAÇÃO DE COORDENAÇÃO E EXECUÇÃO DE PROGRAMAS EDUCACIONAIS ESTRATÉGICOS PARA OS COORDENADORES DE CRECHE NO ÂMBITO DA SECRETARIA DE EDUCAÇÃO.,https://publico.recife.pe.leg.br/consultas/norma_juridica/norma_juridica_mostrar_proc?cod_norma=91,Lei Ordinária,2017-12-20,Outro
Lei Ordinária 18433/2017,ESTIMA A RECEITA E FIXA A DESPESA DO MUNICÍPIO DO RECIFE PARA O EXERCÍCIO DE 2018.,https://publico.recife.pe.leg.br/consultas/norma_juridica/norma_juridica_mostrar_proc?cod_norma=95,Lei Ordinária,2017-12-18,Outro
Lei Ordinária 18432/2017,DISPÕE SOBRE O PLANO PLURIANUAL PARA O PERÍODO 2018-2021.,https://publico.recife.pe.leg.br/consultas/norma_juridica/norma_juridica_mostrar_proc?cod_norma=97,Lei Ordinária,2017-12-18,Outro
Lei Ordinária 18431/2017,INSTITUI O DIA DO CAPELÃO NO MUNICÍPIO DO RECIFE.,https://publico.recife.pe.leg.br/consultas/norma_juridica/norma_juridica_mostrar_proc?cod_norma=100,Lei Ordinária,2017-12-18,CalendarioEventos
Lei Ordinária 18430/2017,"REAJUSTA A AJUDA DE CUSTO PERCEBIDA PELOS REPRESENTANTES DO SEGMENTO COMUNITÁRIO DO FÓRUM PREZEIS, DAS COMISSÕES DE URBANIZAÇÃO E LEGALIZAÇÃO DAS ZEIS E DOS GRUPOS DE APOIO DE MOBILIZAÇÃO E FISCALIZAÇÃO DO PLANO DE REGULARIZAÇÃO FUNDIÁRIA DAS ZEIS",https://publico.recife.pe.leg.br/consultas/norma_juridica/norma_juridica_mostrar_proc?cod_norma=101,Lei Ordinária,2017-12-13,Outro
Lei Ordinária 18429/2017,"AMPLIA A ZONA ESPECIAL DE INTERESSE SOCIAL – ZEIS ENTRA APULSO, DESCRITA NO ANEXO 13 DA LEI Nº 16.176/96.",https://publico.recife.pe.leg.br/consultas/norma_juridica/norma_juridica_mostrar_proc?cod_norma=103,Lei Ordinária,2017-12-13,Outro
Lei Ordinária 18428/2017,"ALTERA A LEI Nº 14.985, DE 29 DE JULHO DE 1987, PARA OBRIGAR A INCLUSÃO DE CLÁUSULA DE GARANTIA NOS EDITAIS DE LICITAÇÃO PARA CONTRATAÇÃO DE OBRAS E SERVIÇOS NO MUNICÍPIO DO RECIFE.",https://publico.recife.pe.leg.br/consultas/norma_juridica/norma_juridica_mostrar_proc?cod_norma=107,Lei Ordinária,2017-12-11,Outro
Lei Ordinária 18427/2017,"NOMEIA E CONSTITUI A RUA CONHECIDA POPULARMENTE COMO RUA ESPERANÇA COMO LOGRADOURO PÚBLICO, NO BAIRRO DO PASSARINHO E DÁ OUTRAS PROVIDÊNCIAS.",https://publico.recife.pe.leg.br/consultas/norma_juridica/norma_juridica_mostrar_proc?cod_norma=935,Lei Ordinária,2017-12-11,RenomearLogradouro
Lei Ordinária 18426/2017,"DISPÕE SOBRE A INSTITUIÇÃO DA ""BRIGADA MARIA DA PENHA"" NO MUNICÍPIO DO RECIFE.",https://publico.recife.pe.leg.br/consultas/norma_juridica/norma_juridica_mostrar_proc?cod_norma=166,Lei Ordinária,2017-12-12,CalendarioEventos
Lei Ordinária 18424/2017,"DISPÕE SOBRE A RESERVA DE VAGAS PARA AS PESSOAS COM DEFICIÊNCIAS VISUAL, AUDITIVA, MOTORA, COGNITIVA E COM TRANSTORNO DO ESPECTRO DO AUTISMO NAS CONTRATAÇÕES PARA PRESTAÇÃO DE SERVIÇOS COM FORNECIMENTO DE MÃO-DE-OBRA NO MUNICÍPIO DO RECIFE.",https://publico.recife.pe.leg.br/consultas/norma_juridica/norma_juridica_mostrar_proc?cod_norma=1094,Lei Ordinária,2017-12-04,Outro
Lei Ordinária 18423/2017,"CRIA GRATIFICAÇÕES E ADICIONAIS PARA CATEGORIAS ESPECÍFICAS DE AGENTES PÚBLICOS MUNICIPAIS, ALTERA O REGRAMENTO DE PARCELAS REMUNERATÓRIAS E INDENIZATÓRIAS EXISTENTES, INSTITUI REGRA ESPECÍFICA DE INCORPORAÇÃO DE VERBA PERCEBIDA EM REGIME DE CESSÃO NO ÂMBITO DO PODER EXECUTIVO MUNICIPAL E DÁ OUTRAS PROVIDÊNCIAS. ""REGIME DE URGÊNCIA""",https://publico.recife.pe.leg.br/consultas/norma_juridica/norma_juridica_mostrar_proc?cod_norma=172,Lei Ordinária,2017-11-27,Outro
Lei Ordinária 18422/2017,"DISCIPLINA A ATIVIDADE DE COMERCIALIZAÇÃO DE ALIMENTOS EM VEÍCULOS AUTOMOTORES DE MÉDIO PORTE E DÁ OUTRAS PROVIDÊNCIAS.
""REGIME DE URGÊNCIA""",https://publico.recife.pe.leg.br/consultas/norma_juridica/norma_juridica_mostrar_proc?cod_norma=174,Lei Ordinária,2017-11-22,Outro
Lei Ordinária 18420/2017,DISPÕE SOBRE A REESTRUTURAÇÃO DO INQUÉRITO ADMINISTRATIVO DISCIPLINAR E DA COMISSÃO CENTRAL DE INQUÉRITO – CCI.,https://publico.recife.pe.leg.br/consultas/norma_juridica/norma_juridica_mostrar_proc?cod_norma=199,Lei Ordinária,2017-12-27,Outro
Lei Ordinária 18419/2017,"DISPÕE SOBRE A PRORROGAÇÃO EXTRAORDINÁRIA DO PRAZO PREVISTO NO ART. 7º DA LEI MUNICIPAL Nº 17.537/2009, COM INCIDÊNCIA, EXCLUSIVAMENTE, SOBRE PERMISSIONÁRIOS AUTÔNOMOS DE TÁXI (PESSOA FÍSICA) E, ESTABELECE AS CONDIÇÕES GERAIS DE USO DOS VEÍCULOS DE TÁXI.",https://publico.recife.pe.leg.br/consultas/norma_juridica/norma_juridica_mostrar_proc?cod_norma=203,Lei Ordinária,2017-11-20,Outro
Lei Ordinária 18418/2017,"FICA INSTITUÍDA A CAMPANHA “JUNHO VERMELHO”, DE CONSCIENTIZAÇÃO SOBRE A DOAÇÃO DE SANGUE.",https://publico.recife.pe.leg.br/consultas/norma_juridica/norma_juridica_mostrar_proc?cod_norma=206,Lei Ordinária,2017-11-20,Outro
Lei Ordinária 18417/2017,"DISPÕE SOBRE A OBRIGATORIEDADE DAS ESCOLAS DA REDE PRIVADA DE ENSINO DO RECIFE DE MINISTRAREM TREINAMENTO ADEQUADO AO CORPO DOCENTE, AOS FUNCIONÁRIOS E AOS ALUNOS, PARA SIMULAÇÕES DE EVACUAÇÃO EM CASOS DE INCÊNDIO E DÁ OUTRAS PROVIDÊNCIAS",https://publico.recife.pe.leg.br/consultas/norma_juridica/norma_juridica_mostrar_proc?cod_norma=266,Lei Ordinária,2017-11-20,Outro
Lei Ordinária 18416/2017,"DISPÕE SOBRE A CRIAÇÃO DA MEDALHA DE MÉRITO EDUCACIONAL PAULO FREIRE COMO PRÊMIO AO “PROFESSOR DO ANO”, NO MUNICÍPIO DO RECIFE, E DÁ OUTRAS PROVIDÊNCIAS.",https://publico.recife.pe.leg.br/consultas/norma_juridica/norma_juridica_mostrar_proc?cod_norma=209,Lei Ordinária,2017-11-08,ConcessaoMedalha
Lei Ordinária 18415/2017,"INSTITUI O DIA DO ADVOGADO TRABALHISTA, A SER COMEMORADO ANUALMENTE EM 20 DE JUNHO.",https://publico.recife.pe.leg.br/consultas/norma_juridica/norma_juridica_mostrar_proc?cod_norma=210,Lei Ordinária,2017-11-07,CalendarioEventos
Lei Ordinária 18414/2017,"DISPÕE SOBRE A ALTERAÇÃO DO NOME DA UNIDADE DE SAÚDE DA FAMÍLIA GUABIRABA, NO BAIRRO DA GUABIRABA, PARA UNIDADE DE SAÚDE DA FAMÍLIA TEREZA RAMOS.",https://publico.recife.pe.leg.br/consultas/norma_juridica/norma_juridica_mostrar_proc?cod_norma=211,Lei Ordinária,2017-11-07,Outro
Lei Ordinária 18413/2017,"ALTERA DISPOSITIVO DA LEI Nº 18.126, DE 30 DE MARÇO DE 2015 E INCLUI O ANEXO I (MEMORIAL DESCRITIVO E LEVANTAMENTO TOPOGRÁFICO)",https://publico.recife.pe.leg.br/consultas/norma_juridica/norma_juridica_mostrar_proc?cod_norma=273,Lei Ordinária,2017-11-07,Outro
Lei Ordinária 18412/2017,AUTORIZA A DESTINAÇÃO DE RECURSOS FINANCEIROS PARA CUSTEAR EXPANSÃO DO PORTO DIGITAL E AMPLIAÇÃO DA OFERTA DE SERVIÇOS QUALIFICADOS EM FAVOR DE ENTIDADE QUE ESPECIFICA E DÁ OUTRAS PROVIDÊNCIAS.,https://publico.recife.pe.leg.br/consultas/norma_juridica/norma_juridica_mostrar_proc?cod_norma=275,Lei Ordinária,2017-11-07,Outro
Lei Ordinária 18411/2017,"ALTERA A LEI N.º 17.174, DE 30 DE DEZEMBRO DE 2005.(LEI QUE INSTITUI PROGRAMA DE GERAÇÃO DE EMPREGOS E AUMENTO DE ARRECADAÇÃO TRIBUTÁRIA DO MUNICÍPIO DO RECIFE)",https://publico.recife.pe.leg.br/consultas/norma_juridica/norma_juridica_mostrar_proc?cod_norma=277,Lei Ordinária,2017-11-03,CalendarioEventos
Lei Ordinária 18410/2017,"INSTITUI, NO CALENDÁRIO OFICIAL DO MUNICÍPIO DO RECIFE, O “ABRIL LARANJA”, MÊS DE PREVENÇÃO E COMBATE AO BULLYING ESCOLAR, E DÁ OUTRAS PROVIDÊNCIAS.",https://publico.recife.pe.leg.br/consultas/norma_juridica/norma_juridica_mostrar_proc?cod_norma=280,Lei Ordinária,2017-10-31,CalendarioEventos
Lei Ordinária 18409/2017,DISPÕE SOBRE A IMPLANTAÇÃO DE UM SERVIÇO DE REFERÊNCIA DE DOENÇAS RARAS NO MUNICÍPIO DO RECIFE.,https://publico.recife.pe.leg.br/consultas/norma_juridica/norma_juridica_mostrar_proc?cod_norma=283,Lei Ordinária,2017-10-31,Outro
Lei Ordinária 18408/2017,"DENOMINAR-SE-Á “PRAÇA MAESTRO MILTOM RODRIGUES” A PRAÇA LOCALIZADA NA RUA NUMA POMPILHO, NO BAIRRO DE SANTO AMARO.",https://publico.recife.pe.leg.br/consultas/norma_juridica/norma_juridica_mostrar_proc?cod_norma=286,Lei Ordinária,2017-10-31,RenomearLogradouro
Lei Ordinária 18407/2017,"INSTITUI, NO CALENDÁRIO OFICIAL DO MUNICÍPIO DO RECIFE, O DIA MUNICIPAL DE LUTA CONTRA O ENCARCERAMENTO DA JUVENTUDE NEGRA, A SER COMEMORADO ANUALMENTE NO DIA 20 DE JUNHO.",https://publico.recife.pe.leg.br/consultas/norma_juridica/norma_juridica_mostrar_proc?cod_norma=287,Lei Ordinária,2017-10-31,CalendarioEventos
Lei Ordinária 18406/2017,INSTITUI A SEMANA MUNICIPAL DE INCENTIVO AO CICLISMO NO CALENDÁRIO OFICIAL DO MUNICÍPIO DO RECIFE.,https://publico.recife.pe.leg.br/consultas/norma_juridica/norma_juridica_mostrar_proc?cod_norma=290,Lei Ordinária,2017-10-31,CalendarioEventos
Lei Ordinária 18405/2017,"INCLUI, NO CALENDÁRIO OFICIAL DO RECIFE, O DIA MUNICIPAL DE ENFRENTAMENTO À VIOLÊNCIA CONTRA A PESSOA IDOSA.",https://publico.recife.pe.leg.br/consultas/norma_juridica/norma_juridica_mostrar_proc?cod_norma=292,Lei Ordinária,2017-10-31,CalendarioEventos
Lei Ordinária 18404/2017,"INSTITUI E INCLUI NO CALENDÁRIO OFICIAL DE EVENTOS DO MUNICÍPIO DO RECIFE A  ""SEMANA MUNICIPAL DA CONSCIENTIZAÇÃO SOBRE O TRANSTORNO DO ESPECTRO AUTISTA"".",https://publico.recife.pe.leg.br/consultas/norma_juridica/norma_juridica_mostrar_proc?cod_norma=295,Lei Ordinária,2017-10-31,CalendarioEventos
Lei Ordinária 18403/2017,"INCLUI, NO CALENDÁRIO OFICIAL DO MUNICÍPIO DO RECIFE, A “SEMANA DO LIXO ZERO”.",https://publico.recife.pe.leg.br/consultas/norma_juridica/norma_juridica_mostrar_proc?cod_norma=298,Lei Ordinária,2017-10-31,CalendarioEventos
Lei Ordinária 18402/2017,CRIA A SEMANA MUNICIPAL DE APOIO E CONSCIENTIZAÇÃO SOBRE O PARTO HUMANIZADO E DÁ OUTRAS PROVIDÊNCIAS.,https://publico.recife.pe.leg.br/consultas/norma_juridica/norma_juridica_mostrar_proc?cod_norma=302,Lei Ordinária,2017-10-31,Outro
Lei Ordinária 18401/2017,"DISPÕE SOBRE CONCESSÃO DE ISENÇÃO TRIBUTÁRIA, AOS PERMISSIONÁRIOS DO SERVIÇO DE TRANSPORTE COMPLEMENTAR DE PASSAGEIROS DO MUNICÍPIO DO RECIFE – STCP/RECIFE.",https://publico.recife.pe.leg.br/consultas/norma_juridica/norma_juridica_mostrar_proc?cod_norma=304,Lei Ordinária,2017-10-31,Outro
Lei Ordinária 18400/2017,"INCLUI, NO CALENDÁRIO OFICIAL DO RECIFE, O DIA MUNICIPAL DE CONSCIENTIZAÇÃO E PREVENÇÃO DO MAL DE ALZHEIMER.",https://publico.recife.pe.leg.br/consultas/norma_juridica/norma_juridica_mostrar_proc?cod_norma=305,Lei Ordinária,2017-10-26,CalendarioEventos
Lei Ordinária 18399/2017,"DENOMINA DE RUA PASTOR CÍCERO LOURENÇO VIANA, A 5ª (QUINTA) TRAVESSA DA RUA MANOEL DE ABREU, NO MUNICÍPIO DO RECIFE.",https://publico.recife.pe.leg.br/consultas/norma_juridica/norma_juridica_mostrar_proc?cod_norma=307,Lei Ordinária,2017-10-26,RenomearLogradouro
Lei Ordinária 18398/2017,"DISPÕE SOBRE A GARANTIA DA REALIZAÇÃO DO EXAME DE CARIÓTIPO EM TODOS OS RECÉM-NASCIDOS QUE APRESENTAREM SINAIS INDICATIVOS DA SÍNDROME DE DOWN, NOS HOSPITAIS E MATERNIDADES PARTICULARES DO MUNICÍPIO DO RECIFE.",https://publico.recife.pe.leg.br/consultas/norma_juridica/norma_juridica_mostrar_proc?cod_norma=309,Lei Ordinária,2017-10-26,Outro
Lei Ordinária 18397/2017,"DISPÕE SOBRE A OBRIGATORIEDADE DOS ESTABELECIMENTOS COMERCIAIS E DE PRESTAÇÃO DE SERVIÇOS AFIXAREM INFORMATIVO NA FORMA DE PLACA OU CARTAZ, CONTENDO OS DEZ ""DIREITOS ESSENCIAIS"" DO CONSUMIDOR.",https://publico.recife.pe.leg.br/consultas/norma_juridica/norma_juridica_mostrar_proc?cod_norma=312,Lei Ordinária,2017-10-23,Outro
Lei Ordinária 18396/2017,DISPÕE SOBRE A OBRIGATORIEDADE DE DIVULGAÇÃO DE INFORMAÇÕE S ACERCA DOS DIREITOS DA PESSOA PORTADORA DE CÂNCER E DÁ OUTRAS PROVIDENCIAS.,https://publico.recife.pe.leg.br/consultas/norma_juridica/norma_juridica_mostrar_proc?cod_norma=316,Lei Ordinária,2017-10-23,Outro
Lei Ordinária 18395/2017,"DISPÕE SOBRE A TRANSFORMAÇÃO E A CRIAÇÃO DE CARGOS EFETIVOS NO ÂMBITO DA ADMINISTRAÇÃO DIRETA, NA ESTRUTURA DA SECRETARIA DE DESENVOLVIMENTO SOCIAL, JUVENTUDE, POLÍTICAS SOBRE DROGAS E DIREITOS HUMANOS E DÁ OUTRAS PROVIDÊNCIAS.",https://publico.recife.pe.leg.br/consultas/norma_juridica/norma_juridica_mostrar_proc?cod_norma=320,Lei Ordinária,2017-10-20,Outro
Lei Ordinária 18394/2017,"DÁ NOVA REDAÇÃO AO §4º DO ARTIGO 20, DA LEI Nº 17.955, DE 23 DE DEZEMBRO DE 2013.",https://publico.recife.pe.leg.br/consultas/norma_juridica/norma_juridica_mostrar_proc?cod_norma=329,Lei Ordinária,2017-10-20,Outro
Lei Ordinária 18393/2017,"ALTERA O ANEXO ÚNICO DA LEI Nº 18.177, DE 05.11.2015.",https://publico.recife.pe.leg.br/consultas/norma_juridica/norma_juridica_mostrar_proc?cod_norma=330,Lei Ordinária,2017-10-17,Outro
Lei Ordinária 18392/2017,DISPÕE SOBRE A OBRIGATORIEDADE DAS INSTITUIÇÕES BANCÁRIAS DISPONIBILIZAREM ASSENTOS PARA O USO DOS CLIENTES NAS SALAS DE ATENDIMENTO DOS CAIXAS E DÁ OUTRAS PROVIDÊNCIAS.,https://publico.recife.pe.leg.br/consultas/norma_juridica/norma_juridica_mostrar_proc?cod_norma=331,Lei Ordinária,2017-10-17,Outro
Lei Ordinária 18391/2017,"ALTERA O ZONEAMENTO DA CIDADE, INSTITUINDO A ZONA ESPECIAL DE INTERESSE SOCIAL II – ZEIS II BARBALHO E AUTORIZA O MUNICÍPIO DO RECIFE A REALIZAR DESMEMBRAMENTO E EDIFICAÇÃO NA ZONA ESPECIAL DE PRESERVAÇÃO DO PATRIMÔNIO HISTÓRICO-CULTURAL – ZEPH 15, NO SETOR DE PRESERVAÇÃO RIGOROSA – SPR, PARA O FIM ESPECÍFICO DE REGULARIZAÇÃO DO “CONJUNTO HABITACIONAL CASARÃO DO BARBALHO”.",https://publico.recife.pe.leg.br/consultas/norma_juridica/norma_juridica_mostrar_proc?cod_norma=332,Lei Ordinária,2017-10-18,CalendarioEventos
Lei Ordinária 18390/2017,"DISPÕE SOBRE A ALTERAÇÃO DO NOME DA RUA AGROLÂNDIA, NO BAIRRO DO ALTO DO REFÚGIO, PARA RUA MARIA FRANCISCA DA CONCEIÇÃO (MARIA GRANDE).",https://publico.recife.pe.leg.br/consultas/norma_juridica/norma_juridica_mostrar_proc?cod_norma=333,Lei Ordinária,2017-10-13,RenomearLogradouro
Lei Ordinária 18389/2017,"DISPÕE SOBRE A IMPLANTAÇÃO DO PROGRAMA DE PREVENÇÃO E COMBATE ÀS DOENÇAS RENAIS CRÔNICAS NO MUNICÍPIO RECIFE, E DÁ OUTRAS PROVIDÊNCIAS.",https://publico.recife.pe.leg.br/consultas/norma_juridica/norma_juridica_mostrar_proc?cod_norma=334,Lei Ordinária,2017-10-11,Outro
Lei Ordinária 18388/2017,"ALTERA A LEI MUNICIPAL N° 18.002, DE 10 DE ABRIL DE 2014, QUE ESTABELECE DIRETRIZES A SEREM OBSERVADAS NA FORMULAÇÃO DA POLÍTICA MUNICIPAL DE ATENDIMENTO ÀS PESSOAS COM TRANSTORNO INVASIVO DO DESENVOLVIMENTO - AUTISMO NO MUNICÍPIO DO RECIFE, E DÁ OUTRAS PROVIDÊNCIAS.",https://publico.recife.pe.leg.br/consultas/norma_juridica/norma_juridica_mostrar_proc?cod_norma=335,Lei Ordinária,2017-10-11,Outro
Lei Ordinária 18387/2017,"FIXA, PARA O MÊS DE OUTUBRO DE 2017, O VALOR DO ABONO PECUNIÁRIO PREVISTO NO ART. 10 DA LEI MUNICIPAL Nº 17.239, DE 7 DE JULHO DE 2006, E DO ABONO EDUCADOR PREVISTO NO ART. 42, CAPUT, DA LEI MUNICIPAL Nº 16.520, DE 20 DE OUTUBRO DE 1999, CONFERE NOVA EXTENSÃO AO BÔNUS PREVISTO NO ART. 5º, PARÁGRAFO ÚNICO, DA LEI MUNICIPAL Nº 17.626, DE 4 DE JUNHO DE 2010.   'REGIME DE URGÊNCIA""",https://publico.recife.pe.leg.br/consultas/norma_juridica/norma_juridica_mostrar_proc?cod_norma=336,Lei Ordinária,2017-10-11,Outro
Lei Ordinária 18386/2017,"DISPÕE SOBRE A INCLUSÃO, NO CALENDÁRIO DE EVENTOS DO MUNICÍPIO DO RECIFE, DO “DIA DO FUTEVÔLEI”, A SER COMEMORADO NO DIA 24 DE NOVEMBRO, E DÁ OUTRAS PROVIDÊNCIAS.",https://publico.recife.pe.leg.br/consultas/norma_juridica/norma_juridica_mostrar_proc?cod_norma=337,Lei Ordinária,2017-10-10,CalendarioEventos
Lei Ordinária 18385/2017,"INSTITUI O DIA DA ECONOMIA SOLIDÁRIA NO MUNICÍPIO DO RECIFE, A SER COMEMORADO ANUALMENTE EM 15 DE DEZEMBRO.",https://publico.recife.pe.leg.br/consultas/norma_juridica/norma_juridica_mostrar_proc?cod_norma=338,Lei Ordinária,2017-10-10,CalendarioEventos
Lei Ordinária 18384/2017,INSTITUI O EVENTO DEZEMBRO VERMELHO E O INCLUI NO CALENDÁRIO OFICIAL DO MUNICÍPIO DO RECIFE.,https://publico.recife.pe.leg.br/consultas/norma_juridica/norma_juridica_mostrar_proc?cod_norma=339,Lei Ordinária,2017-10-03,CalendarioEventos
Lei Ordinária 18383/2017,"DENOMINAR-SE-Á “RUA PE. JOSÉ EDWALDO GOMES”  A RUA CONHECIDA COMO RUA CASA FORTE, NO BAIRRO DE CASA FORTE.  ""REGIME DE URGÊNCIA""",https://publico.recife.pe.leg.br/consultas/norma_juridica/norma_juridica_mostrar_proc?cod_norma=340,Lei Ordinária,2017-10-03,RenomearLogradouro
Lei Ordinária 18382/2017,"DISPÕE SOBRE A DENOMINAÇÃO DA CRECHE ESCOLA QUE FUNCIONARÁ NA AVENIDA PRESIDENTE MÉDICI, S/N, BARRO, RECIFE – PE.",https://publico.recife.pe.leg.br/consultas/norma_juridica/norma_juridica_mostrar_proc?cod_norma=341,Lei Ordinária,2017-09-25,Outro
Lei Ordinária 18381/2017,"DISPÕE SOBRE A DENOMINAÇÃO DA CRECHE-ESCOLA LOCALIZADA NA AVENIDA 12 DE JUNHO, S/N, COHAB, IBURA, RECIFE-PE.",https://publico.recife.pe.leg.br/consultas/norma_juridica/norma_juridica_mostrar_proc?cod_norma=342,Lei Ordinária,2017-09-25,Outro
Lei Ordinária 18380/2017,"ALTERA A LEI MUNICIPAL N° 18.002, DE 10 DE ABRIL DE 2014, QUE ESTABELECE DIRETRIZES A SEREM OBSERVADAS NA FORMULAÇÃO DA POLÍTICA MUNICIPAL DE ATENDIMENTO ÀS PESSOAS COM TRANSTORNO INVASIVO DO DESENVOLVIMENTO - AUTISMO NO MUNICÍPIO DO RECIFE, E DÁ OUTRAS PROVIDÊNCIAS.",https://publico.recife.pe.leg.br/consultas/norma_juridica/norma_juridica_mostrar_proc?cod_norma=343,Lei Ordinária,2017-09-19,Outro
Lei Ordinária 18379/2017,DISPÕE SOBRE O REAJUSTE DA REMUNERAÇÃO DOS SERVIDORES DO PODER LEGISLATIVO E DÁ OUTRAS PROVIDÊNCIAS.,https://publico.recife.pe.leg.br/consultas/norma_juridica/norma_juridica_mostrar_proc?cod_norma=347,Lei Ordinária,2017-09-18,Outro
Lei Ordinária 18378/2017,DISPÕE SOBRE A OBRIGATORIEDADE DE INSTALAÇÃO DE SISTEMA DE COMPARTILHAMENTO DE VEÍCULOS OFICIAIS PELA ADMINISTRAÇÃO PÚBLICA DO MUNICÍPIO DO RECIFE.,https://publico.recife.pe.leg.br/consultas/norma_juridica/norma_juridica_mostrar_proc?cod_norma=349,Lei Ordinária,2017-09-18,Outro
Lei Ordinária 18377/2017,"TORNA OBRIGATÓRIA A FIXAÇÃO DE QUADRO DE AVISO ALERTANDO SER CRIME A VIOLÊNCIA, O ABUSO E A EXPLORAÇÃO SEXUAL CONTRA A MULHER, TORNANDO PÚBLICO O TELEFONE DO DISQUE DENÚNCIA.",https://publico.recife.pe.leg.br/consultas/norma_juridica/norma_juridica_mostrar_proc?cod_norma=351,Lei Ordinária,2017-09-18,Outro
Lei Ordinária 18376/2017,"INSTITUI NO CALENDÁRIO OFICIAL DE EVENTOS DO MUNICÍPIO DO RECIFE, O DIA MUNICIPAL DE HOMENAGEM AOS DESAPARECIDOS POLÍTICOS QUE LUTARAM CONTRA A DITADURA MILITAR DO BRASIL.",https://publico.recife.pe.leg.br/consultas/norma_juridica/norma_juridica_mostrar_proc?cod_norma=353,Lei Ordinária,2017-09-18,CalendarioEventos
Lei Ordinária 18375/2017,DENOMINA PRAÇA MONSENHOR GUEDES O ESPAÇO PÚBLICO EXISTENTE EM VIA PÚBLICA DA CIDADE DO RECIFE,https://publico.recife.pe.leg.br/consultas/norma_juridica/norma_juridica_mostrar_proc?cod_norma=356,Lei Ordinária,2017-09-15,RenomearLogradouro
Lei Ordinária 18374/2017,CRIA O “SELO ESCOLA VERDE” NA REDE MUNICIPAL DE ENSINO.,https://publico.recife.pe.leg.br/consultas/norma_juridica/norma_juridica_mostrar_proc?cod_norma=359,Lei Ordinária,2017-09-11,Outro
Lei Ordinária 18372/2017,"INSTITUI, NO CALENDÁRIO OFICIAL DO RECIFE, O DIA 22 DE ABRIL COMO O DIA MUNICIPAL DA ADOÇÃO ANIMAL E DÁ OUTRAS PROVIDÊNCIAS.",https://publico.recife.pe.leg.br/consultas/norma_juridica/norma_juridica_mostrar_proc?cod_norma=360,Lei Ordinária,2017-09-08,CalendarioEventos
Lei Ordinária 18371/2017,"DISPÕE SOBRE O ACRÉSCIMO DE NOME DA RUA CANASTRA, NO BAIRRO DE ÁGUA FRIA, PARA RUA CANASTRA SEVERINO AUGUSTO DE OLIVEIRA.",https://publico.recife.pe.leg.br/consultas/norma_juridica/norma_juridica_mostrar_proc?cod_norma=363,Lei Ordinária,2017-09-08,RenomearLogradouro
Lei Ordinária 18370/2017,DISPÕE SOBRE A UTILIZAÇÃO DE PULSEIRA DE IDENTIFICAÇÃO NOS EVENTOS QUE ESPECIFICA E DÁ OUTRAS PROVIDÊNCIAS.,https://publico.recife.pe.leg.br/consultas/norma_juridica/norma_juridica_mostrar_proc?cod_norma=1089,Lei Ordinária,2017-09-08,Outro
Lei Ordinária 18369/2017,"DISPÕE SOBRE O CONSELHO MUNICIPAL DE ASSISTÊNCIA SOCIAL – CMAS, REVOGA AS LEIS MUNICIPAIS Nº 17.538/2009 E Nº 17.892/2013, E DÁ OUTRAS PROVIDÊNCIAS.",https://publico.recife.pe.leg.br/consultas/norma_juridica/norma_juridica_mostrar_proc?cod_norma=365,Lei Ordinária,2017-08-28,Outro
Lei Ordinária 18368/2017,"DISPÕE SOBRE A REMUNERAÇÃO DOS SERVIDORES E EMPREGADOS PÚBLICOS DA ADMINISTRAÇÃO DIRETA, AUTÁRQUICA E FUNDACIONAL DO MUNICÍPIO DO RECIFE E DÁ OUTRAS PROVIDÊNCIAS.
""REGIME DE URGÊNCIA""",https://publico.recife.pe.leg.br/consultas/norma_juridica/norma_juridica_mostrar_proc?cod_norma=366,Lei Ordinária,2017-08-28,Outro
Lei Ordinária 18367/2017,"DISPÕE SOBRE AUTORIZAÇÃO PARA CONTRATAÇÃO DE OPERAÇÃO DE CRÉDITO JUNTO À CAIXA ECONÔMICA FEDERAL NO PROGRAMA FINISA – FINANCIAMENTO À INFRAESTRUTURA E AO SANEAMENTO NO VALOR DE R$ 200.000.000,00.",https://publico.recife.pe.leg.br/consultas/norma_juridica/norma_juridica_mostrar_proc?cod_norma=367,Lei Ordinária,2017-09-28,Outro
Lei Ordinária 18365/2017,DISPÕE SOBRE A OBRIGATORIEDADE DAS INSTITUIÇÕES DE ENSINO PÚBLICO E PRIVADO DO MUNICÍPIO DO RECIFE DE MANTEREM CADASTRO DE CRIANÇAS OU ADOLESCENTES REGULARMENTE MATRICULADOS QUE NECESSITAM DE MEDICAMENTOS A SEREM MINISTRADOS NO HORÁRIO LETIVO E DÁ OUTRAS PROVIDÊNCIAS,https://publico.recife.pe.leg.br/consultas/norma_juridica/norma_juridica_mostrar_proc?cod_norma=369,Lei Ordinária,2017-08-01,CalendarioEventos
Lei Ordinária 18364/2017,"DISPÕE SOBRE A TRANSAÇÃO JUDICIAL E ADMINISTRATIVA, DA ADJUDICAÇÃO DE BENS MÓVEIS E IMÓVEIS, DA COMPENSAÇÃO DE CRÉDITOS INSCRITOS EM PRECATÓRIOS E DAS REQUISIÇÕES DE PEQUENO VALOR NO ÂMBITO DA ADMINISTRAÇÃO DIRETA, DAS AUTARQUIAS E DAS FUNDAÇÕES NO MUNICÍPIO DO RECIFE E ALTERA O ART. 1º DA LEI Nº 17.973, DE 10 DE JANEIRO DE 2014.",https://publico.recife.pe.leg.br/consultas/norma_juridica/norma_juridica_mostrar_proc?cod_norma=380,Lei Ordinária,2017-07-27,Outro
Lei Ordinária 18363/2017,"ALTERA O TEXTO DA LEI N.º 17.944, DE 09 DE DEZEMBRO DE 2013, QUE AUTORIZA O PODER EXECUTIVO A CONCEDER ISENÇÃO DO IMPOSTO PREDIAL E TERRITORIAL URBANO - IPTU E DA TAXA DE LIMPEZA PÚBLICA - TLP INCIDENTES SOBRE IMÓVEIS EDIFICADOS INTERDITADOS ADMINISTRATIVAMENTE POR RISCO DE DESABAMENTO.",https://publico.recife.pe.leg.br/consultas/norma_juridica/norma_juridica_mostrar_proc?cod_norma=381,Lei Ordinária,2017-07-26,Outro
Lei Ordinária 18362/2017,"DISPÕE SOBRE O HORÁRIO ESPECIAL DE TRABALHO PARA SERVIDORES COM DEFICIÊNCIA OU QUE TENHAM DEPENDENTES NA MESMA SITUAÇÃO, NO ÂMBITO DA ADMINISTRAÇÃO DIRETA, AUTÁRQUICA E FUNDACIONAL DO MUNICÍPIO DO RECIFE.",https://publico.recife.pe.leg.br/consultas/norma_juridica/norma_juridica_mostrar_proc?cod_norma=382,Lei Ordinária,2017-07-26,Outro
Lei Ordinária 18361/2017,CONCEDE REMISSÃO E ISENÇÃO DO IMPOSTO SOBRE A PROPRIEDADE PREDIAL E TERRITORIAL URBANA (IPTU) E TAXAS IMOBILIÁRIAS AO IMÓVEL UTILIZADO COMO “ESPAÇO CULTURAL DA MOEDA”.,https://publico.recife.pe.leg.br/consultas/norma_juridica/norma_juridica_mostrar_proc?cod_norma=383,Lei Ordinária,2017-07-26,Outro
Lei Ordinária 18360/2017,"ALTERA A LEI N.º 18.116, DE 12 DE JANEIRO DE 2015, QUE DISPÕE SOBRE A INSTALAÇÃO DE PASSAGENS AÉREAS SOBRE LOGRADOURO PÚBLICO.",https://publico.recife.pe.leg.br/consultas/norma_juridica/norma_juridica_mostrar_proc?cod_norma=384,Lei Ordinária,2017-07-26,Outro
Lei Ordinária 18359/2017,"DISPÕE A LICENÇA PATERNIDADE NO ÂMBITO DA ADMINISTRAÇÃO DIRETA, AUTÁRQUICA E FUNDACIONAL DO MUNICÍPIO DO RECIFE.",https://publico.recife.pe.leg.br/consultas/norma_juridica/norma_juridica_mostrar_proc?cod_norma=385,Lei Ordinária,2017-07-26,Outro
Lei Ordinária 18358/2017,"DISPÕE SOBRE A OBRIGATORIEDADE, POR PARTE DOS HOSPITAIS PÚBLICOS E PRIVADOS, DO REGISTRO E DA COMUNICAÇÃO DE RECÉM-NASCIDOS COM SÍNDROME DE DOWN ÀS INSTITUIÇÕES, ENTIDADES E ASSOCIAÇÕES ESPECIALIZADAS QUE DESENVOLVEM ATIVIDADES EM BENEFÍCIO DE PESSOAS COM ESSA CONDIÇÃO NO MUNICÍPIO DO RECIFE.",https://publico.recife.pe.leg.br/consultas/norma_juridica/norma_juridica_mostrar_proc?cod_norma=386,Lei Ordinária,2017-07-26,CalendarioEventos
Lei Ordinária 18357/2017,"ACRESCENTA INCISOS AOS ARTS. 2º E 3º DA LEI N. 17.869, DE 15 DE MAIO DE 2013, QUE DISPÕE SOBRE A REESTRUTURAÇÃO DAS COMISSÕES DE LICITAÇÃO DA ADMINISTRAÇÃO DIRETA MUNICIPAL.",https://publico.recife.pe.leg.br/consultas/norma_juridica/norma_juridica_mostrar_proc?cod_norma=388,Lei Ordinária,2017-07-26,Outro
Lei Ordinária 18356/2017,"ALTERA DISPOSITIVOS DA LEI N.º 15.563, DE 27 DE DEZEMBRO DE 1991.",https://publico.recife.pe.leg.br/consultas/norma_juridica/norma_juridica_mostrar_proc?cod_norma=389,Lei Ordinária,2017-07-19,Outro
Lei Ordinária 18355/2017,"DISPÕE SOBRE AS NORMAS QUE REGULAM A ANUÊNCIA E A FISCALIZAÇÃO DA EXECUÇÃO DE OBRAS QUE INTERFIRAM NO PAVIMENTO DOS LOGRADOUROS PÚBLICOS E DAS OBRAS DE PAVIMENTAÇÃO DAS VIAS PÚBLICAS, E DÁ OUTRAS PROVIDÊNCIAS.",https://publico.recife.pe.leg.br/consultas/norma_juridica/norma_juridica_mostrar_proc?cod_norma=390,Lei Ordinária,2017-07-19,Outro
Lei Ordinária 18354/2017,"ALTERA AS NORMAS RELATIVAS AO CONSELHO MUNICIPAL DE SEGURANÇA ALIMENTAR E NUTRICIONAL DO MUNICÍPIO DO RECIFE - COMSEA/RECIFE E REVOGA A LEI Nº 17.019/2004.
""REGIME DE URGÊNCIA""",https://publico.recife.pe.leg.br/consultas/norma_juridica/norma_juridica_mostrar_proc?cod_norma=391,Lei Ordinária,2017-07-19,Outro
Lei Ordinária 18353/2017,"ALTERA A REDAÇÃO DO §3º DO ART. 5º DA LEI MUNICIPAL Nº 16.934, DE 29 DE DEZEMBRO DE 2003, QUE DISPÕE SOBRE AS CONSIGNAÇÕES EM FOLHA DE PAGAMENTO DA ADMINISTRAÇÃO DIRETA E INDIRETA DA PREFEITURA DO RECIFE.",https://publico.recife.pe.leg.br/consultas/norma_juridica/norma_juridica_mostrar_proc?cod_norma=392,Lei Ordinária,2017-07-19,Outro
Lei Ordinária 18352/2017,DISPÕE SOBRE A DEFESA DOS AUTOS DE INFRAÇÃO ADMINISTRATIVA DE QUE RESULTE A APLICAÇÃO DE PENALIDADE PECUNIÁRIA LAVRADOS PELOS ÓRGÃOS E ENTIDADES MUNICIPAIS.,https://publico.recife.pe.leg.br/consultas/norma_juridica/norma_juridica_mostrar_proc?cod_norma=393,Lei Ordinária,2017-07-19,Outro
Lei Ordinária 18351/2017,"INSTITUI O ""MÊS DE MOBILIZAÇÃO DE TODOS PELO FIM DA VIOLÊNCIA CONTRA AS MULHERES (CAMPANHA DO LAÇO BRANCO) E DÁ OUTRAS PROVIDÊNCIAS”.",https://publico.recife.pe.leg.br/consultas/norma_juridica/norma_juridica_mostrar_proc?cod_norma=395,Lei Ordinária,2017-07-19,Outro
Lei Ordinária 18350/2017,"INSTITUI O DIA MUNICIPAL DO PORTEIRO NO RECIFE, A SER COMEMORADO ANUALMENTE EM 09 DE JUNHO.",https://publico.recife.pe.leg.br/consultas/norma_juridica/norma_juridica_mostrar_proc?cod_norma=397,Lei Ordinária,2017-07-19,CalendarioEventos
Lei Ordinária 18349/2017,"INSTITUI, NO CALENDÁRIO OFICIAL DE EVENTOS DO MUNICÍPIO DO RECIFE, A SEMANA MUNICIPAL DE CONSCIENTIZAÇÃO SOBRE A SÍNDROME DE DOWN.",https://publico.recife.pe.leg.br/consultas/norma_juridica/norma_juridica_mostrar_proc?cod_norma=402,Lei Ordinária,2017-07-19,CalendarioEventos
Lei Ordinária 18348/2017,"OBRIGA A INSTALAÇÃO DE RECIPIENTES COM ÁLCOOL GEL ANTI-SÉPTICO, NOS ESTABELECIMENTOS QUE MENCIONA E DÁ OUTRAS PROVIDÊNCIAS.",https://publico.recife.pe.leg.br/consultas/norma_juridica/norma_juridica_mostrar_proc?cod_norma=404,Lei Ordinária,2017-06-21,Outro
Lei Ordinária 18347/2017,"ALTERA DISPOSITIVOS DA LEI Nº 17.853, DE 28 DE DEZEMBRO DE 2012, E DÁ OUTRAS PROVIDÊNCIAS.",https://publico.recife.pe.leg.br/consultas/norma_juridica/norma_juridica_mostrar_proc?cod_norma=406,Lei Ordinária,2017-06-12,Outro
Lei Ordinária 18346/2017,"ALTERA O ART. 1º DA LEI MUNICIPAL Nº 18.246, DE 22 DE JULHO DE 2016, QUE INCLUI NO CALENDÁRIO OFICIAL DO RECIFE A SEMANA MUNICIPAL DA PESSOA COM DEFICIÊNCIA.",https://publico.recife.pe.leg.br/consultas/norma_juridica/norma_juridica_mostrar_proc?cod_norma=408,Lei Ordinária,2017-07-07,CalendarioEventos
Lei Ordinária 18345/2017,INCLUIR NO CALENDÁRIO OFICIAL DO MUNICÍPIO DO RECIFE A SEMANA MUNICIPAL DO CICLISTA RECIFENSE.,https://publico.recife.pe.leg.br/consultas/norma_juridica/norma_juridica_mostrar_proc?cod_norma=411,Lei Ordinária,2017-07-07,CalendarioEventos
Lei Ordinária 18344/2017,"INSTITUI, NO CALENDÁRIO OFICIAL DE EVENTOS DO MUNICÍPIO DO RECIFE, O DIA MUNICIPAL DO RIO CAPIBARIBE.",https://publico.recife.pe.leg.br/consultas/norma_juridica/norma_juridica_mostrar_proc?cod_norma=413,Lei Ordinária,2017-07-07,CalendarioEventos
Lei Ordinária 18343/2017,"ACRESCENTA PARÁGRAFO ÚNICO AO ART. 1º DA LEI 18.135 DE 20 DE ABRIL DE 2015, QUE TORNA OBRIGATÓRIO A EMBALAGEM INDIVIDUALIZADA, EM CONJUNTO OU UNITÁRIAS, COM MATERIAL APROPRIADO, DOS TALHERES A SEREM UTILIZADOS POR CLIENTES, NOS RESTAURANTES E LANCHONETES DA CIDADE DO RECIFE.",https://publico.recife.pe.leg.br/consultas/norma_juridica/norma_juridica_mostrar_proc?cod_norma=417,Lei Ordinária,2017-07-07,Outro
Lei Ordinária 18342/2017,"INSTITUI O DIA MUNICIPAL DO GARI NO RECIFE, A SER COMEMORADO ANUALMENTE EM 16 DE MAIO.",https://publico.recife.pe.leg.br/consultas/norma_juridica/norma_juridica_mostrar_proc?cod_norma=418,Lei Ordinária,2017-07-07,CalendarioEventos
Lei Ordinária 18341/2017,"INSTITUI NO CALENDÁRIO OFICIAL DE EVENTOS DO MUNICÍPIO DO RECIFE, O DIA DA CULTURA DE PAZ E DA MEDIAÇÃO DE CONFLITOS, A SER COMEMORADO ANUALMENTE NO DIA 21 DE SETEMBRO E DÁ OUTRAS PROVIDÊNCIAS.",https://publico.recife.pe.leg.br/consultas/norma_juridica/norma_juridica_mostrar_proc?cod_norma=419,Lei Ordinária,2017-07-07,CalendarioEventos
Lei Ordinária 18340/2017,"DISPÕE SOBRE VANTAGENS E BENEFÍCIOS DOS COMISSIONADOS SEM VÍNCULO E DOS SERVIDORES EFETIVOS E EMPREGADOS PÚBLICOS POSTOS À DISPOSIÇÃO DAS AUTARQUIAS MUNICIPAIS QUE ESPECIFICA, E DÁ OUTRAS PROVIDÊNCIAS.
  ""REGIME DE URGÊNCIA""",https://publico.recife.pe.leg.br/consultas/norma_juridica/norma_juridica_mostrar_proc?cod_norma=420,Lei Ordinária,2017-06-07,Outro
Lei Ordinária 18339/2017,AUTORIZA O MUNICÍPIO A ASSOCIAR-SE À UNIÃO DOS DIRIGENTES MUNICIPAIS DE EDUCAÇÃO DE PERNAMBUCO.,https://publico.recife.pe.leg.br/consultas/norma_juridica/norma_juridica_mostrar_proc?cod_norma=421,Lei Ordinária,2017-07-07,AutorizacaoAusencia
Lei Ordinária 18337/2017,"ALTERA O TEXTO DA LEI N.º 17.244, DE 27 DE JULHO DE 2006, QUE INSTITUI O PROGRAMA DE INCENTIVO AO PORTO DIGITAL.",https://publico.recife.pe.leg.br/consultas/norma_juridica/norma_juridica_mostrar_proc?cod_norma=423,Lei Ordinária,2017-07-05,Outro
Lei Ordinária 18336/2017,"DISPÕE SOBRE O PROCEDIMENTO DESTINADO À FISCALIZAÇÃO E AO EXERCÍCIO DO PODER DE POLÍCIA E DEFINE AS INFRAÇÕES E SANÇÕES A SEREM IMPOSTAS ´PARA O FIEL CUMPRIMENTO DAS NORMAS URBANÍSTICA MUNICIPAIS E DÁ OUTRAS PROVIDÊNCIAS.
""REGIME DE URGÊNCIA""",https://publico.recife.pe.leg.br/consultas/norma_juridica/norma_juridica_mostrar_proc?cod_norma=424,Lei Ordinária,2017-07-05,Outro
Lei Ordinária 18335/2017,"ESTABELECE PROCEDIMENTOS PARA APROVAÇÃO DE PROJETOS ARQUITETÔNICOS INICIAIS, DE REFORMA, LEGALIZAÇÃO OU DE ALTERAÇÃO DURANTE A OBRA E PARA A EMISSÃO DE HABITE-SE E ACEITE-SE, NO ÂMBITO DO MUNICÍPIO DO RECIFE.""REGIME DE URGÊNCIA""",https://publico.recife.pe.leg.br/consultas/norma_juridica/norma_juridica_mostrar_proc?cod_norma=427,Lei Ordinária,2017-07-05,Outro
Lei Ordinária 18334/2017,"DISPÕE SOBRE A PRORROGAÇÃO EXTRAORDINÁRIA DOS PRAZOS RELATIVOS À APROVAÇÃO DE PROJETOS DE CONSTRUÇÃO, ALVARÁS DE CONSTRUÇÃO E LICENÇAS AMBIENTAIS NO MUNICÍPIO DO RECIFE.
""REGIME DE URGÊNCIA""",https://publico.recife.pe.leg.br/consultas/norma_juridica/norma_juridica_mostrar_proc?cod_norma=505,Lei Ordinária,2017-05-05,Outro
Lei Ordinária 18333/2017,"AUTORIZA A ABERTURA DE CRÉDITO ESPECIAL AO ORÇAMENTO DE 2017, ALTERA AS LEIS MUNICIPAIS 18.281, DE 19 DE NOVEMBRO DE 2016(LOA), 18.882, DE 19 DE NOVEMBRO DE 2016 (PPA), 18237, DE 17 DE JUNHO DE 2016(LDO) E INCLUI OS NOVOS PROGRAMAS E AÇÕES AO PLANO PLURIANUAL REVISADO (LEI 18882, DE 19 DE DEZEMBRO DE 2016), CRIA E MODIFICA UNIDADES ORÇAMENTÁRIAS, NOS TERMOS QUE ESPECIFICA. ""REGIME DE URGÊNCIA""",https://publico.recife.pe.leg.br/consultas/norma_juridica/norma_juridica_mostrar_proc?cod_norma=509,Lei Ordinária,2017-05-05,AutorizacaoAusencia
Lei Ordinária 18332/2017,"DISPÕE SOBRE A REMUNERAÇÃO DOS SERVIDORES PERTENCENTES AO QUADRO PERMANENTE DO GRUPO OCUPACIONAL MAGISTÉRIO DA ADMINISTRAÇÃO DIRETA MUNICIPAL.
""REGIME DE URGÊNCIA""",https://publico.recife.pe.leg.br/consultas/norma_juridica/norma_juridica_mostrar_proc?cod_norma=511,Lei Ordinária,2017-05-05,Outro
Lei Ordinária 18331/2017,"INTRODUZ ALTERAÇÃO NA LEI MUNICIPAL N° 17.142-2005, QUE TRATA DO REGIME PRÓPRIO DE PREVIDÊNCIA SOCIAL DO MUNICÍPIO DO RECIFE.
""REGIME DE URGÊNCIA""",https://publico.recife.pe.leg.br/consultas/norma_juridica/norma_juridica_mostrar_proc?cod_norma=513,Lei Ordinária,2017-07-05,Outro
Lei Ordinária 18330/2017,"AUTORIZA O MUNICÍPIO DO RECIFE A DOAR COM ENCARGO À AUTARQUIA DE URBANIZAÇÃO DO RECIFE - URB RECIFE.
""REGIME DE URGÊNCIA""",https://publico.recife.pe.leg.br/consultas/norma_juridica/norma_juridica_mostrar_proc?cod_norma=515,Lei Ordinária,2017-07-05,Outro
Lei Ordinária 18329/2017,"ALTERA O TEXTO DA LEI N.º 18.207, DE 30 DE DEZEMBRO DE 2015 E DA A LEI N.º 15.563, DE 27 DE DEZEMBRO DE 1991, QUE DISPÕE SOBRE O PLANO DE INCENTIVOS A PROJETOS HABITACIONAIS POPULARES DE INTERESSE SOCIAL, VINCULADO AO PROGRAMA FEDERAL ""MINHA CASA, MINHA VIDA"".
""REGIME DE URGÊNCIA""",https://publico.recife.pe.leg.br/consultas/norma_juridica/norma_juridica_mostrar_proc?cod_norma=516,Lei Ordinária,2017-07-05,Outro
Lei Ordinária 18328/2017,"ESTABELECE NOVAS REGRAS QUANTO A OBRIGATORIEDADE DE INSTALAÇÃO DE ELEVADORES EM EDIFÍCIOS HABITACIONAIS E DÁ OUTRAS PROVIDÊNCIAS.
""REGIME DE URGENCIA""",https://publico.recife.pe.leg.br/consultas/norma_juridica/norma_juridica_mostrar_proc?cod_norma=517,Lei Ordinária,2017-07-05,Outro
Lei Ordinária 18327/2017,DISPÕE SOBRE AS DIRETRIZES PARA A ELABORAÇÃO E EXECUÇÃO DA LEI ORÇAMENTÁRIA DE 2018.,https://publico.recife.pe.leg.br/consultas/norma_juridica/norma_juridica_mostrar_proc?cod_norma=667,Lei Ordinária,2017-07-03,Outro
Lei Ordinária 18326/2017,"IMPÕE CRITÉRIOS HIGIÊNICOS DE CANUDOS, PALITO DENTAL, SAL E AÇÚCAR EM BARES, LANCHONETES, RESTAURANTES, HOTÉIS E ESTABELECIMENTOS AFINS INSTALADOS NO MUNICÍPIO DO RECIFE.",https://publico.recife.pe.leg.br/consultas/norma_juridica/norma_juridica_mostrar_proc?cod_norma=668,Lei Ordinária,2017-06-28,Outro
Lei Ordinária 18325/2017,DENOMINAR-SE-Á SENADOR JARBAS MARANHÃO O PRÓXIMO LOGRADOURO PÚBLICO OU IMÓVEL INAUGURADO PELA PREFEITURA DA CIDADE DO RECIFE.,https://publico.recife.pe.leg.br/consultas/norma_juridica/norma_juridica_mostrar_proc?cod_norma=669,Lei Ordinária,2017-06-28,Outro
Lei Ordinária 18324/2017,"INCLUI NO CALENDÁRIO  MUNICIPAL DO RECIFE,O DIA 19 DE ABRIL, COMO O DIA MUNICIPAL DO CABOCLINHO E DA TRIBO DE ÍNDIO.",https://publico.recife.pe.leg.br/consultas/norma_juridica/norma_juridica_mostrar_proc?cod_norma=670,Lei Ordinária,2017-06-28,CalendarioEventos
Lei Ordinária 18323/2017,DISPÕE SOBRE A OBRIGATORIEDADE DA DIVULGAÇÃO SONORA DAS NORMAS DE SEGURANÇA E PROCEDIMENTOS DE EMERGÊNCIA DURANTE A REALIZAÇÃO DE EVENTOS NO MUNICÍPIO DO RECIFE E DÁ OUTRAS PROVIDÊNCIAS.,https://publico.recife.pe.leg.br/consultas/norma_juridica/norma_juridica_mostrar_proc?cod_norma=671,Lei Ordinária,2017-06-28,CalendarioEventos
Lei Ordinária 18322/2017,"DISPÕE SOBRE A RESERVA DE, 2% (DOIS POR CENTO) DE VAGAS DE CURSOS PROFISSIONALIZANTES PARA JOVENS NEGROS E DE BAIXA RENDA, ENTRE 16 E 29 ANOS, NAS EMPRESAS QUE FOREM BENEFICIADAS DE POLÍTICA DE INCENTIVO, SUBSÍDIO OU ISENÇÃO FISCAL NO MUNICÍPIO DO RECIFE, E DÁ OUTRAS PROVIDÊNCIAS.",https://publico.recife.pe.leg.br/consultas/norma_juridica/norma_juridica_mostrar_proc?cod_norma=673,Lei Ordinária,2017-06-23,Outro
Lei Ordinária 18321/2017,"DISPÕE SOBRE A AFIXAÇÃO DE CARTAZES NOS ESTABELECIMENTOS COMERCIAIS, INDUSTRIAIS E DE PRESTAÇÃO DE SERVIÇOS INFORMANDO ACERCA DA VEDAÇÃO DE EXIGÊNCIA DE CONSUMAÇÃO MÍNIMA NAS COMPRAS COM CARTÃO DE CRÉDITO OU DÉBITO.",https://publico.recife.pe.leg.br/consultas/norma_juridica/norma_juridica_mostrar_proc?cod_norma=676,Lei Ordinária,2017-06-23,Outro
Lei Ordinária 18320/2017,"CRIA O SELO ""ADOTE UMA CRIANÇA OU ADOLESCENTE EM SITUAÇÃO DE VULNERABILIDADE NO MUNICÍPIO DO RECIFE"" E DÁ OUTRAS PROVIDÊNCIAS.",https://publico.recife.pe.leg.br/consultas/norma_juridica/norma_juridica_mostrar_proc?cod_norma=679,Lei Ordinária,2017-06-23,Outro
Lei Ordinária 18319/2017,"INSTITUI NO CALENDÁRIO OFICIAL DE EVENTOS DA CIDADE DO RECIFE, A “SEMANA MUNICIPAL DE PREVENÇÃO, CONSCIENTIZAÇÃO E ERRADICAÇÃO DO TRABALHO INFANTIL E DE PROTEÇÃO AO ADOLESCENTE TRABALHADOR”, E DÁ OUTRAS PROVIDÊNCIAS.",https://publico.recife.pe.leg.br/consultas/norma_juridica/norma_juridica_mostrar_proc?cod_norma=683,Lei Ordinária,2017-06-23,CalendarioEventos
Lei Ordinária 18318/2017,DISPÕE SOBRE A CRIAÇÃO DO BANCO DE EMPREGOS PARA AS MULHERES VÍTIMAS DE VIOLÊNCIA DOMÉSTICA E FAMILIAR NO ÂMBITO DO MUNICÍPIO DO RECIFE.,https://publico.recife.pe.leg.br/consultas/norma_juridica/norma_juridica_mostrar_proc?cod_norma=687,Lei Ordinária,2017-06-23,Outro
Lei Ordinária 18317/2017,"DISPÕE SOBRE A OBRIGATORIEDADE DE SER DESTINADO LOCAL EXCLUSIVO NAS PRAÇAS DE ALIMENTAÇÃO, CENTROS COMERCIAIS, ESTABELECIMENTOS DE ENSINO, SHOPPING CENTERS, HIPERMERCADOS E SUPERMERCADOS PARA DEFICIENTES FÍSICOS, IDOSOS E GESTANTES E DÁ OUTRAS PROVIDÊNCIAS.",https://publico.recife.pe.leg.br/consultas/norma_juridica/norma_juridica_mostrar_proc?cod_norma=691,Lei Ordinária,2017-06-23,Outro
Lei Ordinária 18316/2017,"INSTITUI NO CALENDÁRIO OFICIAL DO RECIFE, O DIA MUNICIPAL DA DOULA.",https://publico.recife.pe.leg.br/consultas/norma_juridica/norma_juridica_mostrar_proc?cod_norma=692,Lei Ordinária,2017-06-23,CalendarioEventos
Lei Ordinária 18315/2017,"DISPÕE SOBRE A HIGIENE NAS ACADEMIAS DE GINÁSTICA, “SPORT CENTER”, “FITNESS” E SIMILARES, E DÁ OUTRAS PROVIDÊNCIAS.",https://publico.recife.pe.leg.br/consultas/norma_juridica/norma_juridica_mostrar_proc?cod_norma=693,Lei Ordinária,2017-06-23,Outro
Lei Ordinária 18314/2017,"INSTITUI NO CALENDÁRIO OFICIAL DE EVENTOS DO MUNICÍPIO DO RECIFE A CORRIDA DA CONSCIÊNCIA NEGRA, A SER COMEMORADA ANUALMENTE NO 3º SÁBADO DO MÊS DE NOVEMBRO, NO MUNICÍPIO DO RECIFE E DÁ OUTRAS PROVIDÊNCIAS.",https://publico.recife.pe.leg.br/consultas/norma_juridica/norma_juridica_mostrar_proc?cod_norma=694,Lei Ordinária,2017-05-18,CalendarioEventos
Lei Ordinária 18313/2017,"NOMEIA E CONSTITUI A RUA CONHECIDA POPULARMENTE COMO RUA DA PAZ COMO LOGRADOURO PÚBLICO, NO BAIRRO DO PASSARINHO E DÁ OUTRAS PROVIDÊNCIAS.",https://publico.recife.pe.leg.br/consultas/norma_juridica/norma_juridica_mostrar_proc?cod_norma=695,Lei Ordinária,2017-05-18,RenomearLogradouro
Lei Ordinária 18312/2017,DENOMINAR-SE-Á CAMILO SIMÕES A PRÓXIMA ACADEMIA RECIFE A SER INAUGURADA NO MUNICÍPIO.,https://publico.recife.pe.leg.br/consultas/norma_juridica/norma_juridica_mostrar_proc?cod_norma=697,Lei Ordinária,2017-05-18,RenomearLogradouro
Lei Ordinária 18311/2017,"NOMEIA E CONSTITUI O NOME DA RUA CONHECIDA COMO RUA PROJETADA, PARA RUA PROJETADA TEÓFILO AMARO DA SILVA, NO BAIRRO DA MACAXEIRA.",https://publico.recife.pe.leg.br/consultas/norma_juridica/norma_juridica_mostrar_proc?cod_norma=698,Lei Ordinária,2017-05-18,RenomearLogradouro
Lei Ordinária 18310/2017,INSTITUI O DIA MUNICIPAL DE CONSCIENTIZAÇÃO E APOIO AOS PORTADORES DE DOENÇAS RARAS.,https://publico.recife.pe.leg.br/consultas/norma_juridica/norma_juridica_mostrar_proc?cod_norma=699,Lei Ordinária,2017-05-18,CalendarioEventos
Lei Ordinária 18309/2017,INSTITUI A “SEMANA DE CONSCIENTIZAÇÃO E COMBATE À AUTOMEDICAÇÃO” E DÁ OUTRAS PROVIDÊNCIAS.,https://publico.recife.pe.leg.br/consultas/norma_juridica/norma_juridica_mostrar_proc?cod_norma=792,Lei Ordinária,2017-05-18,Outro
Lei Ordinária 18308/2017,DISPÕE SOBRE PENALIDADE A SER APLICADA AOS PRATICANTES DE AÇÕES ANTI-CIDADÃS DE CHAMADAS DO SAMU - SERVIÇO DE ASSISTÊNCIA MÉDICA DE URGÊNCIA PARA ATENDIMENTOS INVERÍDICOS E DÁ OUTRAS PROVIDÊNCIAS.,https://publico.recife.pe.leg.br/consultas/norma_juridica/norma_juridica_mostrar_proc?cod_norma=793,Lei Ordinária,2017-05-04,Outro
Lei Ordinária 18307/2017,DENOMINAR-SE-Á DE “MARIA DA PENHA” A PRÓXIMA ESCOLA MUNICIPAL OU O PRÓXIMO CENTRO MUNICIPAL DE EDUCAÇÃO INFANTIL-CMEI A SER INAUGURADO NA CIDADE DO RECIFE,https://publico.recife.pe.leg.br/consultas/norma_juridica/norma_juridica_mostrar_proc?cod_norma=794,Lei Ordinária,2017-04-28,Outro
Lei Ordinária 18306/2017,DENOMINAR-SE-Á BIBLIOTECA JORNALISTA CARLOS PERCOL A BIBLIOTECA DO COMPAZ ARIANO VILAR SUASSUNA.,https://publico.recife.pe.leg.br/consultas/norma_juridica/norma_juridica_mostrar_proc?cod_norma=795,Lei Ordinária,2017-04-28,Outro
Lei Ordinária 18305/2017,INSTITUI O RECIFE COMO A CAPITAL DA TOLERÂNCIA.,https://publico.recife.pe.leg.br/consultas/norma_juridica/norma_juridica_mostrar_proc?cod_norma=796,Lei Ordinária,2017-04-26,CalendarioEventos
Lei Ordinária 18304/2017,"DISPÕE SOBRE A OBRIGATORIEDADE DE DISPONIBILIZAR AO PÚBLICO A LISTA DE MEDICAMENTOS GRATUITOS FORNECIDA PELO MINISTÉRIO DA SAÚDE NAS FARMÁCIAS DO MUNICÍPIO DO RECIFE, E DÁ OUTRAS PROVIDÊNCIAS.",https://publico.recife.pe.leg.br/consultas/norma_juridica/norma_juridica_mostrar_proc?cod_norma=797,Lei Ordinária,2017-04-26,Outro
Lei Ordinária 18303/2017,"ALTERA A LEI MUNICIPAL N° 16.215/96, QUE INSTITUI O SISTEMA DE INCENTIVO À CULTURA (SIC), CONCEDE INCENTIVOS FISCAIS A PROJETOS CULTURAIS E DÁ OUTRAS PROVIDÊNCIAS.",https://publico.recife.pe.leg.br/consultas/norma_juridica/norma_juridica_mostrar_proc?cod_norma=798,Lei Ordinária,2017-04-20,Outro
Lei Ordinária 18302/2017,"INSTITUI O DIA DO PROCURADOR DO MUNICÍPIO DO RECIFE, A SER COMEMORADO ANUALMENTE EM 27 DE MAIO.",https://publico.recife.pe.leg.br/consultas/norma_juridica/norma_juridica_mostrar_proc?cod_norma=799,Lei Ordinária,2017-04-20,CalendarioEventos
Lei Ordinária 18301/2017,"DISPÕE SOBRE A FIXAÇÃO DE PLACA NOS ESTABELECIMENTOS COMERCIAIS DA CIDADE DO RECIFE, QUE NÃO ACEITAM PAGAMENTO POR MEIO DE CHEQUES OU CARTÕES DE DÉBITO OU CRÉDITO, E DÁ OUTRAS PROVIDÊNCIAS.",https://publico.recife.pe.leg.br/consultas/norma_juridica/norma_juridica_mostrar_proc?cod_norma=800,Lei Ordinária,2017-04-20,Outro
Lei Ordinária 18300/2017,"ALTERA A LEI MUNICIPAL Nº 16.215/96, QUE INSTITUI O SISTEMA DE INCENTIVO À CULTURA (SIC), CONCEDE INCENTIVOS FISCAIS A PROJETOS CULTURAIS E DÁ OUTRAS PROVIDÊNCIAS.",https://publico.recife.pe.leg.br/consultas/norma_juridica/norma_juridica_mostrar_proc?cod_norma=802,Lei Ordinária,2017-04-07,Outro
Lei Ordinária 18299/2017,DISPÕE SOBRE A DIVULGAÇÃO DA LEI FEDERAL Nº 11.108/2005 NAS MATERNIDADES DA CIDADE DO RECIFE CONVENIADAS AO SUS.,https://publico.recife.pe.leg.br/consultas/norma_juridica/norma_juridica_mostrar_proc?cod_norma=804,Lei Ordinária,2017-04-07,Outro
Lei Ordinária 18298/2017,ADEQUA AO SALÁRIO MÍNIMO E ATUALIZA O VENCIMENTO BÁSICO DOS CARGOS QUE ESPECIFICA,https://publico.recife.pe.leg.br/consultas/norma_juridica/norma_juridica_mostrar_proc?cod_norma=1886,Lei Ordinária,2017-04-03,Outro
Lei Ordinária 18297/2017,DISPÕE SOBRE A MEDALHA DE MÉRITO DO JUDICIÁRIO MINISTRO DJACI FALCÃO.,https://publico.recife.pe.leg.br/consultas/norma_juridica/norma_juridica_mostrar_proc?cod_norma=805,Lei Ordinária,2017-03-22,ConcessaoMedalha
Lei Ordinária 18296/2017,"INSTITUI ABONO PECUNIÁRIO PELA EXCELÊNCIA DAS AÇÕES DE COMBATE AO AEDES AEGYPTI DURANTE A EPIDEMIA DAS ARBOVIROSES NO MUNICÍPIO DO RECIFE.   ""REGIME DE URGÊNCIA""",https://publico.recife.pe.leg.br/consultas/norma_juridica/norma_juridica_mostrar_proc?cod_norma=808,Lei Ordinária,2017-03-17,CalendarioEventos
Lei Ordinária 18295/2017,"DENOMINA DE JORNALISTA RONILDO MAIA LEITE, A BIBLIOTECA DO COMPAZ ARIANO SUASSUNA.",https://publico.recife.pe.leg.br/consultas/norma_juridica/norma_juridica_mostrar_proc?cod_norma=809,Lei Ordinária,2017-01-23,Outro
Lei Ordinária 18294/2017,"DENOMINA-SE-A RUA ANTONIO VITAL MARTINS RIBEIRO, A PRÓXIMA RUA A SER INAUGURADA NO MUNICÍPIO.",https://publico.recife.pe.leg.br/consultas/norma_juridica/norma_juridica_mostrar_proc?cod_norma=813,Lei Ordinária,2017-01-02,RenomearLogradouro
Lei Ordinária 18293/2017,"ESTABELECE A OBRIGATORIEDADE DA FIXAÇÃO DE PLACA DE AVISO DE FÁCIL LEITURA NA ENTRADA OU, O ANÚNCIO NAS CANCELAS DE ACESSO E ENTRADAS DOTADAS DE EQUIPAMENTO DE SOM, NOS ESTACIONAMENTOS PARTICULARES E PÚBLICOS, INFORMANDO AOS FREQUENTADORES DOS ESTABELECIMENTOS E ARTÉRIAS OU VIAS, PÚBLICAS OU PRIVADAS, DA CIDADE DO RECIFE QUE,“É PROIBIDO ABANDONAR OU DEIXAR DESACOMPANHADAS DE RESPONSÁVEL  CAPAZ, NO INTERIOR DOS VEÍCULOS, CRIANÇAS E PESSOAS CONSIDERADAS INCAPAZES, NA FORMA DA LEI”.",https://publico.recife.pe.leg.br/consultas/norma_juridica/norma_juridica_mostrar_proc?cod_norma=814,Lei Ordinária,2017-01-02,Outro
Lei Ordinária 18292/2017,"ALTERA O ART. 7º DA LEI MUNICIPAL Nº 15.604, DE 18 DE FEVEREIRO DE 1992, QUE DISPÕE SOBRE A POLÍTICA MUNICIPAL DOS DIREITOS DA CRIANÇA E DO ADOLESCENTE, CRIA UM CONSELHO MUNICIPAL DE DEFESA E PROMOÇÃO DOS DIREITOS DA CRIANÇA E DO ADOLESCENTE E DÁ OUTRAS PROVIDÊNCIAS.",https://publico.recife.pe.leg.br/consultas/norma_juridica/norma_juridica_mostrar_proc?cod_norma=25,Lei Ordinária,2017-01-02,Outro
Lei Ordinária 18291/2016,"DISPÕE SOBRE A ADEQUAÇÃO DA ESTRUTURA DA ADMINISTRAÇÃO DIRETA E INDIRETA DO MUNICÍPIO DO RECIFE, AS NOVAS DIRETRIZES ADMINISTRATIVAS. ""REGIME DE URGÊNCIA""",https://publico.recife.pe.leg.br/consultas/norma_juridica/norma_juridica_mostrar_proc?cod_norma=240,Lei Ordinária,2016-12-30,Outro
Lei Ordinária 18290/2016,"MODIFICA A COMPOSIÇÃO DA CÂMARA DO FUNDEB DO CONSELHO MUNICIPAL DE EDUCAÇÃO PREVISTA NO ART. 12 DA LEI Nº 17.325/2007.   ""REGIME DE URGÊNCIA""",https://publico.recife.pe.leg.br/consultas/norma_juridica/norma_juridica_mostrar_proc?cod_norma=239,Lei Ordinária,2016-12-21,Outro
Lei Ordinária 18289/2016,"CRIA O GRUPO OCUPACIONAL EM ACESSIBILIDADE  E RESPECTIVOS CARGOS EFETIVOS NO ÂMBITO DA ADMINISTRAÇÃO DIRETA NA ESTRUTURA DA SECRETARIA DE DESENVOLVIMENTO SOCIAL E DIREITOS HUMANOS E DÁ OUTRAS PROVIDÊNCIAS.    ""REGIME DE URGÊNCIA""",https://publico.recife.pe.leg.br/consultas/norma_juridica/norma_juridica_mostrar_proc?cod_norma=238,Lei Ordinária,2016-12-21,Outro
Lei Ordinária 18288/2016,"ALTERA AS LEIS Nº 16.960/2004 E Nº 16.701/2001 QUE TRATAM, RESPECTIVAMENTE, DO FUNDO MUNICIPAL DE DIREITOS HUMANOS E DO CONSELHO DE DIREITOS HUMANOS E SEGURANÇA CIDADÃ.
""REGIME DE URGÊNCIA""",https://publico.recife.pe.leg.br/consultas/norma_juridica/norma_juridica_mostrar_proc?cod_norma=237,Lei Ordinária,2016-12-21,Outro
Lei Ordinária 18287/2016,"DISPÕE SOBRE AUTORIZAÇÃO PARA A COMPANHIA DE TRANSITO E TRANSPORTE URBANO - CTTU/RECIFE COBRAR OS CUSTOS OPERACIONAIS DE SERVIÇOS PRESTADOS EM EVENTOS, RELATIVOS À OPERAÇÃO DO SISTEMA VIÁRIO.  ""REGIME DE URGÊNCIA""",https://publico.recife.pe.leg.br/consultas/norma_juridica/norma_juridica_mostrar_proc?cod_norma=236,Lei Ordinária,2016-12-21,CalendarioEventos
Lei Ordinária 18286/2016,"ALTERA O ARTIGO 4º DA LEI MUNICIPAL Nº 17.936/2013, DE 18 DE NOVEMBRO DE 2013 PARA DAR NOVA REDAÇÃO AO SEU § 2º.  ""REGIME DE URGÊNCIA""",https://publico.recife.pe.leg.br/consultas/norma_juridica/norma_juridica_mostrar_proc?cod_norma=235,Lei Ordinária,2016-12-21,Outro
Lei Ordinária 18285/2016,"ESTABELECE NORMAS PARA O LICENCIAMENTO E INSTALAÇÃO DE ESTAÇÕES TRANSMISSORAS DE RADIOCOMUNICAÇÕES E EQUIPAMENTOS AFINS DO SERVIÇO MÓVEL CELULAR, NO TERRITÓRIO DO MUNICÍPIO E DÁ OUTRAS PROVIDÊNCIAS.  ""REGIME DE URGÊNCIA""",https://publico.recife.pe.leg.br/consultas/norma_juridica/norma_juridica_mostrar_proc?cod_norma=234,Lei Ordinária,2016-12-21,Outro
Lei Ordinária 18284/2016,"DENOMINAR-SE-Á CONJUNTO HABITACIONAL VEREADOR MIGUEL BAPTISTA, O CONJUNTO HABITACIONAL LOCALIZADO NA RUA PASTOR ISRAEL VIEIRA FERREIRA, Nº 70, ARRUDA, RECIFE - PE 
""REGIME DE URGÊNCIA""",https://publico.recife.pe.leg.br/consultas/norma_juridica/norma_juridica_mostrar_proc?cod_norma=233,Lei Ordinária,2016-12-21,RenomearLogradouro
Lei Ordinária 18283/2016,"DENOMINAR-SE-Á CONJUNTO HABITACIONAL NANÁ VASCONCELOS, O CONJUNTO HABITACIONAL LOCALIZADO NA RUA GUARAJÁ, Nº 56, LINHA DO TIRO, RECIFE - PE.   ""REGIME DE URGÊNCIA""",https://publico.recife.pe.leg.br/consultas/norma_juridica/norma_juridica_mostrar_proc?cod_norma=232,Lei Ordinária,2016-12-21,RenomearLogradouro
Lei Ordinária 18282/2016,"DISPÕE SOBRE A REVISÃO DO PLANO PLURIANUAL 2014 – 2017, DO MUNICÍPIO DO RECIFE, PARA O EXERCÍCIO DE 2017.",https://publico.recife.pe.leg.br/consultas/norma_juridica/norma_juridica_mostrar_proc?cod_norma=231,Lei Ordinária,2016-12-19,Outro
Lei Ordinária 18281/2016,ESTIMA A RECEITA E FIXA A DESPESA DO MUNICÍPIO DO RECIFE PARA O EXERCÍCIO DE 2017.,https://publico.recife.pe.leg.br/consultas/norma_juridica/norma_juridica_mostrar_proc?cod_norma=229,Lei Ordinária,2016-12-19,Outro
Lei Ordinária 18280/2016,"ALTERA E ACRESCE DISPOSITIVOS À LEI MUNIIPAL Nº 15.906/1994, QUE DISPÕE SOBRE A ADOÇÃO DE SÍTIOS E PARQUES ECOLÓGICOS POR PESSOAS FISICAS, PESSOAS JURÍDICAS DE DIREITOS PRIVADOS, INCLUSIVE INSTITUIÇÕES COM FINS LUCRATIVOS.  ""REGIME DE URGÊNCIA""",https://publico.recife.pe.leg.br/consultas/norma_juridica/norma_juridica_mostrar_proc?cod_norma=228,Lei Ordinária,2016-12-16,Outro
Lei Ordinária 18279/2016,CRIA O PLANO MUNICIPAL DE JUVENTUDE.,https://publico.recife.pe.leg.br/consultas/norma_juridica/norma_juridica_mostrar_proc?cod_norma=230,Lei Ordinária,2016-12-16,Outro
Lei Ordinária 18278/2016,DECLARA DE UTILIDADE PÚBLICA A ASSOCIAÇÃO OÁSIS DA LIBERDADE.,https://publico.recife.pe.leg.br/consultas/norma_juridica/norma_juridica_mostrar_proc?cod_norma=207,Lei Ordinária,2016-12-14,Outro
Lei Ordinária 18277/2016,DENOMINA PARCÃO CAMILO SIMÕES O EQUIPAMENTO QUE INTEGRA O PARQUE SANTANA.,https://publico.recife.pe.leg.br/consultas/norma_juridica/norma_juridica_mostrar_proc?cod_norma=204,Lei Ordinária,2016-12-12,Outro
Lei Ordinária 18276/2016,"DISPÕE SOBRE A ORGANIZAÇÃO, ESTRUTURA E COMPETÊNCIA DO CONTENCIOSO ADMINISTRATIVO TRIBUTÁRIO DO MUNICÍPIO DO RECIFE E DÁ OUTRAS PROVIDÊNCIAS. ""REGIME DE URGÊNCIA""",https://publico.recife.pe.leg.br/consultas/norma_juridica/norma_juridica_mostrar_proc?cod_norma=201,Lei Ordinária,2016-12-02,Outro
Lei Ordinária 18275/2016,"ALTERA DISPOSITIVOS DA LEI N.º 14.512, DE 17 DE JANEIRO DE 1983, E DA LEI N.º 17.142, DE 2 DE DEZEMBRO DE 2005. ""REGIME DE URGÊNCIA""",https://publico.recife.pe.leg.br/consultas/norma_juridica/norma_juridica_mostrar_proc?cod_norma=200,Lei Ordinária,2016-12-02,Outro
Lei Ordinária 18274/2016,"ALTERA DISPOSITIVOS DA LEI N.º 15.563, DE 27 DE DEZEMBRO DE 1991. (QUE DISPÕE SOBRE CÓDIGO TRIBUTÁRIO) 
""REGIME DE URGÊNCIA""",https://publico.recife.pe.leg.br/consultas/norma_juridica/norma_juridica_mostrar_proc?cod_norma=512,Lei Ordinária,2016-11-25,Outro
Lei Ordinária 18273/2016,INCLUI NO CALENDÁRIO OFICIAL DA CIDADE O DIA 11 DE SETEMBRO DIA MUNICIPAL DOS DIREITOS DOS ANIMAIS.,https://publico.recife.pe.leg.br/consultas/norma_juridica/norma_juridica_mostrar_proc?cod_norma=178,Lei Ordinária,2016-09-26,CalendarioEventos
Lei Ordinária 18272/2016,"DISPÕE SOBRE A PRESENÇA DE “DOULAS” DURANTE O PARTO, NAS MATERNIDADES SITUADAS NO MUNICÍPIO DO RECIFE E DÁ OUTRAS PROVIDÊNCIAS.",https://publico.recife.pe.leg.br/consultas/norma_juridica/norma_juridica_mostrar_proc?cod_norma=258,Lei Ordinária,2016-09-15,Outro
Lei Ordinária 18271/2016,"DISPÕE SOBRE A OBRIGATORIEDADE DE IMPLANTAÇÃO DE PROTEÇÃO DE VIDRO OU SIMILAR, NOS BALCÕES DE ALIMENTOS DOS BARES E RESTAURANTES QUE POSSUEM SISTEMA SELF-SERVICE E DÁ OUTRAS PROVIDÊNCIAS.",https://publico.recife.pe.leg.br/consultas/norma_juridica/norma_juridica_mostrar_proc?cod_norma=177,Lei Ordinária,2016-09-15,Outro
Lei Ordinária 18270/2016,"PROÍBE A SEGREGAÇÃO DO DIREITO AO ALEITAMENTO MATERNO NO MUNICÍPIO DO RECIFE, E DÁ OUTRAS PROVIDÊNCIAS.",https://publico.recife.pe.leg.br/consultas/norma_juridica/norma_juridica_mostrar_proc?cod_norma=175,Lei Ordinária,2016-09-15,Outro
Lei Ordinária 18269/2016,ASSEGURA A DIVULGAÇÃO DA LISTA DE ESPERA PARA VAGAS NAS CRECHES DO MUNICÍPIO E DÁ OUTRAS PROVIDÊNCIAS.,https://publico.recife.pe.leg.br/consultas/norma_juridica/norma_juridica_mostrar_proc?cod_norma=164,Lei Ordinária,2016-09-15,Outro
Lei Ordinária 18268/2016,DECLARAÇÃO DE UTILIDADE PÚBLICA AO GALPÃO DOS MENINOS E MENINAS DE SANTO AMARO E DÁ OUTRAS PROVIDÊNCIAS.,https://publico.recife.pe.leg.br/consultas/norma_juridica/norma_juridica_mostrar_proc?cod_norma=163,Lei Ordinária,2016-09-15,Outro
Lei Ordinária 18267/2016,"DISPÕE SOBRE A OBRIGATORIEDADE DE FERROS VELHOS, EMPRESAS DE TRANSPORTE DE CARGA, LOJAS DE MATERIAL DE CONSTRUÇÃO, BORRACHARIAS, RECAUCHUTADORAS E AFINS NO MUNICÍPIO DO RECIFE A ADOTAREM MEDIDAS PARA EVITAR A EXISTÊNCIA DE FOCOS DE AEDES AEGYPTI E AEDES ALBOPICTUS, E DÁ OUTRAS PROVIDÊNCIAS.",https://publico.recife.pe.leg.br/consultas/norma_juridica/norma_juridica_mostrar_proc?cod_norma=162,Lei Ordinária,2016-09-15,Outro
Lei Ordinária 18266/2016,"TORNA OBRIGATÓRIA A FIXAÇÃO DE PLACA DE ADVERTÊNCIA CONTRA A PROSTITUIÇÃO E A EXPLORAÇÃO SEXUAL DE CRIANÇAS E ADOLESCENTES EM HOTÉIS, MOTÉIS, CASAS DE MASSAGENS, POUSADAS, PENSÕES, BOATES, CINEMAS, CASAS DE ESPETÁCULOS, BARES E RESTAURANTES EM FUNCIONAMENTO NA CIDADE DO RECIFE.",https://publico.recife.pe.leg.br/consultas/norma_juridica/norma_juridica_mostrar_proc?cod_norma=161,Lei Ordinária,2016-09-15,Outro
Lei Ordinária 18265/2016,FICA INCLUÍDO NO CALENDÁRIO OFICIAL DO MUNICÍPIO DE RECIFE O DIA DO IMIGRANTE PORTUGUÊS.,https://publico.recife.pe.leg.br/consultas/norma_juridica/norma_juridica_mostrar_proc?cod_norma=160,Lei Ordinária,2016-09-15,CalendarioEventos
Lei Ordinária 18264/2016,"DECLARA DE UTILIDADE PÚBLICA, NO ÂMBITO MUNICIPAL, A ASSOCIAÇÃO PERNAMBUCANA DE CEGOS - APEC.",https://publico.recife.pe.leg.br/consultas/norma_juridica/norma_juridica_mostrar_proc?cod_norma=159,Lei Ordinária,2016-09-15,Outro
Lei Ordinária 18263/2016,INSTITUI O DIA 25 DE NOVEMBRO NO CALENDÁRIO DE EVENTOS OFICIAIS DO MUNICÍPIO DE RECIFE A CAMPANHA 'PELA PAZ E NÃO A VIOLÊNCIA,https://publico.recife.pe.leg.br/consultas/norma_juridica/norma_juridica_mostrar_proc?cod_norma=158,Lei Ordinária,2016-08-31,CalendarioEventos
Lei Ordinária 18262/2016,"Inclui no Calendário Oficial de Eventos do Município do Recife, o Dia Municipal do Taekwondo.",https://publico.recife.pe.leg.br/consultas/norma_juridica/norma_juridica_mostrar_proc?cod_norma=157,Lei Ordinária,2016-08-31,CalendarioEventos
Lei Ordinária 18261/2016,DENOMINAR-SE-Á ROSILDA ALVES MENDES O PRÓXIMO CRAS CENTRO DE REFERÊNCIA EM ASSISTÊNCIA SOCIAL A SER CONSTRUÍDO NO TERRENO DA ANTIGA FÁBRICA DE ESTOPA NO BAIRRO DO ZUMBI.,https://publico.recife.pe.leg.br/consultas/norma_juridica/norma_juridica_mostrar_proc?cod_norma=156,Lei Ordinária,2016-08-31,RenomearLogradouro
Lei Ordinária 18260/2016,DENOMINAR-SE-Á INDUSTRIAL ARTHUR CARNEIRO DA CUNHA A PRAÇA DE ESPORTE E DA CULTURA A SER CONSTRUÍDO NO TERRENO DA ANTIGA FÁBRICA DE ESTOPA DO ZUMBI.,https://publico.recife.pe.leg.br/consultas/norma_juridica/norma_juridica_mostrar_proc?cod_norma=155,Lei Ordinária,2016-08-31,RenomearLogradouro
Lei Ordinária 18259/2016,"OBRIGA AS MATERNIDADES SITUADAS NO MUNICÍPIO DO RECIFE, A ADAPTAREM-SE ÀS NECESSIDADES DA MULHER GESTANTE USUÁRIA DE CADEIRA DE RODAS.",https://publico.recife.pe.leg.br/consultas/norma_juridica/norma_juridica_mostrar_proc?cod_norma=557,Lei Ordinária,2016-08-05,Outro
Lei Ordinária 18258/2016,REGULA O USO DE ALARMES SONOROS DE GARAGENS NO MUNICÍPIO DO RECIFE.,https://publico.recife.pe.leg.br/consultas/norma_juridica/norma_juridica_mostrar_proc?cod_norma=257,Lei Ordinária,2016-08-05,Outro
Lei Ordinária 18257/2016,"DISPÕE SOBRE A PRESENÇA DE INTÉRPRETE DE LIBRAS (LINGUA BRASILEIRA DE SINAIS) NA ADMINISTRAÇÃO DIRETA E INDIRETA DA CIDADE DO RECIFE, E DÁ OUTRAS PROVIDÊNCIAS.",https://publico.recife.pe.leg.br/consultas/norma_juridica/norma_juridica_mostrar_proc?cod_norma=256,Lei Ordinária,2016-08-05,Outro
Lei Ordinária 18256/2016,ESTABELECE CRITÉRIOS PARA A PLENA FRUIÇÃO DOS DIREITOS PREVISTOS NA LEGISLAÇÃO DO MUNICÍPIO PARA AS PESSOAS COM DEFICIÊNCIA.,https://publico.recife.pe.leg.br/consultas/norma_juridica/norma_juridica_mostrar_proc?cod_norma=255,Lei Ordinária,2016-08-05,Outro
Lei Ordinária 18255/2016,"ALTERA A REDAÇÃO DO ART. 1º DA LEI 18.146, DE 17 DE JUNHO DE 2015(LEI QUE DISPÕE SOBRE DENOMINAÇÃO DE NOME DE ESCOLA EM SANTO AMARO)",https://publico.recife.pe.leg.br/consultas/norma_juridica/norma_juridica_mostrar_proc?cod_norma=254,Lei Ordinária,2016-08-05,Outro
Lei Ordinária 18254/2016,"DENOMINA “PRAÇA DO TERÇO” A ÁREA DELIMITADA PELAS RUAS CAPITÃO DOMINGOS DA COSTA, CAPITÃO AMARO CERQUEIRA E SD- 5096, NO BAIRRO DE AREIAS, NESTA CIDADE.",https://publico.recife.pe.leg.br/consultas/norma_juridica/norma_juridica_mostrar_proc?cod_norma=253,Lei Ordinária,2016-08-05,RenomearLogradouro
Lei Ordinária 18253/2016,"OBRIGA OS ESTABELECIMENTOS QUE COMERCIALIZAM ANIMAIS, PET SHOPS, CLÍNICAS VETERINÁRIAS E AFINS, NO MUNICÍPIO DO RECIFE, A AFIXAREM CARTAZ INFORMANDO OS LOCAIS QUE POSSIBILITAM A ADOÇÃO DE ANIMAIS E DÁ OUTRAS PROVIDÊNCIAS.",https://publico.recife.pe.leg.br/consultas/norma_juridica/norma_juridica_mostrar_proc?cod_norma=252,Lei Ordinária,2016-08-05,Outro
Lei Ordinária 18252/2016,INSTITUI A SEMANA DO BEBÊ E DE PROTEÇÃO A PRIMEIRA INFÂNCIA DO RECIFE E DÁ OUTRAS PROVIDÊNCIAS.,https://publico.recife.pe.leg.br/consultas/norma_juridica/norma_juridica_mostrar_proc?cod_norma=251,Lei Ordinária,2016-08-05,CalendarioEventos
Lei Ordinária 18251/2016,"ALTERA O PARÁGRAFO 2º, DO ART. 1º, DA LEI Nº 18.133/15 E DÁ OUTRAS PROVIDÊNCIAS.(LEI QUE DISPÕE SOBRE REGULAMENTAÇÃO DE OPERAÇÃO DE CARGA E DESCARGA POR VEÍCULOS)",https://publico.recife.pe.leg.br/consultas/norma_juridica/norma_juridica_mostrar_proc?cod_norma=250,Lei Ordinária,2016-08-01,Outro
Lei Ordinária 18250/2016,"DENOMINAR-SE-Á ESCOLA MUNICIPAL CONTRAMESTRE TECELÃO ADALBERTO DA SILVA, A SER CONSTRUÍDA NO TERRENO DA ANTIGA FÁBRICA DE ESTOPA NO BAIRRO DO ZUMBI.",https://publico.recife.pe.leg.br/consultas/norma_juridica/norma_juridica_mostrar_proc?cod_norma=248,Lei Ordinária,2016-07-25,RenomearLogradouro
Lei Ordinária 18249/2016,"DENOMINAR-SE-Á   RUA GOVERNADOR EDUARDO HENRIQUE DE ACIOLY CAMPOS A “PRINCIPAL” RUA LOCALIZADA NO LOTEAMENTO CAFEEIRO III, NO BAIRRO DO PASSARINHO, NESTA CIDADE.",https://publico.recife.pe.leg.br/consultas/norma_juridica/norma_juridica_mostrar_proc?cod_norma=247,Lei Ordinária,2016-07-25,RenomearLogradouro
Lei Ordinária 18248/2016,"INCLUI NO CALENDÁRIO OFICIAL DE EVENTOS DO MUNICÍPIO DO RECIFE O EVENTO RELIGIOSO EVANGELIZAR É PRECISO, NA FORMA QUE INDICA.",https://publico.recife.pe.leg.br/consultas/norma_juridica/norma_juridica_mostrar_proc?cod_norma=246,Lei Ordinária,2016-07-25,CalendarioEventos
Lei Ordinária 18247/2016,INSTITUI O “DIA DO CORPO CONSULAR” NO ÂMBITO DA CIDADE DO RECIFE.,https://publico.recife.pe.leg.br/consultas/norma_juridica/norma_juridica_mostrar_proc?cod_norma=245,Lei Ordinária,2016-07-22,CalendarioEventos
Lei Ordinária 18246/2016,"INCLUI NO CALENDÁRIO OFICIAL DO RECIFE, A SEMANA MUNICIPAL DA PESSOA COM DEFICIÊNCIA.",https://publico.recife.pe.leg.br/consultas/norma_juridica/norma_juridica_mostrar_proc?cod_norma=249,Lei Ordinária,2016-07-22,CalendarioEventos
Lei Ordinária 18245/2016,"DECLARA DE UTILIDADE PÚBLICA NO ÂMBITO MUNICIPAL, O GRUPO PARTILHAR ILUMINANDO CAMINHOS NO MUNICÍPIO DO RECIFE E DÁ OUTRAS PROVIDÊNCIAS.",https://publico.recife.pe.leg.br/consultas/norma_juridica/norma_juridica_mostrar_proc?cod_norma=244,Lei Ordinária,2016-07-22,Outro
Lei Ordinária 18244/2016,"INCLUI NO CALENDÁRIO MUNICIPAL DO RECIFE, O DIA 12 DE JUNHO, COMO O DIA MUNICIPAL DO FORROZEIRO.",https://publico.recife.pe.leg.br/consultas/norma_juridica/norma_juridica_mostrar_proc?cod_norma=243,Lei Ordinária,2016-07-22,CalendarioEventos
Lei Ordinária 18243/2016,"INSTITUI O DIA DO ""MORGANTI JU JITSU"" NO MUNICÍPIO DA CIDADE DO RECIFE",https://publico.recife.pe.leg.br/consultas/norma_juridica/norma_juridica_mostrar_proc?cod_norma=242,Lei Ordinária,2016-07-22,CalendarioEventos
Lei Ordinária 18242/2016,DENOMINAR-SE-Á DE TOTA FIGUEIRA O PRÓXIMO HOSPITAL OU UNIDADE DE PRONTO ATENDIMENTO A SER INAUGURADO NA CIDADE DO RECIFE.,https://publico.recife.pe.leg.br/consultas/norma_juridica/norma_juridica_mostrar_proc?cod_norma=241,Lei Ordinária,2016-07-22,Outro
Lei Ordinária 18241/2016,DISPÕE SOBRE O PROGRAMA DE APOIO ÀS MULHERES VÍTIMAS DE VIOLÊNCIA E DÁ OUTRAS PROVIDÊNCIAS.,https://publico.recife.pe.leg.br/consultas/norma_juridica/norma_juridica_mostrar_proc?cod_norma=154,Lei Ordinária,2016-07-13,Outro
Lei Ordinária 18240/2016,INSTITUI A SEMANA DO ARTESÃO NA CIDADE DO RECIFE E DÁ OUTRAS PROVIDÊNCIAS.,https://publico.recife.pe.leg.br/consultas/norma_juridica/norma_juridica_mostrar_proc?cod_norma=153,Lei Ordinária,2016-06-27,CalendarioEventos
Lei Ordinária 18239/2016,"DISPÕE SOBRE A CRIAÇÃO DO ""DIA MUNICIPAL DO COMBATE AO RACISMO"", A SER COMEMORADO NO DIA 6 DE FEVEREIRO, ANUALMENTE.",https://publico.recife.pe.leg.br/consultas/norma_juridica/norma_juridica_mostrar_proc?cod_norma=152,Lei Ordinária,2016-06-27,Outro
Lei Ordinária 18238/2016,"INSTITUI NO CALENDÁRIO DE EVENTOS DO MUNICÍPIO DO RECIFE, O DIA MUNICIPAL DO MOVIMENTO COMPRE DO PEQUENO NEGÓCIO, E DÁ OUTRAS PROVIDÊNCIAS.",https://publico.recife.pe.leg.br/consultas/norma_juridica/norma_juridica_mostrar_proc?cod_norma=151,Lei Ordinária,2016-06-20,CalendarioEventos
Lei Ordinária 18237/2016,DISPÕE SOBRE AS DIRETRIZES PARA A ELABORAÇÃO DA LEI ORÇAMENTÁRIA DE 2017.,https://publico.recife.pe.leg.br/consultas/norma_juridica/norma_juridica_mostrar_proc?cod_norma=150,Lei Ordinária,2016-06-17,Outro
Lei Ordinária 18236/2016,"INSTITUI O ""DIA DE CONSCIENTIZAÇÃO E ENFRENTAMENTO DA FIBROMIALGIA"" E DÁ OUTRAS PROVIDÊNCIAS.",https://publico.recife.pe.leg.br/consultas/norma_juridica/norma_juridica_mostrar_proc?cod_norma=149,Lei Ordinária,2016-06-14,CalendarioEventos
Lei Ordinária 18235/2016,"DÁ NOVA REDAÇÃO A LETRA “A”, DO INCISO I, DO ART. 1º DA LEI Nº16.478, DE 22 DE FEVEREIRO DE 1999.",https://publico.recife.pe.leg.br/consultas/norma_juridica/norma_juridica_mostrar_proc?cod_norma=148,Lei Ordinária,2016-06-14,Outro
Lei Ordinária 18234/2016,DISPÕE SOBRE A CONCESSÃO DE ELEVAÇÃO DE CARGA HORÁRIA AOS PROFESSORES E ESPECIALISTAS EM EDUCAÇÃO DO GRUPO OCUPACIONAL MAGISTÉRIO NA SECRETARIA DE EDUCAÇÃO E DÁ OUTRAS PROVIDÊNCIAS,https://publico.recife.pe.leg.br/consultas/norma_juridica/norma_juridica_mostrar_proc?cod_norma=147,Lei Ordinária,2016-06-06,Outro
Lei Ordinária 18233/2016,AUTORIZA O AUMENTO DE CARGA HORÁRIA DE COORDENADOR PEDAGÓGICO E DÁ OUTRAS PROVIDÊNCIAS.,https://publico.recife.pe.leg.br/consultas/norma_juridica/norma_juridica_mostrar_proc?cod_norma=146,Lei Ordinária,2016-06-06,Outro
Lei Ordinária 18232/2016,"ALTERA A ALÍQUOTA DA CONTRIBUIÇÃO PREVIDENCIÁRIA DEVIDA PELO MUNICÍPIO DO RECIFE AO FUNDO FINANCEIRO - RECIFIN.
""REGIME DE URGÊNCIA""",https://publico.recife.pe.leg.br/consultas/norma_juridica/norma_juridica_mostrar_proc?cod_norma=145,Lei Ordinária,2016-05-25,Outro
Lei Ordinária 18231/2016,INSTITUI O DIA 21 DE SETEMBRO COMO DATA SIMBÓLICA PARA COMEMORAÇÃO DA CRIAÇÃO DO BAIRRO DE BRASÍLIA TEIMOSA E DÁ OUTRAS PROVIDÊNCIAS.,https://publico.recife.pe.leg.br/consultas/norma_juridica/norma_juridica_mostrar_proc?cod_norma=144,Lei Ordinária,2016-05-23,CalendarioEventos
Lei Ordinária 18230/2016,INSTITUI O DIA 26 DE JANEIRO COMO DATA SIMBÓLICA PARA COMEMORAÇÃO DA CRIAÇÃO DO PINA E DÁ OUTRAS PROVIDÊNCIAS,https://publico.recife.pe.leg.br/consultas/norma_juridica/norma_juridica_mostrar_proc?cod_norma=143,Lei Ordinária,2016-05-23,CalendarioEventos
Lei Ordinária 18229/2016,DECLARAÇÃO DE UTILIDADE PÚBLICA A ESCOLA PERNAMBUCANA DE CIRCO.,https://publico.recife.pe.leg.br/consultas/norma_juridica/norma_juridica_mostrar_proc?cod_norma=142,Lei Ordinária,2016-05-23,Outro
Lei Ordinária 18228/2016,DENOMINAR-SE-Á DE RUA PEDRO BELO O PRIMEIRO ACESSO DE ESCADARIA NO CÓRREGO JOSÉ IDALINO NO BAIRRO DO BREJO DA GUABIRABA.,https://publico.recife.pe.leg.br/consultas/norma_juridica/norma_juridica_mostrar_proc?cod_norma=141,Lei Ordinária,2016-05-16,RenomearLogradouro
Lei Ordinária 18227/2016,"DENOMINA “PRAÇA DO IPÊ”, A ÁREA DELIMITADA PELAS RUAS FRANCISCO BARRETO,  DR. RAPOSO PINTO E IRAPUAN - IPSEP.",https://publico.recife.pe.leg.br/consultas/norma_juridica/norma_juridica_mostrar_proc?cod_norma=140,Lei Ordinária,2016-05-16,RenomearLogradouro
Lei Ordinária 18226/2016,"SUBSTITUIÇÃO DO NOME DA RUA SEBASTIÃO CONSTANTINO DA SILVA PARA RUA RIO POMBA, NOME ORIGINAL.",https://publico.recife.pe.leg.br/consultas/norma_juridica/norma_juridica_mostrar_proc?cod_norma=139,Lei Ordinária,2016-05-10,Outro
Lei Ordinária 18225/2016,"DENOMINAR-SE-Á COMPAZ ARIANO VILAR SUASSUNA, O COMPAZ LOCALIZADO NA AV. GENERAL SAN MARTIN, Nº 1083, CORDEIRO, RECIFE - PE.",https://publico.recife.pe.leg.br/consultas/norma_juridica/norma_juridica_mostrar_proc?cod_norma=138,Lei Ordinária,2016-05-06,RenomearLogradouro
Lei Ordinária 18224/2016,"DENOMINAR-SE-Á DRA MARIA DAS MERCÊS CUNHA O HOSPITAL DA MULHER, QUE SERÁ CONSTRUÍDO NO BAIRRO DO CURADO, NA CIDADE DO RECIFE.",https://publico.recife.pe.leg.br/consultas/norma_juridica/norma_juridica_mostrar_proc?cod_norma=137,Lei Ordinária,2016-05-06,RenomearLogradouro
Lei Ordinária 18223/2016,"INSTITUI DIA MUNICIPAL DA SUKIO MAHIKARI, A SER COMEMORADO ANUALMENTE NO DIA 27 DE FEVEREIRO.",https://publico.recife.pe.leg.br/consultas/norma_juridica/norma_juridica_mostrar_proc?cod_norma=136,Lei Ordinária,2016-04-25,CalendarioEventos
Lei Ordinária 18222/2016,DECLARA DE UTILIDADE PÚBLICA NO ÂMBITO MUNICIPAL O INSTITUTO DE ASSISTÊNCIA SOCIAL DOM CAMPELO - IASDOC.,https://publico.recife.pe.leg.br/consultas/norma_juridica/norma_juridica_mostrar_proc?cod_norma=135,Lei Ordinária,2016-04-15,Outro
Lei Ordinária 18221/2016,CRIA A SEMANA MUNICIPAL DA MULHER EMPREENDEDORA NA CIDADE DO RECIFE.,https://publico.recife.pe.leg.br/consultas/norma_juridica/norma_juridica_mostrar_proc?cod_norma=134,Lei Ordinária,2016-04-04,Outro
Lei Ordinária 18220/2016,DISPÕE SOBRE O REAJUSTE DOS SERVIDORES DO PODER LEGISLATIVO MUNICIPAL E DÁ OUTRAS PROVIDÊNCIAS,https://publico.recife.pe.leg.br/consultas/norma_juridica/norma_juridica_mostrar_proc?cod_norma=111,Lei Ordinária,2016-04-01,Outro
Lei Ordinária 18219/2016,"ALTERA AS LEIS NOS 18.217 DE 23 DE MARÇO DE 2016 E 18.033 DE 03 DE JULHO DE 2014. 
""REGIME DE URGÊNCIA""",https://publico.recife.pe.leg.br/consultas/norma_juridica/norma_juridica_mostrar_proc?cod_norma=109,Lei Ordinária,2016-03-30,Outro
Lei Ordinária 18218/2016,"INSTITUI DIRETRIZES COMPLEMENTARES AO PROGRAMA DE SAÚDE AMBIENTAL; AUTORIZA O ABONO EMERGENCIAL PECUNIÁRIO PARA OS AGENTES COMUNITÁRIOS DE SAÚDE – ACS, DE SAÚDE AMBIENTAL E COMBATE ÀS ENDEMIAS – ASACE E OS DE CONTROLE SANITÁRIO; CRIA O INCENTIVO FINANCEIRO DE CAMPO NO ÂMBITO DO PROGRAMA DE SAÚDE AMBIENTAL E DÁ OUTRAS PROVIDÊNCIAS. 
""REGIME DE URGÊNCIA""",https://publico.recife.pe.leg.br/consultas/norma_juridica/norma_juridica_mostrar_proc?cod_norma=106,Lei Ordinária,2016-03-23,Outro
Lei Ordinária 18217/2016,"DISPÕE SOBRE A REMUNERAÇÃO DOS SERVIDORES EFETIVOS DA ADMINISTRAÇÃO DIRETA, AUTÁRQUICA E FUNDACIONAL DO MUNICÍPIO DO RECIFE E DÁ OUTRAS PROVIDÊNCIAS.
""REGIME DE URGÊNCIA""",https://publico.recife.pe.leg.br/consultas/norma_juridica/norma_juridica_mostrar_proc?cod_norma=104,Lei Ordinária,2016-03-23,Outro
Lei Ordinária 18216/2016,"DENOMINAR-SE-Á COMPAZ GOVERNADOR EDUARDO CAMPOS, O COMPAZ LOCALIZADA NA AV. ANÍBAL BENÉVOLO, S/N, ALTO SANTA TEREZINHA, RECIFE - PE.",https://publico.recife.pe.leg.br/consultas/norma_juridica/norma_juridica_mostrar_proc?cod_norma=98,Lei Ordinária,2016-03-11,RenomearLogradouro
Lei Ordinária 18215/2016,"AUTORIZA O PODER EXECUTIVO A ALIENAR, MEDIANTE VENDA, IMÓVEIS DE TITULARIDADE DO MUNICÍPIO DO RECIFE, VINCULADOS A ADMINISTRAÇÃO DIRETA E INDIRETA, ATRAVÉS DA ADOÇÃO DO COMPETENTE PROCEDIMENTO LICITATÓRIO E DÁ OUTRAS PROVIDÊNCIAS. ""REGIME DE URGÊNCIA""",https://publico.recife.pe.leg.br/consultas/norma_juridica/norma_juridica_mostrar_proc?cod_norma=105,Lei Ordinária,2016-01-28,CalendarioEventos
Lei Ordinária 18214/2016,"ALTERA A LEI Nº 17.310/2007, DE 28 DE MARÇO DE 2007, ACRESCENTANDO DISPOSITIVO QUE MENCIONA.",https://publico.recife.pe.leg.br/consultas/norma_juridica/norma_juridica_mostrar_proc?cod_norma=92,Lei Ordinária,2016-01-15,Outro
Lei Ordinária 18213/2016,INSTITUI O SISTEMA MUNICIPAL DE SEGURANÇA ALIMENTAR E NUTRICIONAL (SMSAN/RECIFE).,https://publico.recife.pe.leg.br/consultas/norma_juridica/norma_juridica_mostrar_proc?cod_norma=90,Lei Ordinária,2016-01-15,CalendarioEventos
Lei Ordinária 18212/2016,"INSTITUI PROCEDIMENTOS PARA LICENCIAMENTO, CONSTRUÇÃO E INSTALAÇÃO DE POSTOS DE ABASTECIMENTO DE COMBUSTÍVEIS AUTOMOTIVOS NO MUNICÍPIO DO RECIFE E ALTERA A LEI Nº 16.786, DE 22 DE JULHO DE 2002.",https://publico.recife.pe.leg.br/consultas/norma_juridica/norma_juridica_mostrar_proc?cod_norma=87,Lei Ordinária,2016-01-15,CalendarioEventos
Lei Ordinária 18211/2016,"ESTABELECE INFRAÇÕES E SANÇÕES ADMINISTRATIVAS RELATIVAS A ATIVIDADES LESIVAS AO MEIO AMBIENTE, BEM COMO O PROCEDIMENTO PARA APURAÇÃO DESSAS INFRAÇÕES E REVOGA OS DISPOSITIVOS CONTIDOS NO TÍTULO V DENOMINADO ""DAS INFRAÇÕES, PENALIDADES E APURAÇÃO DAS INFRAÇÕES"", CONSTANTE DA LEI MUNICIPAL N° 16.243 DE 1996.  ""REGIME DE URGÊNCIA""",https://publico.recife.pe.leg.br/consultas/norma_juridica/norma_juridica_mostrar_proc?cod_norma=42,Lei Ordinária,2016-01-15,Outro
Lei Ordinária 18210/2016,PROMOVE A EXTINÇÃO E A CRIAÇÃO DE CARGOS PÚBLICOS MUNICIPAIS E REGULAMENTA A CARREIRA DE ASSISTENTE DE GESTÃO PÚBLICA NO ÂMBITO DA SECRETARIA DE ADMINISTRAÇÃO E GESTÃO DE PESSOAS.,https://publico.recife.pe.leg.br/consultas/norma_juridica/norma_juridica_mostrar_proc?cod_norma=33,Lei Ordinária,2016-01-15,Outro
Lei Ordinária 18209/2016,"ALTERA A LEI Nº 18.092, DE 17 DE DEZEMBRO DE 2014, PARA COMPATIBILIZÁ-LA À REFORMA ADMINISTRATIVA INSTITUÍDA PELA LEI 18.120, DE 25 DE FEVEREIRO DE 2015, E AUTORIZA ABERTURA DE CRÉDITO ADICIONAL NO VALOR QUE MENCIONA. ""REGIME DE URGÊNCIA""",https://publico.recife.pe.leg.br/consultas/norma_juridica/norma_juridica_mostrar_proc?cod_norma=24,Lei Ordinária,2016-01-15,Outro
Lei Ordinária 18208/2015,"DISPÕE SOBRE A POLÍTICA MUNICIPAL DE SANEAMENTO BÁSICO, CRIA O SISTEMA MUNICIPAL DE SANEAMENTO BÁSICO E INSTITUI OS ELEMENTOS PARA ELABORAÇÃO DO PLANO MUNICIPAL DE SANEAMENTO BÁSICO DO RECIFE, DESTINADO A PROMOVER A SAÚDE, A QUALIDADE DE VIDA E DO MEIO AMBIENTE, A ORGANIZAR A GESTÃO E ESTABELECER AS CONDIÇÕES PARA PRESTAÇÃO DOS SERVIÇOS PÚBLICOS DE SANEAMENTO BÁSICO E SUA UNIVERSALIZAÇÃO.  ""REGIME DE URGÊNCIA""",https://publico.recife.pe.leg.br/consultas/norma_juridica/norma_juridica_mostrar_proc?cod_norma=1529,Lei Ordinária,2015-12-30,CalendarioEventos
Lei Ordinária 18207/2015,"DISPÕE SOBRE O PLANO DE INCENTIVOS A PROJETOS HABITACIONAIS POPULARES DE INTERESSE SOCIAL, VINCULADO AO PROGRAMA FEDERAL “MINHA CASA, MINHA VIDA” – RECURSOS DO FUNDO DE ARRENDAMENTO RESIDENCIAL – FAR – E FUNDO DE DESENVOLVIMENTO SOCIAL – FDS. ""REGIME DE URGÊNCIA""",https://publico.recife.pe.leg.br/consultas/norma_juridica/norma_juridica_mostrar_proc?cod_norma=1528,Lei Ordinária,2015-12-30,Outro
Lei Ordinária 18206/2015,"ESTABELECE NOVOS PROCEDIMENTOS RELATIVOS AO LICENCIAMENTO URBANÍSTICO, NO ÂMBITO DO MUNICÍPIO DO RECIFE.  ""REGIME DE URGÊNCIA""",https://publico.recife.pe.leg.br/consultas/norma_juridica/norma_juridica_mostrar_proc?cod_norma=1527,Lei Ordinária,2015-12-30,Outro
Lei Ordinária 18205/2015,"DISCIPLINA A REQUISIÇÃO E O FORNECIMENTO DAS INFORMAÇÕES NECESSÁRIAS AO PLANEJAMENTO DA POLÍTICA E SISTEMA DE MOBILIDADE URBANA DO RECIFE, COM FULCRO NOS ARTIGOS 70, 71 E 74 DO PLANO DIRETOR DO MUNICÍPIO DO RECIFE – LEI MUNICIPAL Nº 17.511, DE 29 DEZEMBRO DE 2008, E DÁ OUTRAS PROVIDÊNCIAS.   ""REGIME DE URGÊNCIA""",https://publico.recife.pe.leg.br/consultas/norma_juridica/norma_juridica_mostrar_proc?cod_norma=1526,Lei Ordinária,2015-12-30,Outro
Lei Ordinária 18203/2015,DISPÕE SOBRE A EXTINÇÃO DA COMISSÃO MUNICIPAL DO MOBRAL.,https://publico.recife.pe.leg.br/consultas/norma_juridica/norma_juridica_mostrar_proc?cod_norma=1525,Lei Ordinária,2015-12-28,Outro
Lei Ordinária 18202/2015,"ALTERA A LEI MUNICIPAL Nº 15.627, DE 28 DE ABRIL DE 1992, QUE DISPÕE SOBRE SUBVENÇÕES DAS AGREMIAÇÕES CARNAVALESCAS, ASSOCIAÇÕES, ALÉM DA PARTICIPAÇÃO DESTAS ENTIDADES EM EVENTOS DA CIDADE. ""REGIME DE URGÊNCIA""",https://publico.recife.pe.leg.br/consultas/norma_juridica/norma_juridica_mostrar_proc?cod_norma=1524,Lei Ordinária,2015-12-28,Outro
Lei Ordinária 18201/2015,AUTORIZA O PODER EXECUTIVO A CONTRIBUIR FINANCEIRAMENTE COM A ENTIDADE QUE ESPECIFICA.,https://publico.recife.pe.leg.br/consultas/norma_juridica/norma_juridica_mostrar_proc?cod_norma=1523,Lei Ordinária,2015-12-28,Outro
Lei Ordinária 18200/2015,"DENOMINAR-SE-Á CRECHE ESCOLA RECIFE GOVERNADOR EDUARDO CAMPOS, A CRECHE ESCOLA LOCALIZADA NA RUA VALE DO CARIRI, UR-5, IBURA, RECIFE - PE.",https://publico.recife.pe.leg.br/consultas/norma_juridica/norma_juridica_mostrar_proc?cod_norma=1522,Lei Ordinária,2015-12-28,RenomearLogradouro
Lei Ordinária 18199/2015,DISPÕE SOBRE OBRIGATORIEDADE DE INSTALAÇÃO DE PAINEL NOS EDIFÍCIOS RESIDENCIAIS E COMERCIAIS NO MUNICÍPIO DO RECIFE PARA AFIXAÇÃO DE PLACAS EM FAVOR DOS PROPRIETÁRIOS E DOS CORRETORES DE IMÓVEIS.,https://publico.recife.pe.leg.br/consultas/norma_juridica/norma_juridica_mostrar_proc?cod_norma=1521,Lei Ordinária,2015-12-28,Outro
Lei Ordinária 18198/2015,DISPÕE SOBRE O PRÊMIO MÉRITO À CULTURA MESTRE ARIANO SUASSUNA.,https://publico.recife.pe.leg.br/consultas/norma_juridica/norma_juridica_mostrar_proc?cod_norma=1520,Lei Ordinária,2015-12-28,Outro
Lei Ordinária 18197/2015,"INTRODUZ MODIFICAÇÕES À LEI MUNICIPAL Nº 17.142, DE 2 DE DEZEMBRO DE 2005, QUE DISCIPLINA O REGIME PRÓPRIO DE PREVIDÊNCIA SOCIAL DO MUNICÍPIO DO RECIFE.  REGIME DE URGÊNCIA""",https://publico.recife.pe.leg.br/consultas/norma_juridica/norma_juridica_mostrar_proc?cod_norma=1519,Lei Ordinária,2015-12-23,Outro
Lei Ordinária 18196/2015,"DISCIPLINA A OBRIGATORIEDADE DOS MERCADOS, SUPERMERCADOS E OUTROS ESTABELECIMENTOS CONGENERES A SUBSTITUIR PRODUTO ADQUIRIDO POR CONSUMIDOR FORA DA VALIDADE E DA OUTRAS PROVIDENCIAS.",https://publico.recife.pe.leg.br/consultas/norma_juridica/norma_juridica_mostrar_proc?cod_norma=1518,Lei Ordinária,2015-12-22,Outro
Lei Ordinária 18195/2015,"DISPÕE SOBRE A INSTITUIÇÃO DA OBRIGATORIEDADE DA EXPOSIÇÃO DOS CARDÁPIOS DOS RESTAURANTES E LANCHONETES, COM OS RESPECTIVOS PREÇOS, AO LADO DE FORA DOS MESMOS NO MUNICÍPIO DO RECIFE.",https://publico.recife.pe.leg.br/consultas/norma_juridica/norma_juridica_mostrar_proc?cod_norma=1517,Lei Ordinária,2015-12-16,CalendarioEventos
Lei Ordinária 18194/2015,"DISPÕE SOBRE A PROIBIÇÃO DE ESTABELECIMENTOS COMERCIAIS, INDUSTRIAIS E PRESTADORES DE SERVIÇOS DE DESCARTAREM ÓLEOS OU GORDURAS EM GERAL NO MEIO AMBIENTE.",https://publico.recife.pe.leg.br/consultas/norma_juridica/norma_juridica_mostrar_proc?cod_norma=1516,Lei Ordinária,2015-12-16,Outro
Lei Ordinária 18193/2015,"ALTERA A LEI MUNICIPAL Nº 16.695, DE 05 DE OUTUBRO DE 2001, MODIFICADA PELA LEI MUNICIPAL Nº 	17.907, DE 27 DE SETEMBRO DE 2013.  ""REGIME DE URGÊNCIA""",https://publico.recife.pe.leg.br/consultas/norma_juridica/norma_juridica_mostrar_proc?cod_norma=1515,Lei Ordinária,2015-12-16,Outro
Lei Ordinária 18192/2015,"OBRIGA OS USUÁRIOS DAS MOTOS CONHECIDAS COMO ""CINQUENTINHAS"" - COM MOTORIZAÇÃO DE ATÉ 50 CILINDRADAS - A TEREM REGISTRO DE LICENCIAMENTO DE CICLOMOTORES.",https://publico.recife.pe.leg.br/consultas/norma_juridica/norma_juridica_mostrar_proc?cod_norma=1514,Lei Ordinária,2015-12-14,Outro
Lei Ordinária 18191/2015,"INSTITUI O DIA EM HOMENAGEM A ACESSIBILIDADE CULTURAL NO MUNICÍPIO DO RECIFE, E DÁ OUTRAS PROVIDÊNCIAS.",https://publico.recife.pe.leg.br/consultas/norma_juridica/norma_juridica_mostrar_proc?cod_norma=1513,Lei Ordinária,2015-12-14,CalendarioEventos
Lei Ordinária 18190/2015,TORNA OBRIGATÓRIA A IMPRESSÃO DO CALENDÁRIO OFICIAL DE VACINAÇÃO NAS CONTRACAPAS DOS CADERNOS DISTRIBUÍDOS GRATUITAMENTE AOS ALUNOS DAS ESCOLAS DA REDE MUNICIPAL DE ENSINO DO RECIFE.,https://publico.recife.pe.leg.br/consultas/norma_juridica/norma_juridica_mostrar_proc?cod_norma=1512,Lei Ordinária,2015-12-14,CalendarioEventos
Lei Ordinária 18189/2015,"DISPÕE SOBRE O PROGRAMA DE MELHORIA HABITACIONAL, QUE TRATA DA REALIZAÇÃO DE MELHORIAS DE UNIDADES HABITACIONAIS, PARA PROMOÇÃO DA DIGNIDADE DA PESSOA HUMANA E DA FUNÇÃO SOCIAL DA CIDADE, DAQUELES QUE TÊM PERFIL SOCIOECONÔMICO PARA HABITAÇÃO DE INTERESSE SOCIAL, LOCALIZADAS NO MUNICÍPIO DE RECIFE.  ""REGIME DE URGÊNCIA""",https://publico.recife.pe.leg.br/consultas/norma_juridica/norma_juridica_mostrar_proc?cod_norma=1511,Lei Ordinária,2015-12-14,Outro
Lei Ordinária 18188/2015,"DISPÕE SOBRE A REVISÃO DO PLANO PLURIANUAL 2014 – 2017, DO MUNICÍPIO DO RECIFE, PARA O EXERCÍCIO DE 2016.",https://publico.recife.pe.leg.br/consultas/norma_juridica/norma_juridica_mostrar_proc?cod_norma=1510,Lei Ordinária,2015-12-11,Outro
Lei Ordinária 18187/2015,ESTIMA A RECEITA E FIXA A DESPESA DO MUNICÍPIO DO RECIFE PARA O EXERCÍCIO DE 2016.,https://publico.recife.pe.leg.br/consultas/norma_juridica/norma_juridica_mostrar_proc?cod_norma=1509,Lei Ordinária,2015-12-11,Outro
Lei Ordinária 18186/2015,DISPÕE SOBRE A IMPLANTAÇÃO OBRIGATÓRIA DE SEMÁFOROS FUNCIONANDO À BASE DE ENERGIA SOLAR NA CIDADE DO RECIFE.,https://publico.recife.pe.leg.br/consultas/norma_juridica/norma_juridica_mostrar_proc?cod_norma=1508,Lei Ordinária,2015-12-07,Outro
Lei Ordinária 18185/2015,"OBRIGA OS HOSPITAIS, PRONTO-SOCORROS, CLÍNICAS MÉDICAS, CENTROS MÉDICOS E DE DIAGNÓSTICOS, LOCALIZADOS NA CIDADE DO RECIFE A COLOCAR “BANNERS” OU CARTAZES DIVULGANDO A POPULAÇÃO O NÚMERO DE TELEFONE, “SITE”, “E-MAIL” E ENDEREÇO DE CENTROS DE REMOÇÃO DE ÓRGÃOS, TECIDOS E PARTES DO CORPO HUMANO PARA FINS DE TRANSPLANTES E TRATAMENTO, E DÁ OUTRAS PROVIDÊNCIAS.",https://publico.recife.pe.leg.br/consultas/norma_juridica/norma_juridica_mostrar_proc?cod_norma=1507,Lei Ordinária,2015-12-07,CalendarioEventos
Lei Ordinária 18184/2015,INSTITUI O DIA MUNICIPAL DA EDUCAÇÃO NO ÂMBITO DO MUNICÍPIO DO RECIFE E DÁ OUTRAS PROVIDÊNCIAS.,https://publico.recife.pe.leg.br/consultas/norma_juridica/norma_juridica_mostrar_proc?cod_norma=1506,Lei Ordinária,2015-12-07,CalendarioEventos
Lei Ordinária 18183/2015,"DENOMINAR-SE-Á UPINHA GOVERNADOR EDUARDO CAMPOS, A UPINHA LOCALIZADA NA RUA JACOB, 160, MANGABEIRA, RECIFE - PE.",https://publico.recife.pe.leg.br/consultas/norma_juridica/norma_juridica_mostrar_proc?cod_norma=1505,Lei Ordinária,2015-12-07,RenomearLogradouro
Lei Ordinária 18182/2015,"DISPÕE SOBRE A OBRIGATORIEDADE DE FARMÁCIAS E DROGARIAS MANTEREM A DISPOSIÇÃO DO PÚBLICO, PARA CONSULTA, LISTA DE MEDICAMENTOS GENÉRICOS EM CARACTERES BRAILLE, NO ÂMBITO DO MUNICÍPIO DO RECIFE.",https://publico.recife.pe.leg.br/consultas/norma_juridica/norma_juridica_mostrar_proc?cod_norma=1504,Lei Ordinária,2015-12-07,Outro
Lei Ordinária 18181/2015,"INSTITUI O PROGRAMA DE PARCELAMENTO INCENTIVADO (PPI) – EM DIA COM A CIDADE, NO MUNICÍPIO DO RECIFE, E ALTERA DISPOSITIVOS DA LEI N.º 15.563, DE 27 DE DEZEMBRO DE 1991.  
""REGIME DE URGÊNCIA""",https://publico.recife.pe.leg.br/consultas/norma_juridica/norma_juridica_mostrar_proc?cod_norma=1503,Lei Ordinária,2015-11-30,CalendarioEventos
Lei Ordinária 18180/2015,"AUTORIZA A INSTITUIÇÃO DE FUNDO DE RESERVA DOS DEPÓSITOS JUDICIAIS E ADMINISTRATIVOS DESTINADO A GARANTIR A RESTITUIÇÃO DA PARCELA TRANSFERIDA À CONTA ÚNICA DO TESOURO, NOS TERMOS DO DISPOSTO NA LEI COMPLEMENTAR N.º 151, DE 5 DE AGOSTO DE 2015. ""REGIME DE URGÊNCIA""",https://publico.recife.pe.leg.br/consultas/norma_juridica/norma_juridica_mostrar_proc?cod_norma=1502,Lei Ordinária,2015-11-25,Outro
Lei Ordinária 18179/2015,"DISPÕE SOBRE A OBRIGAÇÃO DE EXPOSIÇÃO, AOS CONSUMIDORES, DAS INSTALAÇÕES DAS COZINHAS DOS RESTAURANTES, HOTÉIS, MOTÉIS, BARES, LANCHONETES E SIMILARES SITUADOS NO ÂMBITO DO MUNICÍPIO E DÁ OUTRAS PROVIDÊNCIAS.",https://publico.recife.pe.leg.br/consultas/norma_juridica/norma_juridica_mostrar_proc?cod_norma=1501,Lei Ordinária,2015-11-12,Outro
Lei Ordinária 18178/2015,INSTITUI O DIA 23 (VINTE E TRÊS) DE FEVEREIRO COMO O DIA MUNICIPAL DO DEFICIENTE AUDITIVO NO ÂMBITO DO MUNICÍPIO DO RECIFE.,https://publico.recife.pe.leg.br/consultas/norma_juridica/norma_juridica_mostrar_proc?cod_norma=1500,Lei Ordinária,2015-10-28,CalendarioEventos
Lei Ordinária 18177/2015,EMENTA: ALTERA A REDAÇÃO DO ARTIGO 3º DA LEI Nº 18.152/15.,https://publico.recife.pe.leg.br/consultas/norma_juridica/norma_juridica_mostrar_proc?cod_norma=1499,Lei Ordinária,2015-09-29,Outro
Lei Ordinária 18175/2015,"INSTITUI O PROGRAMA DE RECUPERAÇÃO FISCAL PARA O SETOR DE REGISTROS PÚBLICOS, CARTORÁRIOS E NOTARIAIS NO MUNICÍPIO DO RECIFE, E INTRODUZ ALTERAÇÕES NAS LEIS N.º 15.563, DE 27 DE DEZEMBRO DE 1991, E N.º 17.399, DE 28 DE DEZEMBRO DE 2007. ""REGIME DE URGÊNCIA""",https://publico.recife.pe.leg.br/consultas/norma_juridica/norma_juridica_mostrar_proc?cod_norma=1498,Lei Ordinária,2015-10-28,CalendarioEventos
Lei Ordinária 18174/2015,DENOMINA A AVENIDA SANTA CRUZ FUTEBOL CLUBE A AVENIDA BEBERIBE.,https://publico.recife.pe.leg.br/consultas/norma_juridica/norma_juridica_mostrar_proc?cod_norma=1497,Lei Ordinária,2015-09-16,Outro
Lei Ordinária 18173/2015,INSTITUI O FUNDO MUNICIPAL DOS DIREITOS DA PESSOA IDOSA.,https://publico.recife.pe.leg.br/consultas/norma_juridica/norma_juridica_mostrar_proc?cod_norma=1496,Lei Ordinária,2015-10-21,Outro
Lei Ordinária 18172/2015,"ESTABELECE A PROIBIÇÃO DO USO DE FOGOS DE ARTIFÍCIO E A REALIZAÇÃO DE SHOWS PIROTÉCNICOS DENTRO DE BARES, BOATES, TEATROS, CINEMAS, AUDITÓRIOS, CLUBES E OUTROS RECINTOS FECHADOS DESTINADOS A EVENTOS, NO ÂMBITO DA CIDADE DO RECIFE.",https://publico.recife.pe.leg.br/consultas/norma_juridica/norma_juridica_mostrar_proc?cod_norma=1495,Lei Ordinária,2015-10-19,CalendarioEventos
Lei Ordinária 18170/2015,"DISPÕE SOBRE A FIXAÇÃO DE CARTAZ NAS DROGARIAS, FARMÁCIAS DE MANIPULAÇÃO E ESTABELECIMENTOS SIMILARES DO MUNICÍPIO DO RECIFE, SOBRE OS RISCOS DO USO INDISCRIMINADO DE ANFETAMINAS E DÁ OUTRAS PROVIDÊNCIAS.",https://publico.recife.pe.leg.br/consultas/norma_juridica/norma_juridica_mostrar_proc?cod_norma=1494,Lei Ordinária,2015-10-13,Outro
Lei Ordinária 18169/2015,"TORNA OBRIGATÓRIA, EM ESTABELECIMENTOS DENOMINADOS “PET’ SHOP” E/OU CLÍNICAS VETERINÁRIAS, A AFIXAÇÃO DE CARTAZ CONTENDO O NOME, CREDENCIAMENTO, TELEFONE DO PROFISSIONAL VETERINÁRIO E DO(A) PROPRIETÁRIO(A) DO ESTABELECIMENTO.",https://publico.recife.pe.leg.br/consultas/norma_juridica/norma_juridica_mostrar_proc?cod_norma=1493,Lei Ordinária,2015-10-13,Outro
Lei Ordinária 18168/2015,"ALTERA DISPOSITIVOS DA LEI N.º 17.244, DE 27 DE JULHO DE 2006, MODIFICADA PELA LEI Nº 17.762, DE 28 DE DEZEMBRO DE 2011. ""REGIME DE URGÊNCIA""",https://publico.recife.pe.leg.br/consultas/norma_juridica/norma_juridica_mostrar_proc?cod_norma=1492,Lei Ordinária,2015-10-09,Outro
Lei Ordinária 18167/2015,"INSTITUI O DIA 9 (NOVE) DE MAIO COMO DIA MUNICIPAL DE BIKE AO TRABALHO, NO ÂMBITO DO MUNICÍPIO DO RECIFE E DÁ OUTRAS PROVIDÊNCIAS.",https://publico.recife.pe.leg.br/consultas/norma_juridica/norma_juridica_mostrar_proc?cod_norma=1491,Lei Ordinária,2015-10-07,CalendarioEventos
Lei Ordinária 18165/2015,"DISPÕE SOBRE A OBRIGATORIEDADE DE COMUNICAR AOS ÓRGÃOS DE PROTEÇÃO DA CRIANÇA E DO ADOLESCENTE OS CASOS DE USO E ABUSO DE ÁLCOOL E OUTRAS DROGAS, E DÁ OUTRAS PROVIDÊNCIAS.",https://publico.recife.pe.leg.br/consultas/norma_juridica/norma_juridica_mostrar_proc?cod_norma=1490,Lei Ordinária,2015-09-28,Outro
Lei Ordinária 18163/2015,DISPÕE SOBRE ALIMENTAÇÃO DIFERENCIADA A HIPERTENSOS NA MERENDA ESCOLAR NAS INSTITUIÇÕES DA REDE MUNICIPAL DE ENSINO.,https://publico.recife.pe.leg.br/consultas/norma_juridica/norma_juridica_mostrar_proc?cod_norma=1489,Lei Ordinária,2015-09-28,Outro
Lei Ordinária 18162/2015,"INSTITUI A SEMANA DO ALUNO SAUDÁVEL NAS ESCOLAS E CRECHES PÚBLICAS DA REDE MUNICIPAL DE ENSINO DA CIDADE DO RECIFE, E DÁ OUTRAS PROVIDÊNCIAS.",https://publico.recife.pe.leg.br/consultas/norma_juridica/norma_juridica_mostrar_proc?cod_norma=1488,Lei Ordinária,2015-09-25,CalendarioEventos
Lei Ordinária 18161/2015,INSTITUI O DIA DO COMBATE À HANSENÍASE NAS ESCOLAS E CRECHES DA REDE MUNICIPAL DE ENSINO DA CIDADE DO RECIFE E DÁ OUTRAS PROVIDÊNCIAS.,https://publico.recife.pe.leg.br/consultas/norma_juridica/norma_juridica_mostrar_proc?cod_norma=1487,Lei Ordinária,2015-09-25,CalendarioEventos
Lei Ordinária 18160/2015,"DISPÕE SOBRE A OBRIGATORIEDADE DE INFORMAÇÕES DE CÓDIGOS BANCÁRIOS, EM LOCAL VISÍVEL AO PÚBLICO, NOS REFERIDOS ESTABELECIMENTOS.",https://publico.recife.pe.leg.br/consultas/norma_juridica/norma_juridica_mostrar_proc?cod_norma=1486,Lei Ordinária,2015-09-25,Outro
Lei Ordinária 18159/2015,"DENOMINAR-SE-Á MAURÍCIO PEDROSA, A ESCOLA A SER CONSTRUÍDA NA RUA DEPUTADO JOSÉ FRANCISCO DE MELO CAVALCANTI, NO BAIRRO DE CAXANGÁ.",https://publico.recife.pe.leg.br/consultas/norma_juridica/norma_juridica_mostrar_proc?cod_norma=1485,Lei Ordinária,2015-09-16,RenomearLogradouro
Lei Ordinária 18158/2015,"INSTITUI QUE A PRAÇA DO LARGO DOS COELHOS NO BAIRRO DOS COELHOS, NA CIDADE DO RECIFE, PASSE A SER CHAMADA DE ""PRAÇA REGINALDO ROSSI"".",https://publico.recife.pe.leg.br/consultas/norma_juridica/norma_juridica_mostrar_proc?cod_norma=1484,Lei Ordinária,2015-09-16,CalendarioEventos
Lei Ordinária 18157/2015,ALTERA NOME DE VIA PÚBLICA NO BAIRRO DA NOVA DESCOBERTA.,https://publico.recife.pe.leg.br/consultas/norma_juridica/norma_juridica_mostrar_proc?cod_norma=1483,Lei Ordinária,2015-09-16,Outro
Lei Ordinária 18156/2015,"INSTITUI A GARANTIA E O DIREITO ÀS MÃES DE AMAMENTAREM SEUS BEBÊS EM ESPAÇOS PÚBLICOS OU PRIVADOS DE ACESSO AO PÚBLICO NO MUNICÍPIO DO RECIFE, E DÁ OUTRAS PROVIDÊNCIAS.",https://publico.recife.pe.leg.br/consultas/norma_juridica/norma_juridica_mostrar_proc?cod_norma=1482,Lei Ordinária,2015-09-16,CalendarioEventos
Lei Ordinária 18155/2015,DENOMINA “ESTRADA DA PONTE PRETA” O LOGRADOURO PÚBLICO QUE DÁ ACESSO À ESTAÇÃO DE TRATAMENTO DE ESGOTO LOCALIZADA NAS PROXIMIDADES DO TIP.,https://publico.recife.pe.leg.br/consultas/norma_juridica/norma_juridica_mostrar_proc?cod_norma=1481,Lei Ordinária,2015-09-16,Outro
Lei Ordinária 18154/2015,"ALTERA A REDAÇÃO DO ARTIGO1º, INCISO III E ARTIGO 5°, § 3º, DA LEI MUNICIPAL N° 16.934, DE 29 DE DEZEMBRO DE 2003, QUE DISPÕE SOBRE AS CONSIGNAÇÕES NA FOLHA DE PAGAMENTO.",https://publico.recife.pe.leg.br/consultas/norma_juridica/norma_juridica_mostrar_proc?cod_norma=1480,Lei Ordinária,2015-07-13,Outro
Lei Ordinária 18153/2015,"INSTITUI O DIA MUNICIPAL DO ARTESÃO NO ÂMBITO DO MUNICÍPIO DO RECIFE E DÁ OUTRAS PROVIDÊNCIAS.  ""REGIME DE URGÊNCIA""",https://publico.recife.pe.leg.br/consultas/norma_juridica/norma_juridica_mostrar_proc?cod_norma=1479,Lei Ordinária,2015-05-28,CalendarioEventos
Lei Ordinária 18152/2015,DISPÕE SOBRE O REAJUSTE DA REMUNERAÇÃO DOS SERVIDORES DO PODER LEGISLATIVO MUNICIPAL.,https://publico.recife.pe.leg.br/consultas/norma_juridica/norma_juridica_mostrar_proc?cod_norma=1478,Lei Ordinária,2015-07-02,Outro
Lei Ordinária 18151/2015,DISPÕE SOBRE A AUTORIZAÇÃO DE ABERTURA DE CRÉDITO ESPECIAL AO ORÇAMENTO DE 2015.,https://publico.recife.pe.leg.br/consultas/norma_juridica/norma_juridica_mostrar_proc?cod_norma=1477,Lei Ordinária,2015-07-03,Outro
Lei Ordinária 18150/2015,AUTORIZA A ABERTURA DE CRÉDITO ESPECIAL AO ORÇAMENTO DE 2015.,https://publico.recife.pe.leg.br/consultas/norma_juridica/norma_juridica_mostrar_proc?cod_norma=1476,Lei Ordinária,2015-07-03,Outro
Lei Ordinária 18149/2015,DISPÕE SOBRE INCLUIR NO CALENDÁRIO MUNICIPAL DE EVENTOS O ÚLTIMO DOMINGO DO MÊS DE SETEMBRO A PARADA DA DIVERSIDADE DE DOIS UNIDOS.,https://publico.recife.pe.leg.br/consultas/norma_juridica/norma_juridica_mostrar_proc?cod_norma=1475,Lei Ordinária,2015-06-29,CalendarioEventos
Lei Ordinária 18148/2015,DISPÕE SOBRE AS DIRETRIZES PARA A ELABORAÇÃO DA LEI ORÇAMENTÁRIA DE 2016.,https://publico.recife.pe.leg.br/consultas/norma_juridica/norma_juridica_mostrar_proc?cod_norma=1474,Lei Ordinária,2015-06-26,Outro
Lei Ordinária 18147/2015,DENOMINAR-SE-Á HOSPITAL DA MULHER “GOVERNADOR EDUARDO CAMPOS”.,https://publico.recife.pe.leg.br/consultas/norma_juridica/norma_juridica_mostrar_proc?cod_norma=1473,Lei Ordinária,2015-06-22,Outro
Lei Ordinária 18146/2015,"DENOMINAR-SE-À ESCOLA MUNICIPAL VEREADOR SEVERINO GOMES (BRIA), A ESCOLA  MUNICIPAL DE SANTO AMARO, NO BAIRRO DE SANTO AMARO.",https://publico.recife.pe.leg.br/consultas/norma_juridica/norma_juridica_mostrar_proc?cod_norma=1472,Lei Ordinária,2015-06-17,RenomearLogradouro
Lei Ordinária 18145/2015,DISPÕE SOBRE A OBRIGATORIEDADE DE ORGANIZADORAS DE CONCURSOS MUNICIPAIS FORNECEREM COMPROVANTE DE COMPARECIMENTO NAS PROVAS DO CONCURSO.,https://publico.recife.pe.leg.br/consultas/norma_juridica/norma_juridica_mostrar_proc?cod_norma=1471,Lei Ordinária,2015-06-17,Outro
Lei Ordinária 18144/2015,"DISPÕE SOBRE A INSTALAÇÃO DE, AO MENOS UM CAIXA DE ATENDIMENTO ADAPTADO ÀS PESSOAS COM DEFICIÊNCIA MOTORA, CADEIRANTES, NOS ESTABELECIMENTOS BANCÁRIOS E DÁ OUTRAS PROVIDÊNCIAS.",https://publico.recife.pe.leg.br/consultas/norma_juridica/norma_juridica_mostrar_proc?cod_norma=1470,Lei Ordinária,2015-05-29,Outro
Lei Ordinária 18143/2015,"DISPÕE SOBRE A PROIBIÇÃO, MANUTENÇÃO OU EXPOSIÇÃO DE ANIMAIS SOLTOS OU PRESOS EM PRAÇAS E PARQUES DE MANEIRA INADEQUADA NO MUNICÍPIO DO RECIFE, E DÁ OUTRAS PROVIDÊNCIAS.",https://publico.recife.pe.leg.br/consultas/norma_juridica/norma_juridica_mostrar_proc?cod_norma=1469,Lei Ordinária,2015-05-29,RenomearLogradouro
Lei Ordinária 18142/2015,"INCLUI NO CALENDÁRIO MUNICIPAL DO RECIFE, O DIA 02 DE JUNHO COMO O ""DIA MUNICIPAL DOS ITALIANOS"".",https://publico.recife.pe.leg.br/consultas/norma_juridica/norma_juridica_mostrar_proc?cod_norma=1468,Lei Ordinária,2015-05-29,CalendarioEventos
Lei Ordinária 18141/2015,DISPÕE SOBRE A OBRIGATORIEDADE DE INSTALAÇÃO DE PROVADORES DE ROUPAS ADAPTADOS À POPULAÇÃO COM NECESSIDADES ESPECIAIS  E\OU  MOBILIDADE REDUZIDA NOS LOCAIS QUE ESPECIFICA E DÁ OUTRAS PROVIDÊNCIAS.,https://publico.recife.pe.leg.br/consultas/norma_juridica/norma_juridica_mostrar_proc?cod_norma=1467,Lei Ordinária,2015-05-29,Outro
Lei Ordinária 18140/2015,"DISPÕE SOBRE A OBRIGATORIEDADE DA DESTINAÇÃO PREFERENCIAL OS APARTAMENTOS LOCALIZADOS NOS ANDARES TÉRREOS DOS EDIFÍCIOS (CONJUNTOS) CONSTRUÍDOS PELO PODER PÚBLICO MUNICIPAL, NOS PROGRAMAS DE HABITAÇÃO POPULAR, PARA PESSOAS IDOSAS E COM NECESSIDADE ESPECIAL, E DÁ OUTRAS PROVIDÊNCIAS.",https://publico.recife.pe.leg.br/consultas/norma_juridica/norma_juridica_mostrar_proc?cod_norma=1466,Lei Ordinária,2015-05-29,Outro
Lei Ordinária 18139/2015,"DISPÕE SOBRE A OBRIGATORIEDADE DA COLOCAÇÃO DE ANÚNCIO, NOS TEATROS E CINEMAS EM FUNCIONAMENTO NO MUNICÍPIO DO RECIFE, REFERENTE AO COMBATE E PREVENÇÃO CONTRA O USO DE DROGAS, E DÁ OUTRAS PROVIDÊNCIAS.",https://publico.recife.pe.leg.br/consultas/norma_juridica/norma_juridica_mostrar_proc?cod_norma=1465,Lei Ordinária,2015-05-13,Outro
Lei Ordinária 18138/2015,"INSTITUI E REGULAMENTA O PLANO ESPECÍFICO PARA O CAIS DE SANTA RITA, CAIS JOSÉ ESTELITA E CABANGA E DÁ OUTRAS PROVIDÊNCIAS.",https://publico.recife.pe.leg.br/consultas/norma_juridica/norma_juridica_mostrar_proc?cod_norma=1464,Lei Ordinária,2015-05-04,Outro
Lei Ordinária 18137/2015,INCLUI NO CALENDÁRIO OFICIAL DA PREFEITURA DO RECIFE A SEMANA MUNICIPAL DE CONSCIENTIZAÇÃO DA SAÚDE BUCAL OBRIGANDO AS ESCOLAS MUNICIPAIS E POSTOS DE SAÚDE A CRIAR A CAMPANHA MUNICIPAL DE CONSCIENTIZAÇÃO DA SAÚDE BUCAL E A DISTRIBUIÇÃO DE CARTILHAS E MATERIAL DE HIGIENE BUCAL EM ESCOLAS E POSTOS DE SAÚDE.,https://publico.recife.pe.leg.br/consultas/norma_juridica/norma_juridica_mostrar_proc?cod_norma=1463,Lei Ordinária,2015-04-20,CalendarioEventos
Lei Ordinária 18136/2015,"INCLUI NO CALENDÁRIO OFICIAL DE EVENTOS DO MUNICÍPIO DO RECIFE, O DIA MUNICIPAL DO DOADOR DE SANGUE.",https://publico.recife.pe.leg.br/consultas/norma_juridica/norma_juridica_mostrar_proc?cod_norma=1462,Lei Ordinária,2015-04-20,CalendarioEventos
Lei Ordinária 18135/2015,"TORNA OBRIGATÓRIA A EMBALAGEM INDIVIDUALIZADA, EM CONJUNTO OU UNITÁRIAS, COM MATERIAL APROPRIADO, DOS TALHERES A SEREM UTILIZADOS POR CLIENTES, NOS RESTAURANTES E LANCHONETES DA CIDADE DO RECIFE.",https://publico.recife.pe.leg.br/consultas/norma_juridica/norma_juridica_mostrar_proc?cod_norma=1461,Lei Ordinária,2015-04-20,Outro
Lei Ordinária 18134/2015,DISPÕE SOBRE O ARMAZENAMENTO COMÉRCIO VAREJISTA E TRANSPORTE EM VIAS PÚBLICAS DE GÁS LP (GÁS LIQUEFEITO DE PETRÓLEO) E DÁ OUTRAS PROVIDÊNCIAS.,https://publico.recife.pe.leg.br/consultas/norma_juridica/norma_juridica_mostrar_proc?cod_norma=1460,Lei Ordinária,2015-03-07,Outro
Lei Ordinária 18133/2015,"DISCIPLINA OS SERVIÇOS DE CARGAS E DESCARGAS, NAS VIAS PÚBLICAS DO MUNICÍPIO DO RECIFE.
""REGIME DE URGÊNCIA""",https://publico.recife.pe.leg.br/consultas/norma_juridica/norma_juridica_mostrar_proc?cod_norma=1459,Lei Ordinária,2015-04-15,Outro
Lei Ordinária 18132/2015,"INSTITUI PARCELAS REMUNERATÓRIAS PARA OS CARGOS E SERVIDORES QUE ESPECIFICA E ALTERA DISPOSITIVOS DE LEIS QUE DISPÕEM SOBRE REMUNERAÇÃO DE SERVIDORES PÚBLICOS MUNICIPAIS.
- ""REGIME DE URGÊNCIA"" -",https://publico.recife.pe.leg.br/consultas/norma_juridica/norma_juridica_mostrar_proc?cod_norma=1458,Lei Ordinária,2015-04-13,Outro
Lei Ordinária 18131/2015,DENOMINA DE ARIANO SUASSUNA O PRÓXIMO LOGRADOURO PÚBLICO A SER CONSTRUÍDO NA CIDADE DO RECIFE.,https://publico.recife.pe.leg.br/consultas/norma_juridica/norma_juridica_mostrar_proc?cod_norma=1457,Lei Ordinária,2015-04-10,Outro
Lei Ordinária 18130/2015,"INCLUI NO CALENDÁRIO OFICIAL DE EVENTOS DO MUNICÍPIO DO RECIFE, A SEMANA MUNICIPAL DA INCLUSÃO DIGITAL.",https://publico.recife.pe.leg.br/consultas/norma_juridica/norma_juridica_mostrar_proc?cod_norma=1456,Lei Ordinária,2015-04-10,CalendarioEventos
Lei Ordinária 18129/2015,"DECLARA DE UTILIDADE PÚBLICA, NO ÂMBITO MUNICIPAL, O COMITÊ DA AÇÃO DA CIDADANIA CONTRA A MISÉRIA, A FOME E PELA VIDA - MOVIMENTO PERNAMBUCO SOLIDÁRIO.",https://publico.recife.pe.leg.br/consultas/norma_juridica/norma_juridica_mostrar_proc?cod_norma=1455,Lei Ordinária,2015-04-10,Outro
Lei Ordinária 18128/2015,"ALTERA AS LEIS N.º 18.087, DE 17 DE DEZEMBRO DE 2014, E N.º 15.563, DE 27 DE DEZEMBRO DE 1991, ACRESCENTANDO DISPOSITIVOS QUE MENCIONAM.",https://publico.recife.pe.leg.br/consultas/norma_juridica/norma_juridica_mostrar_proc?cod_norma=1454,Lei Ordinária,2015-04-01,Outro
Lei Ordinária 18127/2015,"EXTINGUE E TRANSFORMA CARGOS COMISSIONADOS, REESTRUTURANDO O QUADRO DA ADMINISTRAÇÃO DIRETA DO PODER EXECUTIVO MUNICIPAL, E DÁ OUTRAS PROVIDÊNCIAS.  ""REGIME DE URGÊNCIA""",https://publico.recife.pe.leg.br/consultas/norma_juridica/norma_juridica_mostrar_proc?cod_norma=1453,Lei Ordinária,2015-04-01,Outro
Lei Ordinária 18126/2015,"AUTORIZA O MUNICÍPIO DO RECIFE A DOAR COM ENCARGO À ASSOCIAÇÃO BENEFICENTE CRIANÇA CIDADÃ – ABCC, IMÓVEL DE SUA PROPRIEDADE.",https://publico.recife.pe.leg.br/consultas/norma_juridica/norma_juridica_mostrar_proc?cod_norma=1452,Lei Ordinária,2015-03-30,Outro
Lei Ordinária 18125/2015,"INSTITUI O PLANO DE CARGOS, CARREIRAS E VENCIMENTOS DOS MÚSICOS DA ORQUESTRA SINFÔNICA DO RECIFE - OSR E BANDA SINFÔNICA DO RECIFE - BSR. ""REGIME DE URGÊNCIA""",https://publico.recife.pe.leg.br/consultas/norma_juridica/norma_juridica_mostrar_proc?cod_norma=1451,Lei Ordinária,2015-03-27,CalendarioEventos
Lei Ordinária 18124/2015,"INSTITUI A SEMANA DA MULHER NA CIDADE DO RECIFE, E DÁ OUTRAS PROVIDÊNCIAS.",https://publico.recife.pe.leg.br/consultas/norma_juridica/norma_juridica_mostrar_proc?cod_norma=1450,Lei Ordinária,2015-03-25,CalendarioEventos
Lei Ordinária 18123/2015,DISPÕE SOBRE PROTEÇÃO E SEGURANÇA DOS CONSUMIDORES NAS AGÊNCIAS BANCÁRIAS DO RECIFE.,https://publico.recife.pe.leg.br/consultas/norma_juridica/norma_juridica_mostrar_proc?cod_norma=1449,Lei Ordinária,2015-03-20,Outro
Lei Ordinária 18122/2015,"DISPÕE SOBRE A CONTRATAÇÃO POR TEMPO DETERMINADO PARA ATENDER ÀS NECESSIDADES TEMPORÁRIAS DE EXCEPCIONAL INTERESSE PÚBLICO DE QUE TRATA O ART. 63, INCISO IX, DA LEI ORGÂNICA DO MUNICÍPIO DO RECIFE.  ""REGIME DE URGÊNCIA""",https://publico.recife.pe.leg.br/consultas/norma_juridica/norma_juridica_mostrar_proc?cod_norma=1448,Lei Ordinária,2015-03-06,Outro
Lei Ordinária 18121/2015,"AUTORIZA A CRIAÇÃO DE SOCIEDADE DE PROPÓSITO ESPECÍFICO SOB O CONTROLE ACIONÁRIO DO MUNICÍPIO DO RECIFE, E A CESSÃO, A TÍTULO ONEROSO, DE DIREITOS CREDITÓRIOS ORIGINÁRIOS DE CRÉDITOS TRIBUTÁRIOS E NÃO TRIBUTÁRIOS.",https://publico.recife.pe.leg.br/consultas/norma_juridica/norma_juridica_mostrar_proc?cod_norma=1447,Lei Ordinária,2015-03-06,ConcessaoTitulo
Lei Ordinária 18120/2015,"EXTINGUE E TRANSFORMA CARGOS COMISSIONADOS, REESTRUTURANDO O QUADRO DA ADMINISTRAÇÃO DIRETA DO PODER EXECUTIVO MUNICIPAL. ""REGIME DE URGÊNCIA""",https://publico.recife.pe.leg.br/consultas/norma_juridica/norma_juridica_mostrar_proc?cod_norma=1446,Lei Ordinária,2015-02-25,Outro
Lei Ordinária 18119/2015,"DISPÕE SOBRE A REMUNERAÇÃO DOS SERVIDORES PERTENCENTES AO QUADRO PERMANENTE DO GRUPO OCUPACIONAL MAGISTÉRIO DA ADMINISTRAÇÃO DIRETA MUNICIPAL. ""REGIME DE URGÊNCIA""",https://publico.recife.pe.leg.br/consultas/norma_juridica/norma_juridica_mostrar_proc?cod_norma=1445,Lei Ordinária,2015-02-11,Outro
Lei Ordinária 18118/2015,"DENOMINA DE ""PARQUE MUNICIPAL ARIANO SUASSUNA"" O EMPREENDIMENTO DE LAZER, CULTURA E ESPORTES, CONSTRUÍDO NO BAIRRO DE SANTANA, ZONA NORTE DO MUNICÍPIO DO RECIFE/PE.",https://publico.recife.pe.leg.br/consultas/norma_juridica/norma_juridica_mostrar_proc?cod_norma=1444,Lei Ordinária,2015-01-12,RenomearLogradouro
Lei Ordinária 18117/2015,"INTRODUZ MODIFICAÇÕES NA LEI Nº 17.199, DE 27 DE ABRIL DE 2006 QUE INSTITUI NO ÂMBITO DA CIDADE DO RECIFE A POLÍTICA MUNICIPAL DE INCLUSÃO DA PESSOA COM DEFICIÊNCIA.",https://publico.recife.pe.leg.br/consultas/norma_juridica/norma_juridica_mostrar_proc?cod_norma=1443,Lei Ordinária,2015-01-12,CalendarioEventos
Lei Ordinária 18116/2015,"DISPÕE SOBRE A INSTALAÇÃO DE PASSAGENS AÉREAS SOBRE LOGRADOURO PÚBLICO, REVOGA A LEI MUNICIPAL Nº 16.873, DE 13 DE JUNHO DE 2003 E ALTERA A LEI MUNICIPAL Nº 16.737, DE 28 DE JANEIRO DE 2001.        ""REGIME  DE  URGÊNCIA""",https://publico.recife.pe.leg.br/consultas/norma_juridica/norma_juridica_mostrar_proc?cod_norma=1442,Lei Ordinária,2015-01-12,Outro
Lei Ordinária 18115/2015,"MODIFICA OS DISPOSITIVOS QUE MENCIONA DA LEI MUNICIPAL Nº 18.046, DE 25 DE JULHO DE 2014.(LEI QUE TRATA DA ZONA ESPECIAL DE PRESERVAÇÃO ZEPH 08 BOA VISTA)""REGIME DE URGÊNCIA""",https://publico.recife.pe.leg.br/consultas/norma_juridica/norma_juridica_mostrar_proc?cod_norma=1441,Lei Ordinária,2015-01-12,Outro
Lei Ordinária 18114/2015,"INSTITUI O PROGRAMA DE VALORIZAÇÃO DE IMÓVEIS DE CARÁTER HISTÓRICO OU DE EXCEPCIONAL VALOR ARTÍSTICO, CULTURAL OU PAISAGÍSTICO.",https://publico.recife.pe.leg.br/consultas/norma_juridica/norma_juridica_mostrar_proc?cod_norma=1440,Lei Ordinária,2015-01-12,PatrimonioCultural
Lei Ordinária 18113/2015,"INSTITUI O PROGRAMA MUNICIPAL UNIVERSIDADE PARA TODOS – PROUNI RECIFE. ""REGIME DE URGÊNCIA""",https://publico.recife.pe.leg.br/consultas/norma_juridica/norma_juridica_mostrar_proc?cod_norma=1439,Lei Ordinária,2015-01-12,CalendarioEventos
Lei Ordinária 18111/2015,"DEFINE LIMITES E MECANISMOS DE COMPENSAÇÃO PARA OS SETORES DE SUSTENTABILIDADE AMBIENTAL 2 – SSA 2, NO ENTORNO DAS UNIDADES DE EQUILÍBRIO AMBIENTAL – UEA, REFERENTES ÀS PRAÇAS E PARQUES DA CIDADE. ""REGIME DE URGÊNCIA""",https://publico.recife.pe.leg.br/consultas/norma_juridica/norma_juridica_mostrar_proc?cod_norma=1438,Lei Ordinária,2015-01-12,Outro
Lei Ordinária 18110/2015,"DISPÕE SOBRE O USO DO SOLO NO PERÍMETRO DAS QUADRAS LINDEIRAS À AV. NORTE MIGUEL ARRAES ALENCAR, EM ZONA ESPECIAL DE DINAMIZAÇÃO ECONÔMICA – EIXO PRINCIPAL, ZEDE – EIXO PRINCIPAL.",https://publico.recife.pe.leg.br/consultas/norma_juridica/norma_juridica_mostrar_proc?cod_norma=1437,Lei Ordinária,2015-01-09,Outro
Lei Ordinária 18109/2015,"ALTERA A REDAÇÃO DO ART. 69 E PARÁGRAFOS 1º E 2º E 3º DA LEI MUNICIPAL Nº 16.286, DE 22/01/1997.(LEI QUE DISPÕE SOBRE PARCELAMENTO DO SOLO)",https://publico.recife.pe.leg.br/consultas/norma_juridica/norma_juridica_mostrar_proc?cod_norma=1436,Lei Ordinária,2015-01-09,Outro
Lei Ordinária 18108/2015,"DESAFETA ÁREA PÚBLICA E AUTORIZA O USO POR TERCEIROS DO IMÓVEL DO PATRIMÔNIO DO MUNICÍPIO DO RECIFE, QUE ESPECIFICA.",https://publico.recife.pe.leg.br/consultas/norma_juridica/norma_juridica_mostrar_proc?cod_norma=1431,Lei Ordinária,2015-01-05,Outro
Lei Ordinária 18107/2015,"DESAFETA A ÁREA PÚBLICA DESCRITA NO ANEXO ÚNICO, AUTORIZA A DOAÇÃO DO IMÓVEL ESPECIFICADO NO ART. 1ºAO FUNDO DE ARRENDAMENTO RESIDENCIAL -FAR E DÁ OUTRAS PROVIDÊNCIAS.",https://publico.recife.pe.leg.br/consultas/norma_juridica/norma_juridica_mostrar_proc?cod_norma=1430,Lei Ordinária,2015-01-05,Outro
Lei Ordinária 18106/2015,"ALTERA A REDAÇÃO DO ART. 10 DA LEI MUNICIPAL Nº. 17.394, DE 27 DE DEZEMBRO DE 2007.(LEI QUE DISPÕE SOBRE FUNDO MUNICIPAL DE HABITAÇÃO)",https://publico.recife.pe.leg.br/consultas/norma_juridica/norma_juridica_mostrar_proc?cod_norma=1429,Lei Ordinária,2015-01-05,Outro
Lei Ordinária 18105/2015,"ALTERA DISPOSITIVOS DA LEI Nº. 14.512, DE 17 DE JANEIRO DE 1983 - CÓDIGO DE ADMINISTRAÇÃO FINANCEIRA DO MUNICÍPIO DO RECIFE.",https://publico.recife.pe.leg.br/consultas/norma_juridica/norma_juridica_mostrar_proc?cod_norma=1428,Lei Ordinária,2015-01-05,Outro
Lei Ordinária 18104/2015,DECLARA A UTILIDADE PÚBLICA DA ASSOCIAÇÃO BRASILEIRA DE SECRETARIAS DE FINANÇAS DAS CAPITAIS - ABRASF.,https://publico.recife.pe.leg.br/consultas/norma_juridica/norma_juridica_mostrar_proc?cod_norma=1427,Lei Ordinária,2015-01-05,Outro
Lei Ordinária 18103/2015,"AUTORIZA O PODER EXECUTIVO A FILIAR O MUNICÍPIO DO RECIFE, NO ICLEI-BRASIL, E A CONTRIBUIR  FINANCEIRAMENTE COM A REFERIDA ENTIDADE.",https://publico.recife.pe.leg.br/consultas/norma_juridica/norma_juridica_mostrar_proc?cod_norma=1426,Lei Ordinária,2015-01-05,Outro
Lei Ordinária 18102/2015,ALTERA A REDAÇÃO DO MEMORIAL DESCRITIVO CONSTANTE DO ANEXO ÚNICO À LEI MUNICIPAL Nº 17.883.,https://publico.recife.pe.leg.br/consultas/norma_juridica/norma_juridica_mostrar_proc?cod_norma=1425,Lei Ordinária,2015-01-05,Outro
Lei Ordinária 17301/2007,"FIXA O SUBSÍDIO DO PREFEITO, DO VICE-PREFEITO E DOS SECRETÁRIOS NO ÂMBITO DO MUNICÍPIO.",https://publico.recife.pe.leg.br/consultas/norma_juridica/norma_juridica_mostrar_proc?cod_norma=1887,Lei Ordinária,2007-02-05,Outro
Lei Ordinária 16119/1995,CRIA O CONSELHO MUNICIPAL DE ALIMENTAÇÃO ESCOLAR E DÁ OUTRAS PROVIDÊNCIAS.,https://publico.recife.pe.leg.br/consultas/norma_juridica/norma_juridica_mostrar_proc?cod_norma=1880,Lei Ordinária,1995-12-01,Outro
Resolução 2820/2025,Autoriza o Vereador THIAGO MEDINA DUARTE (THIAGO MEDINA) a se ausentar do País.,https://publico.recife.pe.leg.br/consultas/norma_juridica/norma_juridica_mostrar_proc?cod_norma=1994,Resolução,2025-06-09,AutorizacaoAusencia
Resolução 2819/2025,Autoriza o Vereador ALEF CLEITON COLLINS AGUIAR GONÇALVES (ALEF COLLINS) a se ausentar do País.,https://publico.recife.pe.leg.br/consultas/norma_juridica/norma_juridica_mostrar_proc?cod_norma=1993,Resolução,2025-06-09,AutorizacaoAusencia
Resolução 2818/2025,"Autoriza a Vereadora MARIA APARECIDA PEDROSA BEZERRA (CIDA PEDROSA) a ausentar-se do País, com destino a Cuba, no período de 22 de maio de 2025 a 02 de junho de 2025.",https://publico.recife.pe.leg.br/consultas/norma_juridica/norma_juridica_mostrar_proc?cod_norma=1992,Resolução,2025-05-06,AutorizacaoAusencia
Resolução 2817/2025,Autoriza o Vereador ROMERO JATOBÁ CAVALCANTI NETO (ROMERINHO JATOBÁ) a se ausentar do País.,https://publico.recife.pe.leg.br/consultas/norma_juridica/norma_juridica_mostrar_proc?cod_norma=1907,Resolução,2025-04-14,AutorizacaoAusencia
Resolução 2816/2025,Autoriza o Vereador RAFAEL ACIOLI MEDEIROS (ERIBERTO RAFAEL) a se ausentar do País.,https://publico.recife.pe.leg.br/consultas/norma_juridica/norma_juridica_mostrar_proc?cod_norma=1905,Resolução,2025-02-25,AutorizacaoAusencia
Resolução 2815/2025,Autoriza o Vereador ROMERO JATOBÁ CAVALCANTI NETO (ROMERINHO JATOBÁ) a se ausentar do País.,https://publico.recife.pe.leg.br/consultas/norma_juridica/norma_juridica_mostrar_proc?cod_norma=1906,Resolução,2025-02-24,AutorizacaoAusencia
Resolução 2814/2025,Autoriza o Vereador CARLOS EDUARDO MUNIZ PACHECO (CARLOS MUNIZ) a se ausentar do País.,https://publico.recife.pe.leg.br/consultas/norma_juridica/norma_juridica_mostrar_proc?cod_norma=1908,Resolução,2025-02-24,AutorizacaoAusencia
Resolução 2813/2025,Autoriza o Vereador LUIZ FELIPE CAMARA DEOLIVEIRA PONTES (FELIPE FRANCISMAR) a se ausentar do País.,https://publico.recife.pe.leg.br/consultas/norma_juridica/norma_juridica_mostrar_proc?cod_norma=1909,Resolução,2025-02-18,AutorizacaoAusencia
Resolução 2812/2024,"Altera a Resolução nº 2.624, de 20 de dezembro de 2016, que Dispõe sobre o Regimento Interno da Câmara Municipal do Recife.",https://publico.recife.pe.leg.br/consultas/norma_juridica/norma_juridica_mostrar_proc?cod_norma=1879,Resolução,2024-12-17,Outro
Resolução 2811/2024,Disciplina o processo de Revisão das Proposições Legislativas no âmbito da Câmara Municipal do Recife.,https://publico.recife.pe.leg.br/consultas/norma_juridica/norma_juridica_mostrar_proc?cod_norma=1943,Resolução,2024-12-17,Outro
Resolução 2810/2024,Autoriza o Vereador ALCIDES JOSE DE ALBUQUERQUE CARDOSO a se ausentar do País.,https://publico.recife.pe.leg.br/consultas/norma_juridica/norma_juridica_mostrar_proc?cod_norma=1944,Resolução,2024-12-09,AutorizacaoAusencia
Resolução 2809/2024,Autoriza o Vereador CARLOS EDUARDO MUNIZ PACHECO a se ausentar do País.,https://publico.recife.pe.leg.br/consultas/norma_juridica/norma_juridica_mostrar_proc?cod_norma=1945,Resolução,2024-11-05,AutorizacaoAusencia
Resolução 2808/2024,Autoriza o Prefeito do Recife a se ausentar do País.,https://publico.recife.pe.leg.br/consultas/norma_juridica/norma_juridica_mostrar_proc?cod_norma=1946,Resolução,2024-11-04,AutorizacaoAusencia
Resolução 2807/2024,Autoriza o Vereador MARCO AURÉLIO FILHO a se ausentar do País,https://publico.recife.pe.leg.br/consultas/norma_juridica/norma_juridica_mostrar_proc?cod_norma=1871,Resolução,2024-10-21,AutorizacaoAusencia
Resolução 2806/2024,Autoriza o Vereador ALCIDES CARDOSO a se ausentar do País,https://publico.recife.pe.leg.br/consultas/norma_juridica/norma_juridica_mostrar_proc?cod_norma=1870,Resolução,2024-10-21,AutorizacaoAusencia
Resolução 2805/2024,"Autorizar a Vereadora MARIA APARECIDA PEDROSA BEZERRA a ausentar-se do País, em viagem cultural, às suas expensas, no período de 16 de julho de 2024 a 26 de julho de 2024, com destino à China, para participação do Festival da Juventude de Poesia, a convite da China Writers Association.",https://publico.recife.pe.leg.br/consultas/norma_juridica/norma_juridica_mostrar_proc?cod_norma=1686,Resolução,2024-07-02,AutorizacaoAusencia
Resolução 2804/2024,"Conceder licença à Vereadora DAIZE MICHELE DE AGUIAR GONÇALVES (MICHELE COLLINS), pelo período de 120 (cento e vinte) dias, contados de 03/07/2024 a 30/10/2024, para tratar de interesse particular",https://publico.recife.pe.leg.br/consultas/norma_juridica/norma_juridica_mostrar_proc?cod_norma=1692,Resolução,2024-07-02,Outro
Resolução 2803/2024,Autoriza a Vereadora ANA LUCIA DO REGO FERREIRA (Professora Ana Lúcia) a se ausentar do País.,https://publico.recife.pe.leg.br/consultas/norma_juridica/norma_juridica_mostrar_proc?cod_norma=616,Resolução,2024-04-02,AutorizacaoAusencia
Resolução 2802/2024,"Autoriza a Vice-Prefeita do Recife, Sra. ISABELLA MENEZES DE ROLDÃO FIORENZANO, a ausentar-se do País, no período de 09 de abril
de 2024 a 19 de abril de 2024, com destino às cidades do Porto (Portugal) e Nantes (França), em missão oficial.",https://publico.recife.pe.leg.br/consultas/norma_juridica/norma_juridica_mostrar_proc?cod_norma=615,Resolução,2024-03-26,CalendarioEventos
Resolução 2801/2024,Institui a “Frente Parlamentar de Defesa dos Direitos da Pessoa Idosa” no âmbito da Câmara Municipal do Recife.,https://publico.recife.pe.leg.br/consultas/norma_juridica/norma_juridica_mostrar_proc?cod_norma=622,Resolução,2024-03-04,CalendarioEventos
Resolução 2800/2024,Autoriza o Vereador ROMERO JATOBÁ CAVALCANTI NETO a se ausentar do País.,https://publico.recife.pe.leg.br/consultas/norma_juridica/norma_juridica_mostrar_proc?cod_norma=614,Resolução,2024-02-05,AutorizacaoAusencia
Resolução 2799/2023,"Altera a Resolução nº 2.624, de 20 de dezembro de 2016, que dispõe sobre o Regimento Interno da Câmara Municipal do Recife, para criar a “Comissão de Defesa dos Direitos da Pessoa com Deficiência”.",https://publico.recife.pe.leg.br/consultas/norma_juridica/norma_juridica_mostrar_proc?cod_norma=960,Resolução,2023-12-11,Outro
Resolução 2798/2023,Autorizar o Vereador PAULO SERGIO MOREIRA MUNIZ FILHO a ausentar-se do país no período de 20 de novembro de 2023 a 28 de novembro de 2023.,https://publico.recife.pe.leg.br/consultas/norma_juridica/norma_juridica_mostrar_proc?cod_norma=963,Resolução,2023-10-25,AutorizacaoAusencia
Resolução 2797/2023,Institui a “Frente Parlamentar em Defesa da Saúde Mental e Emocional na Cidade do Recife”,https://publico.recife.pe.leg.br/consultas/norma_juridica/norma_juridica_mostrar_proc?cod_norma=908,Resolução,2023-10-02,CalendarioEventos
Resolução 2796/2023,"Autoriza o Vereador ROMERO JATOBÁ CAVALCANTI NETO a ausentar-se do País, no período de 01 a 14 de novembro de 2023, com destino aos Estados Unidos da América, em viagem cultural, com despesas arcadas com recursos próprios.",https://publico.recife.pe.leg.br/consultas/norma_juridica/norma_juridica_mostrar_proc?cod_norma=962,Resolução,2023-09-25,AutorizacaoAusencia
Resolução 2795/2023,"Autoriza o Vereador ALCIDES JOSE DE ALBUQUERQUE CARDOSO a ausentar-se do País, no período de 04 a 15 de Outubro de 2023, com
destino aos Estados Unidos da América, em viagem cultural, com despesas arcadas com recursos próprios.",https://publico.recife.pe.leg.br/consultas/norma_juridica/norma_juridica_mostrar_proc?cod_norma=961,Resolução,2023-09-25,AutorizacaoAusencia
Resolução 2794/2023,Autoriza a Vereadora DAIZE MICHELE DE AGUIAR GONÇALVES (MICHELE COLLINS)  a se ausentar do País.,https://publico.recife.pe.leg.br/consultas/norma_juridica/norma_juridica_mostrar_proc?cod_norma=958,Resolução,2023-09-04,AutorizacaoAusencia
Resolução 2793/2023,"Autoriza o Vereador TADEU HENRIQUE PIMENTEL CALHEIROS a ausentar-se do País, no período de 29 de agosto de 2023 a 19 de setembro de 2023.",https://publico.recife.pe.leg.br/consultas/norma_juridica/norma_juridica_mostrar_proc?cod_norma=957,Resolução,2023-08-29,AutorizacaoAusencia
Resolução 2792/2023,"Autoriza a Vice-Prefeita do Recife a se ausentar do País no período de 21 de Agosto de 2023 a 31 de Agosto de 2023, com destino às cidades de Vancouver (Canadá) e Guadalajara (México), em missão oficial.",https://publico.recife.pe.leg.br/consultas/norma_juridica/norma_juridica_mostrar_proc?cod_norma=959,Resolução,2023-08-21,CalendarioEventos
Resolução 2791/2023,"Autoriza o Vereador LUIZ EUSTAQUIO RAMOS NETO a se ausentar do País, no período de 09 de agosto a 29 de agosto de 2023, com destino a Portugal, em viagem motivada por caso fortuito, com despesas arcadas com recursos próprios.",https://publico.recife.pe.leg.br/consultas/norma_juridica/norma_juridica_mostrar_proc?cod_norma=956,Resolução,2023-08-08,AutorizacaoAusencia
Resolução 2790/2023,Autoriza o Vereador RAFAEL ACIOLI MEDEIROS a se ausentar do País.,https://publico.recife.pe.leg.br/consultas/norma_juridica/norma_juridica_mostrar_proc?cod_norma=910,Resolução,2023-07-04,AutorizacaoAusencia
Resolução 2789/2023,Autoriza o Vereador ALCIDES JOSE DE ALBUQUERQUE CARDOSO a se ausentar do País.,https://publico.recife.pe.leg.br/consultas/norma_juridica/norma_juridica_mostrar_proc?cod_norma=909,Resolução,2023-07-03,AutorizacaoAusencia
Resolução 2788/2023,"Altera a Resolução nº 2759, de 20 de dezembro de 2021, que Cria a Escola do Legislativo no âmbito da Câmara Municipal do Recife e dá outras providências.",https://publico.recife.pe.leg.br/consultas/norma_juridica/norma_juridica_mostrar_proc?cod_norma=901,Resolução,2023-06-05,Outro
Resolução 2787/2023,Concede licença à Vereadora ANDREZA BANDEIRA FERREIRA DE OLIVEIRA MELO ALBUQUERQUE para exercer o cargo de Secretária do Município do Recife.,https://publico.recife.pe.leg.br/consultas/norma_juridica/norma_juridica_mostrar_proc?cod_norma=623,Resolução,2023-05-15,ConcessaoTitulo
Resolução 2786/2023,"Autoriza o Vereador WEBERSON FLAVIO SOBRAL FLORENCIO a se ausentar do País no período de 24 de maio de 2023 a 03 de junho de 2023, com destino aos Estados Unidos da América, em viagem cultural, com despesas arcadas com recursos próprios.",https://publico.recife.pe.leg.br/consultas/norma_juridica/norma_juridica_mostrar_proc?cod_norma=621,Resolução,2023-05-08,AutorizacaoAusencia
Resolução 2785/2023,Autoriza a Vice-Prefeita do Recife a se ausentar do País.,https://publico.recife.pe.leg.br/consultas/norma_juridica/norma_juridica_mostrar_proc?cod_norma=620,Resolução,2023-04-25,AutorizacaoAusencia
Resolução 2784/2023,Autoriza a Vereadora MARIA APARECIDA PEDROSA BEZERRA a se ausentar do País em viagem cultural e missão oficial.,https://publico.recife.pe.leg.br/consultas/norma_juridica/norma_juridica_mostrar_proc?cod_norma=619,Resolução,2023-02-27,AutorizacaoAusencia
Resolução 2783/2023,Autoriza o Vereador SAMUEL RODRIGUES DOS SANTOS SALAZAR a se ausentar do País.,https://publico.recife.pe.leg.br/consultas/norma_juridica/norma_juridica_mostrar_proc?cod_norma=618,Resolução,2023-02-27,AutorizacaoAusencia
Resolução 2782/2023,Autoriza o Vereador ROMERO JATOBÁ CAVALCANTI NETO a se ausentar do País,https://publico.recife.pe.leg.br/consultas/norma_juridica/norma_juridica_mostrar_proc?cod_norma=617,Resolução,2023-02-27,AutorizacaoAusencia
Resolução 2781/2023,DISPÕE SOBRE O PRÊMIO MÉRITO CULTURAL TEREZA COSTA REGO.,https://publico.recife.pe.leg.br/consultas/norma_juridica/norma_juridica_mostrar_proc?cod_norma=977,Resolução,2023-02-18,Outro
Resolução 2780/2022,Autoriza o Prefeito do Recife a se ausentar do País.,https://publico.recife.pe.leg.br/consultas/norma_juridica/norma_juridica_mostrar_proc?cod_norma=1002,Resolução,2022-11-21,AutorizacaoAusencia
Resolução 2779/2022,Autoriza a vereadora Ana Lúcia do Rego Ferreira a se ausentar do País.,https://publico.recife.pe.leg.br/consultas/norma_juridica/norma_juridica_mostrar_proc?cod_norma=1001,Resolução,2022-09-05,AutorizacaoAusencia
Resolução 2778/2022,Autoriza o vereador Romero Jatobá Cavalcanti Neto a se ausentar do País.,https://publico.recife.pe.leg.br/consultas/norma_juridica/norma_juridica_mostrar_proc?cod_norma=1000,Resolução,2022-09-05,AutorizacaoAusencia
Resolução 2777/2022,"Da Comissão Comissão Mista, opinando sobre a prestação de contas do Prefeito da Cidade do Recife, referente ao exercício financeiro de 2017.",https://publico.recife.pe.leg.br/consultas/norma_juridica/norma_juridica_mostrar_proc?cod_norma=999,Resolução,2022-09-05,Outro
Resolução 2776/2022,"Modifica a Resolução nº 1.841, de 14 de dezembro de 1993, a qual dispõe sobre o processo de classificação de cargos da Câmara Municipal do Recife.",https://publico.recife.pe.leg.br/consultas/norma_juridica/norma_juridica_mostrar_proc?cod_norma=998,Resolução,2022-07-04,Outro
Resolução 2775/2022,"Altera a Resolução nº 2.624, de 20 de dezembro de 2016, que Dispõe sobre o Regimento Interno da Câmara Municipal do Recife.",https://publico.recife.pe.leg.br/consultas/norma_juridica/norma_juridica_mostrar_proc?cod_norma=997,Resolução,2022-07-04,Outro
Resolução 2774/2022,Institui a “Frente Parlamentar para discutir Obras Estruturadoras e Emergenciais” no âmbito do Município do Recife.,https://publico.recife.pe.leg.br/consultas/norma_juridica/norma_juridica_mostrar_proc?cod_norma=975,Resolução,2022-06-28,CalendarioEventos
Resolução 2773/2022,"Institui, no âmbito da Câmara Municipal do Recife, a “Frente Parlamentar do Recife pelo Clima”.",https://publico.recife.pe.leg.br/consultas/norma_juridica/norma_juridica_mostrar_proc?cod_norma=1030,Resolução,2022-06-21,CalendarioEventos
Resolução 2772/2022,Autoriza o Vereador ALCIDES JOSÉ DE ALBUQUERQUE CARDOSO a se ausentar do País.,https://publico.recife.pe.leg.br/consultas/norma_juridica/norma_juridica_mostrar_proc?cod_norma=976,Resolução,2022-06-21,AutorizacaoAusencia
Resolução 2771/2022,Autoriza a Vereadora Andreza Bandeira Ferreira de Oliveira Melo (Andreza Romero) a se ausentar do País,https://publico.recife.pe.leg.br/consultas/norma_juridica/norma_juridica_mostrar_proc?cod_norma=974,Resolução,2022-05-31,AutorizacaoAusencia
Resolução 2770/2022,Autoriza o Vereador Romero Jatobá Cavalcanti Neto a se ausentar do País.,https://publico.recife.pe.leg.br/consultas/norma_juridica/norma_juridica_mostrar_proc?cod_norma=973,Resolução,2022-05-23,AutorizacaoAusencia
Resolução 2769/2022,"INSTITUI, NO ÂMBITO DA CÂMARA MUNICIPAL DO RECIFE, A “FRENTE PARLAMENTAR EM DEFESA DA CIDADANIA LGBTQIA+”.",https://publico.recife.pe.leg.br/consultas/norma_juridica/norma_juridica_mostrar_proc?cod_norma=1021,Resolução,2022-05-23,CalendarioEventos
Resolução 2768/2022,"Opina sobre a prestação de contas do Prefeito da Cidade do Recife, referente ao exercício financeiro de 2019.",https://publico.recife.pe.leg.br/consultas/norma_juridica/norma_juridica_mostrar_proc?cod_norma=972,Resolução,2022-05-16,Outro
Resolução 2767/2022,"Opina sobre a prestação de contas do Prefeito da Cidade do Recife, referente ao exercício financeiro de 2018.",https://publico.recife.pe.leg.br/consultas/norma_juridica/norma_juridica_mostrar_proc?cod_norma=966,Resolução,2022-05-16,Outro
Resolução 2766/2022,"Opina sobre a prestação de contas do Prefeito da Cidade do Recife, referente ao exercício financeiro de 2015.",https://publico.recife.pe.leg.br/consultas/norma_juridica/norma_juridica_mostrar_proc?cod_norma=965,Resolução,2022-05-16,Outro
Resolução 2765/2022,"Opina sobre a prestação de contas do Prefeito da Cidade do Recife, referente ao exercício financeiro de 2011.",https://publico.recife.pe.leg.br/consultas/norma_juridica/norma_juridica_mostrar_proc?cod_norma=964,Resolução,2022-05-09,Outro
Resolução 2764/2022,INSTITUI NA CÂMARA MUNICIPAL DO RECIFE A CAMPANHA “ABRIL VERDE” PARA PROMOVER A CONSCIENTIZAÇÃO SOBRE A DOENÇA DE PARKINSON.,https://publico.recife.pe.leg.br/consultas/norma_juridica/norma_juridica_mostrar_proc?cod_norma=1183,Resolução,2022-04-11,CalendarioEventos
Resolução 2763/2022,DISPÕE SOBRE O DESCARTE ADEQUADO DE PILHAS E BATERIAS NA CÂMARA MUNICIPAL DO RECIFE.,https://publico.recife.pe.leg.br/consultas/norma_juridica/norma_juridica_mostrar_proc?cod_norma=1014,Resolução,2022-03-21,Outro
Resolução 2762/2022,"ACRESCE OS §§ 1º E 2º AO ART. 4° DA RESOLUÇÃO Nº 2.624, DE 20 DEZEMBRO DE 2016, QUE DISPÕE SOBRE O REGIMENTO INTERNO DA CÂMARA MUNICIPAL DO RECIFE.",https://publico.recife.pe.leg.br/consultas/norma_juridica/norma_juridica_mostrar_proc?cod_norma=1158,Resolução,2022-03-21,Outro
Resolução 2761/2021,Dispõe sobre as atribuições da Procuradoria Legislativa da Câmara Municipal do Recife e dá outras providências.,https://publico.recife.pe.leg.br/consultas/norma_juridica/norma_juridica_mostrar_proc?cod_norma=1033,Resolução,2021-12-21,Outro
Resolução 2760/2021,"Dispõe sobre a autorização para celebração de acordo de cooperação técnica entre a Escola de Contas Públicas Professor Barreto Guimarães e a Câmara Municipal Do Recife e altera o art. 60 da Resolução nº 2.624, de 20 de dezembro de 2016 (Regimento Interno da Câmara Municipal do Recife).",https://publico.recife.pe.leg.br/consultas/norma_juridica/norma_juridica_mostrar_proc?cod_norma=1032,Resolução,2021-12-20,Outro
Resolução 2759/2021,Cria a Escola do Legislativo do Recife no âmbito da Câmara Municipal do Recife e dá outras providências.,https://publico.recife.pe.leg.br/consultas/norma_juridica/norma_juridica_mostrar_proc?cod_norma=1031,Resolução,2021-12-20,Outro
Resolução 2758/2021,"Institui, no âmbito da Câmara Municipal do Recife, a “Frente Parlamentar para Discussão Acerca da Concessão do Porte de Arma de Fogo aos Agentes de Segurança do Município do Recife”.",https://publico.recife.pe.leg.br/consultas/norma_juridica/norma_juridica_mostrar_proc?cod_norma=1029,Resolução,2021-11-16,CalendarioEventos
Resolução 2757/2021,INSTITUI A “FRENTE PARLAMENTAR EM DEFESA DO PLANO DE DRENAGEM DO RECIFE” NO ÂMBITO DA CÂMARA MUNICIPAL DO RECIFE.,https://publico.recife.pe.leg.br/consultas/norma_juridica/norma_juridica_mostrar_proc?cod_norma=1020,Resolução,2021-11-09,CalendarioEventos
Resolução 2756/2021,INSTITUI O “SELO VALDEMAR DE OLIVEIRA DE EMPRESA AMIGA DA CULTURA” NO ÂMBITO DA CÂMARA MUNICIPAL DO RECIFE.,https://publico.recife.pe.leg.br/consultas/norma_juridica/norma_juridica_mostrar_proc?cod_norma=1022,Resolução,2021-11-09,CalendarioEventos
Resolução 2755/2021,Dispõe acerca da retomada parcial das Reuniões deliberativas plenárias presenciais e da retomada  das atividades presenciais  nas unidades administrativas na Câmara Municipal do Recife e dá outras providências.,https://publico.recife.pe.leg.br/consultas/norma_juridica/norma_juridica_mostrar_proc?cod_norma=1028,Resolução,2021-11-09,Outro
Resolução 2754/2021,Autoriza o SR. Vereador MARCO AURÉLIO FILHO a se ausentar do País.,https://publico.recife.pe.leg.br/consultas/norma_juridica/norma_juridica_mostrar_proc?cod_norma=1027,Resolução,2021-11-08,AutorizacaoAusencia
Resolução 2753/2021,"Autoriza o Senhor Vereador ERIBERTO RAFAEL, a se ausentar do País.",https://publico.recife.pe.leg.br/consultas/norma_juridica/norma_juridica_mostrar_proc?cod_norma=1026,Resolução,2021-10-26,AutorizacaoAusencia
Resolução 2752/2021,"INSTITUI, NO ÂMBITO DA CÂMARA MUNICIPAL DO RECIFE, A “FRENTE PARLAMENTAR DOS DIREITOS E BEM-ESTAR DOS ANIMAIS”.",https://publico.recife.pe.leg.br/consultas/norma_juridica/norma_juridica_mostrar_proc?cod_norma=1019,Resolução,2021-10-04,CalendarioEventos
Resolução 2751/2021,"DISPÕE SOBRE A CRIAÇÃO, NO ÂMBITO DA CÂMARA DOS VEREADORES DO MUNICÍPIO DO RECIFE, DO NOVO PARLAMENTO JOVEM E DÁ OUTRAS PROVIDÊNCIAS.",https://publico.recife.pe.leg.br/consultas/norma_juridica/norma_juridica_mostrar_proc?cod_norma=1025,Resolução,2021-09-28,Outro
Resolução 2750/2021,DISPÕE SOBRE O PROCESSO LEGISLATIVO ELETRÔNICO NO ÂMBITO DA CÂMARA MUNICIPAL DO RECIFE.,https://publico.recife.pe.leg.br/consultas/norma_juridica/norma_juridica_mostrar_proc?cod_norma=1024,Resolução,2021-09-28,Outro
Resolução 2749/2021,"DISPÕE SOBRE A CRIAÇÃO, NO ÂMBITO DA CÂMARA DOS VEREADORES DO MUNICÍPIO DO RECIFE, DA ""PROCURADORIA ESPECIAL DA MULHER"" E DÁ OUTRAS PROVIDÊNCIAS.",https://publico.recife.pe.leg.br/consultas/norma_juridica/norma_juridica_mostrar_proc?cod_norma=1023,Resolução,2021-09-28,Outro
Resolução 2748/2021,"DISPÕE SOBRE A CRIAÇÃO, NO ÂMBITO DA CÂMARA MUNICIPAL DO RECIFE, DA “FRENTE PARLAMENTAR DE INOVAÇÃO TECNOLÓGICA, TECNOLOGIA DA INFORMAÇÃO E DAS ECONOMIAS CRIATIVA, COMPARTILHADA E COLABORATIVA”.",https://publico.recife.pe.leg.br/consultas/norma_juridica/norma_juridica_mostrar_proc?cod_norma=1018,Resolução,2021-09-27,Outro
Resolução 2747/2021,"INSTITUI, NO ÂMBITO DA CÂMARA MUNICIPAL DO RECIFE, A “FRENTE PARLAMENTAR EM DEFESA DO SISTEMA ÚNICO DE ASSISTÊNCIA SOCIAL (SUAS)”.",https://publico.recife.pe.leg.br/consultas/norma_juridica/norma_juridica_mostrar_proc?cod_norma=1016,Resolução,2021-03-21,CalendarioEventos
Resolução 2746/2021,INSTITUI NA CÂMARA MUNICIPAL DO RECIFE A “SEMANA DO MEIO AMBIENTE”.,https://publico.recife.pe.leg.br/consultas/norma_juridica/norma_juridica_mostrar_proc?cod_norma=1010,Resolução,2021-03-02,CalendarioEventos
Resolução 2745/2021,"CRIA NO ÂMBITO DO MUNICÍPIO DO RECIFE, O PRÊMIO ARTESÃO DO ANO.",https://publico.recife.pe.leg.br/consultas/norma_juridica/norma_juridica_mostrar_proc?cod_norma=1766,Resolução,2021-07-05,Outro
Resolução 2744/2021,"INSTITUI,NO ÂMBITO DA CÂMARA MUNICIPAL DO RECIFE,A“FRENTE PARLAMENTAR PELO CENTRO DO RECIFE”.",https://publico.recife.pe.leg.br/consultas/norma_juridica/norma_juridica_mostrar_proc?cod_norma=1017,Resolução,2021-06-29,CalendarioEventos
Resolução 2743/2021,"INSTITUI, NO ÂMBITO DA CÂMARA MUNICIPAL DO RECIFE, A “FRENTE PARLAMENTAR PELA PRIMEIRA INFÂNCIA”.",https://publico.recife.pe.leg.br/consultas/norma_juridica/norma_juridica_mostrar_proc?cod_norma=1015,Resolução,2021-06-01,CalendarioEventos
Resolução 2742/2021,"INSTITUI A “FRENTE PARLAMENTAR EM DEFESA DA FAMÍLIA, DA VIDA E DE POLÍTICAS DE DROGAS” NO ÂMBITO DA CÂMARA MUNICIPAL DO RECIFE.",https://publico.recife.pe.leg.br/consultas/norma_juridica/norma_juridica_mostrar_proc?cod_norma=1009,Resolução,2021-05-24,CalendarioEventos
Resolução 2741/2021,"ACRESCENTA O ART. 264-A, ACRESCENTA O § 2º AO ART. 224, ACRESCENTA O PARÁGRAFO ÚNICO AO ART. 225 E MODIFICA A ALÍNEA “E” DO INCISO II DO ART. 323 DA RESOLUÇÃO Nº 2624, DE 20 DE DEZEMBRO DE2016 REGIMENTO INTERNO DA CÂMARA MUNICIPAL DO RECIFE",https://publico.recife.pe.leg.br/consultas/norma_juridica/norma_juridica_mostrar_proc?cod_norma=1767,Resolução,2021-05-18,Outro
Resolução 2740/2021,CRIA A COMISSÃO DE IGUALDADE RACIAL E ENFRENTAMENTO AO RACISMO DA CÂMARA MUNICIPAL DO RECIFE,https://publico.recife.pe.leg.br/consultas/norma_juridica/norma_juridica_mostrar_proc?cod_norma=1012,Resolução,2021-05-17,Outro
Resolução 2739/2021,ESTABELECE QUE A CÂMARA MUNICIPAL DO RECIFE REALIZE ANUALMENTE CAMPANHA PARA PROMOVER A CONSCIENTIZAÇÃO SOBRE A ALERGIA ALIMENTAR.,https://publico.recife.pe.leg.br/consultas/norma_juridica/norma_juridica_mostrar_proc?cod_norma=1180,Resolução,2021-05-17,Outro
Resolução 2738/2021,INSTITUI A “FRENTE PARLAMENTAR EM DEFESA DA EDUCAÇÃO PÚBLICA MUNICIPAL DE QUALIDADE” NA CIDADE DO RECIFE.,https://publico.recife.pe.leg.br/consultas/norma_juridica/norma_juridica_mostrar_proc?cod_norma=1013,Resolução,2021-05-11,CalendarioEventos
Resolução 2737/2021,INSTITUI NA CÂMARA MUNICIPAL DO RECIFE A CAMPANHA “MAIO AMARELO” PARA PROMOVER A CONSCIENTIZAÇÃO SOBRE A ENDOMETRIOSE.,https://publico.recife.pe.leg.br/consultas/norma_juridica/norma_juridica_mostrar_proc?cod_norma=1168,Resolução,2021-05-10,CalendarioEventos
Resolução 2736/2021,"INSTITUI, NO ÂMBITO DA CÂMARA MUNICIPAL DO RECIFE, A “FRENTE PARLAMENTAR PELA RENDA BÁSICA”.",https://publico.recife.pe.leg.br/consultas/norma_juridica/norma_juridica_mostrar_proc?cod_norma=1011,Resolução,2021-03-02,CalendarioEventos
Resolução 2735/2020,"INSTITUI, NO ÂMBITO DA CÂMARA MUNICIPAL DO RECIFE, A “FRENTE PARLAMENTAR PELA RENDA MÍNIMA”.",https://publico.recife.pe.leg.br/consultas/norma_juridica/norma_juridica_mostrar_proc?cod_norma=1044,Resolução,2020-10-05,CalendarioEventos
Resolução 2734/2020,"MODIFICA A RESOLUÇÃO Nº 2.624, DE 20 DE DEZEMBRO DE 2016, QUE DISPÕE SOBRE O REGIMENTO INTERNO DA CÂMARA MUNICIPAL DO RECIFE, PARA INCLUIR A CONCESSÃO DA MEDALHA DE MÉRITO “OLEGÁRIA MARIANO”.",https://publico.recife.pe.leg.br/consultas/norma_juridica/norma_juridica_mostrar_proc?cod_norma=1214,Resolução,2020-08-10,ConcessaoMedalha
Resolução 2733/2020,"INSTITUI, NO ÂMBITO DA CÂMARA MUNICIPAL DO RECIFE, A FRENTE PARLAMENTAR PELA PRIMEIRA INFÂNCIA.",https://publico.recife.pe.leg.br/consultas/norma_juridica/norma_juridica_mostrar_proc?cod_norma=1035,Resolução,2020-06-09,CalendarioEventos
Resolução 2732/2020,"ACRESCENTA OS § 1º E 2º AO ART. 236 DA RESOLUÇÃO Nº 2624, DE 20 DE DEZEMBRO DE 2016, QUE INSTITUI O REGIMENTO INTERNO DA CÂMARA MUNICIPAL DO RECIFE.",https://publico.recife.pe.leg.br/consultas/norma_juridica/norma_juridica_mostrar_proc?cod_norma=1042,Resolução,2020-05-25,CalendarioEventos
Resolução 2731/2020,MODIFICA TEMPORARIAMENTE O HORÁRIO DAS ORDINÁRIAS DA CÂMARA MUNICIPAL DO RECIFE.,https://publico.recife.pe.leg.br/consultas/norma_juridica/norma_juridica_mostrar_proc?cod_norma=1043,Resolução,2020-05-09,Outro
Resolução 2730/2020,"AUTORIZA A ADOÇÃO DO SISTEMA DE DELIBERAÇÃO REMOTA, INSTITUÍDO PELA RESOLUÇÃO Nº 2728/2020, PARA A REALIZAÇÃO DAS REUNIÕES DAS COMISSÕES EXECUTIVA, PERMANENTES E TEMPORÁRIAS DA CÂMARA MUNICIPAL DO RECIFE.",https://publico.recife.pe.leg.br/consultas/norma_juridica/norma_juridica_mostrar_proc?cod_norma=1041,Resolução,2020-04-14,CalendarioEventos
Resolução 2729/2020,MODIFICA TEMPORARIAMENTE O HORÁRIO DAS REUNIÕES ORDINÁRIAS DA CÂMARA MUNICIPAL DO RECIFE.,https://publico.recife.pe.leg.br/consultas/norma_juridica/norma_juridica_mostrar_proc?cod_norma=1038,Resolução,2020-03-31,Outro
Resolução 2728/2020,INSTITUI O SISTEMA DE DELIBERAÇÃO REMOTA DA CÂMARA MUNICIPAL DO RECIFE.,https://publico.recife.pe.leg.br/consultas/norma_juridica/norma_juridica_mostrar_proc?cod_norma=1039,Resolução,2020-03-23,CalendarioEventos
Resolução 2727/2020,MODIFICA TEMPORARIAMENTE O HORÁRIO DAS REUNIÕES ORDINÁRIAS DA CÂMARA MUNICIPAL DO RECIFE.,https://publico.recife.pe.leg.br/consultas/norma_juridica/norma_juridica_mostrar_proc?cod_norma=1037,Resolução,2020-03-16,Outro
Resolução 2726/2019,AUTORIZA O SENHOR VEREADOR ANDRÉ RÉGIS A SE AUSENTAR DO PAÍS ENTRE OS DIAS 13 A 27 DE JANEIRO DE 2020.,https://publico.recife.pe.leg.br/consultas/norma_juridica/norma_juridica_mostrar_proc?cod_norma=1188,Resolução,2019-12-17,AutorizacaoAusencia
Resolução 2725/2019,"OPINA SOBRE A PRESTAÇÃO DE CONTAS DO PREFEITO DA CIDADE DO RECIFE, REFERENTE AO EXERCÍCIO FINANCEIRO DE 2016.",https://publico.recife.pe.leg.br/consultas/norma_juridica/norma_juridica_mostrar_proc?cod_norma=1187,Resolução,2019-12-16,Outro
Resolução 2724/2019,"AUTORIZA O SENHOR VEREADOR ANDRÉ RÉGIS A SE AUSENTAR DO PAÍS, NO PERÍODO DE 15 À 25 DE NOVEMBRO DE 2019, EM VIAGEM PARA AS CIDADES DE LISBOA E PORTO -  PORTUGAL, EM MISSÃO CULTURAL, SEM ÔNUS PARA O ERÁRIO PÚBLICO MUNICIPAL.",https://publico.recife.pe.leg.br/consultas/norma_juridica/norma_juridica_mostrar_proc?cod_norma=1186,Resolução,2019-11-06,AutorizacaoAusencia
Resolução 2723/2019,"AUTORIZA O SENHOR VEREADOR ANDRÉ RÉGIS A SE AUSENTAR DO PAÍS, EM MISSÃO CULTURAL, NO PERÍODO DE 16 À 24/11/19, EM VIAGEM ÀS CIDADES DE LISBOA E PORTO-PORTUGAL, SEM ÔNUS PARA O ERÁRIO MUNICIPAL.",https://publico.recife.pe.leg.br/consultas/norma_juridica/norma_juridica_mostrar_proc?cod_norma=1185,Resolução,2019-10-16,AutorizacaoAusencia
Resolução 2722/2019,"AUTORIZA O SENHOR VEREADOR FELIPE FRANCISMAR A SE AUSENTAR DO PAÍS, NO PERÍODO DE 15 À 28/10/19, EM VIAGEM A ALEMANHA E SUIÇA, EM MISSÃO CULTURAL, SEM ÔNUS PARA O ERÁRIO MUNICIPAL.",https://publico.recife.pe.leg.br/consultas/norma_juridica/norma_juridica_mostrar_proc?cod_norma=1184,Resolução,2019-10-15,AutorizacaoAusencia
Resolução 2721/2019,AUTORIZA O SENHOR VEREADOR ROGÉRIO DE LUCCA A SE AUSENTAR DO PAÍS.,https://publico.recife.pe.leg.br/consultas/norma_juridica/norma_juridica_mostrar_proc?cod_norma=1182,Resolução,2019-10-14,AutorizacaoAusencia
Resolução 2720/2019,ALTERA O CAPUT DO ARTIGO 242 DO REGIMENTO INTERNO DA CÂMARA MUNICIPAL DO RECIFE E INCLUI OS PARÁGRAFOS §1º E §2º AO MESMO ARTIGO.,https://publico.recife.pe.leg.br/consultas/norma_juridica/norma_juridica_mostrar_proc?cod_norma=1199,Resolução,2019-10-07,Outro
Resolução 2719/2019,"AUTORIZA O SENHOR VEREADOR JAYME ASFORA A SE AUSENTAR DO PAÍS, NO PERÍODO DE 18/10 À 01/11/19, EM MISSÃO CULTURAL, SEM ÔNUS PARA O ERÁRIO MUNICIPAL, EM VIAGEM A ITÁLIA.",https://publico.recife.pe.leg.br/consultas/norma_juridica/norma_juridica_mostrar_proc?cod_norma=1181,Resolução,2019-10-01,AutorizacaoAusencia
Resolução 2718/2019,INSTITUI O PROJETO “O RECIFE E A CÂMARA – A IMPORTÂNCIA DO LEGISLATIVO PARA A CIDADE”.,https://publico.recife.pe.leg.br/consultas/norma_juridica/norma_juridica_mostrar_proc?cod_norma=1175,Resolução,2019-09-16,CalendarioEventos
Resolução 2717/2019,AUTORIZA O SENHOR VEREADOR AUGUSTO CARRERAS A SE AUSENTAR DO PAÍS.,https://publico.recife.pe.leg.br/consultas/norma_juridica/norma_juridica_mostrar_proc?cod_norma=1179,Resolução,2019-09-02,AutorizacaoAusencia
Resolução 2716/2019,"AUTORIZA O SENHOR VEREADOR RODRIGO COUTINHO A SE AUSENTAR DO PAÍS, NO PERÍODO DE 22 DE AGOSTO À 02 DE SETEMBRO DO CORRENTE EXERCICIO, EM VIAGEM A ARGENTINA, EM MISSÃO CULTURAL, SEM ÔNUS PARA O ERÁRIO MUNICIPAL.",https://publico.recife.pe.leg.br/consultas/norma_juridica/norma_juridica_mostrar_proc?cod_norma=1178,Resolução,2019-08-12,AutorizacaoAusencia
Resolução 2715/2019,DISPÕE SOBRE A OBRIGATORIEDADE DA EXECUÇÃO DO HINO DO RECIFE NA CÂMARA MUNICIPAL DO RECIFE.,https://publico.recife.pe.leg.br/consultas/norma_juridica/norma_juridica_mostrar_proc?cod_norma=1163,Resolução,2019-08-12,Outro
Resolução 2713/2019,"MODIFICA A RESOLUÇÃO Nº 2.624, DE 20 DE DEZEMBRO DE 2016, QUE DISPÕE SOBRE O REGIMENTO INTERNO.",https://publico.recife.pe.leg.br/consultas/norma_juridica/norma_juridica_mostrar_proc?cod_norma=1174,Resolução,2019-07-02,Outro
Resolução 2712/2019,AUTORIZA O SENHOR VEREADOR RENATO ANTUNES A SE AUSENTAR DO PAÍS NO PERÍODO DE 06 A 30/07,https://publico.recife.pe.leg.br/consultas/norma_juridica/norma_juridica_mostrar_proc?cod_norma=1177,Resolução,2019-07-01,AutorizacaoAusencia
Resolução 2711/2019,"OPINA SOBRE A PRESTAÇÃO DE CONTAS DO PREFEITO DA CIDADE DO RECIFE, REFERENTE AO EXERCÍCIO FINANCEIRO DE 2014.",https://publico.recife.pe.leg.br/consultas/norma_juridica/norma_juridica_mostrar_proc?cod_norma=1176,Resolução,2019-07-01,Outro
Resolução 2710/2019,AUTORIZA O SENHOR VEREADOR RINALDO JÚNIOR A SE AUSENTAR DO PAÍS.,https://publico.recife.pe.leg.br/consultas/norma_juridica/norma_juridica_mostrar_proc?cod_norma=1173,Resolução,2019-06-25,AutorizacaoAusencia
Resolução 2709/2019,AUTORIZA O SENHOR VEREADOR ERIBERTO RAFAEL A SE AUSENTAR DO PAÍS DE 01 A 20 DE JULHO.,https://publico.recife.pe.leg.br/consultas/norma_juridica/norma_juridica_mostrar_proc?cod_norma=1172,Resolução,2019-06-19,AutorizacaoAusencia
Resolução 2708/2019,"AUTORIZA O SENHOR VEREADOR ANTÔNIO LUIZ NETO, A SE AUSENTAR DO PAÍS DE 01 A 16.07.19.",https://publico.recife.pe.leg.br/consultas/norma_juridica/norma_juridica_mostrar_proc?cod_norma=1171,Resolução,2019-06-19,AutorizacaoAusencia
Resolução 2707/2019,"AUTORIZA O SENHOR VEREADOR AUGUSTO CARRERAS A SE AUSENTAR DO PAÍS, NO PERÍODO DE 03 À 12/06/19, EM VIAGEM A MADRID/ESPANHA E LISBOA/PORTUGAL, EM MISSÃO CULTURAL, SEM ÔNUS PARA O ERÁRIO MUNICIPAL.",https://publico.recife.pe.leg.br/consultas/norma_juridica/norma_juridica_mostrar_proc?cod_norma=1170,Resolução,2019-05-29,AutorizacaoAusencia
Resolução 2706/2019,"AUTORIZA O SENHOR VEREADOR ROGÉRIO DE LUCCA A SE AUSENTAR DO PAÍS,EM VIAGEM A PORTUGAL, EM MISSÃO CULTURAL, SEM ÔNUS PARA O ERÁRIO MUNICIPAL.",https://publico.recife.pe.leg.br/consultas/norma_juridica/norma_juridica_mostrar_proc?cod_norma=1169,Resolução,2019-05-14,AutorizacaoAusencia
Resolução 2705/2019,AUTORIZA O SENHOR VEREADOR RODRIGO COUTINHO A SE AUSENTAR DO PAÍS.,https://publico.recife.pe.leg.br/consultas/norma_juridica/norma_juridica_mostrar_proc?cod_norma=1167,Resolução,2019-04-23,AutorizacaoAusencia
Resolução 2704/2019,CONCEDE 60 (SESSENTA) DE LICENÇA PARA TRATAMENTO DE SAÚDE AO SENHOR VEREADOR MARCOS DI BRIA,https://publico.recife.pe.leg.br/consultas/norma_juridica/norma_juridica_mostrar_proc?cod_norma=1166,Resolução,2019-04-23,Outro
Resolução 2703/2019,"AUTORIZA O SENHOR VEREADOR JAYME ASFORA A SE AUSENTAR DO PAÍS, NO PERÍODO DE 07 À 20 DE MAIO DE 2019, PARA TRATAR DE ASSUNTOS DE INTERESSES PARTICULAR, SEM ÔNUS PARA O ERÁRIO MUNICIPAL.",https://publico.recife.pe.leg.br/consultas/norma_juridica/norma_juridica_mostrar_proc?cod_norma=1165,Resolução,2019-04-23,AutorizacaoAusencia
Resolução 2702/2019,"AUTORIZA O SENHOR VEREADOR RENATO ANTUNES A SE AUSENTAR DO PAÍS, EM VIAGEM AOS ESTADOS UNIDOS DA AMÉRICA, EM MISSÃO CULTURAL, NO PERÍODO DE 30/04 À 14/05/19,SEM ÔNUS PARA O ERÁRIO MUNICIPAL.",https://publico.recife.pe.leg.br/consultas/norma_juridica/norma_juridica_mostrar_proc?cod_norma=1164,Resolução,2019-04-15,AutorizacaoAusencia
Resolução 2701/2019,"AUTORIZA A LICENÇA DE 40 DIAS PARA TRATAMENTO DE SAÚDE A SENHORA VEREADORA ALINE MARIANO,A PARTIR DO DIA 11/3/19.",https://publico.recife.pe.leg.br/consultas/norma_juridica/norma_juridica_mostrar_proc?cod_norma=1162,Resolução,2019-04-02,Outro
Resolução 2700/2019,"CONCEDE 60 DIAS DE LICENÇA MATERNIDADE PARA A SENHORA VEREADORA NATÁLIA DE MENUDO, A CONTAR DO DIA 1º DE MARÇO DE 2019.",https://publico.recife.pe.leg.br/consultas/norma_juridica/norma_juridica_mostrar_proc?cod_norma=1161,Resolução,2019-03-26,Outro
Resolução 2699/2019,CONCEDE 15 DIAS DE LICENÇA PARA TRATAMENTO DE SAÚDE PARA O SENHOR VEREADOR MARCOS DI BRIA A PARTIR DO DIA 14/03/2019.,https://publico.recife.pe.leg.br/consultas/norma_juridica/norma_juridica_mostrar_proc?cod_norma=1160,Resolução,2019-03-19,Outro
Resolução 2698/2019,DISPÕE SOBRE O “PRÊMIO MÉRITO DE COMUNICAÇÃO JORNALISTA GRAÇA ARAÚJO”.,https://publico.recife.pe.leg.br/consultas/norma_juridica/norma_juridica_mostrar_proc?cod_norma=1208,Resolução,2019-03-19,Outro
Resolução 2697/2019,"AUTORIZA O SENHOR VEREADOR SAMUEL SALAZAR A SE AUSENTAR DO PAÍS NO PERÍODO DE 16 À 27/04/19, EM MISSÃO CULTURAL, EM VIAGEM AO ESTADOS UNIDOS DA AMÉRICA, SEM ÔNUS PARA O ERÁRIO MUNICIPAL.",https://publico.recife.pe.leg.br/consultas/norma_juridica/norma_juridica_mostrar_proc?cod_norma=1159,Resolução,2019-03-12,AutorizacaoAusencia
Resolução 2696/2019,"AUTORIZA O SENHOR VEREADOR ROMERINHO JATOBÁ A SE AUSENTAR DO PAÍS, NO PERÍODO DE 12 À 27 DE ABRIL DE 2019, PARA TRATAR DE ASSUNTOS DE INTERESSES PARTICULARES, SEM ÔNUS PARA O ERÁRIO MUNICIPAL.",https://publico.recife.pe.leg.br/consultas/norma_juridica/norma_juridica_mostrar_proc?cod_norma=1157,Resolução,2019-02-26,AutorizacaoAusencia
Resolução 2695/2019,"AUTORIZA A VEREADORA ANA LÚCIA A SE AUSENTAR DO PAÍS, EM MISSÃO CULTURAL, PARA PARTICIPAR DO SEXAGÉSIMO TERCEIRO PERÍODO DAS SESSÕES DA COMISSÃO DA ONU, NO PERÍODO DE 11 A 22 DE MARÇO DE 2019.",https://publico.recife.pe.leg.br/consultas/norma_juridica/norma_juridica_mostrar_proc?cod_norma=1156,Resolução,2019-02-25,AutorizacaoAusencia
Resolução 2694/2019,"AUTORIZA O SENHOR VEREADOR CARLOS GUEIROS A SE AUSENTAR DO PAÍS, NO PERÍODO DE 27/02 À 15/03/19, EM MISSÃO CULTURAL, PARA EUROPA.",https://publico.recife.pe.leg.br/consultas/norma_juridica/norma_juridica_mostrar_proc?cod_norma=1155,Resolução,2019-02-11,AutorizacaoAusencia
Resolução 2693/2018,AUTORIZA O SENHOR VEREADOR ANDRÉ RÉGIS A SE AUSENTAR DO PAÍS,https://publico.recife.pe.leg.br/consultas/norma_juridica/norma_juridica_mostrar_proc?cod_norma=1213,Resolução,2018-12-05,AutorizacaoAusencia
Resolução 2692/2018,DENOMINA “SALA JORNALISTA GRAÇA ARAÚJO” A SALA RESERVADA À IMPRENSA DA CÂMARA MUNICIPAL DO RECIFE.,https://publico.recife.pe.leg.br/consultas/norma_juridica/norma_juridica_mostrar_proc?cod_norma=1207,Resolução,2018-12-03,Outro
Resolução 2691/2018,"ACRESCENTA O PARÁGRAFO ÚNICO AO ART. 224 DA RESOLUÇÃO Nº 2.624, DE 20 DE DEZEMBRO DE 2016, QUE DISPÕE SOBRE O REGIMENTO INTERNO DA CÂMARA MUNICIPAL DO RECIFE.",https://publico.recife.pe.leg.br/consultas/norma_juridica/norma_juridica_mostrar_proc?cod_norma=1768,Resolução,2018-12-03,Outro
Resolução 2690/2018,DISPÕE SOBRE A CRIAÇÃO DE BANCO DE IDEIAS LEGISLATIVAS NA CÂMARA MUNICIPAL DO RECIFE.,https://publico.recife.pe.leg.br/consultas/norma_juridica/norma_juridica_mostrar_proc?cod_norma=1204,Resolução,2018-11-26,Outro
Resolução 2689/2018,"AUTORIZA O SENHOR VEREADOR FELIPE FRANCISMAR A SE AUSENTAR DO PAÍS, NO PERÍODO DE 15 DE NOVEMBRO À 01 DE DEZEMBRO DE 2018, EM VIAGEM À ITÁLIA E PORTUGAL,PARA TRATAR DE ASSUNTOS PARTICULARES, SEM ÔNUS PARA O ERÁRIO MUNICIPAL.",https://publico.recife.pe.leg.br/consultas/norma_juridica/norma_juridica_mostrar_proc?cod_norma=1212,Resolução,2018-11-12,AutorizacaoAusencia
Resolução 2688/2018,"AUTORIZA O SENHOR VEREADOR MARCO AURÉLIO MEDEIROS A SE AUSENTAR DO PAÍS, NO PERÍODO DE 08 À 15/11/18, PARA TRATAR DE ASSUNTOS PARTICULARES, EM VIAGEM ÀS CIDADES DE MIAMI E ORLANDO, NOS ESTADOS UNIDOS DA AMÉRICA, SEM ÔNUS PARA O ERÁRIO MUNICIPAL.",https://publico.recife.pe.leg.br/consultas/norma_juridica/norma_juridica_mostrar_proc?cod_norma=1211,Resolução,2018-11-07,AutorizacaoAusencia
Resolução 2687/2018,"AUTORIZA A SENHORA VEREADORA MARÍLIA ARRAES A SE AUSENTAR DO PAÍS, NO PERÍODO DE 7 DE A 18 DE NOVEMBRO DE 2018, PARA TRATAR DE ASSUNTOS PARTICULARES, SEM ÔNUS PARA O ERÁRIO MUNICIPAL.",https://publico.recife.pe.leg.br/consultas/norma_juridica/norma_juridica_mostrar_proc?cod_norma=1209,Resolução,2018-11-05,AutorizacaoAusencia
Resolução 2686/2018,"DISPÕE SOBRE A CRIAÇÃO, NO ÂMBITO DA CÂMARA MUNICIPAL DO RECIFE, DA FRENTE PARLAMENTAR DE INOVAÇÃO TECNOLÓGICA E DAS ECONOMIAS CRIATIVA, COMPARTILHADA E COLABORATIVA E DÁ OUTRAS PROVIDÊNCIAS.",https://publico.recife.pe.leg.br/consultas/norma_juridica/norma_juridica_mostrar_proc?cod_norma=1769,Resolução,2018-10-30,Outro
Resolução 2685/2018,"MODIFICA A RESOLUÇÃO Nº 2.624, DE 20 DE DEZEMBRO DE 2016, QUE DISPÕE SOBRE O REGIMENTO INTERNO DA CÂMARA MUNICIPAL DO RECIFE.",https://publico.recife.pe.leg.br/consultas/norma_juridica/norma_juridica_mostrar_proc?cod_norma=971,Resolução,2018-10-29,Outro
Resolução 2684/2018,"AUTORIZA O SENHOR VEREADOR JAYME ASFORA A SE AUSENTAR DO PAÍS, NO PERÍODO DE 31 DE OUTUBRO À 13 DE NOVEMBRO DE 2018, PARA TRATAR DE ASSUNTOS PARTICULARES, SEM ÔNUS PARA O ERÁRIO MUNICIPAL.",https://publico.recife.pe.leg.br/consultas/norma_juridica/norma_juridica_mostrar_proc?cod_norma=1210,Resolução,2018-10-23,AutorizacaoAusencia
Resolução 2683/2018,"OPINA SOBRE A PRESTAÇÃO DE CONTAS DO PREFEITO DA CIDADE DO RECIFE, REFERENTE AO EXERCÍCIO FINANCEIRO DE 2009.",https://publico.recife.pe.leg.br/consultas/norma_juridica/norma_juridica_mostrar_proc?cod_norma=1205,Resolução,2018-09-17,Outro
Resolução 2682/2018,"CONCEDE AUTORIZAÇÃO DE LICENÇA PARA A SENHORA VEREADORA MARÍLIA ARRAES, NO PERÍODO DE 10/09 À 101/10/18, PARA TRATAR DE ASSUNTOS PARTICULARES, SEM ÔNUS PARA O ERÁRIO MUNICIPAL.",https://publico.recife.pe.leg.br/consultas/norma_juridica/norma_juridica_mostrar_proc?cod_norma=1206,Resolução,2018-09-10,Outro
Resolução 2681/2018,DISPÕE SOBRE A APLICAÇÃO DO ART. 8º À RESOLUÇÃO Nº 2.679/2018 (RESOLUÇÃO DA AED) DA CÂMARA MUNICIPAL DO RECIFE.,https://publico.recife.pe.leg.br/consultas/norma_juridica/norma_juridica_mostrar_proc?cod_norma=1203,Resolução,2018-08-20,Outro
Resolução 2680/2018,"AUTORIZA O SENHOR VEREADOR RINALDO JÚNIOR A SE AUSENTAR DO PAÍS, NO PERÍODO DE 12 À 26 DE JULHO DE 2018, PARA TRATAR DE ASSUNTOS PARTICULARES, SEM ÔNUS PARA O ERÁRIO MUNICIPAL.",https://publico.recife.pe.leg.br/consultas/norma_juridica/norma_juridica_mostrar_proc?cod_norma=1202,Resolução,2018-07-04,AutorizacaoAusencia
Resolução 2679/2018,"DISPÕE SOBRE AS REGRAS, OS PRINCÍPIOS E OS PROCEDIMENTOS DA AVALIAÇÃO ESPECIAL DE DESEMPENHO DOS SERVIDORES EFETIVOS EM ESTÁGIO PROBATÓRIO DA CÂMARA MUNICIPAL DO RECIFE, OBJETIVANDO REGULAMENTAR O ART. 41, § 4º DA CONSTITUIÇÃO FEDERAL, O ART. 80 DA LEI ORGÂNICA DO MUNICÍPIO E O ART. 23 E SEGUINTES DA LEI Nº 14.728/85.",https://publico.recife.pe.leg.br/consultas/norma_juridica/norma_juridica_mostrar_proc?cod_norma=1201,Resolução,2018-06-11,Outro
Resolução 2678/2018,"OPINA SOBRE A PRESTAÇÃO DE CONTAS DO PREFEITO DA CIDADE DO RECIFE, REFERENTE AO EXERCÍCIO FINANCEIRO DE 2005.",https://publico.recife.pe.leg.br/consultas/norma_juridica/norma_juridica_mostrar_proc?cod_norma=1198,Resolução,2018-06-04,Outro
Resolução 2677/2018,MODIFICA TEMPORARIAMENTE O HORÁRIO DAS REUNIÕES ORDINÁRIAS DA CÂMARA MUNICIPAL DO RECIFE.,https://publico.recife.pe.leg.br/consultas/norma_juridica/norma_juridica_mostrar_proc?cod_norma=1200,Resolução,2018-05-29,Outro
Resolução 2676/2018,"AUTORIZA O SENHOR VEREADOR AUGUSTO CARRERAS A SE AUSENTAR DO PAÍS, NO PERÍODO DE 21 À 30 DE MAIO DE 2018, EM VIAGEM À LISBOA-PORTUGAL E KIEV-UCRÂNIA, SEM ÔNUS PARA O ERÁRIO MUNCIIPAL, PARA TRATAR DE ASSUNTOS DE INTERESSES PARTICULARES.",https://publico.recife.pe.leg.br/consultas/norma_juridica/norma_juridica_mostrar_proc?cod_norma=1197,Resolução,2018-05-02,AutorizacaoAusencia
Resolução 2675/2018,"REVOGA A RESOLUÇÃO N° 2673/2018, QUE CONCEDE  LICENÇA DE 120 (CENTO E VINTE) DIAS PARA TRATAMENTO DE SAÚDE AO SENHOR VEREADOR MARCOS DI BRIA.",https://publico.recife.pe.leg.br/consultas/norma_juridica/norma_juridica_mostrar_proc?cod_norma=1196,Resolução,2018-04-11,Outro
Resolução 2674/2018,"ESTABELECE QUE A CÂMARA MUNICIPAL DO RECIFE ENTRE NA CAMPANHA MUNDIAL INTITULADA “SETEMBRO AZUL”, DE FORMA A REAFIRMAR EM NOSSA SOCIEDADE O MARCO HISTÓRICO DAS IMPORTANTES CONQUISTAS E LUTAS PELOS DIREITOS LINGUÍSTICOS E CULTURAIS DA COMUNIDADE DOS SURDOS.",https://publico.recife.pe.leg.br/consultas/norma_juridica/norma_juridica_mostrar_proc?cod_norma=1770,Resolução,2018-04-03,CalendarioEventos
Resolução 2673/2018,CONCEDE 120 DIAS DE LICENÇA PARA TRATAMENTO DE SAÚDE AO SENHOR VEREADOR MARCOS DI BRIA.,https://publico.recife.pe.leg.br/consultas/norma_juridica/norma_juridica_mostrar_proc?cod_norma=1195,Resolução,2018-04-03,Outro
Resolução 2672/2018,"AUTORIZA O SENHOR VEREADOR ROMERO ALBUQUERQUE A SE AUSENTAR DO PAÍS, NO PERÍODO DE 18/03 À 08/04/2018, EM MISSÃO CULTURAL,PARA PORTUGAL, SEM ÔNUS PARA O ERÁRIO MUNICIPAL.",https://publico.recife.pe.leg.br/consultas/norma_juridica/norma_juridica_mostrar_proc?cod_norma=1194,Resolução,2018-03-19,AutorizacaoAusencia
Resolução 2671/2018,"INSTITUI, NO ÂMBITO DA CÂMARA MUNICIPAL DO RECIFE, A FRENTE PARLAMENTAR DE ENFRENTAMENTO AO FEMINICÍDIO.",https://publico.recife.pe.leg.br/consultas/norma_juridica/norma_juridica_mostrar_proc?cod_norma=1798,Resolução,2018-03-13,CalendarioEventos
Resolução 2670/2018,"AUTORIZA O SENHOR VEREADOR JAYME ASFORA A SE AUSENTAR DO PAÍS, NO PERÍODO DE 22 DE MARÇO À 03 DE ABRIL DE 2018, EM VIAGEM AOS ESTADOS UNIDOS DA AMÉRICA - EUA,PARA TRATAR DE ASSUNTOS DE INTERESSES PARTICULARES,SEM ÔNUS PARA O ERÁRIO MUNICIPAL.",https://publico.recife.pe.leg.br/consultas/norma_juridica/norma_juridica_mostrar_proc?cod_norma=1192,Resolução,2018-03-13,AutorizacaoAusencia
Resolução 2669/2018,"AUTORIZA O SENHOR VEREADOR ROMERINHO JATOBÁ A SE AUSENTAR DO PAÍS, NO PERÍODO DE 14 À 22 DE MARÇO DE 2018, EM VIAGEM AOS ESTADOS UNIDOS DA AMÉRICA - USA, EM MISSÃO CULTURAL, SEM ÔNUS PARA O ERÁRIO MUNICIPAL.",https://publico.recife.pe.leg.br/consultas/norma_juridica/norma_juridica_mostrar_proc?cod_norma=1193,Resolução,2018-03-13,AutorizacaoAusencia
Resolução 2668/2018,"AUTORIZA O SENHOR VEREADOR ROMERINHO JATOBÁ A SE AUSENTAR DO PAÍS, NO PERÍODO DE 09 À 24 DE ABRIL DO CORRENTE EXERCÍCIO,EM VIAGEM CULTURAL NA ÁFRICA DO SUL, SEM ÔNUS PARA O ERÁRIO MUNICIPAL.",https://publico.recife.pe.leg.br/consultas/norma_juridica/norma_juridica_mostrar_proc?cod_norma=1191,Resolução,2018-03-05,AutorizacaoAusencia
Resolução 2667/2018,"AUTORIZA O SENHOR VEREADOR ROGÉRIO DE LUCCA A SE AUSENTAR DO PAÍS, NO PERÍODO 01 DE ABRIL À 02 DE MAIO DO CORRENTE ANO, PARA O CANADÁ, SEM ÔNUS PARA O ERÁRIO MUNICIPAL.",https://publico.recife.pe.leg.br/consultas/norma_juridica/norma_juridica_mostrar_proc?cod_norma=1190,Resolução,2018-03-05,AutorizacaoAusencia
Resolução 2666/2018,AUTORIZA O SENHOR VEREADOR CARLOS GUEIROS A SE AUSENTAR DO PAÍS.,https://publico.recife.pe.leg.br/consultas/norma_juridica/norma_juridica_mostrar_proc?cod_norma=1189,Resolução,2018-02-05,AutorizacaoAusencia
Resolução 2663/2017,"AUTORIZA O SENHOR VEREADOR WANDERSON FLORÊNCIO A SE AUSENTAR DO PAÍS, NO PERÍODO DE 18 DE DEZEMBRO DE 2017 À 03 DE JANEIRO DE 2018, EM MISSÃO CULTURAL, EM VIAGEM AOS ESTADOS UNIDOS DA AMÉRICA, SEM ÔNUS PARA O ERÁRIO MUNICIPAL.",https://publico.recife.pe.leg.br/consultas/norma_juridica/norma_juridica_mostrar_proc?cod_norma=1776,Resolução,2017-12-19,AutorizacaoAusencia
Resolução 2662/2017,"AUTORIZA O SENHOR VEREADOR RENATO ANTUNES A SE AUSENTAR DO PAÍS, NO PERÍODO 11 DE DEZEMBRO DE 2017 A 28 DE JANEIRO DE 2018, EM VIAGEM CULTURAL,COM DESTINO A PORTUGAL, SEM ÔNUS PARA O ERÁRIO MUNICIPAL.",https://publico.recife.pe.leg.br/consultas/norma_juridica/norma_juridica_mostrar_proc?cod_norma=1777,Resolução,2017-12-04,AutorizacaoAusencia
Resolução 2661/2017,"ACRESCENTA O ART. 121-E E O INCISO XIV AO ART. 112 DA RESOLUÇÃO Nº 2.624, DE 20 DE DEZEMBRO DE 2016,QUE DISPÕE SOBRE O REGIMENTOS INTERNO DA CÂMARA MUNICIPAL DO RECIFE.",https://publico.recife.pe.leg.br/consultas/norma_juridica/norma_juridica_mostrar_proc?cod_norma=970,Resolução,2017-11-27,Outro
Resolução 2660/2017,"OPINA SOBRE A PRESTAÇÃO DE CONTAS DO PREFEITO DA CIDADE DO RECIFE, REFERENTE AO EXERCÍCIO FINANCEIRO DE 2008.",https://publico.recife.pe.leg.br/consultas/norma_juridica/norma_juridica_mostrar_proc?cod_norma=1778,Resolução,2017-11-20,Outro
Resolução 2659/2017,AUTORIZA O SENHOR VEREADOR ROMERINHO JATOBÁ A SE AUSENTAR DO PAÍS NO PERÍODO DE 15 À 27 DE NOVEMBRO DE 2017.,https://publico.recife.pe.leg.br/consultas/norma_juridica/norma_juridica_mostrar_proc?cod_norma=1779,Resolução,2017-11-13,AutorizacaoAusencia
Resolução 2658/2017,AUTORIZA O SENHOR VEREADOR JAYME ASFORA A SE AUSENTAR DO PAÍS NO PERÍODO DE 01 À 14/11/2017.,https://publico.recife.pe.leg.br/consultas/norma_juridica/norma_juridica_mostrar_proc?cod_norma=1780,Resolução,2017-10-31,AutorizacaoAusencia
Resolução 2657/2017,"INSTITUI, NO ÂMBITO DA CÂMARA MUNICIPAL DO RECIFE, A FRENTE PARLAMENTAR EM DEFESA DA CIDADANIA LGBT.",https://publico.recife.pe.leg.br/consultas/norma_juridica/norma_juridica_mostrar_proc?cod_norma=1217,Resolução,2017-10-23,CalendarioEventos
Resolução 2656/2017,"INSTITUI, NO ÂMBITO DA CÂMARA MUNICIPAL DO RECIFE, A FRENTE PARLAMENTAR DE APOIO À INCLUSÃO, À ACESSIBILIDADE E CIDADANIA DAS PESSOAS COM DEFICIÊNCIA.",https://publico.recife.pe.leg.br/consultas/norma_juridica/norma_juridica_mostrar_proc?cod_norma=1781,Resolução,2017-10-03,CalendarioEventos
Resolução 2655/2017,"DISPÕE SOBRE A CRIAÇÃO, NO ÂMBITO DA CÂMARA MUNICIPAL DO RECIFE, DA FRENTE PARLAMENTAR PERMANENTE DE COMBATE AO EXTERMÍNIMO DA JUVENTUDE NEGRA E DÁ OUTRAS PROVIDENCIAS.",https://publico.recife.pe.leg.br/consultas/norma_juridica/norma_juridica_mostrar_proc?cod_norma=1144,Resolução,2017-10-03,Outro
Resolução 2654/2017,"INSTITUI, NO ÂMBITO DA CÂMARA MUNICIPAL DO RECIFE, A FRENTE PARLAMENTAR EM DEFESA DA PESSOA COM TRANSTORNO DO ESPECTRO DO AUTISMO E ATRASO NO DESENVOLVIMENTO.",https://publico.recife.pe.leg.br/consultas/norma_juridica/norma_juridica_mostrar_proc?cod_norma=1226,Resolução,2017-09-12,CalendarioEventos
Resolução 2653/2017,"INSTITUI O ""PRÊMIO MULHER MÉRITO DE DIREITOS HUMANOS"", NA CÂMARA MUNICIPAL DO RECIFE.",https://publico.recife.pe.leg.br/consultas/norma_juridica/norma_juridica_mostrar_proc?cod_norma=1224,Resolução,2017-09-11,CalendarioEventos
Resolução 2652/2017,INSTITUI A FRENTE PARLAMENTAR EM DEFESA DA EDUCAÇÃO PÚBLICA MUNICIPAL DE QUALIDADE NA CIDADE DO RECIFE.,https://publico.recife.pe.leg.br/consultas/norma_juridica/norma_juridica_mostrar_proc?cod_norma=1782,Resolução,2017-07-06,CalendarioEventos
Resolução 2651/2017,INSTITUI A FRENTE PARLAMENTAR EM DEFESA DA ECONOMIA SOLIDÁRIA E DÁ OUTRAS PROVIDÊNCIAS.,https://publico.recife.pe.leg.br/consultas/norma_juridica/norma_juridica_mostrar_proc?cod_norma=1223,Resolução,2017-09-04,Outro
Resolução 2650/2017,"ALTERA A RESOLUÇÃO Nº 2.624, DE 20 DE DEZEMBRO DE 2016, QUE DISPÕE SOBRE O REGIMENTO INTERNO DA CÂMARA MUNICIPAL DO RECIFE.",https://publico.recife.pe.leg.br/consultas/norma_juridica/norma_juridica_mostrar_proc?cod_norma=967,Resolução,2017-08-24,Outro
Resolução 2649/2017,ESTABELECE LIMITES PARA A CONCESSÃO DE ENCARREGATURAS E DÁ OUTRAS PROVIDÊNCIAS.,https://publico.recife.pe.leg.br/consultas/norma_juridica/norma_juridica_mostrar_proc?cod_norma=1783,Resolução,2017-08-22,Outro
Resolução 2648/2017,DENOMINA A SALA DE MOTORISTAS DA CÂMARA MUNICIPAL DO RECIFE DE SALA VEREADOR GILBERTO LUNA.,https://publico.recife.pe.leg.br/consultas/norma_juridica/norma_juridica_mostrar_proc?cod_norma=1784,Resolução,2017-08-14,Outro
Resolução 2647/2017,"INSTITUI, NO ÂMBITO DA CÂMARA MUNICIPAL DO RECIFE, A FRENTE PARLAMENTAR CONTRA A REFORMA DA PREVIDÊNCIA.",https://publico.recife.pe.leg.br/consultas/norma_juridica/norma_juridica_mostrar_proc?cod_norma=1785,Resolução,2017-08-07,CalendarioEventos
Resolução 2644/2017,"AUTORIZA O SENHOR VEREADOR JAYME ASFORA A SE AUSENTAR DO PAÍS NO PERÍODO DE 06 À 15/07/2017, SEM ÔNUS PARA O ERÁRIO MUNICIPAL.",https://publico.recife.pe.leg.br/consultas/norma_juridica/norma_juridica_mostrar_proc?cod_norma=1786,Resolução,2017-07-04,AutorizacaoAusencia
Resolução 2643/2017,"DISPÕE SOBRE O HORÁRIO ESPECIAL DE TRABALHO PARA SERVIDORES COM DEFICIÊNCIA OU QUE TENHAM DEPENDENTES NA MESMA SITUAÇÃO, NO ÂMBITO DO PODER LEGISLATIVO DO MUNICÍPIO DO RECIFE.",https://publico.recife.pe.leg.br/consultas/norma_juridica/norma_juridica_mostrar_proc?cod_norma=1787,Resolução,2017-07-03,Outro
Resolução 2642/2017,DISPÕE SOBRE A LICENÇA PATERNIDADE  NO ÂMBITO DO PODER LEGISLATIVO DO MUNICÍPIO DO RECIFE.,https://publico.recife.pe.leg.br/consultas/norma_juridica/norma_juridica_mostrar_proc?cod_norma=1788,Resolução,2017-07-03,Outro
Resolução 2641/2017,"AUTORIZA O SENHOR VEREADOR AUGUSTO CARRERAS A SE AUSENTAR DO PAÍS NO PERÍODO DE 26 DE JUNHO À 06 DE JULHO DE 2017, SEM ÔNUS PARA O ERÁRIO MUNICIPAL.",https://publico.recife.pe.leg.br/consultas/norma_juridica/norma_juridica_mostrar_proc?cod_norma=1789,Resolução,2017-06-21,AutorizacaoAusencia
Resolução 2640/2017,"AUTORIZA O SENHOR VEREADOR RODRIGO COUTINHO A SE AUSENTAR DO PAÍS, NO PERÍODO DE 21 DE JUNHO A 07 DE JULHO DE 2017, EM VIAGEM AO ESTADOS UNIDOS DA AMÉRICA-EUA, SEM ÔNUS PARA O ERÁRIO PÚBLICO MUNICIPAL.",https://publico.recife.pe.leg.br/consultas/norma_juridica/norma_juridica_mostrar_proc?cod_norma=1790,Resolução,2017-06-20,AutorizacaoAusencia
Resolução 2639/2017,"AUTORIZA O SENHOR VEREADOR ERIBERTO RAFAEL A SE AUSENTAR DO PAÍS, NO PERIODO DE 17 À 27/06/17, EM VIAGEM CULTURAL PARA O PERU, SEM ÔNUS PARA O ERÁRIO MUNICIPAL.",https://publico.recife.pe.leg.br/consultas/norma_juridica/norma_juridica_mostrar_proc?cod_norma=1791,Resolução,2017-06-06,AutorizacaoAusencia
Resolução 2638/2017,"INSTITUI, NO ÂMBITO DA CÂMARA MUNICIPAL DO RECIFE, A FRENTE PARLAMENTAR EM DEFESA DOS ANIMAIS.",https://publico.recife.pe.leg.br/consultas/norma_juridica/norma_juridica_mostrar_proc?cod_norma=1218,Resolução,2017-05-29,CalendarioEventos
Resolução 2637/2017,"INSTITUI A FRENTE PARLAMENTAR DE ENFRENTAMENTO AO CRACK E OUTRAS DROGAS, E DÁ OUTRAS PROVIDÊNCIAS.",https://publico.recife.pe.leg.br/consultas/norma_juridica/norma_juridica_mostrar_proc?cod_norma=1215,Resolução,2017-05-15,Outro
Resolução 2636/2017,INSTITUI NA CÂMARA MUNICIPAL DO RECIFE A FRENTE PARLAMENTAR EM DEFESA DOS DIREITOS DA MULHER VÍTIMA DE VIOLÊNCIA DOMÉSTICA E DÁ OUTRAS PROVIDÊNCIAS.,https://publico.recife.pe.leg.br/consultas/norma_juridica/norma_juridica_mostrar_proc?cod_norma=1792,Resolução,2017-05-15,CalendarioEventos
Resolução 2635/2017,"INSTITUI A FRENTE PARLAMENTAR EM DEFESA DA FAMÍLIA E DA VIDA, E DÁ OUTRAS PROVIDÊNCIAS.",https://publico.recife.pe.leg.br/consultas/norma_juridica/norma_juridica_mostrar_proc?cod_norma=1216,Resolução,2017-05-10,Outro
Resolução 2634/2017,"REVOGA A RESOLUÇÃO Nº 2632, DE 29.04.2017, QUE ATUALIZA O VALOR DO AUXÍLIO-ALIMENTAÇÃO DOS VEREADORES DA CÂMARA MUNICIPAL DO RECIFE.",https://publico.recife.pe.leg.br/consultas/norma_juridica/norma_juridica_mostrar_proc?cod_norma=1793,Resolução,2017-05-08,Outro
Resolução 2632/2017,ATUALIZA O VALOR DO AUXÍLIO-ALIMENTAÇÃO DEVIDO AOS VEREADORES DO RECIFE.,https://publico.recife.pe.leg.br/consultas/norma_juridica/norma_juridica_mostrar_proc?cod_norma=1794,Resolução,2017-04-26,Outro
Resolução 2631/2017,"SUBSTITUI OS ARTS. 112,113,114,117 E 119: MODIFICA OS ARTS. 62,105,133,151,192,287,301,338,339,340,NA RESOLUÇÃO 2624, DE 20/12/2016. QUE DISPÕE SOBRE REGIMENTO INTERNO DA CMR.",https://publico.recife.pe.leg.br/consultas/norma_juridica/norma_juridica_mostrar_proc?cod_norma=968,Resolução,2017-04-24,Outro
Resolução 2630/2017,ATUALIZA O LIMITE ESTABELECIDO PELA LEI Nº 17.525/2008.,https://publico.recife.pe.leg.br/consultas/norma_juridica/norma_juridica_mostrar_proc?cod_norma=1225,Resolução,2017-04-18,Outro
Resolução 2629/2017,"ALTERA A REDAÇÃO DO ANEXO II DA RESOLUÇÃO Nº 1.840/93 E, DISPÕE SOBRE O MONTANTE DE QUE TRATA A LEI 17.627/2010,  DE 16 DE JUNHO DE 2010.",https://publico.recife.pe.leg.br/consultas/norma_juridica/norma_juridica_mostrar_proc?cod_norma=1221,Resolução,2017-03-07,Outro
Resolução 2628/2017,"AUTORIZA O SENHOR VEREADOR MARCO AURÉLIO A SE AUSENTAR DO PAIS, NO PERÍODO DE 25/02 À 04/03/17, SEM ÔNUS PARA O ERÁRIO MUNICIPAL.",https://publico.recife.pe.leg.br/consultas/norma_juridica/norma_juridica_mostrar_proc?cod_norma=1222,Resolução,2017-02-22,AutorizacaoAusencia
Resolução 2627/2017,"ALTERA OS ARTS. 222,224,225, E 235 DA RESOLUÇÃO Nº 2.624, DE 20/12/2016 REGIMENTO INTERNO.",https://publico.recife.pe.leg.br/consultas/norma_juridica/norma_juridica_mostrar_proc?cod_norma=969,Resolução,2017-02-20,Outro
Resolução 2626/2017,AUTORIZA O SENHOR VEREADOR CARLOS GUEIROS A SE AUSENTAR DO PAÍS NO PERÍODO DE 16 DE FEVEREIRO À 03 DE MARÇO DE 2017.,https://publico.recife.pe.leg.br/consultas/norma_juridica/norma_juridica_mostrar_proc?cod_norma=1220,Resolução,2017-02-07,AutorizacaoAusencia
Resolução 2625/2017,"AUTORIZA O SENHOR VEREADOR ANDRÉ RÉGIS DE CARVALHO A SE AUSENTAR DO PAÍS, NO PERÍODO DE 18 À 28 DE FEVEREIRO DO EXERCÍCIO DE 2017.",https://publico.recife.pe.leg.br/consultas/norma_juridica/norma_juridica_mostrar_proc?cod_norma=1219,Resolução,2017-02-07,AutorizacaoAusencia
Resolução 2623/2016,OPINA SOBRE A PRESTAÇÃO DE CONTAS DO PREFEITO DA CIDADE DO RECIFE REFERENTE AO EXERCÍCIO FINANCEIRO DE 2013.,https://publico.recife.pe.leg.br/consultas/norma_juridica/norma_juridica_mostrar_proc?cod_norma=1154,Resolução,2016-12-12,Outro
Resolução 2622/2016,"AUTORIZA O SENHOR VEREADOR FELIPE FRANCISMAR A SE AUSENTAR DO PAÍS,NO PERÍODO  DE 21/11 A 02/12/16, EM VIAGEM AO EXTERIOR, SEM ÔNUS PARA O ERÁRIO MUNICIPAL.",https://publico.recife.pe.leg.br/consultas/norma_juridica/norma_juridica_mostrar_proc?cod_norma=1153,Resolução,2016-11-21,AutorizacaoAusencia
Resolução 2621/2016,AUTORIZA O SENHOR VEREADOR JAYME ASFORA A SE AUSENTAR DO PAÍS.,https://publico.recife.pe.leg.br/consultas/norma_juridica/norma_juridica_mostrar_proc?cod_norma=1152,Resolução,2016-11-21,AutorizacaoAusencia
Resolução 2620/2016,"AUTORIZA O SENHOR VEREADOR AUGUSTO CARREIRAS A SE AUSENTAR DO PAÍS NO PERÍODO DE 30/10 À 15/11/16, SEM ÔNUS PARA O ERÁRIO MUNICIPAL.",https://publico.recife.pe.leg.br/consultas/norma_juridica/norma_juridica_mostrar_proc?cod_norma=1151,Resolução,2016-10-31,AutorizacaoAusencia
Resolução 2619/2016,AUTORIZA A SENHORA VEREADORA MARILIA ARRAES A SE AUSENTAR DO PAÍS.,https://publico.recife.pe.leg.br/consultas/norma_juridica/norma_juridica_mostrar_proc?cod_norma=1150,Resolução,2016-10-26,AutorizacaoAusencia
Resolução 2618/2016,AUTORIZA O SENHOR VEREADOR FELIPE FRANCISMAR A SE AUSENTAR DO PAÍS,https://publico.recife.pe.leg.br/consultas/norma_juridica/norma_juridica_mostrar_proc?cod_norma=1148,Resolução,2016-10-26,AutorizacaoAusencia
Resolução 2617/2016,ALTERA O HORÁRIO DAS REUNIÕES PLENÁRIAS DA CÂMARA MUNICIPAL DO RECIFE,https://publico.recife.pe.leg.br/consultas/norma_juridica/norma_juridica_mostrar_proc?cod_norma=1146,Resolução,2016-08-01,Outro
Resolução 2616/2016,DISPÕE SOBRE A PRESTAÇÃO DE CONTAS DO PREFEITO DA CIDADE DO RECIFE REFERENTE AO EXERCÍCIO FINANCEIRO DE 2006.,https://publico.recife.pe.leg.br/consultas/norma_juridica/norma_juridica_mostrar_proc?cod_norma=1795,Resolução,2016-06-06,Outro
Resolução 2615/2016,CRIA A FRENTE PARLAMENTAR DE COMBATE AO MOSQUITO AEDES AEGYPTI E O ACOMPANHAMENTO DAS CRIANÇAS COM MICROCEFALIA.,https://publico.recife.pe.leg.br/consultas/norma_juridica/norma_juridica_mostrar_proc?cod_norma=1796,Resolução,2016-03-26,Outro
Resolução 2614/2016,CONCEDE 40 (QUARENTA) DIAS DE LICENÇA PARA TRATAMENTO DE SAÚDE AO SENHOR VEREADOR ROMILDO GOMES NETO.,https://publico.recife.pe.leg.br/consultas/norma_juridica/norma_juridica_mostrar_proc?cod_norma=1141,Resolução,2016-03-01,Outro
Resolução 2613/2016,"MODIFICA A RESOLUÇÃO Nº 2580/14, QUE  INSTITUI A FRENTE PARLAMENTAR EM DEFESA DA VIDA, E DÁ OUTRAS PROVIDÊNCIAS.",https://publico.recife.pe.leg.br/consultas/norma_juridica/norma_juridica_mostrar_proc?cod_norma=1797,Resolução,2016-03-01,Outro
